# x
1.000000000000000000e+00 0.000000000000000000e+00
1.000000000000000000e+00 7.932537794113159180e-02
1.000000000000000000e+00 1.586507558822631836e-01
1.000000000000000000e+00 2.379761338233947754e-01
1.000000000000000000e+00 3.173015117645263672e-01
1.000000000000000000e+00 3.966268897056579590e-01
1.000000000000000000e+00 4.759522676467895508e-01
1.000000000000000000e+00 5.552776455879211426e-01
1.000000000000000000e+00 6.346030235290527344e-01
1.000000000000000000e+00 7.142857313156127930e-01
1.000000000000000000e+00 0.000000000000000000e+00
1.000000000000000000e+00 7.932537794113159180e-02
1.000000000000000000e+00 1.586507558822631836e-01
1.000000000000000000e+00 2.379761338233947754e-01
1.000000000000000000e+00 3.173015117645263672e-01
1.000000000000000000e+00 3.966268897056579590e-01
1.000000000000000000e+00 4.759522676467895508e-01
1.000000000000000000e+00 5.552776455879211426e-01
1.000000000000000000e+00 6.346030235290527344e-01
1.000000000000000000e+00 7.142857313156127930e-01
1.000000000000000000e+00 0.000000000000000000e+00
1.000000000000000000e+00 7.932537794113159180e-02
1.000000000000000000e+00 1.586507558822631836e-01
1.000000000000000000e+00 2.379761338233947754e-01
1.000000000000000000e+00 3.173015117645263672e-01
1.000000000000000000e+00 3.966268897056579590e-01
1.000000000000000000e+00 4.759522676467895508e-01
1.000000000000000000e+00 5.552776455879211426e-01
1.000000000000000000e+00 6.346030235290527344e-01
1.000000000000000000e+00 7.142857313156127930e-01
1.000000000000000000e+00 0.000000000000000000e+00
9.978331327438354492e-01 0.000000000000000000e+00
9.913533926010131836e-01 0.000000000000000000e+00
9.806231260299682617e-01 0.000000000000000000e+00
9.657458066940307617e-01 0.000000000000000000e+00
9.468645453453063965e-01 0.000000000000000000e+00
9.241613149642944336e-01 0.000000000000000000e+00
8.978546857833862305e-01 0.000000000000000000e+00
8.681980371475219727e-01 0.000000000000000000e+00
8.354769945144653320e-01 0.000000000000000000e+00
8.000066280364990234e-01 0.000000000000000000e+00
7.621285319328308105e-01 0.000000000000000000e+00
7.222075462341308594e-01 0.000000000000000000e+00
6.806281208992004395e-01 0.000000000000000000e+00
6.377906203269958496e-01 0.000000000000000000e+00
5.941076874732971191e-01 0.000000000000000000e+00
5.500000119209289551e-01 0.000000000000000000e+00
5.058922767639160156e-01 0.000000000000000000e+00
4.622093439102172852e-01 0.000000000000000000e+00
4.193719029426574707e-01 0.000000000000000000e+00
3.777924478054046631e-01 0.000000000000000000e+00
3.378714621067047119e-01 0.000000000000000000e+00
2.999933958053588867e-01 0.000000000000000000e+00
2.645230293273925781e-01 0.000000000000000000e+00
2.318019419908523560e-01 0.000000000000000000e+00
2.021452933549880981e-01 0.000000000000000000e+00
1.758386790752410889e-01 0.000000000000000000e+00
1.531354337930679321e-01 0.000000000000000000e+00
1.342542171478271484e-01 0.000000000000000000e+00
1.193768456578254700e-01 0.000000000000000000e+00
1.086466237902641296e-01 0.000000000000000000e+00
1.021668761968612671e-01 0.000000000000000000e+00
1.000000014901161194e-01 0.000000000000000000e+00
1.000000000000000000e+00 0.000000000000000000e+00
9.978331327438354492e-01 0.000000000000000000e+00
9.913533926010131836e-01 0.000000000000000000e+00
9.806231260299682617e-01 0.000000000000000000e+00
9.657458066940307617e-01 0.000000000000000000e+00
9.468645453453063965e-01 0.000000000000000000e+00
9.241613149642944336e-01 0.000000000000000000e+00
8.978546857833862305e-01 0.000000000000000000e+00
8.681980371475219727e-01 0.000000000000000000e+00
8.354769945144653320e-01 0.000000000000000000e+00
8.000066280364990234e-01 0.000000000000000000e+00
7.621285319328308105e-01 0.000000000000000000e+00
7.222075462341308594e-01 0.000000000000000000e+00
6.806281208992004395e-01 0.000000000000000000e+00
6.377906203269958496e-01 0.000000000000000000e+00
5.941076874732971191e-01 0.000000000000000000e+00
5.500000119209289551e-01 0.000000000000000000e+00
5.058922767639160156e-01 0.000000000000000000e+00
4.622093439102172852e-01 0.000000000000000000e+00
4.193719029426574707e-01 0.000000000000000000e+00
3.777924478054046631e-01 0.000000000000000000e+00
3.378714621067047119e-01 0.000000000000000000e+00
2.999933958053588867e-01 0.000000000000000000e+00
2.645230293273925781e-01 0.000000000000000000e+00
2.318019419908523560e-01 0.000000000000000000e+00
2.021452933549880981e-01 0.000000000000000000e+00
1.758386790752410889e-01 0.000000000000000000e+00
1.531354337930679321e-01 0.000000000000000000e+00
1.342542171478271484e-01 0.000000000000000000e+00
1.193768456578254700e-01 0.000000000000000000e+00
1.086466237902641296e-01 0.000000000000000000e+00
1.021668761968612671e-01 0.000000000000000000e+00
1.000000014901161194e-01 0.000000000000000000e+00
1.000000000000000000e+00 0.000000000000000000e+00
9.978331327438354492e-01 0.000000000000000000e+00
9.913533926010131836e-01 0.000000000000000000e+00
9.806231260299682617e-01 0.000000000000000000e+00
9.657458066940307617e-01 0.000000000000000000e+00
9.468645453453063965e-01 0.000000000000000000e+00
9.241613149642944336e-01 0.000000000000000000e+00
8.978546857833862305e-01 0.000000000000000000e+00
8.681980371475219727e-01 0.000000000000000000e+00
8.354769945144653320e-01 0.000000000000000000e+00
8.000066280364990234e-01 0.000000000000000000e+00
7.621285319328308105e-01 0.000000000000000000e+00
7.222075462341308594e-01 0.000000000000000000e+00
6.806281208992004395e-01 0.000000000000000000e+00
6.377906203269958496e-01 0.000000000000000000e+00
5.941076874732971191e-01 0.000000000000000000e+00
5.500000119209289551e-01 0.000000000000000000e+00
5.058922767639160156e-01 0.000000000000000000e+00
4.622093439102172852e-01 0.000000000000000000e+00
4.193719029426574707e-01 0.000000000000000000e+00
3.777924478054046631e-01 0.000000000000000000e+00
3.378714621067047119e-01 0.000000000000000000e+00
2.999933958053588867e-01 0.000000000000000000e+00
2.645230293273925781e-01 0.000000000000000000e+00
2.318019419908523560e-01 0.000000000000000000e+00
2.021452933549880981e-01 0.000000000000000000e+00
1.758386790752410889e-01 0.000000000000000000e+00
1.531354337930679321e-01 0.000000000000000000e+00
1.342542171478271484e-01 0.000000000000000000e+00
1.193768456578254700e-01 0.000000000000000000e+00
1.086466237902641296e-01 0.000000000000000000e+00
1.021668761968612671e-01 0.000000000000000000e+00
1.000000014901161194e-01 0.000000000000000000e+00
1.000000000000000000e+00 0.000000000000000000e+00
9.978331327438354492e-01 0.000000000000000000e+00
9.913533926010131836e-01 0.000000000000000000e+00
9.806231260299682617e-01 0.000000000000000000e+00
9.657458066940307617e-01 0.000000000000000000e+00
9.468645453453063965e-01 0.000000000000000000e+00
9.241613149642944336e-01 0.000000000000000000e+00
8.978546857833862305e-01 0.000000000000000000e+00
8.681980371475219727e-01 0.000000000000000000e+00
8.354769945144653320e-01 0.000000000000000000e+00
8.000066280364990234e-01 0.000000000000000000e+00
7.621285319328308105e-01 0.000000000000000000e+00
7.222075462341308594e-01 0.000000000000000000e+00
6.806281208992004395e-01 0.000000000000000000e+00
6.377906203269958496e-01 0.000000000000000000e+00
5.941076874732971191e-01 0.000000000000000000e+00
5.500000119209289551e-01 0.000000000000000000e+00
5.058922767639160156e-01 0.000000000000000000e+00
4.622093439102172852e-01 0.000000000000000000e+00
4.193719029426574707e-01 0.000000000000000000e+00
3.777924478054046631e-01 0.000000000000000000e+00
3.378714621067047119e-01 0.000000000000000000e+00
2.999933958053588867e-01 0.000000000000000000e+00
2.645230293273925781e-01 0.000000000000000000e+00
2.318019419908523560e-01 0.000000000000000000e+00
2.021452933549880981e-01 0.000000000000000000e+00
1.758386790752410889e-01 0.000000000000000000e+00
1.531354337930679321e-01 0.000000000000000000e+00
1.342542171478271484e-01 0.000000000000000000e+00
1.193768456578254700e-01 0.000000000000000000e+00
1.086466237902641296e-01 0.000000000000000000e+00
1.021668761968612671e-01 0.000000000000000000e+00
1.000000014901161194e-01 0.000000000000000000e+00
1.000000000000000000e+00 0.000000000000000000e+00
9.978331327438354492e-01 0.000000000000000000e+00
9.913533926010131836e-01 0.000000000000000000e+00
9.806231260299682617e-01 0.000000000000000000e+00
9.657458066940307617e-01 0.000000000000000000e+00
9.468645453453063965e-01 0.000000000000000000e+00
9.241613149642944336e-01 0.000000000000000000e+00
8.978546857833862305e-01 0.000000000000000000e+00
8.681980371475219727e-01 0.000000000000000000e+00
8.354769945144653320e-01 0.000000000000000000e+00
8.000066280364990234e-01 0.000000000000000000e+00
7.621285319328308105e-01 0.000000000000000000e+00
7.222075462341308594e-01 0.000000000000000000e+00
6.806281208992004395e-01 0.000000000000000000e+00
6.377906203269958496e-01 0.000000000000000000e+00
5.941076874732971191e-01 0.000000000000000000e+00
5.500000119209289551e-01 0.000000000000000000e+00
5.058922767639160156e-01 0.000000000000000000e+00
4.622093439102172852e-01 0.000000000000000000e+00
4.193719029426574707e-01 0.000000000000000000e+00
3.777924478054046631e-01 0.000000000000000000e+00
3.378714621067047119e-01 0.000000000000000000e+00
2.999933958053588867e-01 0.000000000000000000e+00
2.645230293273925781e-01 0.000000000000000000e+00
2.318019419908523560e-01 0.000000000000000000e+00
2.021452933549880981e-01 0.000000000000000000e+00
1.758386790752410889e-01 0.000000000000000000e+00
1.531354337930679321e-01 0.000000000000000000e+00
1.342542171478271484e-01 0.000000000000000000e+00
1.193768456578254700e-01 0.000000000000000000e+00
1.086466237902641296e-01 0.000000000000000000e+00
1.021668761968612671e-01 0.000000000000000000e+00
1.000000014901161194e-01 0.000000000000000000e+00
1.000000000000000000e+00 1.000000000000000000e+01
9.978331327438354492e-01 1.000000000000000000e+01
9.913533926010131836e-01 1.000000000000000000e+01
9.806231260299682617e-01 1.000000000000000000e+01
9.657458066940307617e-01 1.000000000000000000e+01
9.468645453453063965e-01 1.000000000000000000e+01
9.241613149642944336e-01 1.000000000000000000e+01
8.978546857833862305e-01 1.000000000000000000e+01
8.681980371475219727e-01 1.000000000000000000e+01
8.354769945144653320e-01 1.000000000000000000e+01
8.000066280364990234e-01 1.000000000000000000e+01
7.621285319328308105e-01 1.000000000000000000e+01
7.222075462341308594e-01 1.000000000000000000e+01
6.806281208992004395e-01 1.000000000000000000e+01
6.377906203269958496e-01 1.000000000000000000e+01
5.941076874732971191e-01 1.000000000000000000e+01
5.500000119209289551e-01 1.000000000000000000e+01
5.058922767639160156e-01 1.000000000000000000e+01
4.622093439102172852e-01 1.000000000000000000e+01
4.193719029426574707e-01 1.000000000000000000e+01
3.777924478054046631e-01 1.000000000000000000e+01
3.378714621067047119e-01 1.000000000000000000e+01
2.999933958053588867e-01 1.000000000000000000e+01
2.645230293273925781e-01 1.000000000000000000e+01
2.318019419908523560e-01 1.000000000000000000e+01
2.021452933549880981e-01 1.000000000000000000e+01
1.758386790752410889e-01 1.000000000000000000e+01
1.531354337930679321e-01 1.000000000000000000e+01
1.342542171478271484e-01 1.000000000000000000e+01
1.193768456578254700e-01 1.000000000000000000e+01
1.086466237902641296e-01 1.000000000000000000e+01
1.021668761968612671e-01 1.000000000000000000e+01
1.000000014901161194e-01 1.000000000000000000e+01
1.000000000000000000e+00 1.000000000000000000e+01
9.978331327438354492e-01 1.000000000000000000e+01
9.913533926010131836e-01 1.000000000000000000e+01
9.806231260299682617e-01 1.000000000000000000e+01
9.657458066940307617e-01 1.000000000000000000e+01
9.468645453453063965e-01 1.000000000000000000e+01
9.241613149642944336e-01 1.000000000000000000e+01
8.978546857833862305e-01 1.000000000000000000e+01
8.681980371475219727e-01 1.000000000000000000e+01
8.354769945144653320e-01 1.000000000000000000e+01
8.000066280364990234e-01 1.000000000000000000e+01
7.621285319328308105e-01 1.000000000000000000e+01
7.222075462341308594e-01 1.000000000000000000e+01
6.806281208992004395e-01 1.000000000000000000e+01
6.377906203269958496e-01 1.000000000000000000e+01
5.941076874732971191e-01 1.000000000000000000e+01
5.500000119209289551e-01 1.000000000000000000e+01
5.058922767639160156e-01 1.000000000000000000e+01
4.622093439102172852e-01 1.000000000000000000e+01
4.193719029426574707e-01 1.000000000000000000e+01
3.777924478054046631e-01 1.000000000000000000e+01
3.378714621067047119e-01 1.000000000000000000e+01
2.999933958053588867e-01 1.000000000000000000e+01
2.645230293273925781e-01 1.000000000000000000e+01
2.318019419908523560e-01 1.000000000000000000e+01
2.021452933549880981e-01 1.000000000000000000e+01
1.758386790752410889e-01 1.000000000000000000e+01
1.531354337930679321e-01 1.000000000000000000e+01
1.342542171478271484e-01 1.000000000000000000e+01
1.193768456578254700e-01 1.000000000000000000e+01
1.086466237902641296e-01 1.000000000000000000e+01
1.021668761968612671e-01 1.000000000000000000e+01
1.000000014901161194e-01 1.000000000000000000e+01
1.000000000000000000e+00 1.000000000000000000e+01
9.978331327438354492e-01 1.000000000000000000e+01
9.913533926010131836e-01 1.000000000000000000e+01
9.806231260299682617e-01 1.000000000000000000e+01
9.657458066940307617e-01 1.000000000000000000e+01
9.468645453453063965e-01 1.000000000000000000e+01
9.241613149642944336e-01 1.000000000000000000e+01
8.978546857833862305e-01 1.000000000000000000e+01
8.681980371475219727e-01 1.000000000000000000e+01
8.354769945144653320e-01 1.000000000000000000e+01
8.000066280364990234e-01 1.000000000000000000e+01
7.621285319328308105e-01 1.000000000000000000e+01
7.222075462341308594e-01 1.000000000000000000e+01
6.806281208992004395e-01 1.000000000000000000e+01
6.377906203269958496e-01 1.000000000000000000e+01
5.941076874732971191e-01 1.000000000000000000e+01
5.500000119209289551e-01 1.000000000000000000e+01
5.058922767639160156e-01 1.000000000000000000e+01
4.622093439102172852e-01 1.000000000000000000e+01
4.193719029426574707e-01 1.000000000000000000e+01
3.777924478054046631e-01 1.000000000000000000e+01
3.378714621067047119e-01 1.000000000000000000e+01
2.999933958053588867e-01 1.000000000000000000e+01
2.645230293273925781e-01 1.000000000000000000e+01
2.318019419908523560e-01 1.000000000000000000e+01
2.021452933549880981e-01 1.000000000000000000e+01
1.758386790752410889e-01 1.000000000000000000e+01
1.531354337930679321e-01 1.000000000000000000e+01
1.342542171478271484e-01 1.000000000000000000e+01
1.193768456578254700e-01 1.000000000000000000e+01
1.086466237902641296e-01 1.000000000000000000e+01
1.021668761968612671e-01 1.000000000000000000e+01
1.000000014901161194e-01 1.000000000000000000e+01
5.500000119209289551e-01 2.348520560190081596e-03
3.249999880790710449e-01 4.697041120380163193e-03
7.749999761581420898e-01 7.045561447739601135e-03
2.125000059604644775e-01 9.394082240760326385e-03
6.625000238418579102e-01 1.174260117113590240e-02
4.374999701976776123e-01 1.409112289547920227e-02
8.874999880790710449e-01 1.643964275717735291e-02
1.562500000000000000e-01 1.878816448152065277e-02
6.062499880790710449e-01 2.113668434321880341e-02
3.812499940395355225e-01 2.348520234227180481e-02
8.312500119209289551e-01 2.583372406661510468e-02
2.687499821186065674e-01 2.818224579095840454e-02
7.187500000000000000e-01 3.053076565265655518e-02
4.937499761581420898e-01 3.287928551435470581e-02
9.437500238418579102e-01 3.522780537605285645e-02
1.281249970197677612e-01 3.757632896304130554e-02
5.781250000000000000e-01 3.992484882473945618e-02
3.531249761581420898e-01 4.227336868643760681e-02
8.031250238418579102e-01 4.462189227342605591e-02
2.406249940395355225e-01 4.697040468454360962e-02
6.906250119209289551e-01 4.931892827153205872e-02
4.656249880790710449e-01 5.166744813323020935e-02
9.156249761581420898e-01 5.401596799492835999e-02
1.843749880790710449e-01 5.636449158191680908e-02
6.343750357627868652e-01 5.871301144361495972e-02
4.093749821186065674e-01 6.106153130531311035e-02
8.593750000000000000e-01 6.341005116701126099e-02
2.968750000000000000e-01 6.575857102870941162e-02
7.468749880790710449e-01 6.810709089040756226e-02
5.218750238418579102e-01 7.045561075210571289e-02
9.718750119209289551e-01 7.280413806438446045e-02
1.140625029802322388e-01 7.515265792608261108e-02
5.640624761581420898e-01 7.750117033720016479e-02
3.390624821186065674e-01 7.984969764947891235e-02
7.890625000000000000e-01 8.219821751117706299e-02
2.265625000000000000e-01 8.454673737287521362e-02
6.765624880790710449e-01 8.689525723457336426e-02
4.515624940395355225e-01 8.924378454685211182e-02
9.015625119209289551e-01 9.159229695796966553e-02
1.703124940395355225e-01 9.394080936908721924e-02
6.203125119209289551e-01 9.628933668136596680e-02
3.953124880790710449e-01 9.863785654306411743e-02
8.453124761581420898e-01 1.009863764047622681e-01
2.828125059604644775e-01 1.033348962664604187e-01
7.328125238418579102e-01 1.056834235787391663e-01
5.078125000000000000e-01 1.080319359898567200e-01
9.578124880790710449e-01 1.103804633021354675e-01
1.421875059604644775e-01 1.127289831638336182e-01
5.921875238418579102e-01 1.150775030255317688e-01
3.671875000000000000e-01 1.174260228872299194e-01
8.171874880790710449e-01 1.197745501995086670e-01
2.546874880790710449e-01 1.221230626106262207e-01
7.046875357627868652e-01 1.244715750217437744e-01
4.796874821186065674e-01 1.268201023340225220e-01
9.296875000000000000e-01 1.291686147451400757e-01
1.984374970197677612e-01 1.315171420574188232e-01
6.484375000000000000e-01 1.338656544685363770e-01
4.234374761581420898e-01 1.362141817808151245e-01
8.734375238418579102e-01 1.385627090930938721e-01
3.109374940395355225e-01 1.409112215042114258e-01
7.609375119209289551e-01 1.432597488164901733e-01
5.359374880790710449e-01 1.456082761287689209e-01
9.859374761581420898e-01 1.479567885398864746e-01
1.070312485098838806e-01 1.503053158521652222e-01
5.570312738418579102e-01 1.526538282632827759e-01
3.320312500000000000e-01 1.550023406744003296e-01
7.820312380790710449e-01 1.573508679866790771e-01
2.195312380790710449e-01 1.596993952989578247e-01
6.695312857627868652e-01 1.620479077100753784e-01
4.445312321186065674e-01 1.643964350223541260e-01
8.945312500000000000e-01 1.667449474334716797e-01
1.632812470197677612e-01 1.690934747457504272e-01
6.132812500000000000e-01 1.714420020580291748e-01
3.882812261581420898e-01 1.737905144691467285e-01
8.382812738418579102e-01 1.761390268802642822e-01
2.757812440395355225e-01 1.784875690937042236e-01
7.257812619209289551e-01 1.808360815048217773e-01
5.007812380790710449e-01 1.831845939159393311e-01
9.507812261581420898e-01 1.855331063270568848e-01
1.351562440395355225e-01 1.878816187381744385e-01
5.851562619209289551e-01 1.902301609516143799e-01
3.601562380790710449e-01 1.925786733627319336e-01
8.101562261581420898e-01 1.949271857738494873e-01
2.476562559604644775e-01 1.972757130861282349e-01
6.976562738418579102e-01 1.996242403984069824e-01
4.726562201976776123e-01 2.019727528095245361e-01
9.226562380790710449e-01 2.043212801218032837e-01
1.914062500000000000e-01 2.066697925329208374e-01
6.414062380790710449e-01 2.090183198451995850e-01
4.164062440395355225e-01 2.113668471574783325e-01
8.664062619209289551e-01 2.137153595685958862e-01
3.039062321186065674e-01 2.160638719797134399e-01
7.539062500000000000e-01 2.184123992919921875e-01
5.289062261581420898e-01 2.207609266042709351e-01
9.789062738418579102e-01 2.231094390153884888e-01
1.210937500000000000e-01 2.254579663276672363e-01
5.710937380790710449e-01 2.278064787387847900e-01
3.460937440395355225e-01 2.301550060510635376e-01
7.960937619209289551e-01 2.325035333633422852e-01
2.335937619209289551e-01 2.348520457744598389e-01
6.835937500000000000e-01 2.372005581855773926e-01
4.585937261581420898e-01 2.395491003990173340e-01
9.085937738418579102e-01 2.418976128101348877e-01
1.773437559604644775e-01 2.442461252212524414e-01
6.273437738418579102e-01 2.465946376323699951e-01
4.023437500000000000e-01 2.489431500434875488e-01
8.523437380790710449e-01 2.512916922569274902e-01
2.898437380790710449e-01 2.536402046680450439e-01
7.398437857627868652e-01 2.559887170791625977e-01
5.148437619209289551e-01 2.583372294902801514e-01
9.648437500000000000e-01 2.606857717037200928e-01
1.492187529802322388e-01 2.630342841148376465e-01
5.992187261581420898e-01 2.653827965259552002e-01
3.742187321186065674e-01 2.677313089370727539e-01
8.242187500000000000e-01 2.700798511505126953e-01
2.617187500000000000e-01 2.724283635616302490e-01
7.117187380790710449e-01 2.747768759727478027e-01
4.867187440395355225e-01 2.771254181861877441e-01
9.367187619209289551e-01 2.794739305973052979e-01
2.054687440395355225e-01 2.818224430084228516e-01
6.554687619209289551e-01 2.841709852218627930e-01
4.304687380790710449e-01 2.865194976329803467e-01
8.804687261581420898e-01 2.888680100440979004e-01
3.179687559604644775e-01 2.912165522575378418e-01
7.679687738418579102e-01 2.935650646686553955e-01
5.429687500000000000e-01 2.959135770797729492e-01
9.929687380790710449e-01 2.982620894908905029e-01
1.035156250000000000e-01 3.006106317043304443e-01
5.535156130790710449e-01 3.029591441154479980e-01
3.285156190395355225e-01 3.053076565265655518e-01
7.785156369209289551e-01 3.076561689376831055e-01
2.160156220197677612e-01 3.100046813488006592e-01
6.660156250000000000e-01 3.123532235622406006e-01
4.410156011581420898e-01 3.147017359733581543e-01
8.910156488418579102e-01 3.170502483844757080e-01
1.597656309604644775e-01 3.193987905979156494e-01
6.097656488418579102e-01 3.217473030090332031e-01
3.847656250000000000e-01 3.240958154201507568e-01
8.347656130790710449e-01 3.264443576335906982e-01
2.722656130790710449e-01 3.287928700447082520e-01
7.222656607627868652e-01 3.311413824558258057e-01
4.972656071186065674e-01 3.334898948669433594e-01
9.472656250000000000e-01 3.358384370803833008e-01
1.316406279802322388e-01 3.381869494915008545e-01
5.816406011581420898e-01 3.405354619026184082e-01
3.566406071186065674e-01 3.428840041160583496e-01
8.066406250000000000e-01 3.452324867248535156e-01
2.441406250000000000e-01 3.475810289382934570e-01
6.941406130790710449e-01 3.499295711517333984e-01
4.691406190395355225e-01 3.522780537605285645e-01
9.191406369209289551e-01 3.546265959739685059e-01
1.878906190395355225e-01 3.569751381874084473e-01
6.378906369209289551e-01 3.593236207962036133e-01
4.128906130790710449e-01 3.616721630096435547e-01
8.628906011581420898e-01 3.640206456184387207e-01
3.003906309604644775e-01 3.663691878318786621e-01
7.503906488418579102e-01 3.687177300453186035e-01
5.253906250000000000e-01 3.710662126541137695e-01
9.753906130790710449e-01 3.734147548675537109e-01
1.175781264901161194e-01 3.757632374763488770e-01
5.675781369209289551e-01 3.781117796897888184e-01
3.425781130790710449e-01 3.804603219032287598e-01
7.925781011581420898e-01 3.828088045120239258e-01
2.300781309604644775e-01 3.851573467254638672e-01
6.800781488418579102e-01 3.875058889389038086e-01
4.550780951976776123e-01 3.898543715476989746e-01
9.050781130790710449e-01 3.922029137611389160e-01
1.738281250000000000e-01 3.945514261722564697e-01
6.238281130790710449e-01 3.968999385833740234e-01
3.988281190395355225e-01 3.992484807968139648e-01
8.488281369209289551e-01 4.015969932079315186e-01
2.863281071186065674e-01 4.039455056190490723e-01
7.363281250000000000e-01 4.062940180301666260e-01
5.113281011581420898e-01 4.086425602436065674e-01
9.613281488418579102e-01 4.109910726547241211e-01
1.457031220197677612e-01 4.133395850658416748e-01
5.957031250000000000e-01 4.156881272792816162e-01
3.707031011581420898e-01 4.180366396903991699e-01
8.207031488418579102e-01 4.203851521015167236e-01
2.582031190395355225e-01 4.227336943149566650e-01
7.082031369209289551e-01 4.250821769237518311e-01
4.832031130790710449e-01 4.274307191371917725e-01
9.332031011581420898e-01 4.297792613506317139e-01
2.019531130790710449e-01 4.321277439594268799e-01
6.519531607627868652e-01 4.344762861728668213e-01
4.269531071186065674e-01 4.368247985839843750e-01
8.769531250000000000e-01 4.391733109951019287e-01
3.144531250000000000e-01 4.415218532085418701e-01
7.644531130790710449e-01 4.438703656196594238e-01
5.394531488418579102e-01 4.462188780307769775e-01
9.894531369209289551e-01 4.485674202442169189e-01
1.105468720197677612e-01 4.509159326553344727e-01
5.605468750000000000e-01 4.532644450664520264e-01
3.355468809604644775e-01 4.556129574775695801e-01
7.855468988418579102e-01 4.579614996910095215e-01
2.230468690395355225e-01 4.603100121021270752e-01
6.730468869209289551e-01 4.626585245132446289e-01
4.480468630790710449e-01 4.650070667266845703e-01
8.980468511581420898e-01 4.673555493354797363e-01
1.667968779802322388e-01 4.697040915489196777e-01
6.167969107627868652e-01 4.720526337623596191e-01
3.917968571186065674e-01 4.744011163711547852e-01
8.417968750000000000e-01 4.767496585845947266e-01
2.792968750000000000e-01 4.790982007980346680e-01
7.292968630790710449e-01 4.814466834068298340e-01
5.042968988418579102e-01 4.837952256202697754e-01
9.542968869209289551e-01 4.861437082290649414e-01
1.386718750000000000e-01 4.884922504425048828e-01
5.886718630790710449e-01 4.908407926559448242e-01
3.636718690395355225e-01 4.931892752647399902e-01
8.136718869209289551e-01 4.955378174781799316e-01
2.511718869209289551e-01 4.978863000869750977e-01
7.011718750000000000e-01 5.002348423004150391e-01
4.761718511581420898e-01 5.025833845138549805e-01
9.261718988418579102e-01 5.049318671226501465e-01
1.949218809604644775e-01 5.072804093360900879e-01
6.449218988418579102e-01 5.096289515495300293e-01
4.199218750000000000e-01 5.119774341583251953e-01
8.699218630790710449e-01 5.143259763717651367e-01
3.074218630790710449e-01 5.166744589805603027e-01
7.574219107627868652e-01 5.190230011940002441e-01
5.324218869209289551e-01 5.213715434074401855e-01
9.824218750000000000e-01 5.237200260162353516e-01
1.246093735098838806e-01 5.260685682296752930e-01
5.746093988418579102e-01 5.284171104431152344e-01
3.496093750000000000e-01 5.307655930519104004e-01
7.996093630790710449e-01 5.331141352653503418e-01
2.371093630790710449e-01 5.354626178741455078e-01
6.871094107627868652e-01 5.378111600875854492e-01
4.621093571186065674e-01 5.401597023010253906e-01
9.121093750000000000e-01 5.425082445144653320e-01
1.808593720197677612e-01 5.448567271232604980e-01
6.308593750000000000e-01 5.472052693367004395e-01
4.058593511581420898e-01 5.495537519454956055e-01
8.558593988418579102e-01 5.519022941589355469e-01
2.933593690395355225e-01 5.542508363723754883e-01
7.433593869209289551e-01 5.565993785858154297e-01
5.183593630790710449e-01 5.589478611946105957e-01
9.683593511581420898e-01 5.612964034080505371e-01
1.527343690395355225e-01 5.636448860168457031e-01
6.027343869209289551e-01 5.659934282302856445e-01
3.777343630790710449e-01 5.683419704437255859e-01
8.277343511581420898e-01 5.706905126571655273e-01
2.652343809604644775e-01 5.730389952659606934e-01
7.152343988418579102e-01 5.753875374794006348e-01
4.902343451976776123e-01 5.777360200881958008e-01
9.402343630790710449e-01 5.800845623016357422e-01
2.089843750000000000e-01 5.824331045150756836e-01
6.589843630790710449e-01 5.847815871238708496e-01
4.339843690395355225e-01 5.871301293373107910e-01
8.839843869209289551e-01 5.894786119461059570e-01
3.214843571186065674e-01 5.918271541595458984e-01
7.714843750000000000e-01 5.941756963729858398e-01
5.464843511581420898e-01 5.965241789817810059e-01
9.964843988418579102e-01 5.988727211952209473e-01
1.017578169703483582e-01 6.012212634086608887e-01
5.517578125000000000e-01 6.035697460174560547e-01
3.267578184604644775e-01 6.059182882308959961e-01
7.767578363418579102e-01 6.082667708396911621e-01
2.142578065395355225e-01 6.106153130531311035e-01
6.642578244209289551e-01 6.129638552665710449e-01
4.392578005790710449e-01 6.153123378753662109e-01
8.892577886581420898e-01 6.176608800888061523e-01
1.580078154802322388e-01 6.200093626976013184e-01
6.080078482627868652e-01 6.223579049110412598e-01
3.830077946186065674e-01 6.247064471244812012e-01
8.330078125000000000e-01 6.270549297332763672e-01
2.705078125000000000e-01 6.294034719467163086e-01
7.205078005790710449e-01 6.317520141601562500e-01
4.955078065395355225e-01 6.341004967689514160e-01
9.455078244209289551e-01 6.364489793777465820e-01
1.298828125000000000e-01 6.387975811958312988e-01
5.798828005790710449e-01 6.411460638046264648e-01
3.548828065395355225e-01 6.434946060180664062e-01
8.048828244209289551e-01 6.458431482315063477e-01
2.423828244209289551e-01 6.481916308403015137e-01
6.923828125000000000e-01 6.505401134490966797e-01
4.673827886581420898e-01 6.528887152671813965e-01
9.173828363418579102e-01 6.552371978759765625e-01
1.861328184604644775e-01 6.575857400894165039e-01
6.361328363418579102e-01 6.599342226982116699e-01
4.111328125000000000e-01 6.622827649116516113e-01
8.611328005790710449e-01 6.646312475204467773e-01
2.986328005790710449e-01 6.669797897338867188e-01
7.486328482627868652e-01 6.693283319473266602e-01
5.236328244209289551e-01 6.716768741607666016e-01
9.736328125000000000e-01 6.740253567695617676e-01
1.158203110098838806e-01 6.763738989830017090e-01
5.658203363418579102e-01 6.787223815917968750e-01
3.408203125000000000e-01 6.810709238052368164e-01
7.908203005790710449e-01 6.834194660186767578e-01
2.283203005790710449e-01 6.857680082321166992e-01
6.783203482627868652e-01 6.881164908409118652e-01
4.533202946186065674e-01 6.904649734497070312e-01
9.033203125000000000e-01 6.928135156631469727e-01
1.720703095197677612e-01 6.951620578765869141e-01
6.220703125000000000e-01 6.975105404853820801e-01
3.970702886581420898e-01 6.998591423034667969e-01
8.470703363418579102e-01 7.022076249122619629e-01
2.845703065395355225e-01 7.045561075210571289e-01
7.345703244209289551e-01 7.069046497344970703e-01
5.095703005790710449e-01 7.092531919479370117e-01
9.595702886581420898e-01 7.116016745567321777e-01
1.439453065395355225e-01 7.139502763748168945e-01
5.939453244209289551e-01 7.162987589836120605e-01
3.689453005790710449e-01 7.186472415924072266e-01
8.189452886581420898e-01 7.209957242012023926e-01
2.564453184604644775e-01 7.233443260192871094e-01
7.064453363418579102e-01 7.256928086280822754e-01
4.814452826976776123e-01 7.280412912368774414e-01
9.314453005790710449e-01 7.303898930549621582e-01
2.001953125000000000e-01 7.327383756637573242e-01
6.501953005790710449e-01 7.350868582725524902e-01
4.251953065395355225e-01 7.374354600906372070e-01
8.751953244209289551e-01 7.397839426994323730e-01
3.126952946186065674e-01 7.421324253082275391e-01
7.626953125000000000e-01 7.444810271263122559e-01
5.376952886581420898e-01 7.468295097351074219e-01
9.876953363418579102e-01 7.491779923439025879e-01
1.087890639901161194e-01 7.515264749526977539e-01
5.587890744209289551e-01 7.538750767707824707e-01
3.337890505790710449e-01 7.562235593795776367e-01
7.837890386581420898e-01 7.585721015930175781e-01
2.212890684604644775e-01 7.609206438064575195e-01
6.712890863418579102e-01 7.632691264152526855e-01
4.462890326976776123e-01 7.656176090240478516e-01
8.962890505790710449e-01 7.679662108421325684e-01
1.650390625000000000e-01 7.703146934509277344e-01
6.150390505790710449e-01 7.726632356643676758e-01
3.900390565395355225e-01 7.750117778778076172e-01
8.400390744209289551e-01 7.773602604866027832e-01
2.775390446186065674e-01 7.797087430953979492e-01
7.275390625000000000e-01 7.820572853088378906e-01
5.025390386581420898e-01 7.844058275222778320e-01
9.525390863418579102e-01 7.867543697357177734e-01
1.369140595197677612e-01 7.891028523445129395e-01
5.869140625000000000e-01 7.914513945579528809e-01
3.619140386581420898e-01 7.937998771667480469e-01
8.119140863418579102e-01 7.961484193801879883e-01
2.494140565395355225e-01 7.984969615936279297e-01
6.994140744209289551e-01 8.008455038070678711e-01
4.744140505790710449e-01 8.031939864158630371e-01
9.244140386581420898e-01 8.055425286293029785e-01
1.931640505790710449e-01 8.078910112380981445e-01
6.431640982627868652e-01 8.102395534515380859e-01
4.181640446186065674e-01 8.125880360603332520e-01
8.681640625000000000e-01 8.149366378784179688e-01
3.056640625000000000e-01 8.172851204872131348e-01
7.556640505790710449e-01 8.196336030960083008e-01
5.306640863418579102e-01 8.219821453094482422e-01
9.806640744209289551e-01 8.243306875228881836e-01
1.228515654802322388e-01 8.266791701316833496e-01
5.728515386581420898e-01 8.290277719497680664e-01
3.478515446186065674e-01 8.313762545585632324e-01
7.978515625000000000e-01 8.337247371673583984e-01
2.353515625000000000e-01 8.360732793807983398e-01
6.853515505790710449e-01 8.384218215942382812e-01
4.603515565395355225e-01 8.407703042030334473e-01
9.103515744209289551e-01 8.431187868118286133e-01
1.791015565395355225e-01 8.454673886299133301e-01
6.291015744209289551e-01 8.478158712387084961e-01
4.041015505790710449e-01 8.501643538475036621e-01
8.541015386581420898e-01 8.525129556655883789e-01
2.916015684604644775e-01 8.548614382743835449e-01
7.416015863418579102e-01 8.572099208831787109e-01
5.166015625000000000e-01 8.595585227012634277e-01
9.666015505790710449e-01 8.619070053100585938e-01
1.509765684604644775e-01 8.642554879188537598e-01
6.009765863418579102e-01 8.666040897369384766e-01
3.759765625000000000e-01 8.689525723457336426e-01
8.259765505790710449e-01 8.713010549545288086e-01
2.634765505790710449e-01 8.736495971679687500e-01
7.134765982627868652e-01 8.759981393814086914e-01
4.884765446186065674e-01 8.783466219902038574e-01
9.384765625000000000e-01 8.806951045989990234e-01
2.072265595197677612e-01 8.830437064170837402e-01
6.572265625000000000e-01 8.853921890258789062e-01
4.322265386581420898e-01 8.877407312393188477e-01
8.822265863418579102e-01 8.900892734527587891e-01
3.197265565395355225e-01 8.924377560615539551e-01
7.697265744209289551e-01 8.947862386703491211e-01
5.447265505790710449e-01 8.971348404884338379e-01
9.947265386581420898e-01 8.994833230972290039e-01
1.052734404802322388e-01 9.018318653106689453e-01
5.552734136581420898e-01 9.041803479194641113e-01
3.302734196186065674e-01 9.065288901329040527e-01
7.802734375000000000e-01 9.088773727416992188e-01
2.177734375000000000e-01 9.112259149551391602e-01
6.677734255790710449e-01 9.135744571685791016e-01
4.427734315395355225e-01 9.159229993820190430e-01
8.927734494209289551e-01 9.182714819908142090e-01
1.615234315395355225e-01 9.206200242042541504e-01
6.115234494209289551e-01 9.229685068130493164e-01
3.865234255790710449e-01 9.253170490264892578e-01
8.365234136581420898e-01 9.276655912399291992e-01
2.740234434604644775e-01 9.300141334533691406e-01
7.240234613418579102e-01 9.323626160621643066e-01
4.990234076976776123e-01 9.347110986709594727e-01
9.490234255790710449e-01 9.370596408843994141e-01
1.333984434604644775e-01 9.394081830978393555e-01
5.833984613418579102e-01 9.417566657066345215e-01
3.583984375000000000e-01 9.441052675247192383e-01
8.083984255790710449e-01 9.464537501335144043e-01
2.458984255790710449e-01 9.488022327423095703e-01
6.958984732627868652e-01 9.511507749557495117e-01
4.708984196186065674e-01 9.534993171691894531e-01
9.208984375000000000e-01 9.558477997779846191e-01
1.896484345197677612e-01 9.581964015960693359e-01
6.396484375000000000e-01 9.605448842048645020e-01
4.146484136581420898e-01 9.628933668136596680e-01
8.646484613418579102e-01 9.652418494224548340e-01
3.021484315395355225e-01 9.675904512405395508e-01
7.521484494209289551e-01 9.699389338493347168e-01
5.271484255790710449e-01 9.722874164581298828e-01
9.771484136581420898e-01 9.746360182762145996e-01
1.193359345197677612e-01 9.769845008850097656e-01
5.693359375000000000e-01 9.793329834938049316e-01
3.443359434604644775e-01 9.816815853118896484e-01
7.943359613418579102e-01 9.840300679206848145e-01
2.318359315395355225e-01 9.863785505294799805e-01
6.818359494209289551e-01 9.887271523475646973e-01
4.568359255790710449e-01 9.910756349563598633e-01
9.068359136581420898e-01 9.934241175651550293e-01
1.755859404802322388e-01 9.957726001739501953e-01
6.255859732627868652e-01 9.981212019920349121e-01
4.005859196186065674e-01 1.000469684600830078e+00
8.505859375000000000e-01 1.002818226814270020e+00
2.880859375000000000e-01 1.005166769027709961e+00
7.380859255790710449e-01 1.007515311241149902e+00
5.130859613418579102e-01 1.009863734245300293e+00
9.630859494209289551e-01 1.012212276458740234e+00
1.474609375000000000e-01 1.014560818672180176e+00
5.974609255790710449e-01 1.016909360885620117e+00
3.724609315395355225e-01 1.019257903099060059e+00
8.224609494209289551e-01 1.021606445312500000e+00
2.599609494209289551e-01 1.023954868316650391e+00
7.099609375000000000e-01 1.026303410530090332e+00
4.849609136581420898e-01 1.028651952743530273e+00
9.349609613418579102e-01 1.031000494956970215e+00
2.037109434604644775e-01 1.033348917961120605e+00
6.537109613418579102e-01 1.035697579383850098e+00
4.287109375000000000e-01 1.038046002388000488e+00
8.787109255790710449e-01 1.040394544601440430e+00
3.162109255790710449e-01 1.042743086814880371e+00
7.662109732627868652e-01 1.045091629028320312e+00
5.412109494209289551e-01 1.047440052032470703e+00
9.912109375000000000e-01 1.049788713455200195e+00
1.123046875000000000e-01 1.052137136459350586e+00
5.623046755790710449e-01 1.054485678672790527e+00
3.373046815395355225e-01 1.056834220886230469e+00
7.873046994209289551e-01 1.059182763099670410e+00
2.248046845197677612e-01 1.061531186103820801e+00
6.748046875000000000e-01 1.063879728317260742e+00
4.498046636581420898e-01 1.066228270530700684e+00
8.998047113418579102e-01 1.068576812744140625e+00
1.685546934604644775e-01 1.070925235748291016e+00
6.185547113418579102e-01 1.073273897171020508e+00
3.935546875000000000e-01 1.075622320175170898e+00
8.435546755790710449e-01 1.077970862388610840e+00
2.810546755790710449e-01 1.080319404602050781e+00
7.310547232627868652e-01 1.082667946815490723e+00
5.060546994209289551e-01 1.085016489028930664e+00
9.560546875000000000e-01 1.087364912033081055e+00
1.404296904802322388e-01 1.089713454246520996e+00
5.904296636581420898e-01 1.092061996459960938e+00
3.654296696186065674e-01 1.094410538673400879e+00
8.154296875000000000e-01 1.096759080886840820e+00
2.529296875000000000e-01 1.099107503890991211e+00
7.029296755790710449e-01 1.101456046104431152e+00
4.779296815395355225e-01 1.103804588317871094e+00
9.279296994209289551e-01 1.106153130531311035e+00
1.966796815395355225e-01 1.108501672744750977e+00
6.466796994209289551e-01 1.110850214958190918e+00
4.216796755790710449e-01 1.113198757171630859e+00
8.716796636581420898e-01 1.115547180175781250e+00
3.091796934604644775e-01 1.117895722389221191e+00
7.591797113418579102e-01 1.120244264602661133e+00
5.341796875000000000e-01 1.122592806816101074e+00
9.841796755790710449e-01 1.124941229820251465e+00
1.263671815395355225e-01 1.127289772033691406e+00
5.763671994209289551e-01 1.129638314247131348e+00
3.513671755790710449e-01 1.131986856460571289e+00
8.013671636581420898e-01 1.134335398674011230e+00
2.388671934604644775e-01 1.136683940887451172e+00
6.888672113418579102e-01 1.139032363891601562e+00
4.638671576976776123e-01 1.141381025314331055e+00
9.138671755790710449e-01 1.143729448318481445e+00
1.826171875000000000e-01 1.146077990531921387e+00
6.326171755790710449e-01 1.148426413536071777e+00
4.076171815395355225e-01 1.150775074958801270e+00
8.576171994209289551e-01 1.153123497962951660e+00
2.951171696186065674e-01 1.155472040176391602e+00
7.451171875000000000e-01 1.157820582389831543e+00
5.201171636581420898e-01 1.160169124603271484e+00
9.701172113418579102e-01 1.162517547607421875e+00
1.544921845197677612e-01 1.164866209030151367e+00
6.044921875000000000e-01 1.167214632034301758e+00
3.794921636581420898e-01 1.169563174247741699e+00
8.294922113418579102e-01 1.171911716461181641e+00
2.669921815395355225e-01 1.174260258674621582e+00
7.169921994209289551e-01 1.176608681678771973e+00
4.919921755790710449e-01 1.178957223892211914e+00
9.419921636581420898e-01 1.181305766105651855e+00
2.107421755790710449e-01 1.183654308319091797e+00
6.607422232627868652e-01 1.186002731323242188e+00
4.357421696186065674e-01 1.188351392745971680e+00
8.857421875000000000e-01 1.190699815750122070e+00
3.232421875000000000e-01 1.193048357963562012e+00
7.732421755790710449e-01 1.195396900177001953e+00
5.482422113418579102e-01 1.197745442390441895e+00
9.982421994209289551e-01 1.200093984603881836e+00
1.008789092302322388e-01 1.202442526817321777e+00
5.508788824081420898e-01 1.204790949821472168e+00
3.258788883686065674e-01 1.207139492034912109e+00
7.758789062500000000e-01 1.209488034248352051e+00
2.133789062500000000e-01 1.211836576461791992e+00
6.633788943290710449e-01 1.214184999465942383e+00
4.383789002895355225e-01 1.216533541679382324e+00
8.883789181709289551e-01 1.218882083892822266e+00
1.571289002895355225e-01 1.221230626106262207e+00
6.071289181709289551e-01 1.223579168319702148e+00
3.821288943290710449e-01 1.225927710533142090e+00
8.321288824081420898e-01 1.228276252746582031e+00
2.696289122104644775e-01 1.230624675750732422e+00
7.196289300918579102e-01 1.232973217964172363e+00
4.946288764476776123e-01 1.235321760177612305e+00
9.446288943290710449e-01 1.237670302391052246e+00
1.290039122104644775e-01 1.240018725395202637e+00
5.790039300918579102e-01 1.242367267608642578e+00
3.540039062500000000e-01 1.244715809822082520e+00
8.040038943290710449e-01 1.247064352035522461e+00
2.415038943290710449e-01 1.249412894248962402e+00
6.915039420127868652e-01 1.251761317253112793e+00
4.665038883686065674e-01 1.254109859466552734e+00
9.165039062500000000e-01 1.256458520889282227e+00
1.852539032697677612e-01 1.258806943893432617e+00
6.352539062500000000e-01 1.261155486106872559e+00
4.102538824081420898e-01 1.263504028320312500e+00
8.602539300918579102e-01 1.265852451324462891e+00
2.977539002895355225e-01 1.268200993537902832e+00
7.477539181709289551e-01 1.270549535751342773e+00
5.227538943290710449e-01 1.272897958755493164e+00
9.727538824081420898e-01 1.275246620178222656e+00
1.149414032697677612e-01 1.277595162391662598e+00
5.649414062500000000e-01 1.279943585395812988e+00
3.399414122104644775e-01 1.282292127609252930e+00
7.899414300918579102e-01 1.284640789031982422e+00
2.274414002895355225e-01 1.286989212036132812e+00
6.774414181709289551e-01 1.289337754249572754e+00
4.524413943290710449e-01 1.291686296463012695e+00
9.024413824081420898e-01 1.294034719467163086e+00
1.711914092302322388e-01 1.296383261680603027e+00
6.211914420127868652e-01 1.298731803894042969e+00
3.961913883686065674e-01 1.301080226898193359e+00
8.461914062500000000e-01 1.303428888320922852e+00
2.836914062500000000e-01 1.305777430534362793e+00
7.336913943290710449e-01 1.308125853538513184e+00
5.086914300918579102e-01 1.310474395751953125e+00
9.586914181709289551e-01 1.312822818756103516e+00
1.430664062500000000e-01 1.315171480178833008e+00
5.930663943290710449e-01 1.317520022392272949e+00
3.680664002895355225e-01 1.319868445396423340e+00
8.180664181709289551e-01 1.322216987609863281e+00
2.555664181709289551e-01 1.324565529823303223e+00
7.055664062500000000e-01 1.326913952827453613e+00
4.805663824081420898e-01 1.329262495040893555e+00
9.305664300918579102e-01 1.331611156463623047e+00
1.993164122104644775e-01 1.333959579467773438e+00
6.493164300918579102e-01 1.336308121681213379e+00
4.243164062500000000e-01 1.338656663894653320e+00
8.743163943290710449e-01 1.341005086898803711e+00
3.118163943290710449e-01 1.343353748321533203e+00
7.618164420127868652e-01 1.345702290534973145e+00
5.368164181709289551e-01 1.348050713539123535e+00
9.868164062500000000e-01 1.350399255752563477e+00
1.079101562500000000e-01 1.352747797966003418e+00
5.579101443290710449e-01 1.355096220970153809e+00
3.329101502895355225e-01 1.357444763183593750e+00
7.829101681709289551e-01 1.359793424606323242e+00
2.204101532697677612e-01 1.362141847610473633e+00
6.704101562500000000e-01 1.364490389823913574e+00
4.454101324081420898e-01 1.366838932037353516e+00
8.954101800918579102e-01 1.369187355041503906e+00
1.641601622104644775e-01 1.371536016464233398e+00
6.141601800918579102e-01 1.373884439468383789e+00
3.891601562500000000e-01 1.376232981681823730e+00
8.391601443290710449e-01 1.378581523895263672e+00
2.766601443290710449e-01 1.380929946899414062e+00
7.266601920127868652e-01 1.383278489112854004e+00
5.016601681709289551e-01 1.385627031326293945e+00
9.516601562500000000e-01 1.387975454330444336e+00
1.360351592302322388e-01 1.390324115753173828e+00
5.860351324081420898e-01 1.392672657966613770e+00
3.610351383686065674e-01 1.395021080970764160e+00
8.110351562500000000e-01 1.397369623184204102e+00
2.485351562500000000e-01 1.399718284606933594e+00
6.985351443290710449e-01 1.402066707611083984e+00
4.735351502895355225e-01 1.404415249824523926e+00
9.235351681709289551e-01 1.406763792037963867e+00
1.922851502895355225e-01 1.409112215042114258e+00
6.422851681709289551e-01 1.411460757255554199e+00
4.172851443290710449e-01 1.413809299468994141e+00
8.672851324081420898e-01 1.416157722473144531e+00
3.047851622104644775e-01 1.418506383895874023e+00
7.547851800918579102e-01 1.420854926109313965e+00
5.297851562500000000e-01 1.423203349113464355e+00
9.797851443290710449e-01 1.425551891326904297e+00
1.219726577401161194e-01 1.427900552749633789e+00
5.719726681709289551e-01 1.430248975753784180e+00
3.469726443290710449e-01 1.432597517967224121e+00
7.969726324081420898e-01 1.434945940971374512e+00
2.344726622104644775e-01 1.437294483184814453e+00
6.844726800918579102e-01 1.439643025398254395e+00
4.594726264476776123e-01 1.441991448402404785e+00
9.094726443290710449e-01 1.444339990615844727e+00
1.782226562500000000e-01 1.446688652038574219e+00
6.282226443290710449e-01 1.449037075042724609e+00
4.032226502895355225e-01 1.451385617256164551e+00
8.532226681709289551e-01 1.453734159469604492e+00
2.907226383686065674e-01 1.456082582473754883e+00
7.407226562500000000e-01 1.458431243896484375e+00
5.157226324081420898e-01 1.460779786109924316e+00
9.657226800918579102e-01 1.463128209114074707e+00
1.500976532697677612e-01 1.465476751327514648e+00
6.000976562500000000e-01 1.467825293540954590e+00
3.750976324081420898e-01 1.470173716545104980e+00
8.250976800918579102e-01 1.472522258758544922e+00
2.625976502895355225e-01 1.474870920181274414e+00
7.125976681709289551e-01 1.477219343185424805e+00
4.875976443290710449e-01 1.479567885398864746e+00
9.375976324081420898e-01 1.481916427612304688e+00
2.063476443290710449e-01 1.484264850616455078e+00
6.563476920127868652e-01 1.486613512039184570e+00
4.313476383686065674e-01 1.488962054252624512e+00
8.813476562500000000e-01 1.491310477256774902e+00
3.188476562500000000e-01 1.493659019470214844e+00
7.688476443290710449e-01 1.496007442474365234e+00
5.438476800918579102e-01 1.498355984687805176e+00
9.938476681709289551e-01 1.500704526901245117e+00
1.043945327401161194e-01 1.503052949905395508e+00
5.543945431709289551e-01 1.505401611328125000e+00
3.293945193290710449e-01 1.507750153541564941e+00
7.793945074081420898e-01 1.510098576545715332e+00
2.168945372104644775e-01 1.512447118759155273e+00
6.668945550918579102e-01 1.514795780181884766e+00
4.418945014476776123e-01 1.517144203186035156e+00
8.918945193290710449e-01 1.519492745399475098e+00
1.606445312500000000e-01 1.521841287612915039e+00
6.106445193290710449e-01 1.524189710617065430e+00
3.856445252895355225e-01 1.526538252830505371e+00
8.356445431709289551e-01 1.528886795043945312e+00
2.731445133686065674e-01 1.531235218048095703e+00
7.231445312500000000e-01 1.533583879470825195e+00
4.981445074081420898e-01 1.535932421684265137e+00
9.481445550918579102e-01 1.538280844688415527e+00
1.325195282697677612e-01 1.540629386901855469e+00
5.825195312500000000e-01 1.542978048324584961e+00
3.575195074081420898e-01 1.545326471328735352e+00
8.075195550918579102e-01 1.547675013542175293e+00
2.450195252895355225e-01 1.550023555755615234e+00
6.950195431709289551e-01 1.552371978759765625e+00
4.700195193290710449e-01 1.554720520973205566e+00
9.200195074081420898e-01 1.557068943977355957e+00
1.887695193290710449e-01 1.559417486190795898e+00
6.387695670127868652e-01 1.561766147613525391e+00
4.137695133686065674e-01 1.564114570617675781e+00
8.637695312500000000e-01 1.566463112831115723e+00
3.012695312500000000e-01 1.568811655044555664e+00
7.512695193290710449e-01 1.571160078048706055e+00
5.262695550918579102e-01 1.573508739471435547e+00
9.762695431709289551e-01 1.575857281684875488e+00
1.184570342302322388e-01 1.578205704689025879e+00
5.684570074081420898e-01 1.580554246902465820e+00
3.434570133686065674e-01 1.582902789115905762e+00
7.934570312500000000e-01 1.585251212120056152e+00
2.309570312500000000e-01 1.587599754333496094e+00
6.809570193290710449e-01 1.589948415756225586e+00
4.559570252895355225e-01 1.592296838760375977e+00
9.059570431709289551e-01 1.594645380973815918e+00
1.747070252895355225e-01 1.596993923187255859e+00
6.247070431709289551e-01 1.599342346191406250e+00
3.997070193290710449e-01 1.601691007614135742e+00
8.497070074081420898e-01 1.604039549827575684e+00
2.872070372104644775e-01 1.606387972831726074e+00
7.372070550918579102e-01 1.608736515045166016e+00
5.122070312500000000e-01 1.611085057258605957e+00
9.622070193290710449e-01 1.613433480262756348e+00
1.465820372104644775e-01 1.615782022476196289e+00
5.965820550918579102e-01 1.618130445480346680e+00
3.715820312500000000e-01 1.620479106903076172e+00
8.215820193290710449e-01 1.622827649116516113e+00
2.590820193290710449e-01 1.625176072120666504e+00
7.090820670127868652e-01 1.627524614334106445e+00
4.840820133686065674e-01 1.629873275756835938e+00
9.340820312500000000e-01 1.632221698760986328e+00
2.028320282697677612e-01 1.634570240974426270e+00
6.528320312500000000e-01 1.636918783187866211e+00
4.278320074081420898e-01 1.639267206192016602e+00
8.778320550918579102e-01 1.641615748405456543e+00
3.153320252895355225e-01 1.643964290618896484e+00
7.653320431709289551e-01 1.646312713623046875e+00
5.403320193290710449e-01 1.648661375045776367e+00
9.903320074081420898e-01 1.651009917259216309e+00
1.114257797598838806e-01 1.653358340263366699e+00
5.614258050918579102e-01 1.655706882476806641e+00
3.364257812500000000e-01 1.658055543899536133e+00
7.864257693290710449e-01 1.660403966903686523e+00
2.239257693290710449e-01 1.662752509117126465e+00
6.739258170127868652e-01 1.665101051330566406e+00
4.489257633686065674e-01 1.667449474334716797e+00
8.989257812500000000e-01 1.669798016548156738e+00
1.676757782697677612e-01 1.672146558761596680e+00
6.176757812500000000e-01 1.674494981765747070e+00
3.926757574081420898e-01 1.676843643188476562e+00
8.426758050918579102e-01 1.679192066192626953e+00
2.801757752895355225e-01 1.681540608406066895e+00
7.301757931709289551e-01 1.683889150619506836e+00
5.051757693290710449e-01 1.686237573623657227e+00
9.551757574081420898e-01 1.688586235046386719e+00
1.395507752895355225e-01 1.690934777259826660e+00
5.895507931709289551e-01 1.693283200263977051e+00
3.645507693290710449e-01 1.695631742477416992e+00
8.145507574081420898e-01 1.697980284690856934e+00
2.520507872104644775e-01 1.700328707695007324e+00
7.020508050918579102e-01 1.702677249908447266e+00
4.770507514476776123e-01 1.705025911331176758e+00
9.270507693290710449e-01 1.707374334335327148e+00
1.958007812500000000e-01 1.709722876548767090e+00
6.458007693290710449e-01 1.712071418762207031e+00
4.208007752895355225e-01 1.714419841766357422e+00
8.708007931709289551e-01 1.716768503189086914e+00
3.083007633686065674e-01 1.719117045402526855e+00
7.583007812500000000e-01 1.721465468406677246e+00
5.333007574081420898e-01 1.723814010620117188e+00
9.833008050918579102e-01 1.726162552833557129e+00
1.254882812500000000e-01 1.728510975837707520e+00
5.754882693290710449e-01 1.730859518051147461e+00
3.504882752895355225e-01 1.733208179473876953e+00
8.004882931709289551e-01 1.735556602478027344e+00
2.379882931709289551e-01 1.737905144691467285e+00
6.879882812500000000e-01 1.740253567695617676e+00
4.629882574081420898e-01 1.742602109909057617e+00
9.129883050918579102e-01 1.744950771331787109e+00
1.817382872104644775e-01 1.747299194335937500e+00
6.317383050918579102e-01 1.749647736549377441e+00
4.067382812500000000e-01 1.751996278762817383e+00
8.567382693290710449e-01 1.754344701766967773e+00
2.942382693290710449e-01 1.756693243980407715e+00
7.442383170127868652e-01 1.759041786193847656e+00
5.192382931709289551e-01 1.761390209197998047e+00
9.692382812500000000e-01 1.763738870620727539e+00
1.536132842302322388e-01 1.766087412834167480e+00
6.036133170127868652e-01 1.768435835838317871e+00
3.786132633686065674e-01 1.770784378051757812e+00
8.286132812500000000e-01 1.773133039474487305e+00
2.661132812500000000e-01 1.775481462478637695e+00
7.161132693290710449e-01 1.777830004692077637e+00
4.911132752895355225e-01 1.780178546905517578e+00
9.411132931709289551e-01 1.782526969909667969e+00
2.098632752895355225e-01 1.784875512123107910e+00
6.598632931709289551e-01 1.787224054336547852e+00
4.348632693290710449e-01 1.789572477340698242e+00
8.848632574081420898e-01 1.791921138763427734e+00
3.223632872104644775e-01 1.794269680976867676e+00
7.723633050918579102e-01 1.796618103981018066e+00
5.473632812500000000e-01 1.798966646194458008e+00
9.973632693290710449e-01 1.801315069198608398e+00
1.026367172598838806e-01 1.803663730621337891e+00
5.526367425918579102e-01 1.806012272834777832e+00
3.276367187500000000e-01 1.808360695838928223e+00
7.776367068290710449e-01 1.810709238052368164e+00
2.151367068290710449e-01 1.813057780265808105e+00
6.651367545127868652e-01 1.815406203269958496e+00
4.401367008686065674e-01 1.817754745483398438e+00
8.901367187500000000e-01 1.820103406906127930e+00
1.588867157697677612e-01 1.822451829910278320e+00
6.088867187500000000e-01 1.824800372123718262e+00
3.838866949081420898e-01 1.827148914337158203e+00
8.338867425918579102e-01 1.829497337341308594e+00
2.713867127895355225e-01 1.831845998764038086e+00
7.213867306709289551e-01 1.834194540977478027e+00
4.963867068290710449e-01 1.836542963981628418e+00
9.463866949081420898e-01 1.838891506195068359e+00
1.307617127895355225e-01 1.841240048408508301e+00
5.807617306709289551e-01 1.843588471412658691e+00
3.557617068290710449e-01 1.845937013626098633e+00
8.057616949081420898e-01 1.848285675048828125e+00
2.432617247104644775e-01 1.850634098052978516e+00
6.932617425918579102e-01 1.852982640266418457e+00
4.682616889476776123e-01 1.855331182479858398e+00
9.182617068290710449e-01 1.857679605484008789e+00
1.870117187500000000e-01 1.860028266906738281e+00
6.370117068290710449e-01 1.862376689910888672e+00
4.120117127895355225e-01 1.864725232124328613e+00
8.620117306709289551e-01 1.867073774337768555e+00
2.995117008686065674e-01 1.869422197341918945e+00
7.495117187500000000e-01 1.871770739555358887e+00
5.245116949081420898e-01 1.874119281768798828e+00
9.745117425918579102e-01 1.876467704772949219e+00
1.166992187500000000e-01 1.878816366195678711e+00
5.666992068290710449e-01 1.881164908409118652e+00
3.416992127895355225e-01 1.883513331413269043e+00
7.916992306709289551e-01 1.885861873626708984e+00
2.291992306709289551e-01 1.888210535049438477e+00
6.791992187500000000e-01 1.890558958053588867e+00
4.541991949081420898e-01 1.892907500267028809e+00
9.041992425918579102e-01 1.895256042480468750e+00
1.729492247104644775e-01 1.897604465484619141e+00
6.229492425918579102e-01 1.899953007698059082e+00
3.979492187500000000e-01 1.902301549911499023e+00
8.479492068290710449e-01 1.904649972915649414e+00
2.854492068290710449e-01 1.906998634338378906e+00
7.354492545127868652e-01 1.909347176551818848e+00
5.104492306709289551e-01 1.911695599555969238e+00
9.604492187500000000e-01 1.914044141769409180e+00
1.448242217302322388e-01 1.916392803192138672e+00
5.948241949081420898e-01 1.918741226196289062e+00
3.698242008686065674e-01 1.921089768409729004e+00
8.198242187500000000e-01 1.923438191413879395e+00
2.573242187500000000e-01 1.925786733627319336e+00
7.073242068290710449e-01 1.928135275840759277e+00
4.823242127895355225e-01 1.930483698844909668e+00
9.323242306709289551e-01 1.932832241058349609e+00
2.010742127895355225e-01 1.935180902481079102e+00
6.510742306709289551e-01 1.937529325485229492e+00
4.260742068290710449e-01 1.939877867698669434e+00
8.760741949081420898e-01 1.942226409912109375e+00
3.135742247104644775e-01 1.944574832916259766e+00
7.635742425918579102e-01 1.946923494338989258e+00
5.385742187500000000e-01 1.949272036552429199e+00
9.885742068290710449e-01 1.951620459556579590e+00
1.096679717302322388e-01 1.953969001770019531e+00
5.596679449081420898e-01 1.956317543983459473e+00
3.346679508686065674e-01 1.958665966987609863e+00
7.846679687500000000e-01 1.961014509201049805e+00
2.221679687500000000e-01 1.963363170623779297e+00
6.721679568290710449e-01 1.965711593627929688e+00
4.471679627895355225e-01 1.968060135841369629e+00
8.971679806709289551e-01 1.970408678054809570e+00
1.659179627895355225e-01 1.972757101058959961e+00
6.159179806709289551e-01 1.975105762481689453e+00
3.909179568290710449e-01 1.977454304695129395e+00
8.409179449081420898e-01 1.979802727699279785e+00
2.784179747104644775e-01 1.982151269912719727e+00
7.284179925918579102e-01 1.984499692916870117e+00
5.034179687500000000e-01 1.986848235130310059e+00
9.534179568290710449e-01 1.989196777343750000e+00
1.377929747104644775e-01 1.991545200347900391e+00
5.877929925918579102e-01 1.993893861770629883e+00
3.627929687500000000e-01 1.996242403984069824e+00
8.127929568290710449e-01 1.998590826988220215e+00
2.502929568290710449e-01 2.000939369201660156e+00
7.002930045127868652e-01 2.003288030624389648e+00
4.752929508686065674e-01 2.005636453628540039e+00
9.252929687500000000e-01 2.007984876632690430e+00
1.940429657697677612e-01 2.010333538055419922e+00
6.440429687500000000e-01 2.012681961059570312e+00
4.190429449081420898e-01 2.015030622482299805e+00
8.690429925918579102e-01 2.017379045486450195e+00
3.065429627895355225e-01 2.019727468490600586e+00
7.565429806709289551e-01 2.022076129913330078e+00
5.315429568290710449e-01 2.024424552917480469e+00
9.815429449081420898e-01 2.026772975921630859e+00
1.237304657697677612e-01 2.029121637344360352e+00
5.737304687500000000e-01 2.031470298767089844e+00
3.487304747104644775e-01 2.033818721771240234e+00
7.987304925918579102e-01 2.036167144775390625e+00
2.362304627895355225e-01 2.038515806198120117e+00
6.862304806709289551e-01 2.040864229202270508e+00
4.612304568290710449e-01 2.043212890625000000e+00
9.112304449081420898e-01 2.045561313629150391e+00
1.799804717302322388e-01 2.047909736633300781e+00
6.299805045127868652e-01 2.050258398056030273e+00
4.049804508686065674e-01 2.052606821060180664e+00
8.549804687500000000e-01 2.054955482482910156e+00
2.924804687500000000e-01 2.057303905487060547e+00
7.424804568290710449e-01 2.059652328491210938e+00
5.174804925918579102e-01 2.062000989913940430e+00
9.674804806709289551e-01 2.064349412918090820e+00
1.518554687500000000e-01 2.066697835922241211e+00
6.018554568290710449e-01 2.069046497344970703e+00
3.768554627895355225e-01 2.071395158767700195e+00
8.268554806709289551e-01 2.073743581771850586e+00
2.643554806709289551e-01 2.076092004776000977e+00
7.143554687500000000e-01 2.078440666198730469e+00
4.893554449081420898e-01 2.080789089202880859e+00
9.393554925918579102e-01 2.083137512207031250e+00
2.081054747104644775e-01 2.085486173629760742e+00
6.581054925918579102e-01 2.087834596633911133e+00
4.331054687500000000e-01 2.090183258056640625e+00
8.831054568290710449e-01 2.092531681060791016e+00
3.206054568290710449e-01 2.094880104064941406e+00
7.706055045127868652e-01 2.097228765487670898e+00
5.456054806709289551e-01 2.099577426910400391e+00
9.956054687500000000e-01 2.101925849914550781e+00
1.061523482203483582e-01 2.104274272918701172e+00
5.561523437500000000e-01 2.106622695922851562e+00
3.311523497104644775e-01 2.108971357345581055e+00
7.811523675918579102e-01 2.111320018768310547e+00
2.186523377895355225e-01 2.113668441772460938e+00
6.686523556709289551e-01 2.116016864776611328e+00
4.436523318290710449e-01 2.118365526199340820e+00
8.936523199081420898e-01 2.120713949203491211e+00
1.624023467302322388e-01 2.123062372207641602e+00
6.124023795127868652e-01 2.125411033630371094e+00
3.874023258686065674e-01 2.127759456634521484e+00
8.374023437500000000e-01 2.130108118057250977e+00
2.749023437500000000e-01 2.132456541061401367e+00
7.249023318290710449e-01 2.134804964065551758e+00
4.999023377895355225e-01 2.137153625488281250e+00
9.499023556709289551e-01 2.139502048492431641e+00
1.342773437500000000e-01 2.141850471496582031e+00
5.842773318290710449e-01 2.144199132919311523e+00
3.592773377895355225e-01 2.146547794342041016e+00
8.092773556709289551e-01 2.148896217346191406e+00
2.467773556709289551e-01 2.151244640350341797e+00
6.967773437500000000e-01 2.153593301773071289e+00
4.717773199081420898e-01 2.155941724777221680e+00
9.217773675918579102e-01 2.158290386199951172e+00
1.905273497104644775e-01 2.160638809204101562e+00
6.405273675918579102e-01 2.162987232208251953e+00
4.155273437500000000e-01 2.165335893630981445e+00
8.655273318290710449e-01 2.167684316635131836e+00
3.030273318290710449e-01 2.170032978057861328e+00
7.530273795127868652e-01 2.172381401062011719e+00
5.280273556709289551e-01 2.174729824066162109e+00
9.780273437500000000e-01 2.177078485488891602e+00
1.202148422598838806e-01 2.179426908493041992e+00
5.702148675918579102e-01 2.181775331497192383e+00
3.452148437500000000e-01 2.184123992919921875e+00
7.952148318290710449e-01 2.186472654342651367e+00
2.327148318290710449e-01 2.188821077346801758e+00
6.827148795127868652e-01 2.191169500350952148e+00
4.577148258686065674e-01 2.193518161773681641e+00
9.077148437500000000e-01 2.195866584777832031e+00
1.764648407697677612e-01 2.198215007781982422e+00
6.264648437500000000e-01 2.200563669204711914e+00
4.014648199081420898e-01 2.202912092208862305e+00
8.514648675918579102e-01 2.205260753631591797e+00
2.889648377895355225e-01 2.207609176635742188e+00
7.389648556709289551e-01 2.209957599639892578e+00
5.139648318290710449e-01 2.212306261062622070e+00
9.639648199081420898e-01 2.214654922485351562e+00
1.483398377895355225e-01 2.217003345489501953e+00
5.983398556709289551e-01 2.219351768493652344e+00
3.733398318290710449e-01 2.221700429916381836e+00
8.233398199081420898e-01 2.224048852920532227e+00
2.608398497104644775e-01 2.226397514343261719e+00
7.108398675918579102e-01 2.228745937347412109e+00
4.858398139476776123e-01 2.231094360351562500e+00
9.358398318290710449e-01 2.233443021774291992e+00
2.045898437500000000e-01 2.235791444778442383e+00
6.545898318290710449e-01 2.238139867782592773e+00
4.295898377895355225e-01 2.240488529205322266e+00
8.795898556709289551e-01 2.242836952209472656e+00
3.170898258686065674e-01 2.245185613632202148e+00
7.670898437500000000e-01 2.247534036636352539e+00
5.420898199081420898e-01 2.249882459640502930e+00
9.920898675918579102e-01 2.252231121063232422e+00
1.131835952401161194e-01 2.254579544067382812e+00
5.631836056709289551e-01 2.256927967071533203e+00
3.381835818290710449e-01 2.259276628494262695e+00
7.881835699081420898e-01 2.261625289916992188e+00
2.256835997104644775e-01 2.263973712921142578e+00
6.756836175918579102e-01 2.266322135925292969e+00
4.506835639476776123e-01 2.268670797348022461e+00
9.006835818290710449e-01 2.271019220352172852e+00
1.694335937500000000e-01 2.273367881774902344e+00
6.194335818290710449e-01 2.275716304779052734e+00
3.944335877895355225e-01 2.278064727783203125e+00
8.444336056709289551e-01 2.280413389205932617e+00
2.819335758686065674e-01 2.282762050628662109e+00
7.319335937500000000e-01 2.285110473632812500e+00
5.069335699081420898e-01 2.287458896636962891e+00
9.569336175918579102e-01 2.289807319641113281e+00
1.413085907697677612e-01 2.292155981063842773e+00
5.913085937500000000e-01 2.294504404067993164e+00
3.663085699081420898e-01 2.296852827072143555e+00
8.163086175918579102e-01 2.299201488494873047e+00
2.538085877895355225e-01 2.301550149917602539e+00
7.038086056709289551e-01 2.303898572921752930e+00
4.788085818290710449e-01 2.306246995925903320e+00
9.288085699081420898e-01 2.308595657348632812e+00
1.975585818290710449e-01 2.310944080352783203e+00
6.475586295127868652e-01 2.313292503356933594e+00
4.225585758686065674e-01 2.315641164779663086e+00
8.725585937500000000e-01 2.317989587783813477e+00
3.100585937500000000e-01 2.320338249206542969e+00
7.600585818290710449e-01 2.322686672210693359e+00
5.350586175918579102e-01 2.325035095214843750e+00
9.850586056709289551e-01 2.327383756637573242e+00
1.272460967302322388e-01 2.329732418060302734e+00
5.772460699081420898e-01 2.332080841064453125e+00
3.522460758686065674e-01 2.334429264068603516e+00
8.022460937500000000e-01 2.336777925491333008e+00
2.397460937500000000e-01 2.339126348495483398e+00
6.897460818290710449e-01 2.341475009918212891e+00
4.647460877895355225e-01 2.343823432922363281e+00
9.147461056709289551e-01 2.346171855926513672e+00
1.834960877895355225e-01 2.348520517349243164e+00
6.334961056709289551e-01 2.350868940353393555e+00
4.084960818290710449e-01 2.353217363357543945e+00
8.584960699081420898e-01 2.355566024780273438e+00
2.959960997104644775e-01 2.357914447784423828e+00
7.459961175918579102e-01 2.360263109207153320e+00
5.209960937500000000e-01 2.362611532211303711e+00
9.709960818290710449e-01 2.364959955215454102e+00
1.553710997104644775e-01 2.367308616638183594e+00
6.053711175918579102e-01 2.369657039642333984e+00
3.803710937500000000e-01 2.372005462646484375e+00
8.303710818290710449e-01 2.374354124069213867e+00
2.678710818290710449e-01 2.376702785491943359e+00
7.178711295127868652e-01 2.379051208496093750e+00
4.928710758686065674e-01 2.381399631500244141e+00
9.428710937500000000e-01 2.383748292922973633e+00
2.116210907697677612e-01 2.386096715927124023e+00
6.616210937500000000e-01 2.388445377349853516e+00
4.366210699081420898e-01 2.390793800354003906e+00
8.866211175918579102e-01 2.393142223358154297e+00
3.241210877895355225e-01 2.395490884780883789e+00
7.741211056709289551e-01 2.397839546203613281e+00
5.491210818290710449e-01 2.400187969207763672e+00
9.991210699081420898e-01 2.402536392211914062e+00
1.004394516348838806e-01 2.404885053634643555e+00
5.504394769668579102e-01 2.407233476638793945e+00
3.254394531250000000e-01 2.409581899642944336e+00
7.754394412040710449e-01 2.411930322647094727e+00
2.129394412040710449e-01 2.414278984069824219e+00
6.629394888877868652e-01 2.416627645492553711e+00
4.379394352436065674e-01 2.418976068496704102e+00
8.879394531250000000e-01 2.421324491500854492e+00
1.566894501447677612e-01 2.423673152923583984e+00
6.066894531250000000e-01 2.426021575927734375e+00
3.816894292831420898e-01 2.428369998931884766e+00
8.316894769668579102e-01 2.430718660354614258e+00
2.691894471645355225e-01 2.433067083358764648e+00
7.191894650459289551e-01 2.435415744781494141e+00
4.941894412040710449e-01 2.437764167785644531e+00
9.441894292831420898e-01 2.440112590789794922e+00
1.285644471645355225e-01 2.442461252212524414e+00
5.785644650459289551e-01 2.444809913635253906e+00
3.535644412040710449e-01 2.447158336639404297e+00
8.035644292831420898e-01 2.449506759643554688e+00
2.410644590854644775e-01 2.451855421066284180e+00
6.910644769668579102e-01 2.454203844070434570e+00
4.660644233226776123e-01 2.456552505493164062e+00
9.160644412040710449e-01 2.458900928497314453e+00
1.848144531250000000e-01 2.461249351501464844e+00
6.348144412040710449e-01 2.463598012924194336e+00
4.098144471645355225e-01 2.465946435928344727e+00
8.598144650459289551e-01 2.468294858932495117e+00
2.973144352436065674e-01 2.470643520355224609e+00
7.473144531250000000e-01 2.472991943359375000e+00
5.223144292831420898e-01 2.475340604782104492e+00
9.723144769668579102e-01 2.477689027786254883e+00
1.145019531250000000e-01 2.480037450790405273e+00
5.645019412040710449e-01 2.482386112213134766e+00
3.395019471645355225e-01 2.484734535217285156e+00
7.895019650459289551e-01 2.487082958221435547e+00
2.270019650459289551e-01 2.489431619644165039e+00
6.770019531250000000e-01 2.491780281066894531e+00
4.520019292831420898e-01 2.494128704071044922e+00
9.020019769668579102e-01 2.496477127075195312e+00
1.707519590854644775e-01 2.498825788497924805e+00
6.207519769668579102e-01 2.501174211502075195e+00
3.957519531250000000e-01 2.503522634506225586e+00
8.457519412040710449e-01 2.505871295928955078e+00
2.832519412040710449e-01 2.508219718933105469e+00
7.332519888877868652e-01 2.510568141937255859e+00
5.082519650459289551e-01 2.512917041778564453e+00
9.582519531250000000e-01 2.515265464782714844e+00
1.426269561052322388e-01 2.517613887786865234e+00
5.926269292831420898e-01 2.519962549209594727e+00
3.676269352436065674e-01 2.522310972213745117e+00
8.176269531250000000e-01 2.524659395217895508e+00
2.551269531250000000e-01 2.527008056640625000e+00
7.051269412040710449e-01 2.529356479644775391e+00
4.801269471645355225e-01 2.531704902648925781e+00
9.301269650459289551e-01 2.534053564071655273e+00
1.988769471645355225e-01 2.536401987075805664e+00
6.488769650459289551e-01 2.538750410079956055e+00
4.238769412040710449e-01 2.541099071502685547e+00
8.738769292831420898e-01 2.543447494506835938e+00
3.113769590854644775e-01 2.545795917510986328e+00
7.613769769668579102e-01 2.548144817352294922e+00
5.363769531250000000e-01 2.550493240356445312e+00
9.863769412040710449e-01 2.552841663360595703e+00
1.074707061052322388e-01 2.555190324783325195e+00
5.574706792831420898e-01 2.557538747787475586e+00
3.324706852436065674e-01 2.559887170791625977e+00
7.824707031250000000e-01 2.562235832214355469e+00
2.199707031250000000e-01 2.564584255218505859e+00
6.699706912040710449e-01 2.566932678222656250e+00
4.449706971645355225e-01 2.569281578063964844e+00
8.949707150459289551e-01 2.571630001068115234e+00
1.637206971645355225e-01 2.573978424072265625e+00
6.137207150459289551e-01 2.576327085494995117e+00
3.887206912040710449e-01 2.578675508499145508e+00
8.387206792831420898e-01 2.581023931503295898e+00
2.762207090854644775e-01 2.583372592926025391e+00
7.262207269668579102e-01 2.585721015930175781e+00
5.012207031250000000e-01 2.588069438934326172e+00
9.512206912040710449e-01 2.590418100357055664e+00
1.355957090854644775e-01 2.592766523361206055e+00
5.855957269668579102e-01 2.595114946365356445e+00
3.605957031250000000e-01 2.597463607788085938e+00
8.105956912040710449e-01 2.599812030792236328e+00
2.480956912040710449e-01 2.602160453796386719e+00
6.980957388877868652e-01 2.604509353637695312e+00
4.730956852436065674e-01 2.606857776641845703e+00
9.230957031250000000e-01 2.609206199645996094e+00
1.918457001447677612e-01 2.611554861068725586e+00
6.418457031250000000e-01 2.613903284072875977e+00
4.168456792831420898e-01 2.616251707077026367e+00
8.668457269668579102e-01 2.618600368499755859e+00
3.043456971645355225e-01 2.620948791503906250e+00
7.543457150459289551e-01 2.623297214508056641e+00
5.293456912040710449e-01 2.625645637512207031e+00
9.793456792831420898e-01 2.627994537353515625e+00
1.215332001447677612e-01 2.630342960357666016e+00
5.715332031250000000e-01 2.632691383361816406e+00
3.465332090854644775e-01 2.635040044784545898e+00
7.965332269668579102e-01 2.637388467788696289e+00
2.340331971645355225e-01 2.639736890792846680e+00
6.840332150459289551e-01 2.642085552215576172e+00
4.590331912040710449e-01 2.644433975219726562e+00
9.090331792831420898e-01 2.646782398223876953e+00
1.777832061052322388e-01 2.649131059646606445e+00
6.277832388877868652e-01 2.651479482650756836e+00
4.027831852436065674e-01 2.653827905654907227e+00
8.527832031250000000e-01 2.656176567077636719e+00
2.902832031250000000e-01 2.658524990081787109e+00
7.402831912040710449e-01 2.660873413085937500e+00
5.152832269668579102e-01 2.663222312927246094e+00
9.652832150459289551e-01 2.665570735931396484e+00
1.496582031250000000e-01 2.667919158935546875e+00
5.996581912040710449e-01 2.670267820358276367e+00
3.746581971645355225e-01 2.672616243362426758e+00
8.246582150459289551e-01 2.674964666366577148e+00
2.621582150459289551e-01 2.677313327789306641e+00
7.121582031250000000e-01 2.679661750793457031e+00
4.871581792831420898e-01 2.682010173797607422e+00
9.371582269668579102e-01 2.684359073638916016e+00
2.059082090854644775e-01 2.686707496643066406e+00
6.559082269668579102e-01 2.689055919647216797e+00
4.309082031250000000e-01 2.691404581069946289e+00
8.809081912040710449e-01 2.693753004074096680e+00
3.184081912040710449e-01 2.696101427078247070e+00
7.684082388877868652e-01 2.698450088500976562e+00
5.434082150459289551e-01 2.700798511505126953e+00
9.934082031250000000e-01 2.703146934509277344e+00
1.039550825953483582e-01 2.705495595932006836e+00
5.539550781250000000e-01 2.707844018936157227e+00
3.289550840854644775e-01 2.710192441940307617e+00
7.789551019668579102e-01 2.712541103363037109e+00
2.164550721645355225e-01 2.714889526367187500e+00
6.664550900459289551e-01 2.717237949371337891e+00
4.414550662040710449e-01 2.719586849212646484e+00
8.914550542831420898e-01 2.721935272216796875e+00
1.602050811052322388e-01 2.724283695220947266e+00
6.102051138877868652e-01 2.726632356643676758e+00
3.852050602436065674e-01 2.728980779647827148e+00
8.352050781250000000e-01 2.731329202651977539e+00
2.727050781250000000e-01 2.733677864074707031e+00
7.227050662040710449e-01 2.736026287078857422e+00
4.977050721645355225e-01 2.738374710083007812e+00
9.477050900459289551e-01 2.740723609924316406e+00
1.320800781250000000e-01 2.743072032928466797e+00
5.820800662040710449e-01 2.745420455932617188e+00
3.570800721645355225e-01 2.747768878936767578e+00
8.070800900459289551e-01 2.750117540359497070e+00
2.445800900459289551e-01 2.752465963363647461e+00
6.945800781250000000e-01 2.754814386367797852e+00
4.695800542831420898e-01 2.757163047790527344e+00
9.195801019668579102e-01 2.759511470794677734e+00
1.883300840854644775e-01 2.761859893798828125e+00
6.383301019668579102e-01 2.764208555221557617e+00
4.133300781250000000e-01 2.766556978225708008e+00
8.633300662040710449e-01 2.768905401229858398e+00
3.008300662040710449e-01 2.771254062652587891e+00
7.508301138877868652e-01 2.773602485656738281e+00
5.258300900459289551e-01 2.775950908660888672e+00
9.758300781250000000e-01 2.778299808502197266e+00
1.180175766348838806e-01 2.780648231506347656e+00
5.680176019668579102e-01 2.782996654510498047e+00
3.430175781250000000e-01 2.785345315933227539e+00
7.930175662040710449e-01 2.787693738937377930e+00
2.305175662040710449e-01 2.790042161941528320e+00
6.805176138877868652e-01 2.792390823364257812e+00
4.555175602436065674e-01 2.794739246368408203e+00
9.055175781250000000e-01 2.797087669372558594e+00
1.742675751447677612e-01 2.799436569213867188e+00
6.242675781250000000e-01 2.801784992218017578e+00
3.992675542831420898e-01 2.804133415222167969e+00
8.492676019668579102e-01 2.806482076644897461e+00
2.867675721645355225e-01 2.808830499649047852e+00
7.367675900459289551e-01 2.811178922653198242e+00
5.117675662040710449e-01 2.813527584075927734e+00
9.617675542831420898e-01 2.815876007080078125e+00
1.461425721645355225e-01 2.818224430084228516e+00
5.961425900459289551e-01 2.820573091506958008e+00
3.711425662040710449e-01 2.822921514511108398e+00
8.211425542831420898e-01 2.825269937515258789e+00
2.586425840854644775e-01 2.827618598937988281e+00
7.086426019668579102e-01 2.829967021942138672e+00
4.836425483226776123e-01 2.832315444946289062e+00
9.336425662040710449e-01 2.834664344787597656e+00
2.023925781250000000e-01 2.837012767791748047e+00
6.523925662040710449e-01 2.839361190795898438e+00
4.273925721645355225e-01 2.841709852218627930e+00
8.773925900459289551e-01 2.844058275222778320e+00
3.148925602436065674e-01 2.846406698226928711e+00
7.648925781250000000e-01 2.848755359649658203e+00
5.398925542831420898e-01 2.851103782653808594e+00
9.898926019668579102e-01 2.853452205657958984e+00
1.109863296151161194e-01 2.855801105499267578e+00
5.609863400459289551e-01 2.858149528503417969e+00
3.359863162040710449e-01 2.860497951507568359e+00
7.859863042831420898e-01 2.862846612930297852e+00
2.234863340854644775e-01 2.865195035934448242e+00
6.734863519668579102e-01 2.867543458938598633e+00
4.484862983226776123e-01 2.869891881942749023e+00
8.984863162040710449e-01 2.872240543365478516e+00
1.672363281250000000e-01 2.874588966369628906e+00
6.172363162040710449e-01 2.876937389373779297e+00
3.922363221645355225e-01 2.879286050796508789e+00
8.422363400459289551e-01 2.881634473800659180e+00
2.797363102436065674e-01 2.883982896804809570e+00
7.297363281250000000e-01 2.886331558227539062e+00
5.047363042831420898e-01 2.888679981231689453e+00
9.547363519668579102e-01 2.891028404235839844e+00
1.391113251447677612e-01 2.893377304077148438e+00
5.891113281250000000e-01 2.895725727081298828e+00
3.641113042831420898e-01 2.898074150085449219e+00
8.141113519668579102e-01 2.900422811508178711e+00
2.516113221645355225e-01 2.902771234512329102e+00
7.016113400459289551e-01 2.905119657516479492e+00
4.766113162040710449e-01 2.907468318939208984e+00
9.266113042831420898e-01 2.909816741943359375e+00
1.953613162040710449e-01 2.912165164947509766e+00
6.453613638877868652e-01 2.914514064788818359e+00
4.203613102436065674e-01 2.916862487792968750e+00
8.703613281250000000e-01 2.919210910797119141e+00
3.078613281250000000e-01 2.921559572219848633e+00
7.578613162040710449e-01 2.923907995223999023e+00
5.328613519668579102e-01 2.926256418228149414e+00
9.828613400459289551e-01 2.928605079650878906e+00
1.250488311052322388e-01 2.930953502655029297e+00
5.750488042831420898e-01 2.933301925659179688e+00
3.500488102436065674e-01 2.935650587081909180e+00
8.000488281250000000e-01 2.937999010086059570e+00
2.375488281250000000e-01 2.940347433090209961e+00
6.875488162040710449e-01 2.942696094512939453e+00
4.625488221645355225e-01 2.945044517517089844e+00
9.125488400459289551e-01 2.947392940521240234e+00
1.812988221645355225e-01 2.949741840362548828e+00
6.312988400459289551e-01 2.952090263366699219e+00
4.062988162040710449e-01 2.954438686370849609e+00
8.562988042831420898e-01 2.956787347793579102e+00
2.937988340854644775e-01 2.959135770797729492e+00
7.437988519668579102e-01 2.961484193801879883e+00
5.187988281250000000e-01 2.963832855224609375e+00
9.687988162040710449e-01 2.966181278228759766e+00
1.531738340854644775e-01 2.968529701232910156e+00
6.031738519668579102e-01 2.970878601074218750e+00
3.781738281250000000e-01 2.973227024078369141e+00
8.281738162040710449e-01 2.975575447082519531e+00
2.656738162040710449e-01 2.977924108505249023e+00
7.156738638877868652e-01 2.980272531509399414e+00
4.906738102436065674e-01 2.982620954513549805e+00
9.406738281250000000e-01 2.984969615936279297e+00
2.094238251447677612e-01 2.987318038940429688e+00
6.594238281250000000e-01 2.989666461944580078e+00
4.344238042831420898e-01 2.992014884948730469e+00
8.844238519668579102e-01 2.994363546371459961e+00
3.219238221645355225e-01 2.996711969375610352e+00
7.719238400459289551e-01 2.999060392379760742e+00
5.469238162040710449e-01 3.001409053802490234e+00
9.969238042831420898e-01 3.003757476806640625e+00
1.021972671151161194e-01 3.006105899810791016e+00
5.521972775459289551e-01 3.008454799652099609e+00
3.271972537040710449e-01 3.010803222656250000e+00
7.771972417831420898e-01 3.013151645660400391e+00
2.146972715854644775e-01 3.015500307083129883e+00
6.646972894668579102e-01 3.017848730087280273e+00
4.396972358226776123e-01 3.020197153091430664e+00
8.896972537040710449e-01 3.022545814514160156e+00
1.584472656250000000e-01 3.024894237518310547e+00
6.084472537040710449e-01 3.027242660522460938e+00
3.834472596645355225e-01 3.029591560363769531e+00
8.334472775459289551e-01 3.031939983367919922e+00
2.709472477436065674e-01 3.034288406372070312e+00
7.209472656250000000e-01 3.036637067794799805e+00
4.959472417831420898e-01 3.038985490798950195e+00
9.459472894668579102e-01 3.041333913803100586e+00
1.303222626447677612e-01 3.043682575225830078e+00
5.803222656250000000e-01 3.046030998229980469e+00
3.553222417831420898e-01 3.048379421234130859e+00
8.053222894668579102e-01 3.050728082656860352e+00
2.428222596645355225e-01 3.053076505661010742e+00
6.928222775459289551e-01 3.055424928665161133e+00
4.678222537040710449e-01 3.057773590087890625e+00
9.178222417831420898e-01 3.060122013092041016e+00
1.865722537040710449e-01 3.062470436096191406e+00
6.365723013877868652e-01 3.064819335937500000e+00
4.115722477436065674e-01 3.067167758941650391e+00
8.615722656250000000e-01 3.069516181945800781e+00
2.990722656250000000e-01 3.071864843368530273e+00
7.490722537040710449e-01 3.074213266372680664e+00
5.240722894668579102e-01 3.076561689376831055e+00
9.740722775459289551e-01 3.078910350799560547e+00
1.162597686052322388e-01 3.081258773803710938e+00
5.662597417831420898e-01 3.083607196807861328e+00
3.412597477436065674e-01 3.085956096649169922e+00
7.912597656250000000e-01 3.088304519653320312e+00
2.287597656250000000e-01 3.090652942657470703e+00
6.787597537040710449e-01 3.093001604080200195e+00
4.537597596645355225e-01 3.095350027084350586e+00
9.037597775459289551e-01 3.097698450088500977e+00
1.725097596645355225e-01 3.100047111511230469e+00
6.225097775459289551e-01 3.102395534515380859e+00
3.975097537040710449e-01 3.104743957519531250e+00
8.475097417831420898e-01 3.107092618942260742e+00
2.850097715854644775e-01 3.109441041946411133e+00
7.350097894668579102e-01 3.111789464950561523e+00
5.100097656250000000e-01 3.114137887954711914e+00
9.600097537040710449e-01 3.116486549377441406e+00
1.443847715854644775e-01 3.118834972381591797e+00
5.943847894668579102e-01 3.121183395385742188e+00
3.693847656250000000e-01 3.123532295227050781e+00
8.193847537040710449e-01 3.125880718231201172e+00
2.568847537040710449e-01 3.128229141235351562e+00
7.068848013877868652e-01 3.130577802658081055e+00
4.818847477436065674e-01 3.132926225662231445e+00
9.318847656250000000e-01 3.135274648666381836e+00
2.006347626447677612e-01 3.137623310089111328e+00
6.506347656250000000e-01 3.139971733093261719e+00
4.256347417831420898e-01 3.142320156097412109e+00
8.756347894668579102e-01 3.144669055938720703e+00
3.131347596645355225e-01 3.147017478942871094e+00
7.631347775459289551e-01 3.149365901947021484e+00
5.381347537040710449e-01 3.151714563369750977e+00
9.881347417831420898e-01 3.154062986373901367e+00
1.092285141348838806e-01 3.156411409378051758e+00
5.592285394668579102e-01 3.158760070800781250e+00
3.342285156250000000e-01 3.161108493804931641e+00
7.842285037040710449e-01 3.163456916809082031e+00
2.217285037040710449e-01 3.165805578231811523e+00
6.717285513877868652e-01 3.168154001235961914e+00
4.467284977436065674e-01 3.170502424240112305e+00
8.967285156250000000e-01 3.172851085662841797e+00
1.654785126447677612e-01 3.175199508666992188e+00
6.154785156250000000e-01 3.177547931671142578e+00
3.904784917831420898e-01 3.179896831512451172e+00
8.404785394668579102e-01 3.182245254516601562e+00
2.779785096645355225e-01 3.184593677520751953e+00
7.279785275459289551e-01 3.186942338943481445e+00
5.029785037040710449e-01 3.189290761947631836e+00
9.529784917831420898e-01 3.191639184951782227e+00
1.373535096645355225e-01 3.193987846374511719e+00
5.873535275459289551e-01 3.196336269378662109e+00
3.623535037040710449e-01 3.198684692382812500e+00
8.123534917831420898e-01 3.201033592224121094e+00
2.498535215854644775e-01 3.203382015228271484e+00
6.998535394668579102e-01 3.205730438232421875e+00
4.748534858226776123e-01 3.208079099655151367e+00
9.248535037040710449e-01 3.210427522659301758e+00
1.936035156250000000e-01 3.212775945663452148e+00
6.436035037040710449e-01 3.215124607086181641e+00
4.186035096645355225e-01 3.217473030090332031e+00
8.686035275459289551e-01 3.219821453094482422e+00
3.061034977436065674e-01 3.222170114517211914e+00
7.561035156250000000e-01 3.224518537521362305e+00
5.311034917831420898e-01 3.226866960525512695e+00
9.811035394668579102e-01 3.229215621948242188e+00
1.232910156250000000e-01 3.231564044952392578e+00
5.732910037040710449e-01 3.233912467956542969e+00
3.482910096645355225e-01 3.236260890960693359e+00
7.982910275459289551e-01 3.238609790802001953e+00
2.357910275459289551e-01 3.240958213806152344e+00
6.857910156250000000e-01 3.243306636810302734e+00
4.607909917831420898e-01 3.245655298233032227e+00
9.107910394668579102e-01 3.248003721237182617e+00
1.795410215854644775e-01 3.250352144241333008e+00
6.295410394668579102e-01 3.252700805664062500e+00
4.045410156250000000e-01 3.255049228668212891e+00
8.545410037040710449e-01 3.257397651672363281e+00
2.920410037040710449e-01 3.259746551513671875e+00
7.420410513877868652e-01 3.262094974517822266e+00
5.170410275459289551e-01 3.264443397521972656e+00
9.670410156250000000e-01 3.266792058944702148e+00
1.514160186052322388e-01 3.269140481948852539e+00
6.014160513877868652e-01 3.271488904953002930e+00
3.764159977436065674e-01 3.273837566375732422e+00
8.264160156250000000e-01 3.276185989379882812e+00
2.639160156250000000e-01 3.278534412384033203e+00
7.139160037040710449e-01 3.280883073806762695e+00
4.889160096645355225e-01 3.283231496810913086e+00
9.389160275459289551e-01 3.285579919815063477e+00
2.076660096645355225e-01 3.287928581237792969e+00
6.576660275459289551e-01 3.290277004241943359e+00
4.326660037040710449e-01 3.292625427246093750e+00
8.826659917831420898e-01 3.294974327087402344e+00
3.201660215854644775e-01 3.297322750091552734e+00
7.701660394668579102e-01 3.299671173095703125e+00
5.451660156250000000e-01 3.302019834518432617e+00
9.951660037040710449e-01 3.304368257522583008e+00
1.057128906250000000e-01 3.306716680526733398e+00
5.557128787040710449e-01 3.309065341949462891e+00
3.307128846645355225e-01 3.311413764953613281e+00
7.807129025459289551e-01 3.313762187957763672e+00
2.182128876447677612e-01 3.316111087799072266e+00
6.682128906250000000e-01 3.318459510803222656e+00
4.432128667831420898e-01 3.320807933807373047e+00
8.932129144668579102e-01 3.323156595230102539e+00
1.619628965854644775e-01 3.325505018234252930e+00
6.119629144668579102e-01 3.327853441238403320e+00
3.869628906250000000e-01 3.330202102661132812e+00
8.369628787040710449e-01 3.332550525665283203e+00
2.744628787040710449e-01 3.334898948669433594e+00
7.244629263877868652e-01 3.337247610092163086e+00
4.994628727436065674e-01 3.339596033096313477e+00
9.494628906250000000e-01 3.341944456100463867e+00
1.338378936052322388e-01 3.344293117523193359e+00
5.838378667831420898e-01 3.346641540527343750e+00
3.588378727436065674e-01 3.348989963531494141e+00
8.088378906250000000e-01 3.351338863372802734e+00
2.463378906250000000e-01 3.353687286376953125e+00
6.963378787040710449e-01 3.356035709381103516e+00
4.713378846645355225e-01 3.358384132385253906e+00
9.213379025459289551e-01 3.360732793807983398e+00
1.900878846645355225e-01 3.363081216812133789e+00
6.400879025459289551e-01 3.365429639816284180e+00
4.150878787040710449e-01 3.367778301239013672e+00
8.650878667831420898e-01 3.370126724243164062e+00
3.025878965854644775e-01 3.372475147247314453e+00
7.525879144668579102e-01 3.374824047088623047e+00
5.275878906250000000e-01 3.377172470092773438e+00
9.775878787040710449e-01 3.379520893096923828e+00
1.197753921151161194e-01 3.381869554519653320e+00
5.697754025459289551e-01 3.384217977523803711e+00
3.447753787040710449e-01 3.386566400527954102e+00
7.947753667831420898e-01 3.388915061950683594e+00
2.322753965854644775e-01 3.391263484954833984e+00
6.822754144668579102e-01 3.393611907958984375e+00
4.572753608226776123e-01 3.395960569381713867e+00
9.072753787040710449e-01 3.398308992385864258e+00
1.760253906250000000e-01 3.400657415390014648e+00
6.260253787040710449e-01 3.403006076812744141e+00
4.010253846645355225e-01 3.405354499816894531e+00
8.510254025459289551e-01 3.407702922821044922e+00
2.885253727436065674e-01 3.410051822662353516e+00
7.385253906250000000e-01 3.412400245666503906e+00
5.135253667831420898e-01 3.414748668670654297e+00
9.635254144668579102e-01 3.417097330093383789e+00
1.479003876447677612e-01 3.419445753097534180e+00
5.979003906250000000e-01 3.421794176101684570e+00
3.729003667831420898e-01 3.424142837524414062e+00
8.229004144668579102e-01 3.426491260528564453e+00
2.604003846645355225e-01 3.428839683532714844e+00
7.104004025459289551e-01 3.431188583374023438e+00
4.854003787040710449e-01 3.433537006378173828e+00
9.354003667831420898e-01 3.435885429382324219e+00
2.041503787040710449e-01 3.438234090805053711e+00
6.541504263877868652e-01 3.440582513809204102e+00
4.291503727436065674e-01 3.442930936813354492e+00
8.791503906250000000e-01 3.445279598236083984e+00
3.166503906250000000e-01 3.447628021240234375e+00
7.666503787040710449e-01 3.449976444244384766e+00
5.416504144668579102e-01 3.452325105667114258e+00
9.916504025459289551e-01 3.454673528671264648e+00
1.127441376447677612e-01 3.457021951675415039e+00
5.627441406250000000e-01 3.459370613098144531e+00
3.377441465854644775e-01 3.461719036102294922e+00
7.877441644668579102e-01 3.464067459106445312e+00
2.252441346645355225e-01 3.466416358947753906e+00
6.752441525459289551e-01 3.468764781951904297e+00
4.502441287040710449e-01 3.471113204956054688e+00
9.002441167831420898e-01 3.473461866378784180e+00
1.689941436052322388e-01 3.475810289382934570e+00
6.189941763877868652e-01 3.478158712387084961e+00
3.939941227436065674e-01 3.480507135391235352e+00
8.439941406250000000e-01 3.482855796813964844e+00
2.814941406250000000e-01 3.485204219818115234e+00
7.314941287040710449e-01 3.487552642822265625e+00
5.064941644668579102e-01 3.489901542663574219e+00
9.564941525459289551e-01 3.492249965667724609e+00
1.408691406250000000e-01 3.494598388671875000e+00
5.908691287040710449e-01 3.496947050094604492e+00
3.658691346645355225e-01 3.499295473098754883e+00
8.158691525459289551e-01 3.501643896102905273e+00
2.533691525459289551e-01 3.503992557525634766e+00
7.033691406250000000e-01 3.506340980529785156e+00
4.783691167831420898e-01 3.508689403533935547e+00
9.283691644668579102e-01 3.511038064956665039e+00
1.971191465854644775e-01 3.513386487960815430e+00
6.471191644668579102e-01 3.515734910964965820e+00
4.221191406250000000e-01 3.518083572387695312e+00
8.721191287040710449e-01 3.520431995391845703e+00
3.096191287040710449e-01 3.522780418395996094e+00
7.596191763877868652e-01 3.525129318237304688e+00
5.346191525459289551e-01 3.527477741241455078e+00
9.846191406250000000e-01 3.529826164245605469e+00
1.268066465854644775e-01 3.532174825668334961e+00
5.768066644668579102e-01 3.534523248672485352e+00
3.518066406250000000e-01 3.536871671676635742e+00
8.018066287040710449e-01 3.539220333099365234e+00
2.393066287040710449e-01 3.541568756103515625e+00
6.893066763877868652e-01 3.543917179107666016e+00
4.643066227436065674e-01 3.546266078948974609e+00
9.143066406250000000e-01 3.548614501953125000e+00
1.830566376447677612e-01 3.550962924957275391e+00
6.330566406250000000e-01 3.553311586380004883e+00
4.080566167831420898e-01 3.555660009384155273e+00
8.580566644668579102e-01 3.558008432388305664e+00
2.955566346645355225e-01 3.560357093811035156e+00
7.455566525459289551e-01 3.562705516815185547e+00
5.205566287040710449e-01 3.565053939819335938e+00
9.705566167831420898e-01 3.567402601242065430e+00
1.549316346645355225e-01 3.569751024246215820e+00
6.049316525459289551e-01 3.572099447250366211e+00
3.799316287040710449e-01 3.574448108673095703e+00
8.299316167831420898e-01 3.576796531677246094e+00
2.674316465854644775e-01 3.579144954681396484e+00
7.174316644668579102e-01 3.581493854522705078e+00
4.924316108226776123e-01 3.583842277526855469e+00
9.424316287040710449e-01 3.586190700531005859e+00
2.111816406250000000e-01 3.588539361953735352e+00
6.611816287040710449e-01 3.590887784957885742e+00
4.361816346645355225e-01 3.593236207962036133e+00
8.861816525459289551e-01 3.595584869384765625e+00
3.236816227436065674e-01 3.597933292388916016e+00
7.736816406250000000e-01 3.600281715393066406e+00
5.486816167831420898e-01 3.602630138397216797e+00
9.986816644668579102e-01 3.604979038238525391e+00
1.013183593750000000e-01 3.607327461242675781e+00
5.513183474540710449e-01 3.609675884246826172e+00
3.263183534145355225e-01 3.612024545669555664e+00
7.763183712959289551e-01 3.614372968673706055e+00
2.138183563947677612e-01 3.616721391677856445e+00
6.638183593750000000e-01 3.619070053100585938e+00
4.388183355331420898e-01 3.621418476104736328e+00
8.888183832168579102e-01 3.623766899108886719e+00
1.575683653354644775e-01 3.626115560531616211e+00
6.075683832168579102e-01 3.628463983535766602e+00
3.825683593750000000e-01 3.630812406539916992e+00
8.325683474540710449e-01 3.633161067962646484e+00
2.700683474540710449e-01 3.635509490966796875e+00
7.200683951377868652e-01 3.637857913970947266e+00
4.950683414936065674e-01 3.640206813812255859e+00
9.450683593750000000e-01 3.642555236816406250e+00
1.294433623552322388e-01 3.644903659820556641e+00
5.794433355331420898e-01 3.647252321243286133e+00
3.544433414936065674e-01 3.649600744247436523e+00
8.044433593750000000e-01 3.651949167251586914e+00
2.419433593750000000e-01 3.654297828674316406e+00
6.919433474540710449e-01 3.656646251678466797e+00
4.669433534145355225e-01 3.658994674682617188e+00
9.169433712959289551e-01 3.661343574523925781e+00
1.856933534145355225e-01 3.663691997528076172e+00
6.356933712959289551e-01 3.666040420532226562e+00
4.106933474540710449e-01 3.668389081954956055e+00
8.606933355331420898e-01 3.670737504959106445e+00
2.981933653354644775e-01 3.673085927963256836e+00
7.481933832168579102e-01 3.675434589385986328e+00
5.231933593750000000e-01 3.677783012390136719e+00
9.731933474540710449e-01 3.680131435394287109e+00
1.153808608651161194e-01 3.682480096817016602e+00
5.653808712959289551e-01 3.684828519821166992e+00
3.403808474540710449e-01 3.687176942825317383e+00
7.903808355331420898e-01 3.689525604248046875e+00
2.278808653354644775e-01 3.691874027252197266e+00
6.778808832168579102e-01 3.694222450256347656e+00
4.528808295726776123e-01 3.696571350097656250e+00
9.028808474540710449e-01 3.698919773101806641e+00
1.716308593750000000e-01 3.701268196105957031e+00
6.216308474540710449e-01 3.703616857528686523e+00
3.966308534145355225e-01 3.705965280532836914e+00
8.466308712959289551e-01 3.708313703536987305e+00
2.841308414936065674e-01 3.710662364959716797e+00
7.341308593750000000e-01 3.713010787963867188e+00
5.091308355331420898e-01 3.715359210968017578e+00
9.591308832168579102e-01 3.717708110809326172e+00
1.435058563947677612e-01 3.720056533813476562e+00
5.935058593750000000e-01 3.722404956817626953e+00
3.685058355331420898e-01 3.724753379821777344e+00
8.185058832168579102e-01 3.727102041244506836e+00
2.560058534145355225e-01 3.729450464248657227e+00
7.060058712959289551e-01 3.731798887252807617e+00
4.810058474540710449e-01 3.734147548675537109e+00
9.310058355331420898e-01 3.736495971679687500e+00
1.997558474540710449e-01 3.738844394683837891e+00
6.497558951377868652e-01 3.741193056106567383e+00
4.247558414936065674e-01 3.743541479110717773e+00
8.747558593750000000e-01 3.745889902114868164e+00
3.122558593750000000e-01 3.748238563537597656e+00
7.622558474540710449e-01 3.750586986541748047e+00
5.372558832168579102e-01 3.752935409545898438e+00
9.872558712959289551e-01 3.755284309387207031e+00
1.083496138453483582e-01 3.757632732391357422e+00
5.583496093750000000e-01 3.759981155395507812e+00
3.333496153354644775e-01 3.762329816818237305e+00
7.833496332168579102e-01 3.764678239822387695e+00
2.208496034145355225e-01 3.767026662826538086e+00
6.708496212959289551e-01 3.769375324249267578e+00
4.458495974540710449e-01 3.771723747253417969e+00
8.958495855331420898e-01 3.774072170257568359e+00
1.645996123552322388e-01 3.776421070098876953e+00
6.145996451377868652e-01 3.778769493103027344e+00
3.895995914936065674e-01 3.781117916107177734e+00
8.395996093750000000e-01 3.783466577529907227e+00
2.770996093750000000e-01 3.785815000534057617e+00
7.270995974540710449e-01 3.788163423538208008e+00
5.020996332168579102e-01 3.790512084960937500e+00
9.520996212959289551e-01 3.792860507965087891e+00
1.364746093750000000e-01 3.795208930969238281e+00
5.864745974540710449e-01 3.797557592391967773e+00
3.614746034145355225e-01 3.799906015396118164e+00
8.114746212959289551e-01 3.802254438400268555e+00
2.489746212959289551e-01 3.804603099822998047e+00
6.989746093750000000e-01 3.806951522827148438e+00
4.739745855331420898e-01 3.809299945831298828e+00
9.239746332168579102e-01 3.811648845672607422e+00
1.927246153354644775e-01 3.813997268676757812e+00
6.427246332168579102e-01 3.816345691680908203e+00
4.177246093750000000e-01 3.818694353103637695e+00
8.677245974540710449e-01 3.821042776107788086e+00
3.052245974540710449e-01 3.823391199111938477e+00
7.552246451377868652e-01 3.825739860534667969e+00
5.302246212959289551e-01 3.828088283538818359e+00
9.802246093750000000e-01 3.830436706542968750e+00
1.224121078848838806e-01 3.832785606384277344e+00
5.724121332168579102e-01 3.835134029388427734e+00
3.474121093750000000e-01 3.837482452392578125e+00
7.974120974540710449e-01 3.839831113815307617e+00
2.349120974540710449e-01 3.842179536819458008e+00
6.849121451377868652e-01 3.844527959823608398e+00
4.599120914936065674e-01 3.846876382827758789e+00
9.099121093750000000e-01 3.849225044250488281e+00
1.786621063947677612e-01 3.851573467254638672e+00
6.286621093750000000e-01 3.853921890258789062e+00
4.036620855331420898e-01 3.856270551681518555e+00
8.536621332168579102e-01 3.858618974685668945e+00
2.911621034145355225e-01 3.860967397689819336e+00
7.411621212959289551e-01 3.863316059112548828e+00
5.161620974540710449e-01 3.865664482116699219e+00
9.661620855331420898e-01 3.868012905120849609e+00
1.505371034145355225e-01 3.870361804962158203e+00
6.005371212959289551e-01 3.872710227966308594e+00
3.755370974540710449e-01 3.875058650970458984e+00
8.255370855331420898e-01 3.877407312393188477e+00
2.630371153354644775e-01 3.879755735397338867e+00
7.130371332168579102e-01 3.882104158401489258e+00
4.880370795726776123e-01 3.884452819824218750e+00
9.380370974540710449e-01 3.886801242828369141e+00
2.067871093750000000e-01 3.889149665832519531e+00
6.567870974540710449e-01 3.891498565673828125e+00
4.317871034145355225e-01 3.893846988677978516e+00
8.817871212959289551e-01 3.896195411682128906e+00
3.192870914936065674e-01 3.898544073104858398e+00
7.692871093750000000e-01 3.900892496109008789e+00
5.442870855331420898e-01 3.903240919113159180e+00
9.942871332168579102e-01 3.905589580535888672e+00
1.048339828848838806e-01 3.907938003540039062e+00
5.548340082168579102e-01 3.910286426544189453e+00
3.298339843750000000e-01 3.912635087966918945e+00
7.798339724540710449e-01 3.914983510971069336e+00
2.173339724540710449e-01 3.917331933975219727e+00
6.673340201377868652e-01 3.919680595397949219e+00
4.423339664936065674e-01 3.922029018402099609e+00
8.923339843750000000e-01 3.924377441406250000e+00
1.610839813947677612e-01 3.926726341247558594e+00
6.110839843750000000e-01 3.929074764251708984e+00
3.860839605331420898e-01 3.931423187255859375e+00
8.360840082168579102e-01 3.933771848678588867e+00
2.735839784145355225e-01 3.936120271682739258e+00
7.235839962959289551e-01 3.938468694686889648e+00
4.985839724540710449e-01 3.940817356109619141e+00
9.485839605331420898e-01 3.943165779113769531e+00
1.329589784145355225e-01 3.945514202117919922e+00
5.829589962959289551e-01 3.947863101959228516e+00
3.579589724540710449e-01 3.950211524963378906e+00
8.079589605331420898e-01 3.952559947967529297e+00
2.454589903354644775e-01 3.954908609390258789e+00
6.954590082168579102e-01 3.957257032394409180e+00
4.704589545726776123e-01 3.959605455398559570e+00
9.204589724540710449e-01 3.961954116821289062e+00
1.892089843750000000e-01 3.964302539825439453e+00
6.392089724540710449e-01 3.966650962829589844e+00
4.142089784145355225e-01 3.968999385833740234e+00
8.642089962959289551e-01 3.971348047256469727e+00
3.017089664936065674e-01 3.973696470260620117e+00
7.517089843750000000e-01 3.976044893264770508e+00
5.267089605331420898e-01 3.978393554687500000e+00
9.767090082168579102e-01 3.980741977691650391e+00
1.188964843750000000e-01 3.983090400695800781e+00
5.688964724540710449e-01 3.985439300537109375e+00
3.438964784145355225e-01 3.987787723541259766e+00
7.938964962959289551e-01 3.990136146545410156e+00
2.313964962959289551e-01 3.992484807968139648e+00
6.813964843750000000e-01 3.994833230972290039e+00
4.563964605331420898e-01 3.997181653976440430e+00
9.063965082168579102e-01 3.999530315399169922e+00
1.751464903354644775e-01 4.001878738403320312e+00
6.251465082168579102e-01 4.004227161407470703e+00
4.001464843750000000e-01 4.006576061248779297e+00
8.501464724540710449e-01 4.008924484252929688e+00
2.876464724540710449e-01 4.011272907257080078e+00
7.376465201377868652e-01 4.013621330261230469e+00
5.126464962959289551e-01 4.015969753265380859e+00
9.626464843750000000e-01 4.018318176269531250e+00
1.470214873552322388e-01 4.020667076110839844e+00
5.970214605331420898e-01 4.023015499114990234e+00
3.720214664936065674e-01 4.025363922119140625e+00
8.220214843750000000e-01 4.027712821960449219e+00
2.595214843750000000e-01 4.030061244964599609e+00
7.095214724540710449e-01 4.032409667968750000e+00
4.845214784145355225e-01 4.034758090972900391e+00
9.345214962959289551e-01 4.037106513977050781e+00
2.032714784145355225e-01 4.039454936981201172e+00
6.532714962959289551e-01 4.041803836822509766e+00
4.282714724540710449e-01 4.044152259826660156e+00
8.782714605331420898e-01 4.046500682830810547e+00
3.157714903354644775e-01 4.048849105834960938e+00
7.657715082168579102e-01 4.051198005676269531e+00
5.407714843750000000e-01 4.053545951843261719e+00
9.907714724540710449e-01 4.055894851684570312e+00
1.118652373552322388e-01 4.058243274688720703e+00
5.618652105331420898e-01 4.060591697692871094e+00
3.368652164936065674e-01 4.062940597534179688e+00
7.868652343750000000e-01 4.065289020538330078e+00
2.243652343750000000e-01 4.067637443542480469e+00
6.743652224540710449e-01 4.069985866546630859e+00
4.493652284145355225e-01 4.072334289550781250e+00
8.993652462959289551e-01 4.074682712554931641e+00
1.681152284145355225e-01 4.077031612396240234e+00
6.181152462959289551e-01 4.079380035400390625e+00
3.931152224540710449e-01 4.081728458404541016e+00
8.431152105331420898e-01 4.084077358245849609e+00
2.806152403354644775e-01 4.086425781250000000e+00
7.306152582168579102e-01 4.088774204254150391e+00
5.056152343750000000e-01 4.091122627258300781e+00
9.556152224540710449e-01 4.093471050262451172e+00
1.399902403354644775e-01 4.095819473266601562e+00
5.899902582168579102e-01 4.098167896270751953e+00
3.649902343750000000e-01 4.100516796112060547e+00
8.149902224540710449e-01 4.102865219116210938e+00
2.524902224540710449e-01 4.105213642120361328e+00
7.024902701377868652e-01 4.107562065124511719e+00
4.774902164936065674e-01 4.109910964965820312e+00
9.274902343750000000e-01 4.112258911132812500e+00
1.962402313947677612e-01 4.114607810974121094e+00
6.462402343750000000e-01 4.116956233978271484e+00
4.212402105331420898e-01 4.119304656982421875e+00
8.712402582168579102e-01 4.121653556823730469e+00
3.087402284145355225e-01 4.124001979827880859e+00
7.587402462959289551e-01 4.126350402832031250e+00
5.337402224540710449e-01 4.128698825836181641e+00
9.837402105331420898e-01 4.131047248840332031e+00
1.259277313947677612e-01 4.133395671844482422e+00
5.759277343750000000e-01 4.135744571685791016e+00
3.509277105331420898e-01 4.138092994689941406e+00
8.009277582168579102e-01 4.140441417694091797e+00
2.384277284145355225e-01 4.142790317535400391e+00
6.884277462959289551e-01 4.145138740539550781e+00
4.634277224540710449e-01 4.147487163543701172e+00
9.134277105331420898e-01 4.149835586547851562e+00
1.821777373552322388e-01 4.152184009552001953e+00
6.321777701377868652e-01 4.154532432556152344e+00
4.071777164936065674e-01 4.156881332397460938e+00
8.571777343750000000e-01 4.159229755401611328e+00
2.946777343750000000e-01 4.161578178405761719e+00
7.446777224540710449e-01 4.163927078247070312e+00
5.196777582168579102e-01 4.166275024414062500e+00
9.696777462959289551e-01 4.168623924255371094e+00
1.540527343750000000e-01 4.170972347259521484e+00
6.040527224540710449e-01 4.173320770263671875e+00
3.790527284145355225e-01 4.175669193267822266e+00
8.290527462959289551e-01 4.178018093109130859e+00
2.665527462959289551e-01 4.180366516113281250e+00
7.165527343750000000e-01 4.182714939117431641e+00
4.915527105331420898e-01 4.185063362121582031e+00
9.415527582168579102e-01 4.187411785125732422e+00
2.103027403354644775e-01 4.189760208129882812e+00
6.603027582168579102e-01 4.192109107971191406e+00
4.353027343750000000e-01 4.194457530975341797e+00
8.853027224540710449e-01 4.196805953979492188e+00
3.228027224540710449e-01 4.199154853820800781e+00
7.728027701377868652e-01 4.201503276824951172e+00
5.478027462959289551e-01 4.203851699829101562e+00
9.978027343750000000e-01 4.206200122833251953e+00
1.030761748552322388e-01 4.208548545837402344e+00
5.530761480331420898e-01 4.210896968841552734e+00
3.280761539936065674e-01 4.213245391845703125e+00
7.780761718750000000e-01 4.215594291687011719e+00
2.155761718750000000e-01 4.217942714691162109e+00
6.655761599540710449e-01 4.220291137695312500e+00
4.405761659145355225e-01 4.222640037536621094e+00
8.905761837959289551e-01 4.224987983703613281e+00
1.593261659145355225e-01 4.227336883544921875e+00
6.093261837959289551e-01 4.229685306549072266e+00
3.843261599540710449e-01 4.232033729553222656e+00
8.343261480331420898e-01 4.234382152557373047e+00
2.718261778354644775e-01 4.236731052398681641e+00
7.218261957168579102e-01 4.239079475402832031e+00
4.968261420726776123e-01 4.241427898406982422e+00
9.468261599540710449e-01 4.243776321411132812e+00
1.312011778354644775e-01 4.246124744415283203e+00
5.812011957168579102e-01 4.248473167419433594e+00
3.562011718750000000e-01 4.250822067260742188e+00
8.062011599540710449e-01 4.253170490264892578e+00
2.437011599540710449e-01 4.255518913269042969e+00
6.937012076377868652e-01 4.257867813110351562e+00
4.687011539936065674e-01 4.260216236114501953e+00
9.187011718750000000e-01 4.262564659118652344e+00
1.874511688947677612e-01 4.264913082122802734e+00
6.374511718750000000e-01 4.267261505126953125e+00
4.124511480331420898e-01 4.269609928131103516e+00
8.624511957168579102e-01 4.271958827972412109e+00
2.999511659145355225e-01 4.274307250976562500e+00
7.499511837959289551e-01 4.276655673980712891e+00
5.249511599540710449e-01 4.279004096984863281e+00
9.749511480331420898e-01 4.281352996826171875e+00
1.171386688947677612e-01 4.283700942993164062e+00
5.671386718750000000e-01 4.286049842834472656e+00
3.421386778354644775e-01 4.288398265838623047e+00
7.921386957168579102e-01 4.290746688842773438e+00
2.296386659145355225e-01 4.293095588684082031e+00
6.796386837959289551e-01 4.295444011688232422e+00
4.546386599540710449e-01 4.297792434692382812e+00
9.046386480331420898e-01 4.300140857696533203e+00
1.733886748552322388e-01 4.302489280700683594e+00
6.233887076377868652e-01 4.304837703704833984e+00
3.983886539936065674e-01 4.307186603546142578e+00
8.483886718750000000e-01 4.309535026550292969e+00
2.858886718750000000e-01 4.311883449554443359e+00
7.358886599540710449e-01 4.314232349395751953e+00
5.108886957168579102e-01 4.316580772399902344e+00
9.608886837959289551e-01 4.318929195404052734e+00
1.452636718750000000e-01 4.321277618408203125e+00
5.952636599540710449e-01 4.323626041412353516e+00
3.702636659145355225e-01 4.325974464416503906e+00
8.202636837959289551e-01 4.328323364257812500e+00
2.577636837959289551e-01 4.330671787261962891e+00
7.077636718750000000e-01 4.333020210266113281e+00
4.827636480331420898e-01 4.335368633270263672e+00
9.327636957168579102e-01 4.337717056274414062e+00
2.015136778354644775e-01 4.340065956115722656e+00
6.515136957168579102e-01 4.342413902282714844e+00
4.265136718750000000e-01 4.344762802124023438e+00
8.765136599540710449e-01 4.347111225128173828e+00
3.140136599540710449e-01 4.349459648132324219e+00
7.640137076377868652e-01 4.351808547973632812e+00
5.390136837959289551e-01 4.354156970977783203e+00
9.890136718750000000e-01 4.356505393981933594e+00
1.101074218750000000e-01 4.358853816986083984e+00
5.601074099540710449e-01 4.361202239990234375e+00
3.351074159145355225e-01 4.363550662994384766e+00
7.851074337959289551e-01 4.365899562835693359e+00
2.226074188947677612e-01 4.368247985839843750e+00
6.726074218750000000e-01 4.370596408843994141e+00
4.476073980331420898e-01 4.372945308685302734e+00
8.976074457168579102e-01 4.375293731689453125e+00
1.663574278354644775e-01 4.377642154693603516e+00
6.163574457168579102e-01 4.379990577697753906e+00
3.913574218750000000e-01 4.382339000701904297e+00
8.413574099540710449e-01 4.384687423706054688e+00
2.788574099540710449e-01 4.387036323547363281e+00
7.288574576377868652e-01 4.389384746551513672e+00
5.038574337959289551e-01 4.391733169555664062e+00
9.538574218750000000e-01 4.394082069396972656e+00
1.382324248552322388e-01 4.396430015563964844e+00
5.882323980331420898e-01 4.398778915405273438e+00
3.632324039936065674e-01 4.401127338409423828e+00
8.132324218750000000e-01 4.403475761413574219e+00
2.507324218750000000e-01 4.405824184417724609e+00
7.007324099540710449e-01 4.408173084259033203e+00
4.757324159145355225e-01 4.410521507263183594e+00
9.257324337959289551e-01 4.412869930267333984e+00
1.944824159145355225e-01 4.415218353271484375e+00
6.444824337959289551e-01 4.417566776275634766e+00
4.194824099540710449e-01 4.419915199279785156e+00
8.694823980331420898e-01 4.422264099121093750e+00
3.069824278354644775e-01 4.424612522125244141e+00
7.569824457168579102e-01 4.426960945129394531e+00
5.319824218750000000e-01 4.429309844970703125e+00
9.819824099540710449e-01 4.431658267974853516e+00
1.241699233651161194e-01 4.434006690979003906e+00
5.741699337959289551e-01 4.436355113983154297e+00
3.491699099540710449e-01 4.438703536987304688e+00
7.991698980331420898e-01 4.441051959991455078e+00
2.366699278354644775e-01 4.443400859832763672e+00
6.866699457168579102e-01 4.445749282836914062e+00
4.616698920726776123e-01 4.448097705841064453e+00
9.116699099540710449e-01 4.450446128845214844e+00
1.804199218750000000e-01 4.452795028686523438e+00
6.304199099540710449e-01 4.455142974853515625e+00
4.054199159145355225e-01 4.457491874694824219e+00
8.554199337959289551e-01 4.459840297698974609e+00
2.929199039936065674e-01 4.462188720703125000e+00
7.429199218750000000e-01 4.464537143707275391e+00
5.179198980331420898e-01 4.466886043548583984e+00
9.679199457168579102e-01 4.469234466552734375e+00
1.522949188947677612e-01 4.471582889556884766e+00
6.022949218750000000e-01 4.473931312561035156e+00
3.772948980331420898e-01 4.476279735565185547e+00
8.272949457168579102e-01 4.478628158569335938e+00
2.647949159145355225e-01 4.480977058410644531e+00
7.147949337959289551e-01 4.483325481414794922e+00
4.897949099540710449e-01 4.485673904418945312e+00
9.397948980331420898e-01 4.488022804260253906e+00
2.085449099540710449e-01 4.490371227264404297e+00
6.585449576377868652e-01 4.492719650268554688e+00
4.335449039936065674e-01 4.495068073272705078e+00
8.835449218750000000e-01 4.497416496276855469e+00
3.210449218750000000e-01 4.499764919281005859e+00
7.710449099540710449e-01 4.502113819122314453e+00
5.460449457168579102e-01 4.504462242126464844e+00
9.960449337959289551e-01 4.506810665130615234e+00
1.065917983651161194e-01 4.509159088134765625e+00
5.565918087959289551e-01 4.511507987976074219e+00
3.315917849540710449e-01 4.513855934143066406e+00
7.815917730331420898e-01 4.516204833984375000e+00
2.190918028354644775e-01 4.518553256988525391e+00
6.690918207168579102e-01 4.520901679992675781e+00
4.440917670726776123e-01 4.523250579833984375e+00
8.940917849540710449e-01 4.525599002838134766e+00
1.628417968750000000e-01 4.527947425842285156e+00
6.128417849540710449e-01 4.530295848846435547e+00
3.878417909145355225e-01 4.532644271850585938e+00
8.378418087959289551e-01 4.534992694854736328e+00
2.753417789936065674e-01 4.537341594696044922e+00
7.253417968750000000e-01 4.539690017700195312e+00
5.003417730331420898e-01 4.542038440704345703e+00
9.503418207168579102e-01 4.544387340545654297e+00
1.347167938947677612e-01 4.546735763549804688e+00
5.847167968750000000e-01 4.549084186553955078e+00
3.597167730331420898e-01 4.551432609558105469e+00
8.097168207168579102e-01 4.553781032562255859e+00
2.472167909145355225e-01 4.556129455566406250e+00
6.972168087959289551e-01 4.558478355407714844e+00
4.722167849540710449e-01 4.560826778411865234e+00
9.222167730331420898e-01 4.563175201416015625e+00
1.909667849540710449e-01 4.565524101257324219e+00
6.409668326377868652e-01 4.567872047424316406e+00
4.159667789936065674e-01 4.570220947265625000e+00
8.659667968750000000e-01 4.572569370269775391e+00
3.034667968750000000e-01 4.574917793273925781e+00
7.534667849540710449e-01 4.577266216278076172e+00
5.284668207168579102e-01 4.579614639282226562e+00
9.784668087959289551e-01 4.581963539123535156e+00
1.206542998552322388e-01 4.584311962127685547e+00
5.706542730331420898e-01 4.586660385131835938e+00
3.456542789936065674e-01 4.589008808135986328e+00
7.956542968750000000e-01 4.591357231140136719e+00
2.331542968750000000e-01 4.593705654144287109e+00
6.831542849540710449e-01 4.596054553985595703e+00
4.581542909145355225e-01 4.598402976989746094e+00
9.081543087959289551e-01 4.600751399993896484e+00
1.769042909145355225e-01 4.603100299835205078e+00
6.269043087959289551e-01 4.605448722839355469e+00
4.019042849540710449e-01 4.607797145843505859e+00
8.519042730331420898e-01 4.610145568847656250e+00
2.894043028354644775e-01 4.612493991851806641e+00
7.394043207168579102e-01 4.614842414855957031e+00
5.144042968750000000e-01 4.617191314697265625e+00
9.644042849540710449e-01 4.619539737701416016e+00
1.487793028354644775e-01 4.621888160705566406e+00
5.987793207168579102e-01 4.624237060546875000e+00
3.737792968750000000e-01 4.626585006713867188e+00
8.237792849540710449e-01 4.628933906555175781e+00
2.612792849540710449e-01 4.631282329559326172e+00
7.112793326377868652e-01 4.633630752563476562e+00
4.862792789936065674e-01 4.635979175567626953e+00
9.362792968750000000e-01 4.638328075408935547e+00
2.050292938947677612e-01 4.640676498413085938e+00
6.550292968750000000e-01 4.643024921417236328e+00
4.300292730331420898e-01 4.645373344421386719e+00
8.800293207168579102e-01 4.647721767425537109e+00
3.175292909145355225e-01 4.650070190429687500e+00
7.675293087959289551e-01 4.652419090270996094e+00
5.425292849540710449e-01 4.654767513275146484e+00
9.925292730331420898e-01 4.657115936279296875e+00
1.136230453848838806e-01 4.659464836120605469e+00
5.636230707168579102e-01 4.661813259124755859e+00
3.386230468750000000e-01 4.664161682128906250e+00
7.886230349540710449e-01 4.666510105133056641e+00
2.261230349540710449e-01 4.668858528137207031e+00
6.761230826377868652e-01 4.671206951141357422e+00
4.511230289936065674e-01 4.673555850982666016e+00
9.011230468750000000e-01 4.675904273986816406e+00
1.698730438947677612e-01 4.678252696990966797e+00
6.198730468750000000e-01 4.680601119995117188e+00
3.948730230331420898e-01 4.682950019836425781e+00
8.448730707168579102e-01 4.685297966003417969e+00
2.823730409145355225e-01 4.687646865844726562e+00
7.323730587959289551e-01 4.689995288848876953e+00
5.073730349540710449e-01 4.692343711853027344e+00
9.573730230331420898e-01 4.694692611694335938e+00
1.417480409145355225e-01 4.697041034698486328e+00
5.917480587959289551e-01 4.699389457702636719e+00
3.667480349540710449e-01 4.701737880706787109e+00
8.167480230331420898e-01 4.704086303710937500e+00
2.542480528354644775e-01 4.706434726715087891e+00
7.042480707168579102e-01 4.708783149719238281e+00
4.792480170726776123e-01 4.711132049560546875e+00
9.292480349540710449e-01 4.713480472564697266e+00
1.979980468750000000e-01 4.715828895568847656e+00
6.479980349540710449e-01 4.718177795410156250e+00
4.229980409145355225e-01 4.720526218414306641e+00
8.729980587959289551e-01 4.722874641418457031e+00
3.104980289936065674e-01 4.725223064422607422e+00
7.604980468750000000e-01 4.727571487426757812e+00
5.354980230331420898e-01 4.729919910430908203e+00
9.854980707168579102e-01 4.732268810272216797e+00
1.276855468750000000e-01 4.734617233276367188e+00
5.776855349540710449e-01 4.736965656280517578e+00
3.526855409145355225e-01 4.739314079284667969e+00
8.026855587959289551e-01 4.741662979125976562e+00
2.401855587959289551e-01 4.744010925292968750e+00
6.901855468750000000e-01 4.746359825134277344e+00
4.651855230331420898e-01 4.748708248138427734e+00
9.151855707168579102e-01 4.751056671142578125e+00
1.839355528354644775e-01 4.753405570983886719e+00
6.339355707168579102e-01 4.755753993988037109e+00
4.089355468750000000e-01 4.758102416992187500e+00
8.589355349540710449e-01 4.760450839996337891e+00
2.964355349540710449e-01 4.762799263000488281e+00
7.464355826377868652e-01 4.765147686004638672e+00
5.214355587959289551e-01 4.767496585845947266e+00
9.714355468750000000e-01 4.769845008850097656e+00
1.558105498552322388e-01 4.772193431854248047e+00
6.058105826377868652e-01 4.774542331695556641e+00
3.808105289936065674e-01 4.776890754699707031e+00
8.308105468750000000e-01 4.779239177703857422e+00
2.683105468750000000e-01 4.781587600708007812e+00
7.183105349540710449e-01 4.783936023712158203e+00
4.933105409145355225e-01 4.786284446716308594e+00
9.433105587959289551e-01 4.788633346557617188e+00
2.120605409145355225e-01 4.790981769561767578e+00
6.620605587959289551e-01 4.793330192565917969e+00
4.370605349540710449e-01 4.795679092407226562e+00
8.870605230331420898e-01 4.798027038574218750e+00
3.245605528354644775e-01 4.800375938415527344e+00
7.745605707168579102e-01 4.802724361419677734e+00
5.495605468750000000e-01 4.805072784423828125e+00
9.995605349540710449e-01 4.807421207427978516e+00
1.002197265625000000e-01 4.809770107269287109e+00
5.502197146415710449e-01 4.812118530273437500e+00
3.252197206020355225e-01 4.814466953277587891e+00
7.752197384834289551e-01 4.816815376281738281e+00
2.127197235822677612e-01 4.819163799285888672e+00
6.627197265625000000e-01 4.821512222290039062e+00
4.377197027206420898e-01 4.823860645294189453e+00
8.877197504043579102e-01 4.826209545135498047e+00
1.564697325229644775e-01 4.828557968139648438e+00
6.064697504043579102e-01 4.830906391143798828e+00
3.814697265625000000e-01 4.833255290985107422e+00
8.314697146415710449e-01 4.835603713989257812e+00
2.689697146415710449e-01 4.837952136993408203e+00
7.189697623252868652e-01 4.840300559997558594e+00
4.939697086811065674e-01 4.842648983001708984e+00
9.439697265625000000e-01 4.844997406005859375e+00
1.283447295427322388e-01 4.847346305847167969e+00
5.783447027206420898e-01 4.849694728851318359e+00
3.533447086811065674e-01 4.852043151855468750e+00
8.033447265625000000e-01 4.854392051696777344e+00
2.408447265625000000e-01 4.856739997863769531e+00
6.908447146415710449e-01 4.859088897705078125e+00
4.658447206020355225e-01 4.861437320709228516e+00
9.158447384834289551e-01 4.863785743713378906e+00
1.845947206020355225e-01 4.866134166717529297e+00
6.345947384834289551e-01 4.868483066558837891e+00
4.095947146415710449e-01 4.870831489562988281e+00
8.595947027206420898e-01 4.873179912567138672e+00
2.970947325229644775e-01 4.875528335571289062e+00
7.470947504043579102e-01 4.877876758575439453e+00
5.220947265625000000e-01 4.880225181579589844e+00
9.720947146415710449e-01 4.882574081420898438e+00
1.142822280526161194e-01 4.884922504425048828e+00
5.642822384834289551e-01 4.887270927429199219e+00
3.392822146415710449e-01 4.889619827270507812e+00
7.892822027206420898e-01 4.891968250274658203e+00
2.267822325229644775e-01 4.894316673278808594e+00
6.767822504043579102e-01 4.896665096282958984e+00
4.517821967601776123e-01 4.899013519287109375e+00
9.017822146415710449e-01 4.901361942291259766e+00
1.705322265625000000e-01 4.903710842132568359e+00
6.205322146415710449e-01 4.906059265136718750e+00
3.955322206020355225e-01 4.908407688140869141e+00
8.455322384834289551e-01 4.910756111145019531e+00
2.830322086811065674e-01 4.913105010986328125e+00
7.330322265625000000e-01 4.915452957153320312e+00
5.080322027206420898e-01 4.917801856994628906e+00
9.580322504043579102e-01 4.920150279998779297e+00
1.424072235822677612e-01 4.922498703002929688e+00
5.924072265625000000e-01 4.924847602844238281e+00
3.674072027206420898e-01 4.927196025848388672e+00
8.174072504043579102e-01 4.929544448852539062e+00
2.549072206020355225e-01 4.931892871856689453e+00
7.049072384834289551e-01 4.934241294860839844e+00
4.799072146415710449e-01 4.936589717864990234e+00
9.299072027206420898e-01 4.938938617706298828e+00
1.986572146415710449e-01 4.941287040710449219e+00
6.486572623252868652e-01 4.943635463714599609e+00
4.236572086811065674e-01 4.945983886718750000e+00
8.736572265625000000e-01 4.948332786560058594e+00
3.111572265625000000e-01 4.950681209564208984e+00
7.611572146415710449e-01 4.953029632568359375e+00
5.361572504043579102e-01 4.955378055572509766e+00
9.861572384834289551e-01 4.957726478576660156e+00
1.072509810328483582e-01 4.960074901580810547e+00
5.572509765625000000e-01 4.962423801422119141e+00
3.322509825229644775e-01 4.964772224426269531e+00
7.822510004043579102e-01 4.967120647430419922e+00
2.197509706020355225e-01 4.969469070434570312e+00
6.697509884834289551e-01 4.971817970275878906e+00
4.447509646415710449e-01 4.974165916442871094e+00
8.947509527206420898e-01 4.976514816284179688e+00
1.635009795427322388e-01 4.978863239288330078e+00
6.135010123252868652e-01 4.981211662292480469e+00
3.885009586811065674e-01 4.983560562133789062e+00
8.385009765625000000e-01 4.985908985137939453e+00
2.760009765625000000e-01 4.988257408142089844e+00
7.260009646415710449e-01 4.990605831146240234e+00
5.010010004043579102e-01 4.992954254150390625e+00
9.510009884834289551e-01 4.995302677154541016e+00
1.353759765625000000e-01 4.997651576995849609e+00
5.853759646415710449e-01 5.000000000000000000e+00
3.603759706020355225e-01 5.002348423004150391e+00
8.103759884834289551e-01 5.004696846008300781e+00
2.478759884834289551e-01 5.007045269012451172e+00
6.978759765625000000e-01 5.009394168853759766e+00
4.728759527206420898e-01 5.011742591857910156e+00
9.228760004043579102e-01 5.014091014862060547e+00
1.916259825229644775e-01 5.016439437866210938e+00
6.416260004043579102e-01 5.018787860870361328e+00
4.166259765625000000e-01 5.021136283874511719e+00
8.666259646415710449e-01 5.023485183715820312e+00
3.041259646415710449e-01 5.025834083557128906e+00
7.541260123252868652e-01 5.028182029724121094e+00
5.291259884834289551e-01 5.030530929565429688e+00
9.791259765625000000e-01 5.032878875732421875e+00
1.213134750723838806e-01 5.035227775573730469e+00
5.713135004043579102e-01 5.037576675415039062e+00
3.463134765625000000e-01 5.039925098419189453e+00
7.963134646415710449e-01 5.042273521423339844e+00
2.338134646415710449e-01 5.044621944427490234e+00
6.838135123252868652e-01 5.046970367431640625e+00
4.588134586811065674e-01 5.049318790435791016e+00
9.088134765625000000e-01 5.051667690277099609e+00
1.775634735822677612e-01 5.054016113281250000e+00
6.275634765625000000e-01 5.056364536285400391e+00
4.025634527206420898e-01 5.058712959289550781e+00
8.525635004043579102e-01 5.061061382293701172e+00
2.900634706020355225e-01 5.063409805297851562e+00
7.400634884834289551e-01 5.065758705139160156e+00
5.150634646415710449e-01 5.068107128143310547e+00
9.650634527206420898e-01 5.070455551147460938e+00
1.494384706020355225e-01 5.072803974151611328e+00
5.994384884834289551e-01 5.075152397155761719e+00
3.744384646415710449e-01 5.077500820159912109e+00
8.244384527206420898e-01 5.079850196838378906e+00
2.619384825229644775e-01 5.082198143005371094e+00
7.119385004043579102e-01 5.084547042846679688e+00
4.869384467601776123e-01 5.086894989013671875e+00
9.369384646415710449e-01 5.089243888854980469e+00
2.056884765625000000e-01 5.091591835021972656e+00
6.556884646415710449e-01 5.093941211700439453e+00
4.306884706020355225e-01 5.096289634704589844e+00
8.806884884834289551e-01 5.098638057708740234e+00
3.181884586811065674e-01 5.100986480712890625e+00
7.681884765625000000e-01 5.103334903717041016e+00
5.431884527206420898e-01 5.105683326721191406e+00
9.931885004043579102e-01 5.108032226562500000e+00
1.037353500723838806e-01 5.110380649566650391e+00
5.537353754043579102e-01 5.112729072570800781e+00
3.287353515625000000e-01 5.115077495574951172e+00
7.787353396415710449e-01 5.117425918579101562e+00
2.162353396415710449e-01 5.119774341583251953e+00
6.662353873252868652e-01 5.122122764587402344e+00
4.412353336811065674e-01 5.124471664428710938e+00
8.912353515625000000e-01 5.126820087432861328e+00
1.599853485822677612e-01 5.129168510437011719e+00
6.099853515625000000e-01 5.131516933441162109e+00
3.849853277206420898e-01 5.133865356445312500e+00
8.349853754043579102e-01 5.136213779449462891e+00
2.724853456020355225e-01 5.138563156127929688e+00
7.224853634834289551e-01 5.140911102294921875e+00
4.974853396415710449e-01 5.143260002136230469e+00
9.474853277206420898e-01 5.145607948303222656e+00
1.318603456020355225e-01 5.147956848144531250e+00
5.818603634834289551e-01 5.150304794311523438e+00
3.568603396415710449e-01 5.152654170989990234e+00
8.068603277206420898e-01 5.155002593994140625e+00
2.443603575229644775e-01 5.157351016998291016e+00
6.943603754043579102e-01 5.159699440002441406e+00
4.693603217601776123e-01 5.162047863006591797e+00
9.193603396415710449e-01 5.164396286010742188e+00
1.881103515625000000e-01 5.166745185852050781e+00
6.381103396415710449e-01 5.169093608856201172e+00
4.131103456020355225e-01 5.171442031860351562e+00
8.631103634834289551e-01 5.173790454864501953e+00
3.006103336811065674e-01 5.176138877868652344e+00
7.506103515625000000e-01 5.178487300872802734e+00
5.256103277206420898e-01 5.180836200714111328e+00
9.756103754043579102e-01 5.183184623718261719e+00
1.177978515625000000e-01 5.185533046722412109e+00
5.677978396415710449e-01 5.187881469726562500e+00
3.427978456020355225e-01 5.190229892730712891e+00
7.927978634834289551e-01 5.192578315734863281e+00
2.302978634834289551e-01 5.194927215576171875e+00
6.802978515625000000e-01 5.197276115417480469e+00
4.552978277206420898e-01 5.199624061584472656e+00
9.052978754043579102e-01 5.201972961425781250e+00
1.740478575229644775e-01 5.204320907592773438e+00
6.240478754043579102e-01 5.206669807434082031e+00
3.990478515625000000e-01 5.209018707275390625e+00
8.490478396415710449e-01 5.211367130279541016e+00
2.865478396415710449e-01 5.213715553283691406e+00
7.365478873252868652e-01 5.216063976287841797e+00
5.115478634834289551e-01 5.218412399291992188e+00
9.615478515625000000e-01 5.220760822296142578e+00
1.459228545427322388e-01 5.223109722137451172e+00
5.959228277206420898e-01 5.225458145141601562e+00
3.709228336811065674e-01 5.227806568145751953e+00
8.209228515625000000e-01 5.230154991149902344e+00
2.584228515625000000e-01 5.232503414154052734e+00
7.084228396415710449e-01 5.234851837158203125e+00
4.834228456020355225e-01 5.237200736999511719e+00
9.334228634834289551e-01 5.239549160003662109e+00
2.021728456020355225e-01 5.241897583007812500e+00
6.521728634834289551e-01 5.244246006011962891e+00
4.271728396415710449e-01 5.246594429016113281e+00
8.771728277206420898e-01 5.248942852020263672e+00
3.146728575229644775e-01 5.251291275024414062e+00
7.646728754043579102e-01 5.253640174865722656e+00
5.396728515625000000e-01 5.255989074707031250e+00
9.896728396415710449e-01 5.258337020874023438e+00
1.107666045427322388e-01 5.260685920715332031e+00
5.607665777206420898e-01 5.263033866882324219e+00
3.357665836811065674e-01 5.265382766723632812e+00
7.857666015625000000e-01 5.267731666564941406e+00
2.232666015625000000e-01 5.270080089569091797e+00
6.732665896415710449e-01 5.272428512573242188e+00
4.482665956020355225e-01 5.274776935577392578e+00
8.982666134834289551e-01 5.277125358581542969e+00
1.670165956020355225e-01 5.279473781585693359e+00
6.170166134834289551e-01 5.281822681427001953e+00
3.920165896415710449e-01 5.284171104431152344e+00
8.420165777206420898e-01 5.286519527435302734e+00
2.795166075229644775e-01 5.288867950439453125e+00
7.295166254043579102e-01 5.291216373443603516e+00
5.045166015625000000e-01 5.293564796447753906e+00
9.545165896415710449e-01 5.295913696289062500e+00
1.388916075229644775e-01 5.298262119293212891e+00
5.888916254043579102e-01 5.300610542297363281e+00
3.638916015625000000e-01 5.302958965301513672e+00
8.138915896415710449e-01 5.305307388305664062e+00
2.513915896415710449e-01 5.307655811309814453e+00
7.013916373252868652e-01 5.310005187988281250e+00
4.763915836811065674e-01 5.312353134155273438e+00
9.263916015625000000e-01 5.314702033996582031e+00
1.951415985822677612e-01 5.317049980163574219e+00
6.451416015625000000e-01 5.319398880004882812e+00
4.201415777206420898e-01 5.321746826171875000e+00
8.701416254043579102e-01 5.324096202850341797e+00
3.076415956020355225e-01 5.326444625854492188e+00
7.576416134834289551e-01 5.328793048858642578e+00
5.326415896415710449e-01 5.331141471862792969e+00
9.826415777206420898e-01 5.333489894866943359e+00
1.248290985822677612e-01 5.335838317871093750e+00
5.748291015625000000e-01 5.338187217712402344e+00
3.498291075229644775e-01 5.340535640716552734e+00
7.998291254043579102e-01 5.342884063720703125e+00
2.373290956020355225e-01 5.345232486724853516e+00
6.873291134834289551e-01 5.347580909729003906e+00
4.623290896415710449e-01 5.349929332733154297e+00
9.123290777206420898e-01 5.352278232574462891e+00
1.810791045427322388e-01 5.354626655578613281e+00
6.310791373252868652e-01 5.356975078582763672e+00
4.060790836811065674e-01 5.359323501586914062e+00
8.560791015625000000e-01 5.361671924591064453e+00
2.935791015625000000e-01 5.364020347595214844e+00
7.435790896415710449e-01 5.366368770599365234e+00
5.185791254043579102e-01 5.368718147277832031e+00
9.685791134834289551e-01 5.371066093444824219e+00
1.529541015625000000e-01 5.373414993286132812e+00
6.029540896415710449e-01 5.375762939453125000e+00
3.779540956020355225e-01 5.378111839294433594e+00
8.279541134834289551e-01 5.380459785461425781e+00
2.654541134834289551e-01 5.382809162139892578e+00
7.154541015625000000e-01 5.385157585144042969e+00
4.904540777206420898e-01 5.387506008148193359e+00
9.404541254043579102e-01 5.389854431152343750e+00
2.092041075229644775e-01 5.392202854156494141e+00
6.592041254043579102e-01 5.394551277160644531e+00
4.342041015625000000e-01 5.396900177001953125e+00
8.842040896415710449e-01 5.399248600006103516e+00
3.217040896415710449e-01 5.401597023010253906e+00
7.717041373252868652e-01 5.403945446014404297e+00
5.467041134834289551e-01 5.406293869018554688e+00
9.967041015625000000e-01 5.408642292022705078e+00
1.019775420427322388e-01 5.410991191864013672e+00
5.519775152206420898e-01 5.413339614868164062e+00
3.269775211811065674e-01 5.415688037872314453e+00
7.769775390625000000e-01 5.418036460876464844e+00
2.144775390625000000e-01 5.420384883880615234e+00
6.644775271415710449e-01 5.422733306884765625e+00
4.394775331020355225e-01 5.425082206726074219e+00
8.894775509834289551e-01 5.427431106567382812e+00
1.582275331020355225e-01 5.429779052734375000e+00
6.082275509834289551e-01 5.432127952575683594e+00
3.832275271415710449e-01 5.434475898742675781e+00
8.332275152206420898e-01 5.436824798583984375e+00
2.707275450229644775e-01 5.439173698425292969e+00
7.207275629043579102e-01 5.441522121429443359e+00
4.957275092601776123e-01 5.443870544433593750e+00
9.457275271415710449e-01 5.446218967437744141e+00
1.301025450229644775e-01 5.448567390441894531e+00
5.801025629043579102e-01 5.450915813446044922e+00
3.551025390625000000e-01 5.453264713287353516e+00
8.051025271415710449e-01 5.455613136291503906e+00
2.426025271415710449e-01 5.457961559295654297e+00
6.926025748252868652e-01 5.460309982299804688e+00
4.676025211811065674e-01 5.462658405303955078e+00
9.176025390625000000e-01 5.465006828308105469e+00
1.863525360822677612e-01 5.467355728149414062e+00
6.363525390625000000e-01 5.469704151153564453e+00
4.113525152206420898e-01 5.472052574157714844e+00
8.613525629043579102e-01 5.474400997161865234e+00
2.988525331020355225e-01 5.476749420166015625e+00
7.488525509834289551e-01 5.479097843170166016e+00
5.238525271415710449e-01 5.481447219848632812e+00
9.738525152206420898e-01 5.483795166015625000e+00
1.160400360822677612e-01 5.486144065856933594e+00
5.660400390625000000e-01 5.488492012023925781e+00
3.410400450229644775e-01 5.490840911865234375e+00
7.910400629043579102e-01 5.493188858032226562e+00
2.285400331020355225e-01 5.495537757873535156e+00
6.785400509834289551e-01 5.497886657714843750e+00
4.535400271415710449e-01 5.500235080718994141e+00
9.035400152206420898e-01 5.502583503723144531e+00
1.722900420427322388e-01 5.504931926727294922e+00
6.222900748252868652e-01 5.507280349731445312e+00
3.972900211811065674e-01 5.509628772735595703e+00
8.472900390625000000e-01 5.511977672576904297e+00
2.847900390625000000e-01 5.514326095581054688e+00
7.347900271415710449e-01 5.516674518585205078e+00
5.097900629043579102e-01 5.519022941589355469e+00
9.597900509834289551e-01 5.521371364593505859e+00
1.441650390625000000e-01 5.523719787597656250e+00
5.941650271415710449e-01 5.526068687438964844e+00
3.691650331020355225e-01 5.528417110443115234e+00
8.191650509834289551e-01 5.530765533447265625e+00
2.566650509834289551e-01 5.533113956451416016e+00
7.066650390625000000e-01 5.535462379455566406e+00
4.816650152206420898e-01 5.537810802459716797e+00
9.316650629043579102e-01 5.540160179138183594e+00
2.004150450229644775e-01 5.542508125305175781e+00
6.504150629043579102e-01 5.544857025146484375e+00
4.254150390625000000e-01 5.547204971313476562e+00
8.754150271415710449e-01 5.549553871154785156e+00
3.129150271415710449e-01 5.551901817321777344e+00
7.629150748252868652e-01 5.554251194000244141e+00
5.379150509834289551e-01 5.556599617004394531e+00
9.879150390625000000e-01 5.558948040008544922e+00
1.090087890625000000e-01 5.561296463012695312e+00
5.590087771415710449e-01 5.563644886016845703e+00
3.340087831020355225e-01 5.565993309020996094e+00
7.840088009834289551e-01 5.568342208862304688e+00
2.215087860822677612e-01 5.570690631866455078e+00
6.715087890625000000e-01 5.573039054870605469e+00
4.465087652206420898e-01 5.575387477874755859e+00
8.965088129043579102e-01 5.577735900878906250e+00
1.652587950229644775e-01 5.580084323883056641e+00
6.152588129043579102e-01 5.582433223724365234e+00
3.902587890625000000e-01 5.584781646728515625e+00
8.402587771415710449e-01 5.587130069732666016e+00
2.777587771415710449e-01 5.589478492736816406e+00
7.277588248252868652e-01 5.591826915740966797e+00
5.027588009834289551e-01 5.594175338745117188e+00
9.527587890625000000e-01 5.596524238586425781e+00
1.371337920427322388e-01 5.598873138427734375e+00
5.871337652206420898e-01 5.601221084594726562e+00
3.621337711811065674e-01 5.603569984436035156e+00
8.121337890625000000e-01 5.605917930603027344e+00
2.496337890625000000e-01 5.608266830444335938e+00
6.996337771415710449e-01 5.610614776611328125e+00
4.746337831020355225e-01 5.612964153289794922e+00
9.246338009834289551e-01 5.615312576293945312e+00
1.933837831020355225e-01 5.617660999298095703e+00
6.433838009834289551e-01 5.620009422302246094e+00
4.183837771415710449e-01 5.622357845306396484e+00
8.683837652206420898e-01 5.624706268310546875e+00
3.058837950229644775e-01 5.627055168151855469e+00
7.558838129043579102e-01 5.629403591156005859e+00
5.308837890625000000e-01 5.631752014160156250e+00
9.808837771415710449e-01 5.634100437164306641e+00
1.230712905526161194e-01 5.636448860168457031e+00
5.730713009834289551e-01 5.638797283172607422e+00
3.480712771415710449e-01 5.641146183013916016e+00
7.980712652206420898e-01 5.643494606018066406e+00
2.355712950229644775e-01 5.645843029022216797e+00
6.855713129043579102e-01 5.648191452026367188e+00
4.605712592601776123e-01 5.650539875030517578e+00
9.105712771415710449e-01 5.652888298034667969e+00
1.793212890625000000e-01 5.655237197875976562e+00
6.293212771415710449e-01 5.657586097717285156e+00
4.043212831020355225e-01 5.659934043884277344e+00
8.543213009834289551e-01 5.662282943725585938e+00
2.918212711811065674e-01 5.664630889892578125e+00
7.418212890625000000e-01 5.666979789733886719e+00
5.168212652206420898e-01 5.669328689575195312e+00
9.668213129043579102e-01 5.671677112579345703e+00
1.511962860822677612e-01 5.674025535583496094e+00
6.011962890625000000e-01 5.676373958587646484e+00
3.761962652206420898e-01 5.678722381591796875e+00
8.261963129043579102e-01 5.681070804595947266e+00
2.636962831020355225e-01 5.683419704437255859e+00
7.136963009834289551e-01 5.685768127441406250e+00
4.886962771415710449e-01 5.688116550445556641e+00
9.386962652206420898e-01 5.690464973449707031e+00
2.074462771415710449e-01 5.692813396453857422e+00
6.574463248252868652e-01 5.695161819458007812e+00
4.324462711811065674e-01 5.697510719299316406e+00
8.824462890625000000e-01 5.699859142303466797e+00
3.199462890625000000e-01 5.702207565307617188e+00
7.699462771415710449e-01 5.704555988311767578e+00
5.449463129043579102e-01 5.706904411315917969e+00
9.949463009834289551e-01 5.709252834320068359e+00
1.054931655526161194e-01 5.711602210998535156e+00
5.554931759834289551e-01 5.713950157165527344e+00
3.304931521415710449e-01 5.716299057006835938e+00
7.804931402206420898e-01 5.718647003173828125e+00
2.179931700229644775e-01 5.720995903015136719e+00
6.679931879043579102e-01 5.723343849182128906e+00
4.429931342601776123e-01 5.725693225860595703e+00
8.929931521415710449e-01 5.728041648864746094e+00
1.617431640625000000e-01 5.730390071868896484e+00
6.117431521415710449e-01 5.732738494873046875e+00
3.867431581020355225e-01 5.735086917877197266e+00
8.367431759834289551e-01 5.737435340881347656e+00
2.742431461811065674e-01 5.739783763885498047e+00
7.242431640625000000e-01 5.742132663726806641e+00
4.992431402206420898e-01 5.744481086730957031e+00
9.492431879043579102e-01 5.746829509735107422e+00
1.336181610822677612e-01 5.749177932739257812e+00
5.836181640625000000e-01 5.751526355743408203e+00
3.586181402206420898e-01 5.753874778747558594e+00
8.086181879043579102e-01 5.756223678588867188e+00
2.461181581020355225e-01 5.758572101593017578e+00
6.961181759834289551e-01 5.760920524597167969e+00
4.711181521415710449e-01 5.763268947601318359e+00
9.211181402206420898e-01 5.765617370605468750e+00
1.898681521415710449e-01 5.767965793609619141e+00
6.398681998252868652e-01 5.770315170288085938e+00
4.148681461811065674e-01 5.772663116455078125e+00
8.648681640625000000e-01 5.775012016296386719e+00
3.023681640625000000e-01 5.777359962463378906e+00
7.523681521415710449e-01 5.779708862304687500e+00
5.273681879043579102e-01 5.782056808471679688e+00
9.773681759834289551e-01 5.784406185150146484e+00
1.195556670427322388e-01 5.786754608154296875e+00
5.695556402206420898e-01 5.789103031158447266e+00
3.445556461811065674e-01 5.791451454162597656e+00
7.945556640625000000e-01 5.793799877166748047e+00
2.320556640625000000e-01 5.796148300170898438e+00
6.820556521415710449e-01 5.798497200012207031e+00
4.570556581020355225e-01 5.800845623016357422e+00
9.070556759834289551e-01 5.803194046020507812e+00
1.758056581020355225e-01 5.805542469024658203e+00
6.258056759834289551e-01 5.807890892028808594e+00
4.008056521415710449e-01 5.810239315032958984e+00
8.508056402206420898e-01 5.812588214874267578e+00
2.883056700229644775e-01 5.814936637878417969e+00
7.383056879043579102e-01 5.817285060882568359e+00
5.133056640625000000e-01 5.819633483886718750e+00
9.633056521415710449e-01 5.821981906890869141e+00
1.476806700229644775e-01 5.824330329895019531e+00
5.976806879043579102e-01 5.826679229736328125e+00
3.726806640625000000e-01 5.829028129577636719e+00
8.226806521415710449e-01 5.831376075744628906e+00
2.601806521415710449e-01 5.833724975585937500e+00
7.101806998252868652e-01 5.836072921752929688e+00
4.851806461811065674e-01 5.838421821594238281e+00
9.351806640625000000e-01 5.840770721435546875e+00
2.039306610822677612e-01 5.843119144439697266e+00
6.539306640625000000e-01 5.845467567443847656e+00
4.289306402206420898e-01 5.847815990447998047e+00
8.789306879043579102e-01 5.850164413452148438e+00
3.164306581020355225e-01 5.852512836456298828e+00
7.664306759834289551e-01 5.854861259460449219e+00
5.414306521415710449e-01 5.857210159301757812e+00
9.914306402206420898e-01 5.859558582305908203e+00
1.125244125723838806e-01 5.861907005310058594e+00
5.625244379043579102e-01 5.864255428314208984e+00
3.375244140625000000e-01 5.866603851318359375e+00
7.875244021415710449e-01 5.868952274322509766e+00
2.250244021415710449e-01 5.871301174163818359e+00
6.750244498252868652e-01 5.873649597167968750e+00
4.500243961811065674e-01 5.875998020172119141e+00
9.000244140625000000e-01 5.878346443176269531e+00
1.687744110822677612e-01 5.880694866180419922e+00
6.187744140625000000e-01 5.883043289184570312e+00
3.937743902206420898e-01 5.885392189025878906e+00
8.437744379043579102e-01 5.887741088867187500e+00
2.812744081020355225e-01 5.890089035034179688e+00
7.312744259834289551e-01 5.892437934875488281e+00
5.062744021415710449e-01 5.894785881042480469e+00
9.562743902206420898e-01 5.897134780883789062e+00
1.406494081020355225e-01 5.899483680725097656e+00
5.906494259834289551e-01 5.901832103729248047e+00
3.656494021415710449e-01 5.904180526733398438e+00
8.156493902206420898e-01 5.906528949737548828e+00
2.531494200229644775e-01 5.908877372741699219e+00
7.031494379043579102e-01 5.911225795745849609e+00
4.781493842601776123e-01 5.913574695587158203e+00
9.281494021415710449e-01 5.915923118591308594e+00
1.968994140625000000e-01 5.918271541595458984e+00
6.468994021415710449e-01 5.920619964599609375e+00
4.218994081020355225e-01 5.922968387603759766e+00
8.718994259834289551e-01 5.925316810607910156e+00
3.093993961811065674e-01 5.927665710449218750e+00
7.593994140625000000e-01 5.930014133453369141e+00
5.343993902206420898e-01 5.932362556457519531e+00
9.843994379043579102e-01 5.934710979461669922e+00
1.265869140625000000e-01 5.937059402465820312e+00
5.765869021415710449e-01 5.939407825469970703e+00
3.515869081020355225e-01 5.941757202148437500e+00
8.015869259834289551e-01 5.944105148315429688e+00
2.390869259834289551e-01 5.946454048156738281e+00
6.890869140625000000e-01 5.948801994323730469e+00
4.640868902206420898e-01 5.951150894165039062e+00
9.140869379043579102e-01 5.953498840332031250e+00
1.828369200229644775e-01 5.955848217010498047e+00
6.328369379043579102e-01 5.958196640014648438e+00
4.078369140625000000e-01 5.960545063018798828e+00
8.578369021415710449e-01 5.962893486022949219e+00
2.953369021415710449e-01 5.965241909027099609e+00
7.453369498252868652e-01 5.967590332031250000e+00
5.203369259834289551e-01 5.969939231872558594e+00
9.703369140625000000e-01 5.972287654876708984e+00
1.547119170427322388e-01 5.974636077880859375e+00
6.047119498252868652e-01 5.976984500885009766e+00
3.797118961811065674e-01 5.979332923889160156e+00
8.297119140625000000e-01 5.981681346893310547e+00
2.672119140625000000e-01 5.984029769897460938e+00
7.172119021415710449e-01 5.986378669738769531e+00
4.922119081020355225e-01 5.988727092742919922e+00
9.422119259834289551e-01 5.991075515747070312e+00
2.109619081020355225e-01 5.993423938751220703e+00
6.609619259834289551e-01 5.995772361755371094e+00
4.359619021415710449e-01 5.998120784759521484e+00
8.859618902206420898e-01 6.000470161437988281e+00
3.234619200229644775e-01 6.002818107604980469e+00
7.734619379043579102e-01 6.005167007446289062e+00
5.484619140625000000e-01 6.007514953613281250e+00
9.984619021415710449e-01 6.009863853454589844e+00
1.010986343026161194e-01 6.012211799621582031e+00
5.510986447334289551e-01 6.014561176300048828e+00
3.260986208915710449e-01 6.016909599304199219e+00
7.760986089706420898e-01 6.019258022308349609e+00
2.135986387729644775e-01 6.021606445312500000e+00
6.635986566543579102e-01 6.023954868316650391e+00
4.385986030101776123e-01 6.026303291320800781e+00
8.885986208915710449e-01 6.028652191162109375e+00
1.573486328125000000e-01 6.031000614166259766e+00
6.073486208915710449e-01 6.033349037170410156e+00
3.823486268520355225e-01 6.035697460174560547e+00
8.323486447334289551e-01 6.038045883178710938e+00
2.698486149311065674e-01 6.040394306182861328e+00
7.198486328125000000e-01 6.042743206024169922e+00
4.948486089706420898e-01 6.045091629028320312e+00
9.448486566543579102e-01 6.047440052032470703e+00
1.292236298322677612e-01 6.049788475036621094e+00
5.792236328125000000e-01 6.052136898040771484e+00
3.542236089706420898e-01 6.054485321044921875e+00
8.042236566543579102e-01 6.056834220886230469e+00
2.417236268520355225e-01 6.059183120727539062e+00
6.917236447334289551e-01 6.061531066894531250e+00
4.667236208915710449e-01 6.063879966735839844e+00
9.167236089706420898e-01 6.066227912902832031e+00
1.854736208915710449e-01 6.068576812744140625e+00
6.354736685752868652e-01 6.070925712585449219e+00
4.104736149311065674e-01 6.073274135589599609e+00
8.604736328125000000e-01 6.075622558593750000e+00
2.979736328125000000e-01 6.077970981597900391e+00
7.479736208915710449e-01 6.080319404602050781e+00
5.229736566543579102e-01 6.082667827606201172e+00
9.729736447334289551e-01 6.085016727447509766e+00
1.151611357927322388e-01 6.087365150451660156e+00
5.651611089706420898e-01 6.089713573455810547e+00
3.401611149311065674e-01 6.092061996459960938e+00
7.901611328125000000e-01 6.094410419464111328e+00
2.276611328125000000e-01 6.096758842468261719e+00
6.776611208915710449e-01 6.099107265472412109e+00
4.526611268520355225e-01 6.101456165313720703e+00
9.026611447334289551e-01 6.103804588317871094e+00
1.714111268520355225e-01 6.106153011322021484e+00
6.214111447334289551e-01 6.108501434326171875e+00
3.964111208915710449e-01 6.110849857330322266e+00
8.464111089706420898e-01 6.113198280334472656e+00
2.839111387729644775e-01 6.115547180175781250e+00
7.339111566543579102e-01 6.117896080017089844e+00
5.089111328125000000e-01 6.120244026184082031e+00
9.589111208915710449e-01 6.122592926025390625e+00
1.432861387729644775e-01 6.124940872192382812e+00
5.932861566543579102e-01 6.127289772033691406e+00
3.682861328125000000e-01 6.129638671875000000e+00
8.182861208915710449e-01 6.131987094879150391e+00
2.557861208915710449e-01 6.134335517883300781e+00
7.057861685752868652e-01 6.136683940887451172e+00
4.807861149311065674e-01 6.139032363891601562e+00
9.307861328125000000e-01 6.141380786895751953e+00
1.995361298322677612e-01 6.143729686737060547e+00
6.495361328125000000e-01 6.146078109741210938e+00
4.245361089706420898e-01 6.148426532745361328e+00
8.745361566543579102e-01 6.150774955749511719e+00
3.120361268520355225e-01 6.153123378753662109e+00
7.620361447334289551e-01 6.155471801757812500e+00
5.370361208915710449e-01 6.157820701599121094e+00
9.870361089706420898e-01 6.160169124603271484e+00
1.081298813223838806e-01 6.162517547607421875e+00
5.581299066543579102e-01 6.164865970611572266e+00
3.331298828125000000e-01 6.167214393615722656e+00
7.831298708915710449e-01 6.169562816619873047e+00
2.206298708915710449e-01 6.171912193298339844e+00
6.706299185752868652e-01 6.174260139465332031e+00
4.456298649311065674e-01 6.176609039306640625e+00
8.956298828125000000e-01 6.178956985473632812e+00
1.643798798322677612e-01 6.181305885314941406e+00
6.143798828125000000e-01 6.183653831481933594e+00
3.893798589706420898e-01 6.186003208160400391e+00
8.393799066543579102e-01 6.188351631164550781e+00
2.768798768520355225e-01 6.190700054168701172e+00
7.268798947334289551e-01 6.193048477172851562e+00
5.018798708915710449e-01 6.195396900177001953e+00
9.518798589706420898e-01 6.197745323181152344e+00
1.362548768520355225e-01 6.200094223022460938e+00
5.862548947334289551e-01 6.202442646026611328e+00
3.612548708915710449e-01 6.204791069030761719e+00
8.112548589706420898e-01 6.207139492034912109e+00
2.487548887729644775e-01 6.209487915039062500e+00
6.987549066543579102e-01 6.211836338043212891e+00
4.737548530101776123e-01 6.214185237884521484e+00
9.237548708915710449e-01 6.216533660888671875e+00
1.925048828125000000e-01 6.218882083892822266e+00
6.425048708915710449e-01 6.221230506896972656e+00
4.175048768520355225e-01 6.223578929901123047e+00
8.675048947334289551e-01 6.225927352905273438e+00
3.050048649311065674e-01 6.228275775909423828e+00
7.550048828125000000e-01 6.230625152587890625e+00
5.300048589706420898e-01 6.232973098754882812e+00
9.800049066543579102e-01 6.235321998596191406e+00
1.221923828125000000e-01 6.237669944763183594e+00
5.721923708915710449e-01 6.240018844604492188e+00
3.471923768520355225e-01 6.242366790771484375e+00
7.971923947334289551e-01 6.244716167449951172e+00
2.346923947334289551e-01 6.247064590454101562e+00
6.846923828125000000e-01 6.249413013458251953e+00
4.596923589706420898e-01 6.251761436462402344e+00
9.096924066543579102e-01 6.254109859466552734e+00
1.784423887729644775e-01 6.256458282470703125e+00
6.284424066543579102e-01 6.258807182312011719e+00
4.034423828125000000e-01 6.261155605316162109e+00
8.534423708915710449e-01 6.263504028320312500e+00
2.909423708915710449e-01 6.265852451324462891e+00
7.409424185752868652e-01 6.268200874328613281e+00
5.159423947334289551e-01 6.270549297332763672e+00
9.659423828125000000e-01 6.272898197174072266e+00
1.503173857927322388e-01 6.275246620178222656e+00
6.003174185752868652e-01 6.277595043182373047e+00
3.753173649311065674e-01 6.279943466186523438e+00
8.253173828125000000e-01 6.282291889190673828e+00
2.628173828125000000e-01 6.284640312194824219e+00
7.128173708915710449e-01 6.286989212036132812e+00
4.878173768520355225e-01 6.289338111877441406e+00
9.378173947334289551e-01 6.291686058044433594e+00
2.065673768520355225e-01 6.294034957885742188e+00
6.565673947334289551e-01 6.296382904052734375e+00
4.315673708915710449e-01 6.298731803894042969e+00
8.815673589706420898e-01 6.301080703735351562e+00
3.190673887729644775e-01 6.303429126739501953e+00
7.690674066543579102e-01 6.305777549743652344e+00
5.440673828125000000e-01 6.308125972747802734e+00
9.940673708915710449e-01 6.310474395751953125e+00
1.046142578125000000e-01 6.312822818756103516e+00
5.546142458915710449e-01 6.315171718597412109e+00
3.296142518520355225e-01 6.317520141601562500e+00
7.796142697334289551e-01 6.319868564605712891e+00
2.171142548322677612e-01 6.322216987609863281e+00
6.671142578125000000e-01 6.324565410614013672e+00
4.421142339706420898e-01 6.326913833618164062e+00
8.921142816543579102e-01 6.329262733459472656e+00
1.608642637729644775e-01 6.331611156463623047e+00
6.108642816543579102e-01 6.333959579467773438e+00
3.858642578125000000e-01 6.336308002471923828e+00
8.358642458915710449e-01 6.338656425476074219e+00
2.733642458915710449e-01 6.341004848480224609e+00
7.233642935752868652e-01 6.343353271484375000e+00
4.983642399311065674e-01 6.345702171325683594e+00
9.483642578125000000e-01 6.348051071166992188e+00
1.327392607927322388e-01 6.350399017333984375e+00
5.827392339706420898e-01 6.352747917175292969e+00
3.577392399311065674e-01 6.355095863342285156e+00
8.077392578125000000e-01 6.357444763183593750e+00
2.452392578125000000e-01 6.359793663024902344e+00
6.952392458915710449e-01 6.362142086029052734e+00
4.702392518520355225e-01 6.364490509033203125e+00
9.202392697334289551e-01 6.366838932037353516e+00
1.889892518520355225e-01 6.369187355041503906e+00
6.389892697334289551e-01 6.371535778045654297e+00
4.139892458915710449e-01 6.373884677886962891e+00
8.639892339706420898e-01 6.376233100891113281e+00
3.014892637729644775e-01 6.378581523895263672e+00
7.514892816543579102e-01 6.380929946899414062e+00
5.264892578125000000e-01 6.383278369903564453e+00
9.764892458915710449e-01 6.385626792907714844e+00
1.186767593026161194e-01 6.387975692749023438e+00
5.686767697334289551e-01 6.390324115753173828e+00
3.436767458915710449e-01 6.392672538757324219e+00
7.936767339706420898e-01 6.395020961761474609e+00
2.311767637729644775e-01 6.397369384765625000e+00
6.811767816543579102e-01 6.399717807769775391e+00
4.561767280101776123e-01 6.402067184448242188e+00
9.061767458915710449e-01 6.404415130615234375e+00
1.749267578125000000e-01 6.406764030456542969e+00
6.249267458915710449e-01 6.409111976623535156e+00
3.999267518520355225e-01 6.411460876464843750e+00
8.499267697334289551e-01 6.413808822631835938e+00
2.874267399311065674e-01 6.416158199310302734e+00
7.374267578125000000e-01 6.418506622314453125e+00
5.124267339706420898e-01 6.420855045318603516e+00
9.624267816543579102e-01 6.423203468322753906e+00
1.468017548322677612e-01 6.425551891326904297e+00
5.968017578125000000e-01 6.427900314331054688e+00
3.718017339706420898e-01 6.430249214172363281e+00
8.218017816543579102e-01 6.432597637176513672e+00
2.593017518520355225e-01 6.434946060180664062e+00
7.093017697334289551e-01 6.437294483184814453e+00
4.843017458915710449e-01 6.439642906188964844e+00
9.343017339706420898e-01 6.441991329193115234e+00
2.030517458915710449e-01 6.444340229034423828e+00
6.530517935752868652e-01 6.446688652038574219e+00
4.280517399311065674e-01 6.449037075042724609e+00
8.780517578125000000e-01 6.451385498046875000e+00
3.155517578125000000e-01 6.453733921051025391e+00
7.655517458915710449e-01 6.456082344055175781e+00
5.405517816543579102e-01 6.458431243896484375e+00
9.905517697334289551e-01 6.460780143737792969e+00
1.116455048322677612e-01 6.463128089904785156e+00
5.616455078125000000e-01 6.465476989746093750e+00
3.366455137729644775e-01 6.467824935913085938e+00
7.866455316543579102e-01 6.470173835754394531e+00
2.241455018520355225e-01 6.472521781921386719e+00
6.741455197334289551e-01 6.474871158599853516e+00
4.491454958915710449e-01 6.477219581604003906e+00
8.991454839706420898e-01 6.479568004608154297e+00
1.678955107927322388e-01 6.481916427612304688e+00
6.178955435752868652e-01 6.484264850616455078e+00
3.928954899311065674e-01 6.486613273620605469e+00
8.428955078125000000e-01 6.488962173461914062e+00
2.803955078125000000e-01 6.491310596466064453e+00
7.303954958915710449e-01 6.493659019470214844e+00
5.053955316543579102e-01 6.496007442474365234e+00
9.553955197334289551e-01 6.498355865478515625e+00
1.397705078125000000e-01 6.500704288482666016e+00
5.897704958915710449e-01 6.503053188323974609e+00
3.647705018520355225e-01 6.505401611328125000e+00
8.147705197334289551e-01 6.507750034332275391e+00
2.522705197334289551e-01 6.510098457336425781e+00
7.022705078125000000e-01 6.512446880340576172e+00
4.772704839706420898e-01 6.514795303344726562e+00
9.272705316543579102e-01 6.517144203186035156e+00
1.960205137729644775e-01 6.519493103027343750e+00
6.460205316543579102e-01 6.521841049194335938e+00
4.210205078125000000e-01 6.524189949035644531e+00
8.710204958915710449e-01 6.526537895202636719e+00
3.085204958915710449e-01 6.528886795043945312e+00
7.585205435752868652e-01 6.531235694885253906e+00
5.335205197334289551e-01 6.533584117889404297e+00
9.835205078125000000e-01 6.535932540893554688e+00
1.257080137729644775e-01 6.538280963897705078e+00
5.757080316543579102e-01 6.540629386901855469e+00
3.507080078125000000e-01 6.542977809906005859e+00
8.007079958915710449e-01 6.545326709747314453e+00
2.382079958915710449e-01 6.547675132751464844e+00
6.882080435752868652e-01 6.550023555755615234e+00
4.632079899311065674e-01 6.552371978759765625e+00
9.132080078125000000e-01 6.554720401763916016e+00
1.819580048322677612e-01 6.557068824768066406e+00
6.319580078125000000e-01 6.559417724609375000e+00
4.069579839706420898e-01 6.561766147613525391e+00
8.569580316543579102e-01 6.564114570617675781e+00
2.944580018520355225e-01 6.566462993621826172e+00
7.444580197334289551e-01 6.568811416625976562e+00
5.194579958915710449e-01 6.571159839630126953e+00
9.694579839706420898e-01 6.573509216308593750e+00
1.538330018520355225e-01 6.575857162475585938e+00
6.038330197334289551e-01 6.578206062316894531e+00
3.788329958915710449e-01 6.580554008483886719e+00
8.288329839706420898e-01 6.582902908325195312e+00
2.663330137729644775e-01 6.585250854492187500e+00
7.163330316543579102e-01 6.587599754333496094e+00
4.913329780101776123e-01 6.589948654174804688e+00
9.413329958915710449e-01 6.592297077178955078e+00
2.100830078125000000e-01 6.594645500183105469e+00
6.600829958915710449e-01 6.596993923187255859e+00
4.350830018520355225e-01 6.599342346191406250e+00
8.850830197334289551e-01 6.601690769195556641e+00
3.225829899311065674e-01 6.604039669036865234e+00
7.725830078125000000e-01 6.606388092041015625e+00
5.475829839706420898e-01 6.608736515045166016e+00
9.975830316543579102e-01 6.611084938049316406e+00
1.028564497828483582e-01 6.613433361053466797e+00
5.528564453125000000e-01 6.615781784057617188e+00
3.278564512729644775e-01 6.618130683898925781e+00
7.778564691543579102e-01 6.620479106903076172e+00
2.153564393520355225e-01 6.622827529907226562e+00
6.653564572334289551e-01 6.625175952911376953e+00
4.403564333915710449e-01 6.627524375915527344e+00
8.903564214706420898e-01 6.629872798919677734e+00
1.591064482927322388e-01 6.632222175598144531e+00
6.091064810752868652e-01 6.634570121765136719e+00
3.841064274311065674e-01 6.636919021606445312e+00
8.341064453125000000e-01 6.639266967773437500e+00
2.716064453125000000e-01 6.641615867614746094e+00
7.216064333915710449e-01 6.643963813781738281e+00
4.966064393520355225e-01 6.646313190460205078e+00
9.466064572334289551e-01 6.648661613464355469e+00
1.309814453125000000e-01 6.651010036468505859e+00
5.809814333915710449e-01 6.653358459472656250e+00
3.559814393520355225e-01 6.655706882476806641e+00
8.059814572334289551e-01 6.658055305480957031e+00
2.434814572334289551e-01 6.660404205322265625e+00
6.934814453125000000e-01 6.662752628326416016e+00
4.684814214706420898e-01 6.665101051330566406e+00
9.184814691543579102e-01 6.667449474334716797e+00
1.872314512729644775e-01 6.669797897338867188e+00
6.372314691543579102e-01 6.672146320343017578e+00
4.122314453125000000e-01 6.674495220184326172e+00
8.622314333915710449e-01 6.676843643188476562e+00
2.997314333915710449e-01 6.679192066192626953e+00
7.497314810752868652e-01 6.681540489196777344e+00
5.247314572334289551e-01 6.683888912200927734e+00
9.747314453125000000e-01 6.686237335205078125e+00
1.169189438223838806e-01 6.688586235046386719e+00
5.669189691543579102e-01 6.690935134887695312e+00
3.419189453125000000e-01 6.693283081054687500e+00
7.919189333915710449e-01 6.695631980895996094e+00
2.294189333915710449e-01 6.697979927062988281e+00
6.794189810752868652e-01 6.700328826904296875e+00
4.544189274311065674e-01 6.702677726745605469e+00
9.044189453125000000e-01 6.705026149749755859e+00
1.731689423322677612e-01 6.707374572753906250e+00
6.231689453125000000e-01 6.709722995758056641e+00
3.981689214706420898e-01 6.712071418762207031e+00
8.481689691543579102e-01 6.714419841766357422e+00
2.856689393520355225e-01 6.716768264770507812e+00
7.356689572334289551e-01 6.719117164611816406e+00
5.106689333915710449e-01 6.721465587615966797e+00
9.606689214706420898e-01 6.723814010620117188e+00
1.450439393520355225e-01 6.726162433624267578e+00
5.950439572334289551e-01 6.728510856628417969e+00
3.700439333915710449e-01 6.730859279632568359e+00
8.200439214706420898e-01 6.733208179473876953e+00
2.575439512729644775e-01 6.735556602478027344e+00
7.075439691543579102e-01 6.737905025482177734e+00
4.825439155101776123e-01 6.740253448486328125e+00
9.325439333915710449e-01 6.742601871490478516e+00
2.012939453125000000e-01 6.744950294494628906e+00
6.512939333915710449e-01 6.747299194335937500e+00
4.262939393520355225e-01 6.749648094177246094e+00
8.762939572334289551e-01 6.751996040344238281e+00
3.137939274311065674e-01 6.754344940185546875e+00
7.637939453125000000e-01 6.756692886352539062e+00
5.387939214706420898e-01 6.759041786193847656e+00
9.887939691543579102e-01 6.761390686035156250e+00
1.098876968026161194e-01 6.763739109039306641e+00
5.598877072334289551e-01 6.766087532043457031e+00
3.348876833915710449e-01 6.768435955047607422e+00
7.848876714706420898e-01 6.770784378051757812e+00
2.223877012729644775e-01 6.773132801055908203e+00
6.723877191543579102e-01 6.775481700897216797e+00
4.473876655101776123e-01 6.777830123901367188e+00
8.973876833915710449e-01 6.780178546905517578e+00
1.661376953125000000e-01 6.782526969909667969e+00
6.161376833915710449e-01 6.784875392913818359e+00
3.911376893520355225e-01 6.787223815917968750e+00
8.411377072334289551e-01 6.789572715759277344e+00
2.786376774311065674e-01 6.791921138763427734e+00
7.286376953125000000e-01 6.794269561767578125e+00
5.036376714706420898e-01 6.796617984771728516e+00
9.536377191543579102e-01 6.798966407775878906e+00
1.380126923322677612e-01 6.801314830780029297e+00
5.880126953125000000e-01 6.803664207458496094e+00
3.630126714706420898e-01 6.806012153625488281e+00
8.130127191543579102e-01 6.808361053466796875e+00
2.505126893520355225e-01 6.810708999633789062e+00
7.005127072334289551e-01 6.813057899475097656e+00
4.755126833915710449e-01 6.815405845642089844e+00
9.255126714706420898e-01 6.817755222320556641e+00
1.942626833915710449e-01 6.820103645324707031e+00
6.442627310752868652e-01 6.822452068328857422e+00
4.192626774311065674e-01 6.824800491333007812e+00
8.692626953125000000e-01 6.827148914337158203e+00
3.067626953125000000e-01 6.829497337341308594e+00
7.567626833915710449e-01 6.831845760345458984e+00
5.317627191543579102e-01 6.834194660186767578e+00
9.817627072334289551e-01 6.836543083190917969e+00
1.239501982927322388e-01 6.838891506195068359e+00
5.739501714706420898e-01 6.841239929199218750e+00
3.489501774311065674e-01 6.843588352203369141e+00
7.989501953125000000e-01 6.845936775207519531e+00
2.364501953125000000e-01 6.848285675048828125e+00
6.864501833915710449e-01 6.850634098052978516e+00
4.614501893520355225e-01 6.852982521057128906e+00
9.114502072334289551e-01 6.855330944061279297e+00
1.802001893520355225e-01 6.857679367065429688e+00
6.302002072334289551e-01 6.860027790069580078e+00
4.052001833915710449e-01 6.862377166748046875e+00
8.552001714706420898e-01 6.864725112915039062e+00
2.927002012729644775e-01 6.867074012756347656e+00
7.427002191543579102e-01 6.869421958923339844e+00
5.177001953125000000e-01 6.871770858764648438e+00
9.677001833915710449e-01 6.874118804931640625e+00
1.520752012729644775e-01 6.876468181610107422e+00
6.020752191543579102e-01 6.878816604614257812e+00
3.770751953125000000e-01 6.881165027618408203e+00
8.270751833915710449e-01 6.883513450622558594e+00
2.645751833915710449e-01 6.885861873626708984e+00
7.145752310752868652e-01 6.888210296630859375e+00
4.895751774311065674e-01 6.890559196472167969e+00
9.395751953125000000e-01 6.892907619476318359e+00
2.083251923322677612e-01 6.895256042480468750e+00
6.583251953125000000e-01 6.897604465484619141e+00
4.333251714706420898e-01 6.899952888488769531e+00
8.833252191543579102e-01 6.902301311492919922e+00
3.208251893520355225e-01 6.904650211334228516e+00
7.708252072334289551e-01 6.906998634338378906e+00
5.458251833915710449e-01 6.909347057342529297e+00
9.958251714706420898e-01 6.911695480346679688e+00
1.063720732927322388e-01 6.914043903350830078e+00
5.563720464706420898e-01 6.916392326354980469e+00
3.313720524311065674e-01 6.918741226196289062e+00
7.813720703125000000e-01 6.921090126037597656e+00
2.188720703125000000e-01 6.923438072204589844e+00
6.688720583915710449e-01 6.925786972045898438e+00
4.438720643520355225e-01 6.928134918212890625e+00
8.938720822334289551e-01 6.930483818054199219e+00
1.626220643520355225e-01 6.932832717895507812e+00
6.126220822334289551e-01 6.935181140899658203e+00
3.876220583915710449e-01 6.937529563903808594e+00
8.376220464706420898e-01 6.939877986907958984e+00
2.751220762729644775e-01 6.942226409912109375e+00
7.251220941543579102e-01 6.944574832916259766e+00
5.001220703125000000e-01 6.946923732757568359e+00
9.501220583915710449e-01 6.949272155761718750e+00
1.344970762729644775e-01 6.951620578765869141e+00
5.844970941543579102e-01 6.953969001770019531e+00
3.594970703125000000e-01 6.956317424774169922e+00
8.094970583915710449e-01 6.958665847778320312e+00
2.469970583915710449e-01 6.961014270782470703e+00
6.969971060752868652e-01 6.963363170623779297e+00
4.719970524311065674e-01 6.965711593627929688e+00
9.219970703125000000e-01 6.968060016632080078e+00
1.907470673322677612e-01 6.970408439636230469e+00
6.407470703125000000e-01 6.972756862640380859e+00
4.157470464706420898e-01 6.975105285644531250e+00
8.657470941543579102e-01 6.977454185485839844e+00
3.032470643520355225e-01 6.979803085327148438e+00
7.532470822334289551e-01 6.982151031494140625e+00
5.282470583915710449e-01 6.984499931335449219e+00
9.782470464706420898e-01 6.986847877502441406e+00
1.204345673322677612e-01 6.989196777343750000e+00
5.704345703125000000e-01 6.991545677185058594e+00
3.454345762729644775e-01 6.993894100189208984e+00
7.954345941543579102e-01 6.996242523193359375e+00
2.329345643520355225e-01 6.998590946197509766e+00
6.829345822334289551e-01 7.000939369201660156e+00
4.579345583915710449e-01 7.003287792205810547e+00
9.079345464706420898e-01 7.005636692047119141e+00
1.766845732927322388e-01 7.007985115051269531e+00
6.266846060752868652e-01 7.010333538055419922e+00
4.016845524311065674e-01 7.012681961059570312e+00
8.516845703125000000e-01 7.015030384063720703e+00
2.891845703125000000e-01 7.017378807067871094e+00
7.391845583915710449e-01 7.019727706909179688e+00
5.141845941543579102e-01 7.022076129913330078e+00
9.641845822334289551e-01 7.024424552917480469e+00
1.485595703125000000e-01 7.026772975921630859e+00
5.985595583915710449e-01 7.029121398925781250e+00
3.735595643520355225e-01 7.031469821929931641e+00
8.235595822334289551e-01 7.033819198608398438e+00
2.610595822334289551e-01 7.036167144775390625e+00
7.110595703125000000e-01 7.038516044616699219e+00
4.860595464706420898e-01 7.040863990783691406e+00
9.360595941543579102e-01 7.043212890625000000e+00
2.048095762729644775e-01 7.045560836791992188e+00
6.548095941543579102e-01 7.047910213470458984e+00
4.298095703125000000e-01 7.050258636474609375e+00
8.798095583915710449e-01 7.052607059478759766e+00
3.173095583915710449e-01 7.054955482482910156e+00
7.673096060752868652e-01 7.057303905487060547e+00
5.423095822334289551e-01 7.059652328491210938e+00
9.923095703125000000e-01 7.062001228332519531e+00
1.134033203125000000e-01 7.064349651336669922e+00
5.634033083915710449e-01 7.066698074340820312e+00
3.384033143520355225e-01 7.069046497344970703e+00
7.884033322334289551e-01 7.071394920349121094e+00
2.259033322334289551e-01 7.073743343353271484e+00
6.759033203125000000e-01 7.076091766357421875e+00
4.509032964706420898e-01 7.078440666198730469e+00
9.009033441543579102e-01 7.080789089202880859e+00
1.696533262729644775e-01 7.083137512207031250e+00
6.196533441543579102e-01 7.085485935211181641e+00
3.946533203125000000e-01 7.087834358215332031e+00
8.446533083915710449e-01 7.090182781219482422e+00
2.821533083915710449e-01 7.092532157897949219e+00
7.321533560752868652e-01 7.094880104064941406e+00
5.071533322334289551e-01 7.097229003906250000e+00
9.571533203125000000e-01 7.099576950073242188e+00
1.415283232927322388e-01 7.101925849914550781e+00
5.915282964706420898e-01 7.104273796081542969e+00
3.665283024311065674e-01 7.106623172760009766e+00
8.165283203125000000e-01 7.108971595764160156e+00
2.540283203125000000e-01 7.111320018768310547e+00
7.040283083915710449e-01 7.113668441772460938e+00
4.790283143520355225e-01 7.116016864776611328e+00
9.290283322334289551e-01 7.118365287780761719e+00
1.977783143520355225e-01 7.120714187622070312e+00
6.477783322334289551e-01 7.123062610626220703e+00
4.227783083915710449e-01 7.125411033630371094e+00
8.727782964706420898e-01 7.127759456634521484e+00
3.102783262729644775e-01 7.130107879638671875e+00
7.602783441543579102e-01 7.132456302642822266e+00
5.352783203125000000e-01 7.134805202484130859e+00
9.852783083915710449e-01 7.137153625488281250e+00
1.274658143520355225e-01 7.139502048492431641e+00
5.774658322334289551e-01 7.141850471496582031e+00
3.524658083915710449e-01 7.144198894500732422e+00
8.024657964706420898e-01 7.146547317504882812e+00
2.399658262729644775e-01 7.148896217346191406e+00
6.899658441543579102e-01 7.151245117187500000e+00
4.649657905101776123e-01 7.153593063354492188e+00
9.149658083915710449e-01 7.155941963195800781e+00
1.837158203125000000e-01 7.158289909362792969e+00
6.337158083915710449e-01 7.160638809204101562e+00
4.087158143520355225e-01 7.162987709045410156e+00
8.587158322334289551e-01 7.165336132049560547e+00
2.962158024311065674e-01 7.167684555053710938e+00
7.462158203125000000e-01 7.170032978057861328e+00
5.212157964706420898e-01 7.172381401062011719e+00
9.712158441543579102e-01 7.174729824066162109e+00
1.555908173322677612e-01 7.177078723907470703e+00
6.055908203125000000e-01 7.179427146911621094e+00
3.805907964706420898e-01 7.181775569915771484e+00
8.305908441543579102e-01 7.184123992919921875e+00
2.680908143520355225e-01 7.186472415924072266e+00
7.180908322334289551e-01 7.188820838928222656e+00
4.930908083915710449e-01 7.191169738769531250e+00
9.430907964706420898e-01 7.193518161773681641e+00
2.118408083915710449e-01 7.195866584777832031e+00
6.618408560752868652e-01 7.198215007781982422e+00
4.368408024311065674e-01 7.200563430786132812e+00
8.868408203125000000e-01 7.202911853790283203e+00
3.243408203125000000e-01 7.205260276794433594e+00
7.743408083915710449e-01 7.207609176635742188e+00
5.493408441543579102e-01 7.209958076477050781e+00
9.993408322334289551e-01 7.212306022644042969e+00
1.006591841578483582e-01 7.214654922485351562e+00
5.506591796875000000e-01 7.217002868652343750e+00
3.256591856479644775e-01 7.219351768493652344e+00
7.756592035293579102e-01 7.221700668334960938e+00
2.131591737270355225e-01 7.224049091339111328e+00
6.631591916084289551e-01 7.226397514343261719e+00
4.381591677665710449e-01 7.228745937347412109e+00
8.881591558456420898e-01 7.231094360351562500e+00
1.569091826677322388e-01 7.233442783355712891e+00
6.069092154502868652e-01 7.235791683197021484e+00
3.819091618061065674e-01 7.238140106201171875e+00
8.319091796875000000e-01 7.240488529205322266e+00
2.694091796875000000e-01 7.242836952209472656e+00
7.194091677665710449e-01 7.245185375213623047e+00
4.944091737270355225e-01 7.247533798217773438e+00
9.444091916084289551e-01 7.249882698059082031e+00
1.287841796875000000e-01 7.252231121063232422e+00
5.787841677665710449e-01 7.254579544067382812e+00
3.537841737270355225e-01 7.256927967071533203e+00
8.037841916084289551e-01 7.259276390075683594e+00
2.412841916084289551e-01 7.261624813079833984e+00
6.912841796875000000e-01 7.263974189758300781e+00
4.662841558456420898e-01 7.266322135925292969e+00
9.162842035293579102e-01 7.268671035766601562e+00
1.850341856479644775e-01 7.271018981933593750e+00
6.350342035293579102e-01 7.273367881774902344e+00
4.100341796875000000e-01 7.275715827941894531e+00
8.600341677665710449e-01 7.278065204620361328e+00
2.975341677665710449e-01 7.280413627624511719e+00
7.475342154502868652e-01 7.282762050628662109e+00
5.225341916084289551e-01 7.285110473632812500e+00
9.725341796875000000e-01 7.287458896636962891e+00
1.147216781973838806e-01 7.289807319641113281e+00
5.647217035293579102e-01 7.292156219482421875e+00
3.397216796875000000e-01 7.294504642486572266e+00
7.897216677665710449e-01 7.296853065490722656e+00
2.272216677665710449e-01 7.299201488494873047e+00
6.772217154502868652e-01 7.301549911499023438e+00
4.522216618061065674e-01 7.303898334503173828e+00
9.022216796875000000e-01 7.306247234344482422e+00
1.709716767072677612e-01 7.308595657348632812e+00
6.209716796875000000e-01 7.310944080352783203e+00
3.959716558456420898e-01 7.313292503356933594e+00
8.459717035293579102e-01 7.315640926361083984e+00
2.834716737270355225e-01 7.317989349365234375e+00
7.334716916084289551e-01 7.320337772369384766e+00
5.084716677665710449e-01 7.322687149047851562e+00
9.584716558456420898e-01 7.325035095214843750e+00
1.428466737270355225e-01 7.327383995056152344e+00
5.928466916084289551e-01 7.329731941223144531e+00
3.678466677665710449e-01 7.332080841064453125e+00
8.178466558456420898e-01 7.334428787231445312e+00
2.553466856479644775e-01 7.336778163909912109e+00
7.053467035293579102e-01 7.339126586914062500e+00
4.803466498851776123e-01 7.341475009918212891e+00
9.303466677665710449e-01 7.343823432922363281e+00
1.990966796875000000e-01 7.346171855926513672e+00
6.490966677665710449e-01 7.348520278930664062e+00
4.240966737270355225e-01 7.350869178771972656e+00
8.740966916084289551e-01 7.353217601776123047e+00
3.115966618061065674e-01 7.355566024780273438e+00
7.615966796875000000e-01 7.357914447784423828e+00
5.365966558456420898e-01 7.360262870788574219e+00
9.865967035293579102e-01 7.362611293792724609e+00
1.076904311776161194e-01 7.364960193634033203e+00
5.576904416084289551e-01 7.367308616638183594e+00
3.326904177665710449e-01 7.369657039642333984e+00
7.826904058456420898e-01 7.372005462646484375e+00
2.201904356479644775e-01 7.374353885650634766e+00
6.701904535293579102e-01 7.376702308654785156e+00
4.451903998851776123e-01 7.379051208496093750e+00
8.951904177665710449e-01 7.381400108337402344e+00
1.639404296875000000e-01 7.383748054504394531e+00
6.139404177665710449e-01 7.386096954345703125e+00
3.889404237270355225e-01 7.388444900512695312e+00
8.389404416084289551e-01 7.390793800354003906e+00
2.764404118061065674e-01 7.393142700195312500e+00
7.264404296875000000e-01 7.395491123199462891e+00
5.014404058456420898e-01 7.397839546203613281e+00
9.514404535293579102e-01 7.400187969207763672e+00
1.358154267072677612e-01 7.402536392211914062e+00
5.858154296875000000e-01 7.404884815216064453e+00
3.608154058456420898e-01 7.407233715057373047e+00
8.108154535293579102e-01 7.409582138061523438e+00
2.483154237270355225e-01 7.411930561065673828e+00
6.983154416084289551e-01 7.414278984069824219e+00
4.733154177665710449e-01 7.416627407073974609e+00
9.233154058456420898e-01 7.418975830078125000e+00
1.920654177665710449e-01 7.421324729919433594e+00
6.420654654502868652e-01 7.423673152923583984e+00
4.170654118061065674e-01 7.426021575927734375e+00
8.670654296875000000e-01 7.428369998931884766e+00
3.045654296875000000e-01 7.430718421936035156e+00
7.545654177665710449e-01 7.433066844940185547e+00
5.295654535293579102e-01 7.435416221618652344e+00
9.795654416084289551e-01 7.437764167785644531e+00
1.217529326677322388e-01 7.440113067626953125e+00
5.717529058456420898e-01 7.442461013793945312e+00
3.467529118061065674e-01 7.444809913635253906e+00
7.967529296875000000e-01 7.447157859802246094e+00
2.342529296875000000e-01 7.449506759643554688e+00
6.842529177665710449e-01 7.451855659484863281e+00
4.592529237270355225e-01 7.454204082489013672e+00
9.092529416084289551e-01 7.456552505493164062e+00
1.780029237270355225e-01 7.458900928497314453e+00
6.280029416084289551e-01 7.461249351501464844e+00
4.030029177665710449e-01 7.463597774505615234e+00
8.530029058456420898e-01 7.465946674346923828e+00
2.905029356479644775e-01 7.468295097351074219e+00
7.405029535293579102e-01 7.470643520355224609e+00
5.155029296875000000e-01 7.472991943359375000e+00
9.655029177665710449e-01 7.475340366363525391e+00
1.498779356479644775e-01 7.477688789367675781e+00
5.998779535293579102e-01 7.480037689208984375e+00
3.748779296875000000e-01 7.482386112213134766e+00
8.248779177665710449e-01 7.484734535217285156e+00
2.623779177665710449e-01 7.487082958221435547e+00
7.123779654502868652e-01 7.489431381225585938e+00
4.873779118061065674e-01 7.491779804229736328e+00
9.373779296875000000e-01 7.494129180908203125e+00
2.061279267072677612e-01 7.496477127075195312e+00
6.561279296875000000e-01 7.498826026916503906e+00
4.311279058456420898e-01 7.501173973083496094e+00
8.811279535293579102e-01 7.503522872924804688e+00
3.186279237270355225e-01 7.505870819091796875e+00
7.686279416084289551e-01 7.508220195770263672e+00
5.436279177665710449e-01 7.510568618774414062e+00
9.936279058456420898e-01 7.512917041778564453e+00
1.041748076677322388e-01 7.515265464782714844e+00
5.541747808456420898e-01 7.517613887786865234e+00
3.291747868061065674e-01 7.519962310791015625e+00
7.791748046875000000e-01 7.522311210632324219e+00
2.166748046875000000e-01 7.524659633636474609e+00
6.666747927665710449e-01 7.527008056640625000e+00
4.416747987270355225e-01 7.529356479644775391e+00
8.916748166084289551e-01 7.531704902648925781e+00
1.604247987270355225e-01 7.534053325653076172e+00
6.104248166084289551e-01 7.536402225494384766e+00
3.854247927665710449e-01 7.538750648498535156e+00
8.354247808456420898e-01 7.541099071502685547e+00
2.729248106479644775e-01 7.543447494506835938e+00
7.229248285293579102e-01 7.545795917510986328e+00
4.979247748851776123e-01 7.548144340515136719e+00
9.479247927665710449e-01 7.550493240356445312e+00
1.322998106479644775e-01 7.552842140197753906e+00
5.822998285293579102e-01 7.555190086364746094e+00
3.572998046875000000e-01 7.557538986206054688e+00
8.072997927665710449e-01 7.559886932373046875e+00
2.447997927665710449e-01 7.562235832214355469e+00
6.947998404502868652e-01 7.564583778381347656e+00
4.697997868061065674e-01 7.566933155059814453e+00
9.197998046875000000e-01 7.569281578063964844e+00
1.885498017072677612e-01 7.571630001068115234e+00
6.385498046875000000e-01 7.573978424072265625e+00
4.135497808456420898e-01 7.576326847076416016e+00
8.635498285293579102e-01 7.578675270080566406e+00
3.010497987270355225e-01 7.581024169921875000e+00
7.510498166084289551e-01 7.583372592926025391e+00
5.260497927665710449e-01 7.585721015930175781e+00
9.760497808456420898e-01 7.588069438934326172e+00
1.182373017072677612e-01 7.590417861938476562e+00
5.682373046875000000e-01 7.592766284942626953e+00
3.432373106479644775e-01 7.595115184783935547e+00
7.932373285293579102e-01 7.597463607788085938e+00
2.307372987270355225e-01 7.599812030792236328e+00
6.807373166084289551e-01 7.602160453796386719e+00
4.557372927665710449e-01 7.604508876800537109e+00
9.057372808456420898e-01 7.606857299804687500e+00
1.744873076677322388e-01 7.609206199645996094e+00
6.244873404502868652e-01 7.611555099487304688e+00
3.994872868061065674e-01 7.613903045654296875e+00
8.494873046875000000e-01 7.616251945495605469e+00
2.869873046875000000e-01 7.618599891662597656e+00
7.369872927665710449e-01 7.620948791503906250e+00
5.119873285293579102e-01 7.623297691345214844e+00
9.619873166084289551e-01 7.625646114349365234e+00
1.463623046875000000e-01 7.627994537353515625e+00
5.963622927665710449e-01 7.630342960357666016e+00
3.713622987270355225e-01 7.632691383361816406e+00
8.213623166084289551e-01 7.635039806365966797e+00
2.588623166084289551e-01 7.637388706207275391e+00
7.088623046875000000e-01 7.639737129211425781e+00
4.838622808456420898e-01 7.642085552215576172e+00
9.338623285293579102e-01 7.644433975219726562e+00
2.026123106479644775e-01 7.646782398223876953e+00
6.526123285293579102e-01 7.649130821228027344e+00
4.276123046875000000e-01 7.651479721069335938e+00
8.776122927665710449e-01 7.653828144073486328e+00
3.151122927665710449e-01 7.656176567077636719e+00
7.651123404502868652e-01 7.658524990081787109e+00
5.401123166084289551e-01 7.660873413085937500e+00
9.901123046875000000e-01 7.663221836090087891e+00
1.112060546875000000e-01 7.665571212768554688e+00
5.612060427665710449e-01 7.667919158935546875e+00
3.362060487270355225e-01 7.670268058776855469e+00
7.862060666084289551e-01 7.672616004943847656e+00
2.237060517072677612e-01 7.674964904785156250e+00
6.737060546875000000e-01 7.677312850952148438e+00
4.487060308456420898e-01 7.679662227630615234e+00
8.987060785293579102e-01 7.682010650634765625e+00
1.674560606479644775e-01 7.684359073638916016e+00
6.174560785293579102e-01 7.686707496643066406e+00
3.924560546875000000e-01 7.689055919647216797e+00
8.424560427665710449e-01 7.691404342651367188e+00
2.799560427665710449e-01 7.693752765655517578e+00
7.299560904502868652e-01 7.696101665496826172e+00
5.049560666084289551e-01 7.698450088500976562e+00
9.549560546875000000e-01 7.700798511505126953e+00
1.393310576677322388e-01 7.703146934509277344e+00
5.893310308456420898e-01 7.705495357513427734e+00
3.643310368061065674e-01 7.707843780517578125e+00
8.143310546875000000e-01 7.710192680358886719e+00
2.518310546875000000e-01 7.712541103363037109e+00
7.018310427665710449e-01 7.714889526367187500e+00
4.768310487270355225e-01 7.717237949371337891e+00
9.268310666084289551e-01 7.719586372375488281e+00
1.955810487270355225e-01 7.721934795379638672e+00
6.455810666084289551e-01 7.724284172058105469e+00
4.205810427665710449e-01 7.726632118225097656e+00
8.705810308456420898e-01 7.728981018066406250e+00
3.080810606479644775e-01 7.731328964233398438e+00
7.580810785293579102e-01 7.733677864074707031e+00
5.330810546875000000e-01 7.736025810241699219e+00
9.830810427665710449e-01 7.738375186920166016e+00
1.252685487270355225e-01 7.740723609924316406e+00
5.752685666084289551e-01 7.743072032928466797e+00
3.502685427665710449e-01 7.745420455932617188e+00
8.002685308456420898e-01 7.747768878936767578e+00
2.377685606479644775e-01 7.750117301940917969e+00
6.877685785293579102e-01 7.752466201782226562e+00
4.627685248851776123e-01 7.754814624786376953e+00
9.127685427665710449e-01 7.757163047790527344e+00
1.815185546875000000e-01 7.759511470794677734e+00
6.315185427665710449e-01 7.761859893798828125e+00
4.065185487270355225e-01 7.764208316802978516e+00
8.565185666084289551e-01 7.766557216644287109e+00
2.940185368061065674e-01 7.768905639648437500e+00
7.440185546875000000e-01 7.771254062652587891e+00
5.190185308456420898e-01 7.773602485656738281e+00
9.690185785293579102e-01 7.775950908660888672e+00
1.533935517072677612e-01 7.778299331665039062e+00
6.033935546875000000e-01 7.780648231506347656e+00
3.783935308456420898e-01 7.782997131347656250e+00
8.283935785293579102e-01 7.785345077514648438e+00
2.658935487270355225e-01 7.787693977355957031e+00
7.158935666084289551e-01 7.790041923522949219e+00
4.908935427665710449e-01 7.792390823364257812e+00
9.408935308456420898e-01 7.794739723205566406e+00
2.096435427665710449e-01 7.797088146209716797e+00
6.596435904502868652e-01 7.799436569213867188e+00
4.346435368061065674e-01 7.801784992218017578e+00
8.846435546875000000e-01 7.804133415222167969e+00
3.221435546875000000e-01 7.806481838226318359e+00
7.721435427665710449e-01 7.808830261230468750e+00
5.471435785293579102e-01 7.811179161071777344e+00
9.971435666084289551e-01 7.813527584075927734e+00
1.024169921875000000e-01 7.815876007080078125e+00
5.524169802665710449e-01 7.818224430084228516e+00
3.274169862270355225e-01 7.820572853088378906e+00
7.774170041084289551e-01 7.822921276092529297e+00
2.149169892072677612e-01 7.825270175933837891e+00
6.649169921875000000e-01 7.827618598937988281e+00
4.399169683456420898e-01 7.829967021942138672e+00
8.899170160293579102e-01 7.832315444946289062e+00
1.586669981479644775e-01 7.834663867950439453e+00
6.086670160293579102e-01 7.837012290954589844e+00
3.836669921875000000e-01 7.839361190795898438e+00
8.336669802665710449e-01 7.841710090637207031e+00
2.711669802665710449e-01 7.844058036804199219e+00
7.211670279502868652e-01 7.846406936645507812e+00
4.961669743061065674e-01 7.848754882812500000e+00
9.461669921875000000e-01 7.851103782653808594e+00
1.305419951677322388e-01 7.853452682495117188e+00
5.805419683456420898e-01 7.855801105499267578e+00
3.555419743061065674e-01 7.858149528503417969e+00
8.055419921875000000e-01 7.860497951507568359e+00
2.430419921875000000e-01 7.862846374511718750e+00
6.930419802665710449e-01 7.865194797515869141e+00
4.680419862270355225e-01 7.867543697357177734e+00
9.180420041084289551e-01 7.869892120361328125e+00
1.867919862270355225e-01 7.872240543365478516e+00
6.367920041084289551e-01 7.874588966369628906e+00
4.117919802665710449e-01 7.876937389373779297e+00
8.617919683456420898e-01 7.879285812377929688e+00
2.992919981479644775e-01 7.881634712219238281e+00
7.492920160293579102e-01 7.883983135223388672e+00
5.242919921875000000e-01 7.886331558227539062e+00
9.742919802665710449e-01 7.888679981231689453e+00
1.164794936776161194e-01 7.891028404235839844e+00
5.664795041084289551e-01 7.893376827239990234e+00
3.414794802665710449e-01 7.895726203918457031e+00
7.914794683456420898e-01 7.898074150085449219e+00
2.289794981479644775e-01 7.900423049926757812e+00
6.789795160293579102e-01 7.902770996093750000e+00
4.539794623851776123e-01 7.905119895935058594e+00
9.039794802665710449e-01 7.907467842102050781e+00
1.727294921875000000e-01 7.909817218780517578e+00
6.227294802665710449e-01 7.912165641784667969e+00
3.977294862270355225e-01 7.914514064788818359e+00
8.477295041084289551e-01 7.916862487792968750e+00
2.852294743061065674e-01 7.919210910797119141e+00
7.352294921875000000e-01 7.921559333801269531e+00
5.102294683456420898e-01 7.923908233642578125e+00
9.602295160293579102e-01 7.926256656646728516e+00
1.446044892072677612e-01 7.928605079650878906e+00
5.946044921875000000e-01 7.930953502655029297e+00
3.696044683456420898e-01 7.933301925659179688e+00
8.196045160293579102e-01 7.935650348663330078e+00
2.571044862270355225e-01 7.937998771667480469e+00
7.071045041084289551e-01 7.940347671508789062e+00
4.821044802665710449e-01 7.942696094512939453e+00
9.321044683456420898e-01 7.945044517517089844e+00
2.008544802665710449e-01 7.947392940521240234e+00
6.508545279502868652e-01 7.949741363525390625e+00
4.258544743061065674e-01 7.952089786529541016e+00
8.758544921875000000e-01 7.954439163208007812e+00
3.133544921875000000e-01 7.956787109375000000e+00
7.633544802665710449e-01 7.959136009216308594e+00
5.383545160293579102e-01 7.961483955383300781e+00
9.883545041084289551e-01 7.963832855224609375e+00
1.094482466578483582e-01 7.966180801391601562e+00
5.594482421875000000e-01 7.968530178070068359e+00
3.344482481479644775e-01 7.970878601074218750e+00
7.844482660293579102e-01 7.973227024078369141e+00
2.219482362270355225e-01 7.975575447082519531e+00
6.719482541084289551e-01 7.977923870086669922e+00
4.469482302665710449e-01 7.980272293090820312e+00
8.969482183456420898e-01 7.982621192932128906e+00
1.656982451677322388e-01 7.984969615936279297e+00
6.156982779502868652e-01 7.987318038940429688e+00
3.906982243061065674e-01 7.989666461944580078e+00
8.406982421875000000e-01 7.992014884948730469e+00
2.781982421875000000e-01 7.994363307952880859e+00
7.281982302665710449e-01 7.996712207794189453e+00
5.031982660293579102e-01 7.999060630798339844e+00
9.531982541084289551e-01 8.001409530639648438e+00
1.375732421875000000e-01 8.003757476806640625e+00
5.875732302665710449e-01 8.006106376647949219e+00
3.625732362270355225e-01 8.008454322814941406e+00
8.125732541084289551e-01 8.010803222656250000e+00
2.500732541084289551e-01 8.013152122497558594e+00
7.000732421875000000e-01 8.015500068664550781e+00
4.750732183456420898e-01 8.017848968505859375e+00
9.250732660293579102e-01 8.020196914672851562e+00
1.938232481479644775e-01 8.022545814514160156e+00
6.438232660293579102e-01 8.024894714355468750e+00
4.188232421875000000e-01 8.027242660522460938e+00
8.688232302665710449e-01 8.029591560363769531e+00
3.063232302665710449e-01 8.031939506530761719e+00
7.563232779502868652e-01 8.034288406372070312e+00
5.313232541084289551e-01 8.036636352539062500e+00
9.813232421875000000e-01 8.038986206054687500e+00
1.235107406973838806e-01 8.041334152221679688e+00
5.735107660293579102e-01 8.043682098388671875e+00
3.485107421875000000e-01 8.046030998229980469e+00
7.985107302665710449e-01 8.048379898071289062e+00
2.360107302665710449e-01 8.050727844238281250e+00
6.860107779502868652e-01 8.053075790405273438e+00
4.610107243061065674e-01 8.055425643920898438e+00
9.110107421875000000e-01 8.057773590087890625e+00
1.797607392072677612e-01 8.060122489929199219e+00
6.297607421875000000e-01 8.062470436096191406e+00
4.047607183456420898e-01 8.064819335937500000e+00
8.547607660293579102e-01 8.067167282104492188e+00
2.922607362270355225e-01 8.069516181945800781e+00
7.422607541084289551e-01 8.071865081787109375e+00
5.172607302665710449e-01 8.074213027954101562e+00
9.672607183456420898e-01 8.076561927795410156e+00
1.516357362270355225e-01 8.078909873962402344e+00
6.016357541084289551e-01 8.081258773803710938e+00
3.766357302665710449e-01 8.083607673645019531e+00
8.266357183456420898e-01 8.085955619812011719e+00
2.641357481479644775e-01 8.088304519653320312e+00
7.141357660293579102e-01 8.090652465820312500e+00
4.891357123851776123e-01 8.093001365661621094e+00
9.391357302665710449e-01 8.095349311828613281e+00
2.078857421875000000e-01 8.097698211669921875e+00
6.578857302665710449e-01 8.100047111511230469e+00
4.328857362270355225e-01 8.102396011352539062e+00
8.828857541084289551e-01 8.104743957519531250e+00
3.203857243061065674e-01 8.107091903686523438e+00
7.703857421875000000e-01 8.109440803527832031e+00
5.453857183456420898e-01 8.111789703369140625e+00
9.953857660293579102e-01 8.114138603210449219e+00
1.059326156973838806e-01 8.116486549377441406e+00
5.559326410293579102e-01 8.118835449218750000e+00
3.309326171875000000e-01 8.121183395385742188e+00
7.809326052665710449e-01 8.123532295227050781e+00
2.184326052665710449e-01 8.125881195068359375e+00
6.684326529502868652e-01 8.128229141235351562e+00
4.434325993061065674e-01 8.130578041076660156e+00
8.934326171875000000e-01 8.132925987243652344e+00
1.621826142072677612e-01 8.135274887084960938e+00
6.121826171875000000e-01 8.137622833251953125e+00
3.871825933456420898e-01 8.139971733093261719e+00
8.371826410293579102e-01 8.142320632934570312e+00
2.746826112270355225e-01 8.144668579101562500e+00
7.246826291084289551e-01 8.147017478942871094e+00
4.996826052665710449e-01 8.149365425109863281e+00
9.496825933456420898e-01 8.151714324951171875e+00
1.340576112270355225e-01 8.154063224792480469e+00
5.840576291084289551e-01 8.156412124633789062e+00
3.590576052665710449e-01 8.158760070800781250e+00
8.090575933456420898e-01 8.161108016967773438e+00
2.465576231479644775e-01 8.163456916809082031e+00
6.965576410293579102e-01 8.165805816650390625e+00
4.715575873851776123e-01 8.168154716491699219e+00
9.215576052665710449e-01 8.170502662658691406e+00
1.903076171875000000e-01 8.172851562500000000e+00
6.403076052665710449e-01 8.175199508666992188e+00
4.153076112270355225e-01 8.177548408508300781e+00
8.653076291084289551e-01 8.179896354675292969e+00
3.028075993061065674e-01 8.182245254516601562e+00
7.528076171875000000e-01 8.184594154357910156e+00
5.278075933456420898e-01 8.186942100524902344e+00
9.778076410293579102e-01 8.189291000366210938e+00
1.199951171875000000e-01 8.191638946533203125e+00
5.699951052665710449e-01 8.193987846374511719e+00
3.449951112270355225e-01 8.196335792541503906e+00
7.949951291084289551e-01 8.198684692382812500e+00
2.324951291084289551e-01 8.201033592224121094e+00
6.824951171875000000e-01 8.203381538391113281e+00
4.574950933456420898e-01 8.205730438232421875e+00
9.074951410293579102e-01 8.208078384399414062e+00
1.762451231479644775e-01 8.210427284240722656e+00
6.262451410293579102e-01 8.212776184082031250e+00
4.012451171875000000e-01 8.215124130249023438e+00
8.512451052665710449e-01 8.217473030090332031e+00
2.887451052665710449e-01 8.219821929931640625e+00
7.387451529502868652e-01 8.222169876098632812e+00
5.137451291084289551e-01 8.224517822265625000e+00
9.637451171875000000e-01 8.226867675781250000e+00
1.481201201677322388e-01 8.229215621948242188e+00
5.981200933456420898e-01 8.231564521789550781e+00
3.731200993061065674e-01 8.233912467956542969e+00
8.231201171875000000e-01 8.236261367797851562e+00
2.606201171875000000e-01 8.238609313964843750e+00
7.106201052665710449e-01 8.240958213806152344e+00
4.856201112270355225e-01 8.243307113647460938e+00
9.356201291084289551e-01 8.245655059814453125e+00
2.043701112270355225e-01 8.248003959655761719e+00
6.543701291084289551e-01 8.250351905822753906e+00
4.293701052665710449e-01 8.252700805664062500e+00
8.793700933456420898e-01 8.255049705505371094e+00
3.168701231479644775e-01 8.257397651672363281e+00
7.668701410293579102e-01 8.259746551513671875e+00
5.418701171875000000e-01 8.262094497680664062e+00
9.918701052665710449e-01 8.264443397521972656e+00
1.129638701677322388e-01 8.266791343688964844e+00
5.629638433456420898e-01 8.269140243530273438e+00
3.379638493061065674e-01 8.271489143371582031e+00
7.879638671875000000e-01 8.273838043212890625e+00
2.254638671875000000e-01 8.276185989379882812e+00
6.754638552665710449e-01 8.278533935546875000e+00
4.504638612270355225e-01 8.280882835388183594e+00
9.004638791084289551e-01 8.283231735229492188e+00
1.692138612270355225e-01 8.285580635070800781e+00
6.192138791084289551e-01 8.287928581237792969e+00
3.942138552665710449e-01 8.290277481079101562e+00
8.442138433456420898e-01 8.292625427246093750e+00
2.817138731479644775e-01 8.294974327087402344e+00
7.317138910293579102e-01 8.297322273254394531e+00
5.067138671875000000e-01 8.299671173095703125e+00
9.567138552665710449e-01 8.302020072937011719e+00
1.410888731479644775e-01 8.304368019104003906e+00
5.910888910293579102e-01 8.306716918945312500e+00
3.660888671875000000e-01 8.309064865112304688e+00
8.160888552665710449e-01 8.311413764953613281e+00
2.535888552665710449e-01 8.313762664794921875e+00
7.035889029502868652e-01 8.316110610961914062e+00
4.785888493061065674e-01 8.318459510803222656e+00
9.285888671875000000e-01 8.320807456970214844e+00
1.973388642072677612e-01 8.323156356811523438e+00
6.473388671875000000e-01 8.325504302978515625e+00
4.223388433456420898e-01 8.327854156494140625e+00
8.723388910293579102e-01 8.330202102661132812e+00
3.098388612270355225e-01 8.332550048828125000e+00
7.598388791084289551e-01 8.334898948669433594e+00
5.348388552665710449e-01 8.337247848510742188e+00
9.848388433456420898e-01 8.339595794677734375e+00
1.270263642072677612e-01 8.341944694519042969e+00
5.770263671875000000e-01 8.344293594360351562e+00
3.520263433456420898e-01 8.346641540527343750e+00
8.020263910293579102e-01 8.348990440368652344e+00
2.395263612270355225e-01 8.351338386535644531e+00
6.895263791084289551e-01 8.353687286376953125e+00
4.645263552665710449e-01 8.356036186218261719e+00
9.145263433456420898e-01 8.358384132385253906e+00
1.832763701677322388e-01 8.360733032226562500e+00
6.332764029502868652e-01 8.363080978393554688e+00
4.082763493061065674e-01 8.365429878234863281e+00
8.582763671875000000e-01 8.367777824401855469e+00
2.957763671875000000e-01 8.370126724243164062e+00
7.457763552665710449e-01 8.372475624084472656e+00
5.207763910293579102e-01 8.374823570251464844e+00
9.707763791084289551e-01 8.377172470092773438e+00
1.551513671875000000e-01 8.379520416259765625e+00
6.051513552665710449e-01 8.381869316101074219e+00
3.801513612270355225e-01 8.384218215942382812e+00
8.301513791084289551e-01 8.386566162109375000e+00
2.676513791084289551e-01 8.388915061950683594e+00
7.176513671875000000e-01 8.391263961791992188e+00
4.926513433456420898e-01 8.393611907958984375e+00
9.426513910293579102e-01 8.395959854125976562e+00
2.114013731479644775e-01 8.398309707641601562e+00
6.614013910293579102e-01 8.400657653808593750e+00
4.364013671875000000e-01 8.403006553649902344e+00
8.864013552665710449e-01 8.405354499816894531e+00
3.239013552665710449e-01 8.407703399658203125e+00
7.739014029502868652e-01 8.410051345825195312e+00
5.489013791084289551e-01 8.412400245666503906e+00
9.989013671875000000e-01 8.414749145507812500e+00
1.015380844473838806e-01 8.417097091674804688e+00
5.515381097793579102e-01 8.419445991516113281e+00
3.265380859375000000e-01 8.421793937683105469e+00
7.765380740165710449e-01 8.424142837524414062e+00
2.140380740165710449e-01 8.426490783691406250e+00
6.640381217002868652e-01 8.428839683532714844e+00
4.390380680561065674e-01 8.431188583374023438e+00
8.890380859375000000e-01 8.433536529541015625e+00
1.577880829572677612e-01 8.435885429382324219e+00
6.077880859375000000e-01 8.438233375549316406e+00
3.827880620956420898e-01 8.440582275390625000e+00
8.327881097793579102e-01 8.442931175231933594e+00
2.702880799770355225e-01 8.445280075073242188e+00
7.202880978584289551e-01 8.447628021240234375e+00
4.952880740165710449e-01 8.449975967407226562e+00
9.452880620956420898e-01 8.452324867248535156e+00
1.296630799770355225e-01 8.454673767089843750e+00
5.796630978584289551e-01 8.457022666931152344e+00
3.546630740165710449e-01 8.459370613098144531e+00
8.046630620956420898e-01 8.461719512939453125e+00
2.421630918979644775e-01 8.464067459106445312e+00
6.921631097793579102e-01 8.466416358947753906e+00
4.671630561351776123e-01 8.468764305114746094e+00
9.171630740165710449e-01 8.471113204956054688e+00
1.859130859375000000e-01 8.473462104797363281e+00
6.359130740165710449e-01 8.475810050964355469e+00
4.109130799770355225e-01 8.478158950805664062e+00
8.609130978584289551e-01 8.480506896972656250e+00
2.984130680561065674e-01 8.482855796813964844e+00
7.484130859375000000e-01 8.485204696655273438e+00
5.234130620956420898e-01 8.487552642822265625e+00
9.734131097793579102e-01 8.489901542663574219e+00
1.156005859375000000e-01 8.492249488830566406e+00
5.656005740165710449e-01 8.494598388671875000e+00
3.406005799770355225e-01 8.496946334838867188e+00
7.906005978584289551e-01 8.499296188354492188e+00
2.281005978584289551e-01 8.501644134521484375e+00
6.781005859375000000e-01 8.503992080688476562e+00
4.531005620956420898e-01 8.506340980529785156e+00
9.031006097793579102e-01 8.508689880371093750e+00
1.718505918979644775e-01 8.511037826538085938e+00
6.218506097793579102e-01 8.513386726379394531e+00
3.968505859375000000e-01 8.515735626220703125e+00
8.468505740165710449e-01 8.518083572387695312e+00
2.843505740165710449e-01 8.520432472229003906e+00
7.343506217002868652e-01 8.522780418395996094e+00
5.093505978584289551e-01 8.525129318237304688e+00
9.593505859375000000e-01 8.527478218078613281e+00
1.437255889177322388e-01 8.529826164245605469e+00
5.937255620956420898e-01 8.532175064086914062e+00
3.687255680561065674e-01 8.534523010253906250e+00
8.187255859375000000e-01 8.536871910095214844e+00
2.562255859375000000e-01 8.539219856262207031e+00
7.062255740165710449e-01 8.541568756103515625e+00
4.812255799770355225e-01 8.543917655944824219e+00
9.312255978584289551e-01 8.546265602111816406e+00
1.999755799770355225e-01 8.548614501953125000e+00
6.499755978584289551e-01 8.550962448120117188e+00
4.249755740165710449e-01 8.553311347961425781e+00
8.749755620956420898e-01 8.555659294128417969e+00
3.124755918979644775e-01 8.558008193969726562e+00
7.624756097793579102e-01 8.560357093811035156e+00
5.374755859375000000e-01 8.562705993652343750e+00
9.874755740165710449e-01 8.565053939819335938e+00
1.085693389177322388e-01 8.567401885986328125e+00
5.585693120956420898e-01 8.569750785827636719e+00
3.335693180561065674e-01 8.572099685668945312e+00
7.835693359375000000e-01 8.574448585510253906e+00
2.210693359375000000e-01 8.576796531677246094e+00
6.710693240165710449e-01 8.579145431518554688e+00
4.460693299770355225e-01 8.581493377685546875e+00
8.960693478584289551e-01 8.583842277526855469e+00
1.648193299770355225e-01 8.586191177368164062e+00
6.148193478584289551e-01 8.588539123535156250e+00
3.898193240165710449e-01 8.590888023376464844e+00
8.398193120956420898e-01 8.593235969543457031e+00
2.773193418979644775e-01 8.595584869384765625e+00
7.273193597793579102e-01 8.597932815551757812e+00
5.023193359375000000e-01 8.600281715393066406e+00
9.523193240165710449e-01 8.602630615234375000e+00
1.366943418979644775e-01 8.604978561401367188e+00
5.866943597793579102e-01 8.607327461242675781e+00
3.616943359375000000e-01 8.609675407409667969e+00
8.116943240165710449e-01 8.612024307250976562e+00
2.491943240165710449e-01 8.614373207092285156e+00
6.991943717002868652e-01 8.616722106933593750e+00
4.741943180561065674e-01 8.619070053100585938e+00
9.241943359375000000e-01 8.621417999267578125e+00
1.929443329572677612e-01 8.623766899108886719e+00
6.429443359375000000e-01 8.626115798950195312e+00
4.179443120956420898e-01 8.628464698791503906e+00
8.679443597793579102e-01 8.630812644958496094e+00
3.054443299770355225e-01 8.633161544799804688e+00
7.554443478584289551e-01 8.635509490966796875e+00
5.304443240165710449e-01 8.637858390808105469e+00
9.804443120956420898e-01 8.640206336975097656e+00
1.226318329572677612e-01 8.642555236816406250e+00
5.726318359375000000e-01 8.644904136657714844e+00
3.476318418979644775e-01 8.647252082824707031e+00
7.976318597793579102e-01 8.649600982666015625e+00
2.351318299770355225e-01 8.651948928833007812e+00
6.851318478584289551e-01 8.654297828674316406e+00
4.601318240165710449e-01 8.656646728515625000e+00
9.101318120956420898e-01 8.658994674682617188e+00
1.788818389177322388e-01 8.661343574523925781e+00
6.288818717002868652e-01 8.663691520690917969e+00
4.038818180561065674e-01 8.666040420532226562e+00
8.538818359375000000e-01 8.668388366699218750e+00
2.913818359375000000e-01 8.670737266540527344e+00
7.413818240165710449e-01 8.673086166381835938e+00
5.163818597793579102e-01 8.675434112548828125e+00
9.663818478584289551e-01 8.677783012390136719e+00
1.507568359375000000e-01 8.680131912231445312e+00
6.007568240165710449e-01 8.682479858398437500e+00
3.757568299770355225e-01 8.684827804565429688e+00
8.257568478584289551e-01 8.687177658081054688e+00
2.632568478584289551e-01 8.689525604248046875e+00
7.132568359375000000e-01 8.691874504089355469e+00
4.882568120956420898e-01 8.694222450256347656e+00
9.382568597793579102e-01 8.696571350097656250e+00
2.070068418979644775e-01 8.698919296264648438e+00
6.570068597793579102e-01 8.701268196105957031e+00
4.320068359375000000e-01 8.703617095947265625e+00
8.820068240165710449e-01 8.705965042114257812e+00
3.195068240165710449e-01 8.708313941955566406e+00
7.695068717002868652e-01 8.710661888122558594e+00
5.445068478584289551e-01 8.713010787963867188e+00
9.945068359375000000e-01 8.715359687805175781e+00
1.050537154078483582e-01 8.717707633972167969e+00
5.550537109375000000e-01 8.720056533813476562e+00
3.300537168979644775e-01 8.722404479980468750e+00
7.800537347793579102e-01 8.724753379821777344e+00
2.175537049770355225e-01 8.727101325988769531e+00
6.675537228584289551e-01 8.729450225830078125e+00
4.425536990165710449e-01 8.731799125671386719e+00
8.925536870956420898e-01 8.734148025512695312e+00
1.613037139177322388e-01 8.736495971679687500e+00
6.113037467002868652e-01 8.738843917846679688e+00
3.863036930561065674e-01 8.741192817687988281e+00
8.363037109375000000e-01 8.743541717529296875e+00
2.738037109375000000e-01 8.745890617370605469e+00
7.238036990165710449e-01 8.748238563537597656e+00
4.988037049770355225e-01 8.750587463378906250e+00
9.488037228584289551e-01 8.752935409545898438e+00
1.331787109375000000e-01 8.755284309387207031e+00
5.831786990165710449e-01 8.757633209228515625e+00
3.581787049770355225e-01 8.759981155395507812e+00
8.081787228584289551e-01 8.762330055236816406e+00
2.456787228584289551e-01 8.764678001403808594e+00
6.956787109375000000e-01 8.767026901245117188e+00
4.706786870956420898e-01 8.769374847412109375e+00
9.206787347793579102e-01 8.771723747253417969e+00
1.894287168979644775e-01 8.774072647094726562e+00
6.394287347793579102e-01 8.776420593261718750e+00
4.144287109375000000e-01 8.778769493103027344e+00
8.644286990165710449e-01 8.781117439270019531e+00
3.019286990165710449e-01 8.783466339111328125e+00
7.519287467002868652e-01 8.785814285278320312e+00
5.269287228584289551e-01 8.788164138793945312e+00
9.769287109375000000e-01 8.790512084960937500e+00
1.191162094473838806e-01 8.792860031127929688e+00
5.691162347793579102e-01 8.795208930969238281e+00
3.441162109375000000e-01 8.797557830810546875e+00
7.941161990165710449e-01 8.799905776977539062e+00
2.316161990165710449e-01 8.802254676818847656e+00
6.816162467002868652e-01 8.804603576660156250e+00
4.566161930561065674e-01 8.806951522827148438e+00
9.066162109375000000e-01 8.809300422668457031e+00
1.753662079572677612e-01 8.811648368835449219e+00
6.253662109375000000e-01 8.813997268676757812e+00
4.003661870956420898e-01 8.816346168518066406e+00
8.503662347793579102e-01 8.818694114685058594e+00
2.878662049770355225e-01 8.821043014526367188e+00
7.378662228584289551e-01 8.823390960693359375e+00
5.128661990165710449e-01 8.825739860534667969e+00
9.628661870956420898e-01 8.828087806701660156e+00
1.472412049770355225e-01 8.830436706542968750e+00
5.972412228584289551e-01 8.832785606384277344e+00
3.722411990165710449e-01 8.835133552551269531e+00
8.222411870956420898e-01 8.837482452392578125e+00
2.597412168979644775e-01 8.839830398559570312e+00
7.097412347793579102e-01 8.842179298400878906e+00
4.847411811351776123e-01 8.844528198242187500e+00
9.347411990165710449e-01 8.846876144409179688e+00
2.034912109375000000e-01 8.849225044250488281e+00
6.534911990165710449e-01 8.851573944091796875e+00
4.284912049770355225e-01 8.853921890258789062e+00
8.784912228584289551e-01 8.856269836425781250e+00
3.159911930561065674e-01 8.858619689941406250e+00
7.659912109375000000e-01 8.860967636108398438e+00
5.409911870956420898e-01 8.863316535949707031e+00
9.909912347793579102e-01 8.865664482116699219e+00
1.120849624276161194e-01 8.868013381958007812e+00
5.620849728584289551e-01 8.870361328125000000e+00
3.370849490165710449e-01 8.872710227966308594e+00
7.870849370956420898e-01 8.875059127807617188e+00
2.245849668979644775e-01 8.877407073974609375e+00
6.745849847793579102e-01 8.879755973815917969e+00
4.495849311351776123e-01 8.882103919982910156e+00
8.995849490165710449e-01 8.884452819824218750e+00
1.683349609375000000e-01 8.886801719665527344e+00
6.183349490165710449e-01 8.889149665832519531e+00
3.933349549770355225e-01 8.891498565673828125e+00
8.433349728584289551e-01 8.893846511840820312e+00
2.808349430561065674e-01 8.896195411682128906e+00
7.308349609375000000e-01 8.898543357849121094e+00
5.058349370956420898e-01 8.900892257690429688e+00
9.558349847793579102e-01 8.903241157531738281e+00
1.402099579572677612e-01 8.905590057373046875e+00
5.902099609375000000e-01 8.907938003540039062e+00
3.652099370956420898e-01 8.910285949707031250e+00
8.152099847793579102e-01 8.912634849548339844e+00
2.527099549770355225e-01 8.914983749389648438e+00
7.027099728584289551e-01 8.917332649230957031e+00
4.777099490165710449e-01 8.919680595397949219e+00
9.277099370956420898e-01 8.922029495239257812e+00
1.964599490165710449e-01 8.924377441406250000e+00
6.464599967002868652e-01 8.926726341247558594e+00
4.214599430561065674e-01 8.929074287414550781e+00
8.714599609375000000e-01 8.931423187255859375e+00
3.089599609375000000e-01 8.933772087097167969e+00
7.589599490165710449e-01 8.936120033264160156e+00
5.339599847793579102e-01 8.938468933105468750e+00
9.839599728584289551e-01 8.940816879272460938e+00
1.261474639177322388e-01 8.943165779113769531e+00
5.761474370956420898e-01 8.945514678955078125e+00
3.511474430561065674e-01 8.947862625122070312e+00
8.011474609375000000e-01 8.950211524963378906e+00
2.386474609375000000e-01 8.952559471130371094e+00
6.886474490165710449e-01 8.954908370971679688e+00
4.636474549770355225e-01 8.957256317138671875e+00
9.136474728584289551e-01 8.959606170654296875e+00
1.823974549770355225e-01 8.961954116821289062e+00
6.323974728584289551e-01 8.964302062988281250e+00
4.073974490165710449e-01 8.966650962829589844e+00
8.573974370956420898e-01 8.968999862670898438e+00
2.948974668979644775e-01 8.971347808837890625e+00
7.448974847793579102e-01 8.973696708679199219e+00
5.198974609375000000e-01 8.976045608520507812e+00
9.698974490165710449e-01 8.978393554687500000e+00
1.542724668979644775e-01 8.980742454528808594e+00
6.042724847793579102e-01 8.983090400695800781e+00
3.792724609375000000e-01 8.985439300537109375e+00
8.292724490165710449e-01 8.987788200378417969e+00
2.667724490165710449e-01 8.990136146545410156e+00
7.167724967002868652e-01 8.992485046386718750e+00
4.917724430561065674e-01 8.994832992553710938e+00
9.417724609375000000e-01 8.997181892395019531e+00
2.105224579572677612e-01 8.999529838562011719e+00
6.605224609375000000e-01 9.001878738403320312e+00
4.355224370956420898e-01 9.004227638244628906e+00
8.855224847793579102e-01 9.006575584411621094e+00
3.230224549770355225e-01 9.008924484252929688e+00
7.730224728584289551e-01 9.011272430419921875e+00
5.480224490165710449e-01 9.013621330261230469e+00
9.980224370956420898e-01 9.015970230102539062e+00
1.032958999276161194e-01 9.018318176269531250e+00
5.532959103584289551e-01 9.020667076110839844e+00
3.282958865165710449e-01 9.023015975952148438e+00
7.782958745956420898e-01 9.025363922119140625e+00
2.157959043979644775e-01 9.027711868286132812e+00
6.657959222793579102e-01 9.030060768127441406e+00
4.407958686351776123e-01 9.032409667968750000e+00
8.907958865165710449e-01 9.034758567810058594e+00
1.595458984375000000e-01 9.037106513977050781e+00
6.095458865165710449e-01 9.039455413818359375e+00
3.845458924770355225e-01 9.041803359985351562e+00
8.345459103584289551e-01 9.044152259826660156e+00
2.720458805561065674e-01 9.046501159667968750e+00
7.220458984375000000e-01 9.048849105834960938e+00
4.970458745956420898e-01 9.051198005676269531e+00
9.470459222793579102e-01 9.053545951843261719e+00
1.314208954572677612e-01 9.055894851684570312e+00
5.814208984375000000e-01 9.058242797851562500e+00
3.564208745956420898e-01 9.060591697692871094e+00
8.064209222793579102e-01 9.062940597534179688e+00
2.439208924770355225e-01 9.065288543701171875e+00
6.939209103584289551e-01 9.067637443542480469e+00
4.689208865165710449e-01 9.069985389709472656e+00
9.189208745956420898e-01 9.072334289550781250e+00
1.876708865165710449e-01 9.074683189392089844e+00
6.376709342002868652e-01 9.077032089233398438e+00
4.126708805561065674e-01 9.079380035400390625e+00
8.626708984375000000e-01 9.081727981567382812e+00
3.001708984375000000e-01 9.084076881408691406e+00
7.501708865165710449e-01 9.086425781250000000e+00
5.251709222793579102e-01 9.088774681091308594e+00
9.751709103584289551e-01 9.091122627258300781e+00
1.173584014177322388e-01 9.093471527099609375e+00
5.673583745956420898e-01 9.095819473266601562e+00
3.423583805561065674e-01 9.098168373107910156e+00
7.923583984375000000e-01 9.100516319274902344e+00
2.298583984375000000e-01 9.102865219116210938e+00
6.798583865165710449e-01 9.105214118957519531e+00
4.548583924770355225e-01 9.107562065124511719e+00
9.048584103584289551e-01 9.109910964965820312e+00
1.736083924770355225e-01 9.112258911132812500e+00
6.236084103584289551e-01 9.114607810974121094e+00
3.986083865165710449e-01 9.116956710815429688e+00
8.486083745956420898e-01 9.119304656982421875e+00
2.861084043979644775e-01 9.121653556823730469e+00
7.361084222793579102e-01 9.124001502990722656e+00
5.111083984375000000e-01 9.126350402832031250e+00
9.611083865165710449e-01 9.128698348999023438e+00
1.454834043979644775e-01 9.131048202514648438e+00
5.954834222793579102e-01 9.133396148681640625e+00
3.704833984375000000e-01 9.135744094848632812e+00
8.204833865165710449e-01 9.138092994689941406e+00
2.579833865165710449e-01 9.140441894531250000e+00
7.079834342002868652e-01 9.142789840698242188e+00
4.829833805561065674e-01 9.145138740539550781e+00
9.329833984375000000e-01 9.147487640380859375e+00
2.017333954572677612e-01 9.149835586547851562e+00
6.517333984375000000e-01 9.152184486389160156e+00
4.267333745956420898e-01 9.154532432556152344e+00
8.767334222793579102e-01 9.156881332397460938e+00
3.142333924770355225e-01 9.159229278564453125e+00
7.642334103584289551e-01 9.161578178405761719e+00
5.392333865165710449e-01 9.163927078247070312e+00
9.892333745956420898e-01 9.166275024414062500e+00
1.103271469473838806e-01 9.168623924255371094e+00
5.603271722793579102e-01 9.170971870422363281e+00
3.353271484375000000e-01 9.173320770263671875e+00
7.853271365165710449e-01 9.175669670104980469e+00
2.228271365165710449e-01 9.178017616271972656e+00
6.728271842002868652e-01 9.180366516113281250e+00
4.478271305561065674e-01 9.182714462280273438e+00
8.978271484375000000e-01 9.185063362121582031e+00
1.665771454572677612e-01 9.187411308288574219e+00
6.165771484375000000e-01 9.189760208129882812e+00
3.915771245956420898e-01 9.192109107971191406e+00
8.415771722793579102e-01 9.194458007812500000e+00
2.790771424770355225e-01 9.196805953979492188e+00
7.290771603584289551e-01 9.199153900146484375e+00
5.040771365165710449e-01 9.201502799987792969e+00
9.540771245956420898e-01 9.203851699829101562e+00
1.384521424770355225e-01 9.206200599670410156e+00
5.884521603584289551e-01 9.208548545837402344e+00
3.634521365165710449e-01 9.210897445678710938e+00
8.134521245956420898e-01 9.213245391845703125e+00
2.509521543979644775e-01 9.215594291687011719e+00
7.009521722793579102e-01 9.217943191528320312e+00
4.759521186351776123e-01 9.220291137695312500e+00
9.259521365165710449e-01 9.222640037536621094e+00
1.947021484375000000e-01 9.224987983703613281e+00
6.447021365165710449e-01 9.227336883544921875e+00
4.197021424770355225e-01 9.229684829711914062e+00
8.697021603584289551e-01 9.232033729553222656e+00
3.072021305561065674e-01 9.234382629394531250e+00
7.572021484375000000e-01 9.236730575561523438e+00
5.322021245956420898e-01 9.239079475402832031e+00
9.822021722793579102e-01 9.241427421569824219e+00
1.243896484375000000e-01 9.243776321411132812e+00
5.743896365165710449e-01 9.246125221252441406e+00
3.493896424770355225e-01 9.248474121093750000e+00
7.993896603584289551e-01 9.250822067260742188e+00
2.368896603584289551e-01 9.253170013427734375e+00
6.868896484375000000e-01 9.255518913269042969e+00
4.618896245956420898e-01 9.257867813110351562e+00
9.118896722793579102e-01 9.260216712951660156e+00
1.806396543979644775e-01 9.262564659118652344e+00
6.306396722793579102e-01 9.264913558959960938e+00
4.056396484375000000e-01 9.267261505126953125e+00
8.556396365165710449e-01 9.269610404968261719e+00
2.931396365165710449e-01 9.271958351135253906e+00
7.431396842002868652e-01 9.274307250976562500e+00
5.181396603584289551e-01 9.276656150817871094e+00
9.681396484375000000e-01 9.279004096984863281e+00
1.525146514177322388e-01 9.281352996826171875e+00
6.025146842002868652e-01 9.283700942993164062e+00
3.775146305561065674e-01 9.286049842834472656e+00
8.275146484375000000e-01 9.288397789001464844e+00
2.650146484375000000e-01 9.290746688842773438e+00
7.150146365165710449e-01 9.293095588684082031e+00
4.900146424770355225e-01 9.295443534851074219e+00
9.400146603584289551e-01 9.297792434692382812e+00
2.087646424770355225e-01 9.300140380859375000e+00
6.587646603584289551e-01 9.302489280700683594e+00
4.337646365165710449e-01 9.304838180541992188e+00
8.837646245956420898e-01 9.307186126708984375e+00
3.212646543979644775e-01 9.309535026550292969e+00
7.712646722793579102e-01 9.311883926391601562e+00
5.462646484375000000e-01 9.314231872558593750e+00
9.962646365165710449e-01 9.316579818725585938e+00
1.068115234375000000e-01 9.318929672241210938e+00
5.568115115165710449e-01 9.321277618408203125e+00
3.318115174770355225e-01 9.323626518249511719e+00
7.818115353584289551e-01 9.325974464416503906e+00
2.193115204572677612e-01 9.328323364257812500e+00
6.693115234375000000e-01 9.330671310424804688e+00
4.443114995956420898e-01 9.333020210266113281e+00
8.943115472793579102e-01 9.335369110107421875e+00
1.630615293979644775e-01 9.337717056274414062e+00
6.130615472793579102e-01 9.340065956115722656e+00
3.880615234375000000e-01 9.342413902282714844e+00
8.380615115165710449e-01 9.344762802124023438e+00
2.755615115165710449e-01 9.347111701965332031e+00
7.255615592002868652e-01 9.349459648132324219e+00
5.005615353584289551e-01 9.351808547973632812e+00
9.505615234375000000e-01 9.354156494140625000e+00
1.349365264177322388e-01 9.356505393981933594e+00
5.849364995956420898e-01 9.358853340148925781e+00
3.599365055561065674e-01 9.361202239990234375e+00
8.099365234375000000e-01 9.363551139831542969e+00
2.474365234375000000e-01 9.365900039672851562e+00
6.974365115165710449e-01 9.368247985839843750e+00
4.724365174770355225e-01 9.370595932006835938e+00
9.224365353584289551e-01 9.372944831848144531e+00
1.911865174770355225e-01 9.375293731689453125e+00
6.411865353584289551e-01 9.377642631530761719e+00
4.161865115165710449e-01 9.379990577697753906e+00
8.661864995956420898e-01 9.382339477539062500e+00
3.036865293979644775e-01 9.384687423706054688e+00
7.536865472793579102e-01 9.387036323547363281e+00
5.286865234375000000e-01 9.389385223388671875e+00
9.786865115165710449e-01 9.391733169555664062e+00
1.208740249276161194e-01 9.394082069396972656e+00
5.708740353584289551e-01 9.396430015563964844e+00
3.458740115165710449e-01 9.398778915405273438e+00
7.958739995956420898e-01 9.401126861572265625e+00
2.333740293979644775e-01 9.403475761413574219e+00
6.833740472793579102e-01 9.405824661254882812e+00
4.583739936351776123e-01 9.408172607421875000e+00
9.083740115165710449e-01 9.410521507263183594e+00
1.771240234375000000e-01 9.412869453430175781e+00
6.271240115165710449e-01 9.415218353271484375e+00
4.021240174770355225e-01 9.417566299438476562e+00
8.521240353584289551e-01 9.419916152954101562e+00
2.896240055561065674e-01 9.422264099121093750e+00
7.396240234375000000e-01 9.424612045288085938e+00
5.146239995956420898e-01 9.426960945129394531e+00
9.646240472793579102e-01 9.429309844970703125e+00
1.489990204572677612e-01 9.431657791137695312e+00
5.989990234375000000e-01 9.434006690979003906e+00
3.739989995956420898e-01 9.436355590820312500e+00
8.239990472793579102e-01 9.438703536987304688e+00
2.614990174770355225e-01 9.441052436828613281e+00
7.114990353584289551e-01 9.443400382995605469e+00
4.864990115165710449e-01 9.445749282836914062e+00
9.364989995956420898e-01 9.448098182678222656e+00
2.052490115165710449e-01 9.450446128845214844e+00
6.552490592002868652e-01 9.452795028686523438e+00
4.302490055561065674e-01 9.455142974853515625e+00
8.802490234375000000e-01 9.457491874694824219e+00
3.177490234375000000e-01 9.459839820861816406e+00
7.677490115165710449e-01 9.462188720703125000e+00
5.427490472793579102e-01 9.464537620544433594e+00
9.927490353584289551e-01 9.466885566711425781e+00
1.138427704572677612e-01 9.469234466552734375e+00
5.638427734375000000e-01 9.471582412719726562e+00
3.388427793979644775e-01 9.473931312561035156e+00
7.888427972793579102e-01 9.476280212402343750e+00
2.263427674770355225e-01 9.478628158569335938e+00
6.763427853584289551e-01 9.480977058410644531e+00
4.513427615165710449e-01 9.483325958251953125e+00
9.013427495956420898e-01 9.485673904418945312e+00
1.700927764177322388e-01 9.488021850585937500e+00
6.200928092002868652e-01 9.490371704101562500e+00
3.950927555561065674e-01 9.492719650268554688e+00
8.450927734375000000e-01 9.495068550109863281e+00
2.825927734375000000e-01 9.497416496276855469e+00
7.325927615165710449e-01 9.499765396118164062e+00
5.075927972793579102e-01 9.502113342285156250e+00
9.575927853584289551e-01 9.504462242126464844e+00
1.419677734375000000e-01 9.506811141967773438e+00
5.919677615165710449e-01 9.509159088134765625e+00
3.669677674770355225e-01 9.511507987976074219e+00
8.169677853584289551e-01 9.513855934143066406e+00
2.544677853584289551e-01 9.516204833984375000e+00
7.044677734375000000e-01 9.518552780151367188e+00
4.794677495956420898e-01 9.520901679992675781e+00
9.294677972793579102e-01 9.523250579833984375e+00
1.982177793979644775e-01 9.525598526000976562e+00
6.482177972793579102e-01 9.527947425842285156e+00
4.232177734375000000e-01 9.530295372009277344e+00
8.732177615165710449e-01 9.532644271850585938e+00
3.107177615165710449e-01 9.534993171691894531e+00
7.607178092002868652e-01 9.537342071533203125e+00
5.357177853584289551e-01 9.539690017700195312e+00
9.857177734375000000e-01 9.542037963867187500e+00
1.279052793979644775e-01 9.544386863708496094e+00
5.779052972793579102e-01 9.546735763549804688e+00
3.529052734375000000e-01 9.549084663391113281e+00
8.029052615165710449e-01 9.551432609558105469e+00
2.404052615165710449e-01 9.553781509399414062e+00
6.904053092002868652e-01 9.556129455566406250e+00
4.654052555561065674e-01 9.558478355407714844e+00
9.154052734375000000e-01 9.560826301574707031e+00
1.841552704572677612e-01 9.563175201416015625e+00
6.341552734375000000e-01 9.565524101257324219e+00
4.091552495956420898e-01 9.567872047424316406e+00
8.591552972793579102e-01 9.570220947265625000e+00
2.966552674770355225e-01 9.572568893432617188e+00
7.466552853584289551e-01 9.574917793273925781e+00
5.216552615165710449e-01 9.577266693115234375e+00
9.716552495956420898e-01 9.579614639282226562e+00
1.560302674770355225e-01 9.581963539123535156e+00
6.060302853584289551e-01 9.584311485290527344e+00
3.810302615165710449e-01 9.586660385131835938e+00
8.310302495956420898e-01 9.589008331298828125e+00
2.685302793979644775e-01 9.591358184814453125e+00
7.185302972793579102e-01 9.593706130981445312e+00
4.935302436351776123e-01 9.596054077148437500e+00
9.435302615165710449e-01 9.598402976989746094e+00
2.122802734375000000e-01 9.600751876831054688e+00
6.622802615165710449e-01 9.603099822998046875e+00
4.372802674770355225e-01 9.605448722839355469e+00
8.872802853584289551e-01 9.607797622680664062e+00
3.247802555561065674e-01 9.610145568847656250e+00
7.747802734375000000e-01 9.612494468688964844e+00
5.497802495956420898e-01 9.614842414855957031e+00
9.997802972793579102e-01 9.617191314697265625e+00
1.001098677515983582e-01 9.619540214538574219e+00
5.501098632812500000e-01 9.621888160705566406e+00
3.251098692417144775e-01 9.624237060546875000e+00
7.751098871231079102e-01 9.626585006713867188e+00
2.126098573207855225e-01 9.628933906555175781e+00
6.626098752021789551e-01 9.631281852722167969e+00
4.376098513603210449e-01 9.633630752563476562e+00
8.876098394393920898e-01 9.635979652404785156e+00
1.563598662614822388e-01 9.638327598571777344e+00
6.063598990440368652e-01 9.640676498413085938e+00
3.813598453998565674e-01 9.643024444580078125e+00
8.313598632812500000e-01 9.645373344421386719e+00
2.688598632812500000e-01 9.647721290588378906e+00
7.188598513603210449e-01 9.650070190429687500e+00
4.938598573207855225e-01 9.652419090270996094e+00
9.438598752021789551e-01 9.654767990112304688e+00
1.282348632812500000e-01 9.657115936279296875e+00
5.782348513603210449e-01 9.659463882446289062e+00
3.532348573207855225e-01 9.661812782287597656e+00
8.032348752021789551e-01 9.664161682128906250e+00
2.407348752021789551e-01 9.666510581970214844e+00
6.907348632812500000e-01 9.668858528137207031e+00
4.657348394393920898e-01 9.671207427978515625e+00
9.157348871231079102e-01 9.673555374145507812e+00
1.844848692417144775e-01 9.675904273986816406e+00
6.344848871231079102e-01 9.678253173828125000e+00
4.094848632812500000e-01 9.680601119995117188e+00
8.594848513603210449e-01 9.682950019836425781e+00
2.969848513603210449e-01 9.685297966003417969e+00
7.469848990440368652e-01 9.687646865844726562e+00
5.219848752021789551e-01 9.689994812011718750e+00
9.719848632812500000e-01 9.692343711853027344e+00
1.141723617911338806e-01 9.694692611694335938e+00
5.641723871231079102e-01 9.697040557861328125e+00
3.391723632812500000e-01 9.699389457702636719e+00
7.891723513603210449e-01 9.701737403869628906e+00
2.266723513603210449e-01 9.704086303710937500e+00
6.766723990440368652e-01 9.706435203552246094e+00
4.516723453998565674e-01 9.708784103393554688e+00
9.016723632812500000e-01 9.711132049560546875e+00
1.704223603010177612e-01 9.713479995727539062e+00
6.204223632812500000e-01 9.715828895568847656e+00
3.954223394393920898e-01 9.718177795410156250e+00
8.454223871231079102e-01 9.720526695251464844e+00
2.829223573207855225e-01 9.722874641418457031e+00
7.329223752021789551e-01 9.725223541259765625e+00
5.079223513603210449e-01 9.727571487426757812e+00
9.579223394393920898e-01 9.729920387268066406e+00
1.422973573207855225e-01 9.732268333435058594e+00
5.922973752021789551e-01 9.734617233276367188e+00
3.672973513603210449e-01 9.736966133117675781e+00
8.172973394393920898e-01 9.739314079284667969e+00
2.547973692417144775e-01 9.741662979125976562e+00
7.047973871231079102e-01 9.744010925292968750e+00
4.797973334789276123e-01 9.746359825134277344e+00
9.297973513603210449e-01 9.748708724975585938e+00
1.985473632812500000e-01 9.751056671142578125e+00
6.485473513603210449e-01 9.753405570983886719e+00
4.235473573207855225e-01 9.755753517150878906e+00
8.735473752021789551e-01 9.758102416992187500e+00
3.110473453998565674e-01 9.760450363159179688e+00
7.610473632812500000e-01 9.762799263000488281e+00
5.360473394393920898e-01 9.765148162841796875e+00
9.860473871231079102e-01 9.767496109008789062e+00
1.071411147713661194e-01 9.769845008850097656e+00
5.571411252021789551e-01 9.772193908691406250e+00
3.321411013603210449e-01 9.774541854858398438e+00
7.821410894393920898e-01 9.776889801025390625e+00
2.196411192417144775e-01 9.779239654541015625e+00
6.696411371231079102e-01 9.781587600708007812e+00
4.446410834789276123e-01 9.783936500549316406e+00
8.946411013603210449e-01 9.786284446716308594e+00
1.633911132812500000e-01 9.788633346557617188e+00
6.133911013603210449e-01 9.790981292724609375e+00
3.883911073207855225e-01 9.793330192565917969e+00
8.383911252021789551e-01 9.795679092407226562e+00
2.758910953998565674e-01 9.798027038574218750e+00
7.258911132812500000e-01 9.800375938415527344e+00
5.008910894393920898e-01 9.802723884582519531e+00
9.508911371231079102e-01 9.805072784423828125e+00
1.352661103010177612e-01 9.807421684265136719e+00
5.852661132812500000e-01 9.809769630432128906e+00
3.602660894393920898e-01 9.812118530273437500e+00
8.102661371231079102e-01 9.814466476440429688e+00
2.477661073207855225e-01 9.816815376281738281e+00
6.977661252021789551e-01 9.819163322448730469e+00
4.727661013603210449e-01 9.821512222290039062e+00
9.227660894393920898e-01 9.823861122131347656e+00
1.915161013603210449e-01 9.826210021972656250e+00
6.415161490440368652e-01 9.828557968139648438e+00
4.165160953998565674e-01 9.830905914306640625e+00
8.665161132812500000e-01 9.833254814147949219e+00
3.040161132812500000e-01 9.835603713989257812e+00
7.540161013603210449e-01 9.837952613830566406e+00
5.290161371231079102e-01 9.840300559997558594e+00
9.790161252021789551e-01 9.842649459838867188e+00
1.212036162614822388e-01 9.844997406005859375e+00
5.712035894393920898e-01 9.847346305847167969e+00
3.462035953998565674e-01 9.849695205688476562e+00
7.962036132812500000e-01 9.852043151855468750e+00
2.337036132812500000e-01 9.854392051696777344e+00
6.837036013603210449e-01 9.856739997863769531e+00
4.587036073207855225e-01 9.859088897705078125e+00
9.087036252021789551e-01 9.861436843872070312e+00
1.774536073207855225e-01 9.863785743713378906e+00
6.274536252021789551e-01 9.866134643554687500e+00
4.024536013603210449e-01 9.868482589721679688e+00
8.524535894393920898e-01 9.870831489562988281e+00
2.899536192417144775e-01 9.873179435729980469e+00
7.399536371231079102e-01 9.875528335571289062e+00
5.149536132812500000e-01 9.877877235412597656e+00
9.649536013603210449e-01 9.880226135253906250e+00
1.493286192417144775e-01 9.882574081420898438e+00
5.993286371231079102e-01 9.884922027587890625e+00
3.743286132812500000e-01 9.887270927429199219e+00
8.243286013603210449e-01 9.889619827270507812e+00
2.618286013603210449e-01 9.891967773437500000e+00
7.118286490440368652e-01 9.894316673278808594e+00
4.868285953998565674e-01 9.896665573120117188e+00
9.368286132812500000e-01 9.899013519287109375e+00
2.055786103010177612e-01 9.901362419128417969e+00
6.555786132812500000e-01 9.903710365295410156e+00
4.305785894393920898e-01 9.906059265136718750e+00
8.805786371231079102e-01 9.908408164978027344e+00
3.180786073207855225e-01 9.910756111145019531e+00
7.680786252021789551e-01 9.913105010986328125e+00
5.430786013603210449e-01 9.915452957153320312e+00
9.930785894393920898e-01 9.917801856994628906e+00
1.036254912614822388e-01 9.920149803161621094e+00
5.536254644393920898e-01 9.922498703002929688e+00
3.286254703998565674e-01 9.924847602844238281e+00
7.786254882812500000e-01 9.927195549011230469e+00
2.161254882812500000e-01 9.929544448852539062e+00
6.661254763603210449e-01 9.931892395019531250e+00
4.411254823207855225e-01 9.934241294860839844e+00
8.911255002021789551e-01 9.936590194702148438e+00
1.598754823207855225e-01 9.938938140869140625e+00
6.098755002021789551e-01 9.941287040710449219e+00
3.848754763603210449e-01 9.943635940551757812e+00
8.348754644393920898e-01 9.945983886718750000e+00
2.723754942417144775e-01 9.948331832885742188e+00
7.223755121231079102e-01 9.950681686401367188e+00
4.973754584789276123e-01 9.953029632568359375e+00
9.473754763603210449e-01 9.955378532409667969e+00
1.317504942417144775e-01 9.957726478576660156e+00
5.817505121231079102e-01 9.960075378417968750e+00
3.567504882812500000e-01 9.962423324584960938e+00
8.067504763603210449e-01 9.964772224426269531e+00
2.442504763603210449e-01 9.967121124267578125e+00
6.942505240440368652e-01 9.969469070434570312e+00
4.692504703998565674e-01 9.971817970275878906e+00
9.192504882812500000e-01 9.974165916442871094e+00
1.880004853010177612e-01 9.976514816284179688e+00
6.380004882812500000e-01 9.978863716125488281e+00
4.130004644393920898e-01 9.981211662292480469e+00
8.630005121231079102e-01 9.983560562133789062e+00
3.005004823207855225e-01 9.985908508300781250e+00
7.505005002021789551e-01 9.988257408142089844e+00
5.255004763603210449e-01 9.990605354309082031e+00
9.755004644393920898e-01 9.992954254150390625e+00
1.176879853010177612e-01 9.995303153991699219e+00
5.676879882812500000e-01 9.997652053833007812e+00
