# step, loss_train, loss_test, metrics_test
0.000000000000000000e+00 5.095433235168457031e+00 2.159980297088623047e+00 6.949464321136474609e+00 1.577136821140356915e-08 1.198164343833923340e+00 3.159501791000366211e+00 7.071129977703094482e-03 4.703825116157531738e-01 3.155084252357482910e-01 1.014705398119986057e-03 4.761520624160766602e-01 1.371691107749938965e+00 5.095526218414306641e+00 2.142099857330322266e+00 6.892399311065673828e+00 1.578808905833284371e-08 1.198164343833923340e+00 3.159501791000366211e+00 7.071129977703094482e-03 4.703825116157531738e-01 3.155084252357482910e-01 1.014705398119986057e-03 4.761520624160766602e-01 1.371691107749938965e+00
1.000000000000000000e+01 1.544451236724853516e+00 9.425818324089050293e-01 1.131774544715881348e+00 1.119991566156386398e-08 3.465394973754882812e-01 1.625674486160278320e+00 4.286758136004209518e-03 1.422957628965377808e-01 6.229868531227111816e-02 1.561063254484906793e-04 1.448478698730468750e-01 7.362886667251586914e-01 1.544440865516662598e+00 9.347705245018005371e-01 1.122458577156066895e+00 1.120584602887220171e-08 3.465394973754882812e-01 1.625674486160278320e+00 4.286758136004209518e-03 1.422957628965377808e-01 6.229868531227111816e-02 1.561063254484906793e-04 1.448478698730468750e-01 7.362886667251586914e-01
2.000000000000000000e+01 1.976564675569534302e-01 3.089406192302703857e-01 7.044417411088943481e-02 7.778816701886626106e-09 3.820141777396202087e-02 7.512576580047607422e-01 2.511078258976340294e-03 1.806784607470035553e-02 9.633744048187509179e-05 1.555045491841156036e-05 1.881073601543903351e-02 3.572798371315002441e-01 1.976352781057357788e-01 3.063737452030181885e-01 6.986056268215179443e-02 7.771962629021800240e-09 3.820141777396202087e-02 7.512576580047607422e-01 2.511078258976340294e-03 1.806784607470035553e-02 9.633744048187509179e-05 1.555045491841156036e-05 1.881073601543903351e-02 3.572798371315002441e-01
3.000000000000000000e+01 5.252684350125491619e-04 6.508268415927886963e-02 8.369481656700372696e-05 6.373667815751105081e-09 3.873579902574419975e-03 3.206582069396972656e-01 1.540338620543479919e-03 3.665740587166510522e-05 4.525741562247276306e-02 2.620748709887266159e-04 7.288147753570228815e-05 1.551785767078399658e-01 5.233590491116046906e-04 6.453812867403030396e-02 8.287335367640480399e-05 6.356619230984961177e-09 3.873579902574419975e-03 3.206582069396972656e-01 1.540338620543479919e-03 3.665740587166510522e-05 4.525741562247276306e-02 2.620748709887266159e-04 7.288147753570228815e-05 1.551785767078399658e-01
4.000000000000000000e+01 4.369002766907215118e-03 1.012766454368829727e-02 2.639013691805303097e-04 6.353038095596730273e-09 7.976561784744262695e-03 1.487889140844345093e-01 1.098983688279986382e-03 4.405705258250236511e-04 1.284408420324325562e-01 5.569132626987993717e-04 3.422169247642159462e-04 6.122960895299911499e-02 4.372916184365749359e-03 1.004168111830949783e-02 2.617711434140801430e-04 6.329046176034580640e-09 7.976561784744262695e-03 1.487889140844345093e-01 1.098983688279986382e-03 4.405705258250236511e-04 1.284408420324325562e-01 5.569132626987993717e-04 3.422169247642159462e-04 6.122960895299911499e-02
5.000000000000000000e+01 1.836337178247049451e-04 1.943168230354785919e-03 4.135937160754110664e-06 6.918610129247326768e-09 5.062060430645942688e-03 1.016855984926223755e-01 9.440869907848536968e-04 2.461065014358609915e-05 1.958765983581542969e-01 7.156032952480018139e-04 5.508518825081409886e-06 2.635657042264938354e-02 1.839466567616909742e-04 1.926288241520524025e-03 4.101719241589307785e-06 6.889528059161875717e-09 5.062060430645942688e-03 1.016855984926223755e-01 9.440869907848536968e-04 2.461065014358609915e-05 1.958765983581542969e-01 7.156032952480018139e-04 5.508518825081409886e-06 2.635657042264938354e-02
6.000000000000000000e+01 4.621610278263688087e-04 8.990318747237324715e-04 9.423905794392339885e-06 7.575363447642757819e-09 3.916667308658361435e-03 9.428329765796661377e-02 9.266549604944884777e-04 2.987113475683145225e-05 2.215399742126464844e-01 7.344851619563996792e-04 6.787782331230118871e-05 1.773378811776638031e-02 4.604418063536286354e-04 8.910425822250545025e-04 9.327716725238133222e-06 7.541459901005964639e-09 3.916667308658361435e-03 9.428329765796661377e-02 9.266549604944884777e-04 2.987113475683145225e-05 2.215399742126464844e-01 7.344851619563996792e-04 6.787782331230118871e-05 1.773378811776638031e-02
7.000000000000000000e+01 6.297489017015323043e-05 1.085576834157109261e-03 1.642049596739525441e-06 8.174227517088183959e-09 4.317893646657466888e-03 9.516415745019912720e-02 9.660273790359497070e-04 1.260665044355846476e-06 2.148820906877517700e-01 6.862545851618051529e-04 1.630755650694482028e-05 1.934201642870903015e-02 6.199790368555113673e-05 1.075852313078939915e-03 1.618147848603257444e-06 8.135129903052984446e-09 4.317893646657466888e-03 9.516415745019912720e-02 9.660273790359497070e-04 1.260665044355846476e-06 2.148820906877517700e-01 6.862545851618051529e-04 1.630755650694482028e-05 1.934201642870903015e-02
8.000000000000000000e+01 1.047230980475433171e-04 1.693299738690257072e-03 1.726831442283582874e-06 8.816932073330008279e-09 4.924367647618055344e-03 9.900250285863876343e-02 1.015563728287816048e-03 1.674326085776556283e-05 1.989770233631134033e-01 6.305464194156229496e-04 9.967386631615227088e-07 2.410641312599182129e-02 1.045498211169615388e-04 1.678100437857210636e-03 1.707530032035720069e-06 8.772158111014505266e-09 4.924367647618055344e-03 9.900250285863876343e-02 1.015563728287816048e-03 1.674326085776556283e-05 1.989770233631134033e-01 6.305464194156229496e-04 9.967386631615227088e-07 2.410641312599182129e-02
9.000000000000000000e+01 2.457459413562901318e-05 2.313235308974981308e-03 2.683593720576027408e-07 9.602382000650777627e-09 4.684823565185070038e-03 1.028800755739212036e-01 1.049236860126256943e-03 5.102283466840162873e-06 1.869868040084838867e-01 5.945563316345214844e-04 1.133590785684646107e-06 2.807267569005489349e-02 2.398340257059317082e-05 2.292372751981019974e-03 2.556990068569575669e-07 9.551229140924988315e-09 4.684823565185070038e-03 1.028800755739212036e-01 1.049236860126256943e-03 5.102283466840162873e-06 1.869868040084838867e-01 5.945563316345214844e-04 1.133590785684646107e-06 2.807267569005489349e-02
1.000000000000000000e+02 1.337591529591009021e-04 2.728505292907357216e-03 5.478550974657991901e-06 1.049475617520556625e-08 4.220265429466962814e-03 1.052850261330604553e-01 1.059821108356118202e-03 3.816713160631479695e-06 1.800553202629089355e-01 5.821263184770941734e-04 2.997222509293351322e-05 3.034722432494163513e-02 1.324611366726458073e-04 2.703690901398658752e-03 5.413464350567664951e-06 1.043613639950535799e-08 4.220265429466962814e-03 1.052850261330604553e-01 1.059821108356118202e-03 3.816713160631479695e-06 1.800553202629089355e-01 5.821263184770941734e-04 2.997222509293351322e-05 3.034722432494163513e-02
1.100000000000000000e+02 2.568972704466432333e-04 2.978985896334052086e-03 1.064811385731445625e-05 1.142625638550498479e-08 4.094663541764020920e-03 1.065384149551391602e-01 1.054456224665045738e-03 1.053221058100461960e-05 1.759398579597473145e-01 5.849305889569222927e-04 4.892437937087379396e-05 3.152970224618911743e-02 2.553679805714637041e-04 2.951605478301644325e-03 1.053644882631488144e-05 1.135883653802238769e-08 4.094663541764020920e-03 1.065384149551391602e-01 1.054456224665045738e-03 1.053221058100461960e-05 1.759398579597473145e-01 5.849305889569222927e-04 4.892437937087379396e-05 3.152970224618911743e-02
1.200000000000000000e+02 1.913402520585805178e-04 3.087235614657402039e-03 8.512515705660916865e-06 1.239302971356437411e-08 4.167049657553434372e-03 1.068075820803642273e-01 1.044581877067685127e-03 5.872155725228367373e-06 1.738097071647644043e-01 5.919878021813929081e-04 4.086238914169371128e-05 3.186620026826858521e-02 1.898404298117384315e-04 3.058496164157986641e-03 8.419862751907203346e-06 1.231546864488564097e-08 4.167049657553434372e-03 1.068075820803642273e-01 1.044581877067685127e-03 5.872155725228367373e-06 1.738097071647644043e-01 5.919878021813929081e-04 4.086238914169371128e-05 3.186620026826858521e-02
1.300000000000000000e+02 1.624171854928135872e-04 3.061763476580381393e-03 7.531189567089313641e-06 1.341828870238259697e-08 4.209736827760934830e-03 1.061866506934165955e-01 1.037526177242398262e-03 3.734617621375946328e-06 1.733206957578659058e-01 5.962435971014201641e-04 3.766189183807000518e-05 3.147226199507713318e-02 1.608838065294548869e-04 3.032811684533953667e-03 7.447589268849696964e-06 1.332927901387392922e-08 4.209736827760934830e-03 1.061866506934165955e-01 1.037526177242398262e-03 3.734617621375946328e-06 1.733206957578659058e-01 5.962435971014201641e-04 3.766189183807000518e-05 3.147226199507713318e-02
1.400000000000000000e+02 1.777318539097905159e-04 2.984493272379040718e-03 8.290883670269977301e-06 1.450239484057647132e-08 4.201883450150489807e-03 1.052061319351196289e-01 1.034712884575128555e-03 3.872084562317468226e-06 1.734360605478286743e-01 5.962226423434913158e-04 4.136051938985474408e-05 3.079109638929367065e-02 1.760970917530357838e-04 2.955756615847349167e-03 8.201278433261904866e-06 1.440058827739676417e-08 4.201883450150489807e-03 1.052061319351196289e-01 1.034712884575128555e-03 3.872084562317468226e-06 1.734360605478286743e-01 5.962226423434913158e-04 4.136051938985474408e-05 3.079109638929367065e-02
1.500000000000000000e+02 1.774001721059903502e-04 2.930788556113839149e-03 8.425405212619807571e-06 1.563719109753947123e-08 4.213821142911911011e-03 1.043470650911331177e-01 1.034358167089521885e-03 3.217213816242292523e-06 1.732192635536193848e-01 5.936368834227323532e-04 4.268942939233966172e-05 3.021963499486446381e-02 1.756649289745837450e-04 2.902008127421140671e-03 8.335224265465512872e-06 1.552111328351202246e-08 4.213821142911911011e-03 1.043470650911331177e-01 1.034358167089521885e-03 3.217213816242292523e-06 1.732192635536193848e-01 5.936368834227323532e-04 4.268942939233966172e-05 3.021963499486446381e-02
1.600000000000000000e+02 1.654164225328713655e-04 2.910022158175706863e-03 8.095291377685498446e-06 1.682637496003280830e-08 4.241435788571834564e-03 1.036700233817100525e-01 1.034413813613355160e-03 2.113486061716685072e-06 1.725327521562576294e-01 5.904986755922436714e-04 4.212634303257800639e-05 2.980949915945529938e-02 1.635653170524165034e-04 2.880837302654981613e-03 8.008380063984077424e-06 1.669440585772008490e-08 4.241435788571834564e-03 1.036700233817100525e-01 1.034413813613355160e-03 2.113486061716685072e-06 1.725327521562576294e-01 5.904986755922436714e-04 4.212634303257800639e-05 2.980949915945529938e-02
1.700000000000000000e+02 1.665370218688622117e-04 2.903786022216081619e-03 8.331584467669017613e-06 1.807216243321363436e-08 4.254964645951986313e-03 1.030546203255653381e-01 1.033829525113105774e-03 1.579630747983173933e-06 1.716009676456451416e-01 5.878328811377286911e-04 4.380858445074409246e-05 2.946185320615768433e-02 1.645336596993729472e-04 2.873988589271903038e-03 8.243138836405705661e-06 1.792252923848991486e-08 4.254964645951986313e-03 1.030546203255653381e-01 1.033829525113105774e-03 1.579630747983173933e-06 1.716009676456451416e-01 5.878328811377286911e-04 4.380858445074409246e-05 2.946185320615768433e-02
1.800000000000000000e+02 1.755643024807795882e-04 2.903289394453167915e-03 8.924561370804440230e-06 1.936082405507022486e-08 4.260584246367216110e-03 1.024391278624534607e-01 1.032516011036932468e-03 1.293332957175152842e-06 1.705342382192611694e-01 5.857067299075424671e-04 4.701036959886550903e-05 2.912657894194126129e-02 1.733768440317362547e-04 2.872740849852561951e-03 8.831749255477916449e-06 1.919162784247419040e-08 4.260584246367216110e-03 1.024391278624534607e-01 1.032516011036932468e-03 1.293332957175152842e-06 1.705342382192611694e-01 5.857067299075424671e-04 4.701036959886550903e-05 2.912657894194126129e-02
1.900000000000000000e+02 1.817603624658659101e-04 2.905561355873942375e-03 9.393731488671619445e-06 2.066767557096227392e-08 4.272111691534519196e-03 1.017990112304687500e-01 1.030844519846141338e-03 9.088124670597608201e-07 1.693681627511978149e-01 5.837364005856215954e-04 4.986062049283646047e-05 2.878456562757492065e-02 1.793533156160265207e-04 2.874137600883841515e-03 9.297712495026644319e-06 2.047693214990431443e-08 4.272111691534519196e-03 1.017990112304687500e-01 1.030844519846141338e-03 9.088124670597608201e-07 1.693681627511978149e-01 5.837364005856215954e-04 4.986062049283646047e-05 2.878456562757492065e-02
2.000000000000000000e+02 1.870807464001700282e-04 2.906288485974073410e-03 9.808972208702471107e-06 2.196371262641605426e-08 4.287465941160917282e-03 1.011013537645339966e-01 1.029163016937673092e-03 5.302724730427144095e-07 1.681520491838455200e-01 5.815647309646010399e-04 5.269225948723033071e-05 2.841065637767314911e-02 1.844079961301758885e-04 2.873893827199935913e-03 9.710329322842881083e-06 2.174940050281293225e-08 4.287465941160917282e-03 1.011013537645339966e-01 1.029163016937673092e-03 5.302724730427144095e-07 1.681520491838455200e-01 5.815647309646010399e-04 5.269225948723033071e-05 2.841065637767314911e-02
2.100000000000000000e+02 1.947187702171504498e-04 2.904091961681842804e-03 1.030819839797914028e-05 2.321373671065884992e-08 4.303181078284978867e-03 1.003322005271911621e-01 1.027585938572883606e-03 2.526371361000201432e-07 1.668960899114608765e-01 5.790606373921036720e-04 5.611196684185415506e-05 2.799546346068382263e-02 1.917254994623363018e-04 2.870626514777541161e-03 1.020645777316531166e-05 2.297382550864313089e-08 4.303181078284978867e-03 1.003322005271911621e-01 1.027585938572883606e-03 2.526371361000201432e-07 1.668960899114608765e-01 5.790606373921036720e-04 5.611196684185415506e-05 2.799546346068382263e-02
2.200000000000000000e+02 2.035562356468290091e-04 2.901109401136636734e-03 1.083440383808920160e-05 2.437337798255612142e-08 4.321238026022911072e-03 9.949938207864761353e-02 1.026059384457767010e-03 8.308288101943617221e-08 1.655656844377517700e-01 5.762539221905171871e-04 5.992497244733385742e-05 2.754751779139041901e-02 2.001732354983687401e-04 2.866433467715978622e-03 1.072954273695359007e-05 2.410589772239291051e-08 4.321238026022911072e-03 9.949938207864761353e-02 1.026059384457767010e-03 8.308288101943617221e-08 1.655656844377517700e-01 5.762539221905171871e-04 5.992497244733385742e-05 2.754751779139041901e-02
2.300000000000000000e+02 2.134698297595605254e-04 2.898915670812129974e-03 1.137201707024360076e-05 2.538772569948832825e-08 4.342457745224237442e-03 9.860642999410629272e-02 1.024498138576745987e-03 7.606734442333618063e-08 1.641331017017364502e-01 5.732015124522149563e-04 6.410777132259681821e-05 2.707185968756675720e-02 2.096113894367590547e-04 2.862848108634352684e-03 1.126414281316101551e-05 2.509082897006464918e-08 4.342457745224237442e-03 9.860642999410629272e-02 1.024498138576745987e-03 7.606734442333618063e-08 1.641331017017364502e-01 5.732015124522149563e-04 6.410777132259681821e-05 2.707185968756675720e-02
2.400000000000000000e+02 2.257882297271862626e-04 2.897803205996751785e-03 1.197258825413882732e-05 2.618901362438919023e-08 4.366022534668445587e-03 9.764782339334487915e-02 1.022863434627652168e-03 3.007194777637778316e-07 1.625862121582031250e-01 5.699141765944659710e-04 6.893633690197020769e-05 2.656648121774196625e-02 2.213505649706348777e-04 2.860131440684199333e-03 1.186149711429607123e-05 2.586109815183590399e-08 4.366022534668445587e-03 9.764782339334487915e-02 1.022863434627652168e-03 3.007194777637778316e-07 1.625862121582031250e-01 5.699141765944659710e-04 6.893633690197020769e-05 2.656648121774196625e-02
2.500000000000000000e+02 2.409501175861805677e-04 2.898020669817924500e-03 1.264094225916778669e-05 2.669498577745343937e-08 4.392362199723720551e-03 9.661678224802017212e-02 1.021158299408853054e-03 8.337752319675928447e-07 1.609134227037429810e-01 5.663584452122449875e-04 7.450940029229968786e-05 2.602862752974033356e-02 2.358056808589026332e-04 2.858494874089956284e-03 1.252639776794239879e-05 2.633486140268814779e-08 4.392362199723720551e-03 9.661678224802017212e-02 1.021158299408853054e-03 8.337752319675928447e-07 1.609134227037429810e-01 5.663584452122449875e-04 7.450940029229968786e-05 2.602862752974033356e-02
2.600000000000000000e+02 2.592150412965565920e-04 2.899812534451484680e-03 1.336680270469514653e-05 2.680981658897962916e-08 4.422296769917011261e-03 9.550552070140838623e-02 1.019400078803300858e-03 1.785631638995255344e-06 1.591029465198516846e-01 5.624852492474019527e-04 8.087508467724546790e-05 2.545504458248615265e-02 2.532057114876806736e-04 2.858138643205165863e-03 1.324868026131298393e-05 2.641690244331584836e-08 4.422296769917011261e-03 9.550552070140838623e-02 1.019400078803300858e-03 1.785631638995255344e-06 1.591029465198516846e-01 5.624852492474019527e-04 8.087508467724546790e-05 2.545504458248615265e-02
2.700000000000000000e+02 2.813513274304568768e-04 2.903323853388428688e-03 1.415941642335383222e-05 2.642750196457654965e-08 4.456236492842435837e-03 9.430471062660217285e-02 1.017597736790776253e-03 3.292315341241192073e-06 1.571443080902099609e-01 5.582525045610964298e-04 8.818328933557495475e-05 2.484154142439365387e-02 2.742840442806482315e-04 2.859156811609864235e-03 1.403757505613612011e-05 2.600213555581376568e-08 4.456236492842435837e-03 9.430471062660217285e-02 1.017597736790776253e-03 3.292315341241192073e-06 1.571443080902099609e-01 5.582525045610964298e-04 8.818328933557495475e-05 2.484154142439365387e-02
2.800000000000000000e+02 3.082677139900624752e-04 2.908898983150720596e-03 1.502833401900716126e-05 2.543829680234921398e-08 4.494631662964820862e-03 9.300532191991806030e-02 1.015749177895486355e-03 5.523800155060598627e-06 1.550246775150299072e-01 5.536267417483031750e-04 9.660505747888237238e-05 2.418448217213153839e-02 2.999062999151647091e-04 2.861833432689309120e-03 1.490255544922547415e-05 2.498216211677117826e-08 4.494631662964820862e-03 9.300532191991806030e-02 1.015749177895486355e-03 5.523800155060598627e-06 1.550246775150299072e-01 5.536267417483031750e-04 9.660505747888237238e-05 2.418448217213153839e-02
2.900000000000000000e+02 3.408830380067229271e-04 2.917122328653931618e-03 1.597424670762848109e-05 2.374079421940678003e-08 4.538218490779399872e-03 9.159876406192779541e-02 1.013850560411810875e-03 8.701386832399293780e-06 1.527290493249893188e-01 5.485743749886751175e-04 1.062940500560216606e-04 2.348091453313827515e-02 3.309382591396570206e-04 2.866676310077309608e-03 1.584433812240604311e-05 2.325750436682483269e-08 4.538218490779399872e-03 9.159876406192779541e-02 1.013850560411810875e-03 8.701386832399293780e-06 1.527290493249893188e-01 5.485743749886751175e-04 1.062940500560216606e-04 2.348091453313827515e-02
3.000000000000000000e+02 3.804450388997793198e-04 2.928657690063118935e-03 1.700442408036906272e-05 2.126282261372125504e-08 4.587618168443441391e-03 9.007614105939865112e-02 1.011899672448635101e-03 1.309186973230680451e-05 1.502426564693450928e-01 5.430603632703423500e-04 1.174603021354414523e-04 2.272781357169151306e-02 3.685677074827253819e-04 2.874259836971759796e-03 1.687007170403376222e-05 2.075875116247516416e-08 4.587618168443441391e-03 9.007614105939865112e-02 1.011899672448635101e-03 1.309186973230680451e-05 1.502426564693450928e-01 5.430603632703423500e-04 1.174603021354414523e-04 2.272781357169151306e-02
3.100000000000000000e+02 4.284012538846582174e-04 2.944311825558543205e-03 1.812372829590458423e-05 1.799482696185350505e-08 4.643522202968597412e-03 8.842840045690536499e-02 1.009899075143039227e-03 1.902026633615605533e-05 1.475507318973541260e-01 5.370449507609009743e-04 1.303314493270590901e-04 2.192238345742225647e-02 4.141682293266057968e-04 2.885284833610057831e-03 1.798443372535984963e-05 1.748030875603490131e-08 4.643522202968597412e-03 8.842840045690536499e-02 1.009899075143039227e-03 1.902026633615605533e-05 1.475507318973541260e-01 5.370449507609009743e-04 1.303314493270590901e-04 2.192238345742225647e-02
3.200000000000000000e+02 4.863822832703590393e-04 2.965063787996768951e-03 1.933184648805763572e-05 1.404057048404183661e-08 4.706725012511014938e-03 8.664690703153610229e-02 1.007851213216781616e-03 2.688174208742566407e-05 1.446390300989151001e-01 5.304883816279470921e-04 1.451410207664594054e-04 2.106231637299060822e-02 4.692890506703406572e-04 2.900604391470551491e-03 1.918697307701222599e-05 1.353156431349589184e-08 4.706725012511014938e-03 8.664690703153610229e-02 1.007851213216781616e-03 2.688174208742566407e-05 1.446390300989151001e-01 5.304883816279470921e-04 1.451410207664594054e-04 2.106231637299060822e-02
3.300000000000000000e+02 5.562683800235390663e-04 2.992074470967054367e-03 2.062547355308197439e-05 9.690287683383758122e-09 4.778038710355758667e-03 8.472353965044021606e-02 1.005760743282735348e-03 3.714095510076731443e-05 1.414944827556610107e-01 5.233518895693123341e-04 1.621378905838355422e-04 2.014588937163352966e-02 5.357156042009592056e-04 2.921229461207985878e-03 2.047399902949109674e-05 9.210752160981883208e-09 4.778038710355758667e-03 8.472353965044021606e-02 1.005760743282735348e-03 3.714095510076731443e-05 1.414944827556610107e-01 5.233518895693123341e-04 1.621378905838355422e-04 2.014588937163352966e-02
3.400000000000000000e+02 6.401792634278535843e-04 3.026735037565231323e-03 2.199760638177394867e-05 5.521136436925644375e-09 4.858222790062427521e-03 8.265127241611480713e-02 1.003630459308624268e-03 5.032826811657287180e-05 1.381055116653442383e-01 5.156014813110232353e-04 1.815769937820732594e-04 1.917234621942043304e-02 6.154656293801963329e-04 2.948377048596739769e-03 2.183801007049623877e-05 5.106385536635116296e-09 4.858222790062427521e-03 8.265127241611480713e-02 1.003630459308624268e-03 5.032826811657287180e-05 1.381055116653442383e-01 5.156014813110232353e-04 1.815769937820732594e-04 1.917234621942043304e-02
3.500000000000000000e+02 7.403624476864933968e-04 3.070716513320803642e-03 2.343227788514923304e-05 2.528620424158134483e-09 4.948023706674575806e-03 8.042497932910919189e-02 1.001465483568608761e-03 6.703829421894624829e-05 1.344627439975738525e-01 5.072101484984159470e-04 2.036847727140411735e-04 1.814230158925056458e-02 7.106766570359468460e-04 2.983510494232177734e-03 2.326228059246204793e-05 2.230018614213236106e-09 4.948023706674575806e-03 8.042497932910919189e-02 1.001465483568608761e-03 6.703829421894624829e-05 1.344627439975738525e-01 5.072101484984159470e-04 2.036847727140411735e-04 1.814230158925056458e-02
3.600000000000000000e+02 8.591396035626530647e-04 3.125981194898486137e-03 2.490557562850881368e-05 2.288907730019218434e-09 5.048029590398073196e-03 7.804199308156967163e-02 9.992698905989527702e-04 8.790302672423422337e-05 1.305599659681320190e-01 4.981614765711128712e-04 2.286491799168288708e-04 1.705806702375411987e-02 8.235644199885427952e-04 3.028355306014418602e-03 2.472189225954934955e-05 2.180408520402465911e-09 5.048029590398073196e-03 7.804199308156967163e-02 9.992698905989527702e-04 8.790302672423422337e-05 1.305599659681320190e-01 4.981614765711128712e-04 2.286491799168288708e-04 1.705806702375411987e-02
3.700000000000000000e+02 9.987406665459275246e-04 3.194781485944986343e-03 2.638373553054407239e-05 7.146079727959886441e-09 5.158589221537113190e-03 7.550281286239624023e-02 9.970493847504258156e-04 1.135493002948351204e-04 1.263953149318695068e-01 4.884539521299302578e-04 2.565803588367998600e-04 1.592388749122619629e-02 9.562601335346698761e-04 3.084888216108083725e-03 2.618162761791609228e-05 7.333145646271077567e-09 5.158589221537113190e-03 7.550281286239624023e-02 9.970493847504258156e-04 1.135493002948351204e-04 1.263953149318695068e-01 4.884539521299302578e-04 2.565803588367998600e-04 1.592388749122619629e-02
3.800000000000000000e+02 1.161019317805767059e-03 3.279631724581122398e-03 2.781891089398413897e-05 2.040830615612776455e-08 5.279744509607553482e-03 7.281178981065750122e-02 9.948088554665446281e-04 1.445535017410293221e-04 1.219727247953414917e-01 4.781092866323888302e-04 2.874606580007821321e-04 1.474620494991540909e-02 1.110543031245470047e-03 3.155314130708575249e-03 2.759200469881761819e-05 2.103973706368833518e-08 5.279744509607553482e-03 7.281178981065750122e-02 9.948088554665446281e-04 1.445535017410293221e-04 1.219727247953414917e-01 4.781092866323888302e-04 2.874606580007821321e-04 1.474620494991540909e-02
3.900000000000000000e+02 1.347194775007665157e-03 3.383262315765023232e-03 2.915215191023889929e-05 4.652303431385007570e-08 5.411016289144754410e-03 6.997787207365036011e-02 9.925550548359751701e-04 1.813421404222026467e-04 1.173029467463493347e-01 4.671725037042051554e-04 3.211146977264434099e-04 1.353384647518396378e-02 1.287599327042698860e-03 3.242021659389138222e-03 2.889218194468412548e-05 4.780600804110690660e-08 5.411016289144754410e-03 6.997787207365036011e-02 9.925550548359751701e-04 1.813421404222026467e-04 1.173029467463493347e-01 4.671725037042051554e-04 3.211146977264434099e-04 1.353384647518396378e-02
4.000000000000000000e+02 1.557398005388677120e-03 3.508521243929862976e-03 3.030981315532699227e-05 9.118362953586256481e-08 5.551322828978300095e-03 6.701499968767166138e-02 9.902985766530036926e-04 2.241110196337103844e-04 1.124047189950942993e-01 4.557193897198885679e-04 3.571357519831508398e-04 1.229805499315261841e-02 1.487581990659236908e-03 3.347485326230525970e-03 3.000666401931084692e-05 9.340166684523865115e-08 5.551322828978300095e-03 6.701499968767166138e-02 9.902985766530036926e-04 2.241110196337103844e-04 1.124047189950942993e-01 4.557193897198885679e-04 3.571357519831508398e-04 1.229805499315261841e-02
4.100000000000000000e+02 1.790251117199659348e-03 3.658256027847528458e-03 3.120683322777040303e-05 1.612992548416514182e-07 5.698814522475004196e-03 6.394249945878982544e-02 9.880549041554331779e-04 2.727051323745399714e-04 1.073051467537879944e-01 4.438563773874193430e-04 3.948433732148259878e-04 1.105243712663650513e-02 1.709213596768677235e-03 3.474159864708781242e-03 3.084911440964788198e-05 1.648318033176110475e-07 5.698814522475004196e-03 6.394249945878982544e-02 9.880549041554331779e-04 2.727051323745399714e-04 1.073051467537879944e-01 4.438563773874193430e-04 3.948433732148259878e-04 1.105243712663650513e-02
4.200000000000000000e+02 2.042444422841072083e-03 3.835127456113696098e-03 3.175185338477604091e-05 2.647429937496781349e-07 5.850744899362325668e-03 6.078469753265380859e-02 9.858536068350076675e-04 3.264980914536863565e-04 1.020398214459419250e-01 4.317192942835390568e-04 4.332592070568352938e-04 9.812626987695693970e-03 1.949386554770171642e-03 3.624305594712495804e-03 3.132831989205442369e-05 2.700836034819076303e-07 5.850744899362325668e-03 6.078469753265380859e-02 9.858536068350076675e-04 3.264980914536863565e-04 1.020398214459419250e-01 4.317192942835390568e-04 4.332592070568352938e-04 9.812626987695693970e-03
4.300000000000000000e+02 2.308296272531151772e-03 4.041464067995548248e-03 3.185030072927474976e-05 4.097845192063687136e-07 6.003429181873798370e-03 5.757104232907295227e-02 9.837425313889980316e-04 3.843291196972131729e-04 9.665158390998840332e-02 4.194706270936876535e-04 4.710590583272278309e-04 8.595944382250308990e-03 2.202725037932395935e-03 3.799855476245284081e-03 3.135198494419455528e-05 4.175527124061773065e-07 6.003429181873798370e-03 5.757104232907295227e-02 9.837425313889980316e-04 3.843291196972131729e-04 9.665158390998840332e-02 4.194706270936876535e-04 4.710590583272278309e-04 8.595944382250308990e-03
4.400000000000000000e+02 2.579661086201667786e-03 4.278980195522308350e-03 3.141970955766737461e-05 6.041281608304416295e-07 6.152227055281400681e-03 5.433440208435058594e-02 9.817926911637187004e-04 4.444128135219216347e-04 9.118960052728652954e-02 4.072948649991303682e-04 5.066497833468019962e-04 7.420466747134923935e-03 2.461502561345696449e-03 4.002153873443603516e-03 3.084341005887836218e-05 6.150680178507172968e-07 6.152227055281400681e-03 5.433440208435058594e-02 9.817926911637187004e-04 4.444128135219216347e-04 9.118960052728652954e-02 4.072948649991303682e-04 5.066497833468019962e-04 7.420466747134923935e-03
4.500000000000000000e+02 2.845965558663010597e-03 4.548572469502687454e-03 3.040002775378525257e-05 8.535320148439495824e-07 6.291691213846206665e-03 5.111008882522583008e-02 9.801083942875266075e-04 5.043831188231706619e-04 8.570729196071624756e-02 3.953867708332836628e-04 5.382181843742728233e-04 6.304063834249973297e-03 2.715660491958260536e-03 4.231777973473072052e-03 2.975238021463155746e-05 8.684892804922128562e-07 6.291691213846206665e-03 5.111008882522583008e-02 9.801083942875266075e-04 5.043831188231706619e-04 8.570729196071624756e-02 3.953867708332836628e-04 5.382181843742728233e-04 6.304063834249973297e-03
4.600000000000000000e+02 3.094689920544624329e-03 4.850141238421201706e-03 2.877109000110067427e-05 1.160084138973616064e-06 6.415888667106628418e-03 4.793386906385421753e-02 9.788298048079013824e-04 5.614127730950713158e-04 8.025957643985748291e-02 3.839395649265497923e-04 5.638628499582409859e-04 5.263306666165590286e-03 2.953266492113471031e-03 4.488378763198852539e-03 2.807274177030194551e-05 1.179953528662736062e-06 6.415888667106628418e-03 4.793386906385421753e-02 9.788298048079013824e-04 5.614127730950713158e-04 8.025957643985748291e-02 3.839395649265497923e-04 5.638628499582409859e-04 5.263306666165590286e-03
4.700000000000000000e+02 3.312354674562811852e-03 5.182399880141019821e-03 2.657598452060483396e-05 1.520379669273097534e-06 6.518766283988952637e-03 4.483979940414428711e-02 9.781355038285255432e-04 6.123703205958008766e-04 7.490070164203643799e-02 3.731302858795970678e-04 5.818237550556659698e-04 4.312165081501007080e-03 3.161444095894694328e-03 4.770507104694843292e-03 2.586470691312570125e-05 1.546020598652830813e-06 6.518766283988952637e-03 4.483979940414428711e-02 9.781355038285255432e-04 6.123703205958008766e-04 7.490070164203643799e-02 3.731302858795970678e-04 5.818237550556659698e-04 4.312165081501007080e-03
4.800000000000000000e+02 3.485681023448705673e-03 5.542859435081481934e-03 2.393855356785934418e-05 1.924058096847147681e-06 6.594718899577856064e-03 4.185833409428596497e-02 9.782332926988601685e-04 6.541794864460825920e-04 6.968125700950622559e-02 3.631080035120248795e-04 5.906266160309314728e-04 3.461087821051478386e-03 3.327487502247095108e-03 5.075629334896802902e-03 2.326911453565116972e-05 1.956181449713767506e-06 6.594718899577856064e-03 4.185833409428596497e-02 9.782332926988601685e-04 6.541794864460825920e-04 6.968125700950622559e-02 3.631080035120248795e-04 5.906266160309314728e-04 3.461087821051478386e-03
4.900000000000000000e+02 3.603167366236448288e-03 5.927877500653266907e-03 2.108741864503826946e-05 2.353359377593733370e-06 6.639161612838506699e-03 3.901472315192222595e-02 9.793507633730769157e-04 6.840970600023865700e-04 6.464596092700958252e-02 3.539811586961150169e-04 5.893380148336291313e-04 2.716318238526582718e-03 3.440354019403457642e-03 5.400175228714942932e-03 2.052691161225084215e-05 2.392402166151441634e-06 6.639161612838506699e-03 3.901472315192222595e-02 9.793507633730769157e-04 6.840970600023865700e-04 6.464596092700958252e-02 3.539811586961150169e-04 5.893380148336291313e-04 2.716318238526582718e-03
5.000000000000000000e+02 3.656433429569005966e-03 6.332779303193092346e-03 1.836602677940391004e-05 2.784390972010442056e-06 6.649054586887359619e-03 3.632770106196403503e-02 9.817139944061636925e-04 7.000940968282520771e-04 5.983214080333709717e-02 3.458079590927809477e-04 5.776536418125033379e-04 2.079564146697521210e-03 3.491976065561175346e-03 5.739664193242788315e-03 1.798295670596417040e-05 2.830407538567669690e-06 6.649054586887359619e-03 3.632770106196403503e-02 9.817139944061636925e-04 7.000940968282520771e-04 5.983214080333709717e-02 3.458079590927809477e-04 5.776536418125033379e-04 2.079564146697521210e-03
5.100000000000000000e+02 3.641433082520961761e-03 6.752157583832740784e-03 1.623869684408418834e-05 3.190403731423430145e-06 6.623173598200082779e-03 3.380921483039855957e-02 9.855226380750536919e-04 7.010577246546745300e-04 5.526841431856155396e-02 3.385964955668896437e-04 5.560183781199157238e-04 1.548309577628970146e-03 3.478414611890912056e-03 6.089008878916501999e-03 1.608617822057567537e-05 3.243007768105599098e-06 6.623173598200082779e-03 3.380921483039855957e-02 9.855226380750536919e-04 7.010577246546745300e-04 5.526841431856155396e-02 3.385964955668896437e-04 5.560183781199157238e-04 1.548309577628970146e-03
5.200000000000000000e+02 3.558915806934237480e-03 7.180164568126201630e-03 1.527238964627031237e-05 3.546562311385059729e-06 6.562330760061740875e-03 3.146459907293319702e-02 9.909194195643067360e-04 6.869783974252641201e-04 5.097447335720062256e-02 3.323043056298047304e-04 5.255365394987165928e-04 1.116372412070631981e-03 3.400325775146484375e-03 6.442783400416374207e-03 1.536615127406548709e-05 3.604941866797162220e-06 6.562330760061740875e-03 3.146459907293319702e-02 9.909194195643067360e-04 6.869783974252641201e-04 5.097447335720062256e-02 3.323043056298047304e-04 5.255365394987165928e-04 1.116372412070631981e-03
5.300000000000000000e+02 3.414399689063429832e-03 7.610813714563846588e-03 1.610475737834349275e-05 3.834717972495127469e-06 6.469169165939092636e-03 2.929323352873325348e-02 9.979726746678352356e-04 6.588975666090846062e-04 4.696163162589073181e-02 3.268427390139549971e-04 4.878734471276402473e-04 7.747930358164012432e-04 3.262929618358612061e-03 6.795512977987527847e-03 1.639926995267160237e-05 3.897730493918061256e-06 6.469169165939092636e-03 2.929323352873325348e-02 9.979726746678352356e-04 6.588975666090846062e-04 4.696163162589073181e-02 3.268427390139549971e-04 4.878734471276402473e-04 7.747930358164012432e-04
5.400000000000000000e+02 3.217397490516304970e-03 8.038307540118694305e-03 1.939174762810580432e-05 4.046428784931777045e-06 6.347937043756246567e-03 2.728983201086521149e-02 1.006653183139860630e-03 6.187828257679939270e-04 4.323353990912437439e-02 3.220856306143105030e-04 4.450408159755170345e-04 5.128700868226587772e-04 3.075287444517016411e-03 7.141977082937955856e-03 1.975801205844618380e-05 4.112747319595655426e-06 6.347937043756246567e-03 2.728983201086521149e-02 1.006653183139860630e-03 6.187828257679939270e-04 4.323353990912437439e-02 3.220856306143105030e-04 4.450408159755170345e-04 5.128700868226587772e-04
5.500000000000000000e+02 2.980228047817945480e-03 8.457261137664318085e-03 2.574783866293728352e-05 4.183206328889355063e-06 6.203900557011365891e-03 2.544555440545082092e-02 1.016828464344143867e-03 5.692354752682149410e-04 3.978756070137023926e-02 3.178782353643327951e-04 3.991930279880762100e-04 3.190958232153207064e-04 2.849163953214883804e-03 7.477405015379190445e-03 2.595630212454125285e-05 4.251479367667343467e-06 6.203900557011365891e-03 2.544555440545082092e-02 1.016828464344143867e-03 5.692354752682149410e-04 3.978756070137023926e-02 3.178782353643327951e-04 3.991930279880762100e-04 3.190958232153207064e-04
5.600000000000000000e+02 2.716553397476673126e-03 8.862903341650962830e-03 3.568065221770666540e-05 4.254236955603118986e-06 6.042804569005966187e-03 2.374944090843200684e-02 1.028263708576560020e-03 5.132086225785315037e-04 3.661597520112991333e-02 3.140445624012500048e-04 3.523954364936798811e-04 1.819957542465999722e-04 2.597617451101541519e-03 7.797648664563894272e-03 3.539284443832002580e-05 4.323219854995841160e-06 6.042804569005966187e-03 2.374944090843200684e-02 1.028263708576560020e-03 5.132086225785315037e-04 3.661597520112991333e-02 3.140445624012500048e-04 3.523954364936798811e-04 1.819957542465999722e-04
5.700000000000000000e+02 2.439997857436537743e-03 9.251137264072895050e-03 4.953859024681150913e-05 4.272804289939813316e-06 5.870418623089790344e-03 2.218928933143615723e-02 1.040637376718223095e-03 4.536762426141649485e-04 3.370746225118637085e-02 3.103983472101390362e-04 3.064721822738647461e-04 9.072602551896125078e-05 2.333692507818341255e-03 8.099240250885486603e-03 4.830780744669027627e-05 4.341446583566721529e-06 5.870418623089790344e-03 2.218928933143615723e-02 1.040637376718223095e-03 4.536762426141649485e-04 3.370746225118637085e-02 3.103983472101390362e-04 3.064721822738647461e-04 9.072602551896125078e-05
5.800000000000000000e+02 2.162952907383441925e-03 9.618625044822692871e-03 6.747290171915665269e-05 4.252773123880615458e-06 5.692074541002511978e-03 2.075268328189849854e-02 1.053554820828139782e-03 3.933893458452075720e-04 3.104816563427448273e-02 3.067529469262808561e-04 2.628877700772136450e-04 3.548079257598146796e-05 2.069244394078850746e-03 8.379437029361724854e-03 6.475529517047107220e-05 4.320253538026008755e-06 5.692074541002511978e-03 2.075268328189849854e-02 1.053554820828139782e-03 3.933893458452075720e-04 3.104816563427448273e-02 3.067529469262808561e-04 2.628877700772136450e-04 3.548079257598146796e-05
5.900000000000000000e+02 1.895778463222086430e-03 9.962776675820350647e-03 8.942546992329880595e-05 4.206061475997557864e-06 5.512365140020847321e-03 1.942757144570350647e-02 1.066571683622896671e-03 3.346718731336295605e-04 2.862269431352615356e-02 3.029313811566680670e-04 2.227116347057744861e-04 7.693754923820961267e-06 1.814197981730103493e-03 8.636204525828361511e-03 8.459793025394901633e-05 4.271790203347336501e-06 5.512365140020847321e-03 1.942757144570350647e-02 1.066571683622896671e-03 3.346718731336295605e-04 2.862269431352615356e-02 3.029313811566680670e-04 2.227116347057744861e-04 7.693754923820961267e-06
6.000000000000000000e+02 1.646316726692020893e-03 1.028171461075544357e-02 1.151314572780393064e-04 4.141410045122029260e-06 5.335011985152959824e-03 1.820271462202072144e-02 1.079224864952266216e-03 2.793508756440132856e-04 2.641488052904605865e-02 2.987727348227053881e-04 1.865988742792978883e-04 9.873701856122352183e-08 1.576058682985603809e-03 8.868182078003883362e-03 1.075161999324336648e-04 4.205006462143501267e-06 5.335011985152959824e-03 1.820271462202072144e-02 1.079224864952266216e-03 2.793508756440132856e-04 2.641488052904605865e-02 2.987727348227053881e-04 1.865988742792978883e-04 9.873701856122352183e-08
6.100000000000000000e+02 1.419869018718600273e-03 1.057419646531343460e-02 1.441545609850436449e-04 4.064313543494790792e-06 5.162782501429319382e-03 1.706780493259429932e-02 1.091053010895848274e-03 2.286929084220901132e-04 2.440844476222991943e-02 2.941431885119527578e-04 1.548653381178155541e-04 6.688188477710355073e-06 1.359903020784258842e-03 9.074583649635314941e-03 1.330447557847946882e-04 4.125583018321776763e-06 5.162782501429319382e-03 1.706780493259429932e-02 1.091053010895848274e-03 2.286929084220901132e-04 2.440844476222991943e-02 2.941431885119527578e-04 1.548653381178155541e-04 6.688188477710355073e-06
6.200000000000000000e+02 1.219321042299270630e-03 1.083963643759489059e-02 1.759206352289766073e-04 3.977727374149253592e-06 4.997632931917905807e-03 1.601376011967658997e-02 1.101625384762883186e-03 1.834755676100030541e-04 2.258715592324733734e-02 2.889406750909984112e-04 1.275213289773091674e-04 2.261810004711151123e-05 1.168487942777574062e-03 9.255224838852882385e-03 1.606077712494879961e-04 4.036644440930103883e-06 4.997632931917905807e-03 1.601376011967658997e-02 1.101625384762883186e-03 1.834755676100030541e-04 2.258715592324733734e-02 2.889406750909984112e-04 1.275213289773091674e-04 2.261810004711151123e-05
6.300000000000000000e+02 1.045561861246824265e-03 1.107795722782611847e-02 2.097756223520264030e-04 3.883098997903289273e-06 4.840693902224302292e-03 1.503253448754549026e-02 1.110563054680824280e-03 1.440352934878319502e-04 2.093533985316753387e-02 2.830993907991796732e-04 1.043687007040716708e-04 4.407966116559691727e-05 1.002660836093127728e-03 9.410370141267776489e-03 1.895717723527923226e-04 3.939788712159497663e-06 4.840693902224302292e-03 1.503253448754549026e-02 1.110563054680824280e-03 1.440352934878319502e-04 2.093533985316753387e-02 2.830993907991796732e-04 1.043687007040716708e-04 4.407966116559691727e-05
6.400000000000000000e+02 8.978893747553229332e-04 1.128955837339162827e-02 2.450269530527293682e-04 3.781335180974565446e-06 4.692536778748035431e-03 1.411716174334287643e-02 1.117560081183910370e-03 1.103762988350354135e-04 1.943796873092651367e-02 2.765913668554276228e-04 8.505498408339917660e-05 6.816101085860282183e-05 8.617418934591114521e-04 9.540692903101444244e-03 2.192856773035600781e-04 3.836056748696137220e-06 4.692536778748035431e-03 1.411716174334287643e-02 1.117560081183910370e-03 1.103762988350354135e-04 1.943796873092651367e-02 2.765913668554276228e-04 8.505498408339917660e-05 6.816101085860282183e-05
6.500000000000000000e+02 7.745450711809098721e-04 1.147523615509271622e-02 2.810016740113496780e-04 3.673428409456391819e-06 4.553216975182294846e-03 1.326158829033374786e-02 1.122390851378440857e-03 8.224741759477183223e-05 1.808080635964870453e-02 2.694278664421290159e-04 6.915288395248353481e-05 9.271514136344194412e-05 7.440426852554082870e-04 9.647225029766559601e-03 2.491316408850252628e-04 3.726560180439264514e-06 4.553216975182294846e-03 1.326158829033374786e-02 1.122390851378440857e-03 8.224741759477183223e-05 1.808080635964870453e-02 2.694278664421290159e-04 6.915288395248353481e-05 9.271514136344194412e-05
6.600000000000000000e+02 6.730915629304945469e-04 1.163611561059951782e-02 3.170753188896924257e-04 3.560721552275936119e-06 4.422509111464023590e-03 1.246069092303514481e-02 1.124923932366073132e-03 5.924399374634958804e-05 1.685046963393688202e-02 2.616531273815780878e-04 5.619815055979415774e-05 1.162258195108734071e-04 6.472214008681476116e-04 9.731254540383815765e-03 2.785512770060449839e-04 3.612730324675794691e-06 4.422509111464023590e-03 1.246069092303514481e-02 1.124923932366073132e-03 5.924399374634958804e-05 1.685046963393688202e-02 2.616531273815780878e-04 5.619815055979415774e-05 1.162258195108734071e-04
6.700000000000000000e+02 5.907991435378789902e-04 1.177360676229000092e-02 3.527035296428948641e-04 3.444851472522714175e-06 4.299927037209272385e-03 1.171001419425010681e-02 1.125115551985800266e-03 4.087308116140775383e-05 1.573441550135612488e-02 2.533416845835745335e-04 4.573440673993900418e-05 1.376893196720629930e-04 5.686639342457056046e-04 9.794302284717559814e-03 3.070701204705983400e-04 3.496261570035130717e-06 4.299927037209272385e-03 1.171001419425010681e-02 1.125115551985800266e-03 4.087308116140775383e-05 1.573441550135612488e-02 2.533416845835745335e-04 4.573440673993900418e-05 1.376893196720629930e-04
6.800000000000000000e+02 5.249204114079475403e-04 1.188926771283149719e-02 3.874418325722217560e-04 3.327549165987875313e-06 4.184912890195846558e-03 1.100572198629379272e-02 1.123008667491376400e-03 2.660573773027863353e-05 1.472112257033586502e-02 2.445903955958783627e-04 3.733795529115013778e-05 1.565081474836915731e-04 5.057355738244950771e-04 9.837999008595943451e-03 3.343146527186036110e-04 3.378904239070834592e-06 4.184912890195846558e-03 1.100572198629379272e-02 1.123008667491376400e-03 2.660573773027863353e-05 1.472112257033586502e-02 2.445903955958783627e-04 3.733795529115013778e-05 1.565081474836915731e-04
6.900000000000000000e+02 4.728404455818235874e-04 1.198477391153573990e-02 4.209428443573415279e-04 3.210431032130145468e-06 4.076852928847074509e-03 1.034445222467184067e-02 1.118715968914330006e-03 1.592516673554200679e-05 1.379998866468667984e-02 2.355131000513210893e-04 3.062529867747798562e-05 1.723990426398813725e-04 4.559307126328349113e-04 9.864051826298236847e-03 3.600058262236416340e-04 3.262256541347596794e-06 4.076852928847074509e-03 1.034445222467184067e-02 1.118715968914330006e-03 1.592516673554200679e-05 1.379998866468667984e-02 2.355131000513210893e-04 3.062529867747798562e-05 1.723990426398813725e-04
7.000000000000000000e+02 4.322507011238485575e-04 1.206184178590774536e-02 4.529695142991840839e-04 3.094873136433307081e-06 3.975113853812217712e-03 9.723263792693614960e-03 1.112411497160792351e-03 8.341260581801179796e-06 1.296138297766447067e-02 2.262300258735194802e-04 2.527321339584887028e-05 1.853061403380706906e-04 4.170417087152600288e-04 9.874165058135986328e-03 3.839684068225324154e-04 3.147641109535470605e-06 3.975113853812217712e-03 9.723263792693614960e-03 1.112411497160792351e-03 8.341260581801179796e-06 1.296138297766447067e-02 2.262300258735194802e-04 2.527321339584887028e-05 1.853061403380706906e-04
7.100000000000000000e+02 4.011045093648135662e-04 1.212223898619413376e-02 4.833617422264069319e-04 2.981965053550084122e-06 3.879170166328549385e-03 9.139562956988811493e-03 1.104312832467257977e-03 3.416556864976882935e-06 1.219645794481039047e-02 2.168623614124953747e-04 2.100105120916850865e-05 1.953261526068672538e-04 3.871051594614982605e-04 9.870074689388275146e-03 4.061002400703728199e-04 3.036067255379748531e-06 3.879170166328549385e-03 9.139562956988811493e-03 1.104312832467257977e-03 3.416556864976882935e-06 1.219645794481039047e-02 2.168623614124953747e-04 2.100105120916850865e-05 1.953261526068672538e-04
7.200000000000000000e+02 3.777180099859833717e-04 1.216762233525514603e-02 5.120539572089910507e-04 2.872535105780116282e-06 3.788462607190012932e-03 8.590998128056526184e-03 1.094658742658793926e-03 7.609212957504496444e-07 1.149739697575569153e-02 2.075287775369361043e-04 1.758548387442715466e-05 2.026685251621529460e-04 3.645120887085795403e-04 9.853377938270568848e-03 4.263820010237395763e-04 2.928263256762875244e-06 3.788462607190012932e-03 8.590998128056526184e-03 1.094658742658793926e-03 7.609212957504496444e-07 1.149739697575569153e-02 2.075287775369361043e-04 1.758548387442715466e-05 2.026685251621529460e-04
7.300000000000000000e+02 3.606686950661242008e-04 1.219959091395139694e-02 5.390316364355385303e-04 2.767189926089486107e-06 3.702545305714011192e-03 8.075407706201076508e-03 1.083704642951488495e-03 3.925522662484581815e-08 1.085714623332023621e-02 1.983354450203478336e-04 1.484153199271531776e-05 2.076044038403779268e-04 3.478977305348962545e-04 9.825604036450386047e-03 4.448418330866843462e-04 2.824722287186887115e-06 3.702545305714011192e-03 8.075407706201076508e-03 1.083704642951488495e-03 3.925522662484581815e-08 1.085714623332023621e-02 1.983354450203478336e-04 1.484153199271531776e-05 2.076044038403779268e-04
7.400000000000000000e+02 3.488023066893219948e-04 1.221965067088603973e-02 5.643318872898817062e-04 2.666348336788360029e-06 3.621010808274149895e-03 7.590808905661106110e-03 1.071702106855809689e-03 9.642458280723076314e-07 1.026941090822219849e-02 1.893770240712910891e-04 1.262309342564549297e-05 2.104156010318547487e-04 3.361573326401412487e-04 9.788173250854015350e-03 4.615503130480647087e-04 2.725747890508500859e-06 3.621010808274149895e-03 7.590808905661106110e-03 1.071702106855809689e-03 9.642458280723076314e-07 1.026941090822219849e-02 1.893770240712910891e-04 1.262309342564549297e-05 2.104156010318547487e-04
7.500000000000000000e+02 3.411695652175694704e-04 1.222914550453424454e-02 5.880224052816629410e-04 2.570267042756313458e-06 3.543526399880647659e-03 7.135364692658185959e-03 1.058891415596008301e-03 3.291413349870708771e-06 9.728682227432727814e-03 1.807339285733178258e-04 1.081438949768198654e-05 2.114074741257354617e-04 3.283788682892918587e-04 9.742337279021739960e-03 4.766035417560487986e-04 2.631485358506324701e-06 3.543526399880647659e-03 7.135364692658185959e-03 1.058891415596008301e-03 3.291413349870708771e-06 9.728682227432727814e-03 1.807339285733178258e-04 1.081438949768198654e-05 2.114074741257354617e-04
7.600000000000000000e+02 3.370080376043915749e-04 1.222931127995252609e-02 6.101963808760046959e-04 2.479056320225936361e-06 3.469767514616250992e-03 6.707359105348587036e-03 1.045493525452911854e-03 6.813638719904702157e-06 9.230053983628749847e-03 1.724710455164313316e-04 9.326583494839724153e-06 2.108673215843737125e-04 3.238322096876800060e-04 9.689248166978359222e-03 4.901166539639234543e-04 2.541942876632674597e-06 3.469767514616250992e-03 6.707359105348587036e-03 1.045493525452911854e-03 6.813638719904702157e-06 9.230053983628749847e-03 1.724710455164313316e-04 9.326583494839724153e-06 2.108673215843737125e-04
7.700000000000000000e+02 3.356697852723300457e-04 1.222129538655281067e-02 6.309484597295522690e-04 2.392708438492263667e-06 3.399504348635673523e-03 6.305170245468616486e-03 1.031707855872809887e-03 1.135247475758660585e-05 8.769159205257892609e-03 1.646370656089857221e-04 8.088125468930229545e-06 2.090501948259770870e-04 3.218944766558706760e-04 9.629951789975166321e-03 5.022040568292140961e-04 2.457024265822838061e-06 3.399504348635673523e-03 6.305170245468616486e-03 1.031707855872809887e-03 1.135247475758660585e-05 8.769159205257892609e-03 1.646370656089857221e-04 8.088125468930229545e-06 2.090501948259770870e-04
7.800000000000000000e+02 3.366356831975281239e-04 1.220605708658695221e-02 6.503813783638179302e-04 2.311109938091249205e-06 3.332505468279123306e-03 5.927260499447584152e-03 1.017705071717500687e-03 1.675477687967941165e-05 8.342240937054157257e-03 1.572678302181884646e-04 7.045524853310780600e-06 2.061974228126928210e-04 3.220665385015308857e-04 9.565322659909725189e-03 5.129835917614400387e-04 2.376545353399706073e-06 3.332505468279123306e-03 5.927260499447584152e-03 1.017705071717500687e-03 1.675477687967941165e-05 8.342240937054157257e-03 1.572678302181884646e-04 7.045524853310780600e-06 2.061974228126928210e-04
7.900000000000000000e+02 3.394738014321774244e-04 1.218447089195251465e-02 6.685958360321819782e-04 2.234064822914660908e-06 3.268553409725427628e-03 5.572216119617223740e-03 1.003631507046520710e-03 2.288846189912874252e-05 7.945960387587547302e-03 1.503856765339151025e-04 6.158665200928226113e-06 2.025161957135424018e-04 3.239356738049536943e-04 9.496145881712436676e-03 5.225702188909053802e-04 2.300255573572940193e-06 3.268553409725427628e-03 5.572216119617223740e-03 1.003631507046520710e-03 2.288846189912874252e-05 7.945960387587547302e-03 1.503856765339151025e-04 6.158665200928226113e-06 2.025161957135424018e-04
8.000000000000000000e+02 3.438012790866196156e-04 1.215732097625732422e-02 6.856740801595151424e-04 2.161322299798484892e-06 3.207516390830278397e-03 5.238690879195928574e-03 9.896067203953862190e-04 2.963194492622278631e-05 7.577353622764348984e-03 1.440012856619432569e-04 5.393804258346790448e-06 1.981876848731189966e-04 3.271324967499822378e-04 9.423122741281986237e-03 5.310593987815082073e-04 2.227869345006183721e-06 3.207516390830278397e-03 5.238690879195928574e-03 9.896067203953862190e-04 2.963194492622278631e-05 7.577353622764348984e-03 1.440012856619432569e-04 5.393804258346790448e-06 1.981876848731189966e-04
8.100000000000000000e+02 3.493243420962244272e-04 1.212525460869073868e-02 7.017023744992911816e-04 2.092590420943452045e-06 3.149198833853006363e-03 4.925399553030729294e-03 9.757237858138978481e-04 3.688170545501634479e-05 7.233859971165657043e-03 1.381174515699967742e-04 4.728885414806427434e-06 1.933634630404412746e-04 3.313774941489100456e-04 9.346828795969486237e-03 5.385489785112440586e-04 2.159076530006132089e-06 3.149198833853006363e-03 4.925399553030729294e-03 9.757237858138978481e-04 3.688170545501634479e-05 7.233859971165657043e-03 1.381174515699967742e-04 4.728885414806427434e-06 1.933634630404412746e-04
8.200000000000000000e+02 3.557692980393767357e-04 1.208888459950685501e-02 7.167439907789230347e-04 2.027559048656257801e-06 3.093472449108958244e-03 4.631142597645521164e-03 9.620562195777893066e-04 4.453868314158171415e-05 6.913162767887115479e-03 1.327275531366467476e-04 4.144089871260803193e-06 1.881696953205391765e-04 3.364081494510173798e-04 9.267795830965042114e-03 5.451163160614669323e-04 2.093564944516401738e-06 3.093472449108958244e-03 4.631142597645521164e-03 9.620562195777893066e-04 4.453868314158171415e-05 6.913162767887115479e-03 1.327275531366467476e-04 4.144089871260803193e-06 1.881696953205391765e-04
8.300000000000000000e+02 3.629251150414347649e-04 1.204868964850902557e-02 7.308604544959962368e-04 1.965905084944097325e-06 3.040196374058723450e-03 4.354781005531549454e-03 9.486552444286644459e-04 5.251691618468612432e-05 6.613294593989849091e-03 1.278207200812175870e-04 3.626556917879497632e-06 1.827208616305142641e-04 3.420250141061842442e-04 9.186442941427230835e-03 5.508333561010658741e-04 2.031023313975310884e-06 3.040196374058723450e-03 4.354781005531549454e-03 9.486552444286644459e-04 5.251691618468612432e-05 6.613294593989849091e-03 1.278207200812175870e-04 3.626556917879497632e-06 1.827208616305142641e-04
8.400000000000000000e+02 3.706027928274124861e-04 1.200513262301683426e-02 7.440955960191786289e-04 1.907311684590240475e-06 2.989251399412751198e-03 4.095253068953752518e-03 9.355571237392723560e-04 6.073259646655060351e-05 6.332432851195335388e-03 1.233803632203489542e-04 3.165215503031504340e-06 1.770993258105590940e-04 3.480484592728316784e-04 9.103165008127689362e-03 5.557596450671553612e-04 1.971158098967862315e-06 2.989251399412751198e-03 4.095253068953752518e-03 9.355571237392723560e-04 6.073259646655060351e-05 6.332432851195335388e-03 1.233803632203489542e-04 3.165215503031504340e-06 1.770993258105590940e-04
8.500000000000000000e+02 3.786573070101439953e-04 1.195859163999557495e-02 7.564889965578913689e-04 1.851473825809080154e-06 2.940500853583216667e-03 3.851559478789567947e-03 9.227818809449672699e-04 6.911381206009536982e-05 6.069006863981485367e-03 1.193869175040163100e-04 2.752710997810936533e-06 1.713793462840840220e-04 3.543435013853013515e-04 9.018290787935256958e-03 5.599472788162529469e-04 1.913696905830875039e-06 2.940500853583216667e-03 3.851559478789567947e-03 9.227818809449672699e-04 6.911381206009536982e-05 6.069006863981485367e-03 1.193869175040163100e-04 2.752710997810936533e-06 1.713793462840840220e-04
8.600000000000000000e+02 3.869558859150856733e-04 1.190940104424953461e-02 7.680655689910054207e-04 1.798102061911777128e-06 2.893834374845027924e-03 3.622757270932197571e-03 9.103388874791562557e-04 7.758819265291094780e-05 5.821596831083297729e-03 1.158191807917319238e-04 2.382154207225539722e-06 1.656208623899146914e-04 3.607840335462242365e-04 8.932101540267467499e-03 5.634378758259117603e-04 1.858392806752817705e-06 2.893834374845027924e-03 3.622757270932197571e-03 9.103388874791562557e-04 7.758819265291094780e-05 5.821596831083297729e-03 1.158191807917319238e-04 2.382154207225539722e-06 1.656208623899146914e-04
8.700000000000000000e+02 3.954074054490774870e-04 1.185785327106714249e-02 7.788513321429491043e-04 1.746933548929519020e-06 2.849143464118242264e-03 3.407956799492239952e-03 8.982261060737073421e-04 8.609813812654465437e-05 5.588939879089593887e-03 1.126544302678667009e-04 2.049747081400710158e-06 1.598693925188854337e-04 3.672876046039164066e-04 8.844837546348571777e-03 5.662717157974839211e-04 1.805027295631589368e-06 2.849143464118242264e-03 3.407956799492239952e-03 8.982261060737073421e-04 8.609813812654465437e-05 5.588939879089593887e-03 1.126544302678667009e-04 2.049747081400710158e-06 1.598693925188854337e-04
8.800000000000000000e+02 4.039247287437319756e-04 1.180420257151126862e-02 7.888589170761406422e-04 1.697725679150607903e-06 2.806315897032618523e-03 3.206328256055712700e-03 8.864360279403626919e-04 9.458438580622896552e-05 5.369908642023801804e-03 1.098691427614539862e-04 1.751097443047910929e-06 1.541660312796011567e-04 3.737733059097081423e-04 8.756711147725582123e-03 5.684783100150525570e-04 1.753407786964089610e-06 2.806315897032618523e-03 3.206328256055712700e-03 8.864360279403626919e-04 9.458438580622896552e-05 5.369908642023801804e-03 1.098691427614539862e-04 1.751097443047910929e-06 1.541660312796011567e-04
8.900000000000000000e+02 4.124480183236300945e-04 1.174866594374179840e-02 7.981013040989637375e-04 1.650265517127991188e-06 2.765233395621180534e-03 3.017087234184145927e-03 8.749525295570492744e-04 1.029980994644574821e-04 5.163482390344142914e-03 1.074407118721865118e-04 1.483621417719405144e-06 1.485403190599754453e-04 3.801885468419641256e-04 8.667907677590847015e-03 5.700874025933444500e-04 1.703372390693402849e-06 2.765233395621180534e-03 3.017087234184145927e-03 8.749525295570492744e-04 1.029980994644574821e-04 5.163482390344142914e-03 1.074407118721865118e-04 1.483621417719405144e-06 1.485403190599754453e-04
9.000000000000000000e+02 4.209284379612654448e-04 1.169145759195089340e-02 8.065847796387970448e-04 1.604372869223880116e-06 2.725797705352306366e-03 2.839507535099983215e-03 8.637608261778950691e-04 1.112958416342735291e-04 4.968719556927680969e-03 1.053455562214367092e-04 1.244809595846163575e-06 1.430125557817518711e-04 3.864891186822205782e-04 8.578594774007797241e-03 5.711229168809950352e-04 1.654793209127092268e-06 2.725797705352306366e-03 2.839507535099983215e-03 8.637608261778950691e-04 1.112958416342735291e-04 4.968719556927680969e-03 1.053455562214367092e-04 1.244809595846163575e-06 1.430125557817518711e-04
9.100000000000000000e+02 4.293260863050818443e-04 1.163273118436336517e-02 8.143148734234273434e-04 1.559887664370762650e-06 2.687914064154028893e-03 2.672878792509436607e-03 8.528372272849082947e-04 1.194382057292386889e-04 4.784805700182914734e-03 1.035624227370135486e-04 1.032375166687415913e-06 1.376055733999237418e-04 3.926414065062999725e-04 8.488900028169155121e-03 5.716072628274559975e-04 1.607560761840431951e-06 2.687914064154028893e-03 2.672878792509436607e-03 8.528372272849082947e-04 1.194382057292386889e-04 4.784805700182914734e-03 1.035624227370135486e-04 1.032375166687415913e-06 1.376055733999237418e-04
9.200000000000000000e+02 4.376196011435240507e-04 1.157265063375234604e-02 8.212982793338596821e-04 1.516680754320987035e-06 2.651465125381946564e-03 2.516560722142457962e-03 8.421600214205682278e-04 1.273977395612746477e-04 4.610967822372913361e-03 1.020701238303445280e-04 8.449461006421188358e-07 1.323307078564539552e-04 3.986291412729769945e-04 8.398956619203090668e-03 5.715643055737018585e-04 1.561593990118126385e-06 2.651465125381946564e-03 2.516560722142457962e-03 8.421600214205682278e-04 1.273977395612746477e-04 4.610967822372913361e-03 1.020701238303445280e-04 8.449461006421188358e-07 1.323307078564539552e-04
9.300000000000000000e+02 4.457808390725404024e-04 1.151136029511690140e-02 8.275361615233123302e-04 1.474647206123336218e-06 2.616386627778410912e-03 2.369935391470789909e-03 8.317058091051876545e-04 1.351448154309764504e-04 4.446498118340969086e-03 1.008485633064992726e-04 6.803938958910293877e-07 1.271997753065079451e-04 4.044283705297857523e-04 8.308878168463706970e-03 5.710129626095294952e-04 1.516834117865073495e-06 2.616386627778410912e-03 2.369935391470789909e-03 8.317058091051876545e-04 1.351448154309764504e-04 4.446498118340969086e-03 1.008485633064992726e-04 6.803938958910293877e-07 1.271997753065079451e-04
9.400000000000000000e+02 4.538022622000426054e-04 1.144897285848855972e-02 8.330344571731984615e-04 1.433704483133624308e-06 2.582556800916790962e-03 2.232428407296538353e-03 8.214514818973839283e-04 1.426625822205096483e-04 4.290774464607238770e-03 9.987894009100273252e-05 5.375604814616963267e-07 1.222230639541521668e-04 4.100379883311688900e-04 8.218754082918167114e-03 5.699751200154423714e-04 1.473240899940719828e-06 2.582556800916790962e-03 2.232428407296538353e-03 8.214514818973839283e-04 1.426625822205096483e-04 4.290774464607238770e-03 9.987894009100273252e-05 5.375604814616963267e-07 1.222230639541521668e-04
9.500000000000000000e+02 4.616634105332195759e-04 1.138560939580202103e-02 8.377937483601272106e-04 1.393792786075209733e-06 2.549914177507162094e-03 2.103489823639392853e-03 8.113748626783490181e-04 1.499307545600458980e-04 4.143200349062681198e-03 9.914350084727630019e-05 4.145764194163348293e-07 1.174014905700460076e-04 4.154389898758381605e-04 8.128680288791656494e-03 5.684698116965591908e-04 1.430791940038034227e-06 2.549914177507162094e-03 2.103489823639392853e-03 8.113748626783490181e-04 1.499307545600458980e-04 4.143200349062681198e-03 9.914350084727630019e-05 4.145764194163348293e-07 1.174014905700460076e-04
9.600000000000000000e+02 4.693666123785078526e-04 1.132135652005672455e-02 8.418242796324193478e-04 1.354868004455056507e-06 2.518363995477557182e-03 1.982610672712326050e-03 8.014528430067002773e-04 1.569453161209821701e-04 4.003246314823627472e-03 9.862618753686547279e-05 3.105240296008560108e-07 1.127447831095196307e-04 4.206403391435742378e-04 8.038727566599845886e-03 5.665206699632108212e-04 1.389475983160082251e-06 2.518363995477557182e-03 1.982610672712326050e-03 8.014528430067002773e-04 1.569453161209821701e-04 4.003246314823627472e-03 9.862618753686547279e-05 3.105240296008560108e-07 1.127447831095196307e-04
9.700000000000000000e+02 4.768961225636303425e-04 1.125633530318737030e-02 8.451287867501378059e-04 1.316908083026646636e-06 2.487841295078396797e-03 1.869304687716066837e-03 7.916660979390144348e-04 1.636925007915124297e-04 3.870386863127350807e-03 9.831084753386676311e-05 2.236511562614396098e-07 1.082495946320705116e-04 4.256290267221629620e-04 7.948986254632472992e-03 5.641477764584124088e-04 1.349299623143451754e-06 2.487841295078396797e-03 1.869304687716066837e-03 7.916660979390144348e-04 1.636925007915124297e-04 3.870386863127350807e-03 9.831084753386676311e-05 2.236511562614396098e-07 1.082495946320705116e-04
9.800000000000000000e+02 4.842561611440032721e-04 1.119060814380645752e-02 8.477198425680398941e-04 1.279898924622102641e-06 2.458262490108609200e-03 1.763101899996399879e-03 7.819951861165463924e-04 1.701757137198001146e-04 3.744177054613828659e-03 9.818369289860129356e-05 1.530239188696214114e-07 1.039191192830912769e-04 4.304150352254509926e-04 7.859508506953716278e-03 5.613755201920866966e-04 1.310271272814134136e-06 2.458262490108609200e-03 1.763101899996399879e-03 7.819951861165463924e-04 1.701757137198001146e-04 3.744177054613828659e-03 9.818369289860129356e-05 1.530239188696214114e-07 1.039191192830912769e-04
9.900000000000000000e+02 4.914327873848378658e-04 1.112426817417144775e-02 8.496045484207570553e-04 1.243843939846556168e-06 2.429562853649258614e-03 1.663580420427024364e-03 7.724229944869875908e-04 1.763901236699894071e-04 3.624178934842348099e-03 9.823080472415313125e-05 9.721421889707926312e-08 9.975274588214233518e-05 4.349870141595602036e-04 7.770360913127660751e-03 5.582259036600589752e-04 1.272411736863432452e-06 2.429562853649258614e-03 1.663580420427024364e-03 7.724229944869875908e-04 1.763901236699894071e-04 3.624178934842348099e-03 9.823080472415313125e-05 9.721421889707926312e-08 9.975274588214233518e-05
1.000000000000000000e+03 4.984352854080498219e-04 1.105736289173364639e-02 8.507999591529369354e-04 1.208746880365652032e-06 2.401678357273340225e-03 1.570338616147637367e-03 7.629333413206040859e-04 1.823474303819239140e-04 3.510013222694396973e-03 9.844051965046674013e-05 5.531362745614387677e-08 9.575237345416098833e-05 4.393611161503940821e-04 7.681581657379865646e-03 5.547255859710276127e-04 1.235737045135465451e-06 2.401678357273340225e-03 1.570338616147637367e-03 7.629333413206040859e-04 1.823474303819239140e-04 3.510013222694396973e-03 9.844051965046674013e-05 5.531362745614387677e-08 9.575237345416098833e-05
1.010000000000000000e+03 5.052475025877356529e-04 1.098998729139566422e-02 8.513165521435439587e-04 1.174630824607447721e-06 2.374548930674791336e-03 1.482966588810086250e-03 7.535141776315867901e-04 1.880434429040178657e-04 3.401277353987097740e-03 9.879971185000613332e-05 2.598242510032378050e-08 9.191055141855031252e-05 4.435224109329283237e-04 7.593240588903427124e-03 5.508985486812889576e-04 1.200276983581716195e-06 2.374548930674791336e-03 1.482966588810086250e-03 7.535141776315867901e-04 1.880434429040178657e-04 3.401277353987097740e-03 9.879971185000613332e-05 2.598242510032378050e-08 9.191055141855031252e-05
1.020000000000000000e+03 5.118765984661877155e-04 1.092217210680246353e-02 8.511751657351851463e-04 1.141509073931956664e-06 2.348107518628239632e-03 1.401112414896488190e-03 7.441488560289144516e-04 1.934936299221590161e-04 3.297654911875724792e-03 9.929954831022769213e-05 8.352839309111459443e-09 8.822937525110319257e-05 4.474845482036471367e-04 7.505361922085285187e-03 5.467712180688977242e-04 1.166046217804250773e-06 2.348107518628239632e-03 1.401112414896488190e-03 7.441488560289144516e-04 1.934936299221590161e-04 3.297654911875724792e-03 9.929954831022769213e-05 8.352839309111459443e-09 8.822937525110319257e-05
1.030000000000000000e+03 5.183106986805796623e-04 1.085398998111486435e-02 8.503922726958990097e-04 1.109415052269469015e-06 2.322331303730607033e-03 1.324430573731660843e-03 7.348309736698865891e-04 1.987006689887493849e-04 3.198809456080198288e-03 9.992801642511039972e-05 1.369523827676744077e-09 8.470494503853842616e-05 4.512393497861921787e-04 7.417995482683181763e-03 5.423703696578741074e-04 1.133074988501903135e-06 2.322331303730607033e-03 1.324430573731660843e-03 7.348309736698865891e-04 1.987006689887493849e-04 3.198809456080198288e-03 9.992801642511039972e-05 1.369523827676744077e-09 8.470494503853842616e-05
1.040000000000000000e+03 5.245538195595145226e-04 1.078549306839704514e-02 8.489906322211027145e-04 1.078368086382397451e-06 2.297146944329142570e-03 1.252595684491097927e-03 7.255488890223205090e-04 2.036791702266782522e-04 3.104433650150895119e-03 1.006765596684999764e-04 4.145976895131298079e-09 8.133227674989029765e-05 4.547958378680050373e-04 7.331178989261388779e-03 5.377224879339337349e-04 1.101375232792634051e-06 2.297146944329142570e-03 1.252595684491097927e-03 7.255488890223205090e-04 2.036791702266782522e-04 3.104433650150895119e-03 1.006765596684999764e-04 4.145976895131298079e-09 8.133227674989029765e-05
1.050000000000000000e+03 5.305942613631486893e-04 1.071671769022941589e-02 8.469910244457423687e-04 1.048392846314527560e-06 2.272518118843436241e-03 1.185298897325992584e-03 7.162946276366710663e-04 2.084366715280339122e-04 3.014259738847613335e-03 1.015362286125309765e-04 1.583658537640530994e-08 7.810701936250552535e-05 4.581453686114400625e-04 7.244934793561697006e-03 5.328542902134358883e-04 1.070959342541755177e-06 2.272518118843436241e-03 1.185298897325992584e-03 7.162946276366710663e-04 2.084366715280339122e-04 3.014259738847613335e-03 1.015362286125309765e-04 1.583658537640530994e-08 7.810701936250552535e-05
1.060000000000000000e+03 5.364400567486882210e-04 1.064768154174089432e-02 8.444197010248899460e-04 1.019510477817675564e-06 2.248387783765792847e-03 1.122248359024524689e-03 7.070614956319332123e-04 2.129916683770716190e-04 2.928043249994516373e-03 1.024988159770146012e-04 3.555573613311935333e-08 7.502808148274198174e-05 4.613032797351479530e-04 7.159275002777576447e-03 5.277928430587053299e-04 1.041832206283288542e-06 2.248387783765792847e-03 1.122248359024524689e-03 7.070614956319332123e-04 2.129916683770716190e-04 2.928043249994516373e-03 1.024988159770146012e-04 3.555573613311935333e-08 7.502808148274198174e-05
1.070000000000000000e+03 5.420750821940600872e-04 1.057845074683427811e-02 8.413001196458935738e-04 9.917380339174997061e-07 2.224740572273731232e-03 1.063175499439239502e-03 6.978434394113719463e-04 2.173466491512954235e-04 2.845519687980413437e-03 1.035565510392189026e-04 6.266386520792366355e-08 7.208707393147051334e-05 4.642553394660353661e-04 7.074237335473299026e-03 5.225643981248140335e-04 1.013992346088343766e-06 2.224740572273731232e-03 1.063175499439239502e-03 6.978434394113719463e-04 2.173466491512954235e-04 2.845519687980413437e-03 1.035565510392189026e-04 6.266386520792366355e-08 7.208707393147051334e-05
1.080000000000000000e+03 5.475001526065170765e-04 1.050905231386423111e-02 8.376590558327734470e-04 9.650910897107678466e-07 2.201533876359462738e-03 1.007826765999197960e-03 6.886368501000106335e-04 2.215167769463732839e-04 2.766455058008432388e-03 1.047019250108860433e-04 9.644619325399617082e-08 6.928053335286676884e-05 4.670066700782626867e-04 6.989842280745506287e-03 5.171952652744948864e-04 9.874329407466575503e-07 2.201533876359462738e-03 1.007826765999197960e-03 6.886368501000106335e-04 2.215167769463732839e-04 2.766455058008432388e-03 1.047019250108860433e-04 9.644619325399617082e-08 6.928053335286676884e-05
1.090000000000000000e+03 5.527139874175190926e-04 1.043948624283075333e-02 8.335263119079172611e-04 9.395729989591927733e-07 2.178719732910394669e-03 9.559515747241675854e-04 6.794365472160279751e-04 2.255183353554457426e-04 2.690672641620039940e-03 1.059288188116624951e-04 1.361461556825815933e-07 6.660731742158532143e-05 4.695631505455821753e-04 6.906080525368452072e-03 5.117107066325843334e-04 9.621336403142777272e-07 2.178719732910394669e-03 9.559515747241675854e-04 6.794365472160279751e-04 2.255183353554457426e-04 2.690672641620039940e-03 1.059288188116624951e-04 1.361461556825815933e-07 6.660731742158532143e-05
1.100000000000000000e+03 5.577092524617910385e-04 1.036980375647544861e-02 8.289266261272132397e-04 9.151843869403819554e-07 2.156279748305678368e-03 9.073290857486426830e-04 6.702404934912919998e-04 2.293561556143686175e-04 2.617946360260248184e-03 1.072303493856452405e-04 1.812534407008570270e-07 6.405645399354398251e-05 4.719195712823420763e-04 6.822981406003236771e-03 5.061346455477178097e-04 9.380692631566489581e-07 2.156279748305678368e-03 9.073290857486426830e-04 6.702404934912919998e-04 2.293561556143686175e-04 2.617946360260248184e-03 1.072303493856452405e-04 1.812534407008570270e-07 6.405645399354398251e-05
1.110000000000000000e+03 5.624802433885633945e-04 1.030000578612089157e-02 8.238883456215262413e-04 8.919166702980874106e-07 2.134193899109959602e-03 8.617535349912941456e-04 6.610457785427570343e-04 2.330430434085428715e-04 2.548109507188200951e-03 1.086010670405812562e-04 2.312552425109970500e-07 6.162642966955900192e-05 4.740741569548845291e-04 6.740539800375699997e-03 5.004906561225652695e-04 9.152040547633077949e-07 2.134193899109959602e-03 8.617535349912941456e-04 6.610457785427570343e-04 2.330430434085428715e-04 2.548109507188200951e-03 1.086010670405812562e-04 2.312552425109970500e-07 6.162642966955900192e-05
1.120000000000000000e+03 5.670246318913996220e-04 1.023011561483144760e-02 8.184398757293820381e-04 8.697548423697298858e-07 2.112427027896046638e-03 8.190209046006202698e-04 6.518501904793083668e-04 2.365884720347821712e-04 2.480981638655066490e-03 1.100353183574043214e-04 2.856247647287091240e-07 5.931066698394715786e-05 4.760290030390024185e-04 6.658760830760002136e-03 4.948009154759347439e-04 8.934957236306217965e-07 2.112427027896046638e-03 8.190209046006202698e-04 6.518501904793083668e-04 2.365884720347821712e-04 2.480981638655066490e-03 1.100353183574043214e-04 2.856247647287091240e-07 5.931066698394715786e-05
1.130000000000000000e+03 5.713436403311789036e-04 1.016013324260711670e-02 8.126107277348637581e-04 8.486745741720369551e-07 2.090939786285161972e-03 7.789460360072553158e-04 6.426528561860322952e-04 2.400088123977184296e-04 2.416418166831135750e-03 1.115283084800466895e-04 3.436237818732479354e-07 5.710509867640212178e-05 4.777922003995627165e-04 6.577638909220695496e-03 4.890858544968068600e-04 8.728919738132390194e-07 2.090939786285161972e-03 7.789460360072553158e-04 6.426528561860322952e-04 2.400088123977184296e-04 2.416418166831135750e-03 1.115283084800466895e-04 3.436237818732479354e-07 5.710509867640212178e-05
1.140000000000000000e+03 5.754193407483398914e-04 1.009008102118968964e-02 8.064241847023367882e-04 8.286474439955782145e-07 2.069743582978844643e-03 7.413593120872974396e-04 6.334537174552679062e-04 2.432997571304440498e-04 2.354258671402931213e-03 1.130748714786022902e-04 4.053902102896245196e-07 5.500500265043228865e-05 4.793441912624984980e-04 6.497177761048078537e-03 4.833657294511795044e-04 8.533378945685399231e-07 2.069743582978844643e-03 7.413593120872974396e-04 6.334537174552679062e-04 2.432997571304440498e-04 2.354258671402931213e-03 1.130748714786022902e-04 4.053902102896245196e-07 5.500500265043228865e-05
1.150000000000000000e+03 5.792658776044845581e-04 1.001995336264371872e-02 7.999120280146598816e-04 8.096295118775742594e-07 2.048777183517813683e-03 7.060916977934539318e-04 6.242499803192913532e-04 2.464863355271518230e-04 2.294375561177730560e-03 1.146717841038480401e-04 4.697321003277465934e-07 5.300472912495024502e-05 4.807101795449852943e-04 6.417364813387393951e-03 4.776576824951916933e-04 8.347627158400428016e-07 2.048777183517813683e-03 7.060916977934539318e-04 6.242499803192913532e-04 2.464863355271518230e-04 2.294375561177730560e-03 1.146717841038480401e-04 4.697321003277465934e-07 5.300472912495024502e-05
1.160000000000000000e+03 5.828643334098160267e-04 9.949763305485248566e-03 7.930962019599974155e-04 7.915803621472150553e-07 2.028051065281033516e-03 6.729983724653720856e-04 6.150439148768782616e-04 2.495635126251727343e-04 2.236634492874145508e-03 1.163136330433189869e-04 5.369272457755869254e-07 5.109993071528151631e-05 4.818686575163155794e-04 6.338199600577354431e-03 4.719798162113875151e-04 8.171011245394765865e-07 2.028051065281033516e-03 6.729983724653720856e-04 6.150439148768782616e-04 2.495635126251727343e-04 2.236634492874145508e-03 1.163136330433189869e-04 5.369272457755869254e-07 5.109993071528151631e-05
1.170000000000000000e+03 5.862159887328743935e-04 9.879505261778831482e-03 7.860032492317259312e-04 7.744447998447867576e-07 2.007541712373495102e-03 6.419389392249286175e-04 6.058333092369139194e-04 2.525434538256376982e-04 2.180919749662280083e-03 1.179981118184514344e-04 6.063625619390222710e-07 4.928555790684185922e-05 4.828284436371177435e-04 6.259663030505180359e-03 4.663459549192339182e-04 8.002749609659076668e-07 2.007541712373495102e-03 6.419389392249286175e-04 6.058333092369139194e-04 2.525434538256376982e-04 2.180919749662280083e-03 1.179981118184514344e-04 6.063625619390222710e-07 4.928555790684185922e-05
1.180000000000000000e+03 5.893188063055276871e-04 9.809187613427639008e-03 7.786580245010554790e-04 7.581703016512619797e-07 1.987222814932465553e-03 6.127848755568265915e-04 5.966206081211566925e-04 2.554335223976522684e-04 2.127115149050951004e-03 1.197205856442451477e-04 6.776217560400255024e-07 4.755772897624410689e-05 4.835891304537653923e-04 6.181754637509584427e-03 4.607717564795166254e-04 7.842101581445604097e-07 1.987222814932465553e-03 6.127848755568265915e-04 5.966206081211566925e-04 2.554335223976522684e-04 2.127115149050951004e-03 1.197205856442451477e-04 6.776217560400255024e-07 4.755772897624410689e-05
1.190000000000000000e+03 5.921654519625008106e-04 9.738792665302753448e-03 7.710830541327595711e-04 7.426902470797358546e-07 1.967084128409624100e-03 5.854037590324878693e-04 5.874035996384918690e-04 2.582380548119544983e-04 2.075129421427845955e-03 1.214791263919323683e-04 7.505216217396082357e-07 4.591159449773840606e-05 4.841476329602301121e-04 6.104449275881052017e-03 4.552688915282487869e-04 7.688203140787663870e-07 1.967084128409624100e-03 5.854037590324878693e-04 5.874035996384918690e-04 2.582380548119544983e-04 2.075129421427845955e-03 1.214791263919323683e-04 7.505216217396082357e-07 4.591159449773840606e-05
1.200000000000000000e+03 5.947553436271846294e-04 9.668345563113689423e-03 7.633008062839508057e-04 7.279458600351063069e-07 1.947111100889742374e-03 5.596980336122214794e-04 5.781842046417295933e-04 2.609635703265666962e-04 2.024844055995345116e-03 1.232699723914265633e-04 8.246964853242388926e-07 4.434290531207807362e-05 4.845067451242357492e-04 6.027752067893743515e-03 4.498493508435785770e-04 7.540297133346030023e-07 1.947111100889742374e-03 5.596980336122214794e-04 5.781842046417295933e-04 2.609635703265666962e-04 2.024844055995345116e-03 1.232699723914265633e-04 8.246964853242388926e-07 4.434290531207807362e-05
1.210000000000000000e+03 5.970767815597355366e-04 9.597802534699440002e-03 7.553314208053052425e-04 7.138652904359332751e-07 1.927300239913165569e-03 5.355490720830857754e-04 5.689623067155480385e-04 2.636095450725406408e-04 1.976199913769960403e-03 1.250911300303414464e-04 9.002338288155442569e-07 4.284861279302276671e-05 4.846561932936310768e-04 5.951623432338237762e-03 4.445244558155536652e-04 7.397517833851452451e-07 1.927300239913165569e-03 5.355490720830857754e-04 5.689623067155480385e-04 2.636095450725406408e-04 1.976199913769960403e-03 1.250911300303414464e-04 9.002338288155442569e-07 4.284861279302276671e-05
1.220000000000000000e+03 5.991397774778306484e-04 9.527197107672691345e-03 7.471981225535273552e-04 7.003849873399303760e-07 1.907613710500299931e-03 5.128586781211197376e-04 5.597397102974355221e-04 2.661904727574437857e-04 1.929080579429864883e-03 1.269396598218008876e-04 9.761370165506377816e-07 4.142480975133366883e-05 4.846132651437073946e-04 5.876072216778993607e-03 4.393029375933110714e-04 7.259107519530516583e-07 1.907613710500299931e-03 5.128586781211197376e-04 5.597397102974355221e-04 2.661904727574437857e-04 1.929080579429864883e-03 1.269396598218008876e-04 9.761370165506377816e-07 4.142480975133366883e-05
1.230000000000000000e+03 6.009302451275289059e-04 9.456496685743331909e-03 7.389170350506901741e-04 6.874334417261707131e-07 1.888058031909167767e-03 4.915450117550790310e-04 5.505155422724783421e-04 2.687026571948081255e-04 1.883431221358478069e-03 1.288139901589602232e-04 1.052765810527489521e-06 4.006785093224607408e-05 4.843626811634749174e-04 5.801064893603324890e-03 4.341931198723614216e-04 7.124253897927701473e-07 1.888058031909167767e-03 4.915450117550790310e-04 5.505155422724783421e-04 2.687026571948081255e-04 1.883431221358478069e-03 1.288139901589602232e-04 1.052765810527489521e-06 4.006785093224607408e-05
1.240000000000000000e+03 6.024418980814516544e-04 9.385709650814533234e-03 7.305077742785215378e-04 6.749470458089490421e-07 1.868626917712390423e-03 4.715143877547234297e-04 5.412920727394521236e-04 2.711483393795788288e-04 1.839163829572498798e-03 1.307110069319605827e-04 1.130009763983252924e-06 3.877275958075188100e-05 4.839022876694798470e-04 5.726601462811231613e-03 4.292042867746204138e-04 6.992245289438869804e-07 1.868626917712390423e-03 4.715143877547234297e-04 5.412920727394521236e-04 2.711483393795788288e-04 1.839163829572498798e-03 1.307110069319605827e-04 1.130009763983252924e-06 3.877275958075188100e-05
1.250000000000000000e+03 6.036844570189714432e-04 9.314811788499355316e-03 7.219882099889218807e-04 6.628584969803341664e-07 1.849287073127925396e-03 4.526889533735811710e-04 5.320674972608685493e-04 2.735410816967487335e-04 1.796222641132771969e-03 1.326302153756842017e-04 1.206871274916920811e-06 3.753908094950020313e-05 4.832481790799647570e-04 5.652647465467453003e-03 4.243405710440129042e-04 6.862352393000037409e-07 1.849287073127925396e-03 4.526889533735811710e-04 5.320674972608685493e-04 2.735410816967487335e-04 1.796222641132771969e-03 1.326302153756842017e-04 1.206871274916920811e-06 3.753908094950020313e-05
1.260000000000000000e+03 6.046427879482507706e-04 9.243818931281566620e-03 7.133745239116251469e-04 6.511105539175332524e-07 1.830046297982335091e-03 4.349969385657459497e-04 5.228459485806524754e-04 2.758731716312468052e-04 1.754523837007582188e-03 1.345681666862219572e-04 1.283885126213135663e-06 3.636073961388319731e-05 4.823832423426210880e-04 5.579207092523574829e-03 4.196116060484200716e-04 6.733974373673845548e-07 1.830046297982335091e-03 4.349969385657459497e-04 5.228459485806524754e-04 2.758731716312468052e-04 1.754523837007582188e-03 1.345681666862219572e-04 1.283885126213135663e-06 3.636073961388319731e-05
1.270000000000000000e+03 6.053170072846114635e-04 9.172695688903331757e-03 7.046826649457216263e-04 6.396392677743278909e-07 1.810888177715241909e-03 4.183685523457825184e-04 5.136251566000282764e-04 2.781506918836385012e-04 1.714032376185059547e-03 1.365250645903870463e-04 1.360660689897486009e-06 3.523838313412852585e-05 4.813127452507615089e-04 5.506244022399187088e-03 4.150204476900398731e-04 6.606454689972451888e-07 1.810888177715241909e-03 4.183685523457825184e-04 5.136251566000282764e-04 2.781506918836385012e-04 1.714032376185059547e-03 1.365250645903870463e-04 1.360660689897486009e-06 3.523838313412852585e-05
1.280000000000000000e+03 6.057038553990423679e-04 9.101458825170993805e-03 6.959280581213533878e-04 6.284000164669123478e-07 1.791810616850852966e-03 4.027376999147236347e-04 5.044086137786507607e-04 2.803754759952425957e-04 1.674667466431856155e-03 1.384975912515074015e-04 1.437072228327451739e-06 3.416610707063227892e-05 4.800347960554063320e-04 5.433759652078151703e-03 4.105743137188255787e-04 6.479360195044137072e-07 1.791810616850852966e-03 4.027376999147236347e-04 5.044086137786507607e-04 2.803754759952425957e-04 1.674667466431856155e-03 1.384975912515074015e-04 1.437072228327451739e-06 3.416610707063227892e-05
1.290000000000000000e+03 6.058029248379170895e-04 9.030080400407314301e-03 6.871255463920533657e-04 6.173385713736934122e-07 1.772790448740124702e-03 3.880472504533827305e-04 4.951953887939453125e-04 2.825521514751017094e-04 1.636392786167562008e-03 1.404855429427698255e-04 1.512567223471705802e-06 3.314402783871628344e-05 4.785535857081413269e-04 5.361727438867092133e-03 4.062760854139924049e-04 6.352159971356741153e-07 1.772790448740124702e-03 3.880472504533827305e-04 4.951953887939453125e-04 2.825521514751017094e-04 1.636392786167562008e-03 1.404855429427698255e-04 1.512567223471705802e-06 3.314402783871628344e-05
1.300000000000000000e+03 6.056034471839666367e-04 8.958565071225166321e-03 6.782879354432225227e-04 6.064144031370233279e-07 1.753836288116872311e-03 3.742399276234209538e-04 4.859881591983139515e-04 2.846764691639691591e-04 1.599148381501436234e-03 1.424867950845509768e-04 1.587678070791298524e-06 3.216700497432611883e-05 4.768579965457320213e-04 5.290136206895112991e-03 4.021317872684448957e-04 6.224489652595366351e-07 1.753836288116872311e-03 3.742399276234209538e-04 4.859881591983139515e-04 2.846764691639691591e-04 1.599148381501436234e-03 1.424867950845509768e-04 1.587678070791298524e-06 3.216700497432611883e-05
1.310000000000000000e+03 6.051094969734549522e-04 8.886890485882759094e-03 6.694283802062273026e-04 5.955914161859254818e-07 1.734933117404580116e-03 3.612624132074415684e-04 4.767863138113170862e-04 2.867565781343728304e-04 1.562896650284528732e-03 1.445006491849198937e-04 1.661765736571396701e-06 3.123403075733222067e-05 4.749572253786027431e-04 5.218968261033296585e-03 3.981433110311627388e-04 6.096028641877637710e-07 1.734933117404580116e-03 3.612624132074415684e-04 4.767863138113170862e-04 2.867565781343728304e-04 1.562896650284528732e-03 1.445006491849198937e-04 1.661765736571396701e-06 3.123403075733222067e-05
1.320000000000000000e+03 6.043184548616409302e-04 8.815064094960689545e-03 6.605614908039569855e-04 5.848409614372940268e-07 1.716070808470249176e-03 3.490630479063838720e-04 4.675922100432217121e-04 2.887929149437695742e-04 1.527579501271247864e-03 1.465247769374400377e-04 1.734587272039789241e-06 3.034246401512064040e-05 4.728500789497047663e-04 5.148213356733322144e-03 3.943160118069499731e-04 5.966546723357168958e-07 1.716070808470249176e-03 3.490630479063838720e-04 4.675922100432217121e-04 2.887929149437695742e-04 1.527579501271247864e-03 1.465247769374400377e-04 1.734587272039789241e-06 3.034246401512064040e-05
1.330000000000000000e+03 6.032241508364677429e-04 8.743057958781719208e-03 6.516982102766633034e-04 5.741329687225515954e-07 1.697243191301822662e-03 3.376025997567921877e-04 4.584056441672146320e-04 2.907846937887370586e-04 1.493175281211733818e-03 1.485593384131789207e-04 1.806369027690379880e-06 2.949199188151396811e-05 4.705321625806391239e-04 5.077848676592111588e-03 3.906521305907517672e-04 5.835802312503801659e-07 1.697243191301822662e-03 3.376025997567921877e-04 4.584056441672146320e-04 2.907846937887370586e-04 1.493175281211733818e-03 1.485593384131789207e-04 1.806369027690379880e-06 2.949199188151396811e-05
1.340000000000000000e+03 6.018236163072288036e-04 8.670870214700698853e-03 6.428510532714426517e-04 5.634549324895488098e-07 1.678452244959771633e-03 3.268370346631854773e-04 4.492295847740024328e-04 2.927335444837808609e-04 1.459636609070003033e-03 1.506017433712258935e-04 1.876921373877848964e-06 2.867892908398061991e-05 4.680030106101185083e-04 5.007863510400056839e-03 3.871562075801193714e-04 5.703734018425166141e-07 1.678452244959771633e-03 3.268370346631854773e-04 4.492295847740024328e-04 2.927335444837808609e-04 1.459636609070003033e-03 1.506017433712258935e-04 1.876921373877848964e-06 2.867892908398061991e-05
1.350000000000000000e+03 6.001229630783200264e-04 8.598480373620986938e-03 6.340311956591904163e-04 5.527860480469826143e-07 1.659677014686167240e-03 3.167218237649649382e-04 4.400628095027059317e-04 2.946449676528573036e-04 1.426932285539805889e-03 1.526530395494773984e-04 1.945565372807323001e-06 2.790374310279730707e-05 4.652718489523977041e-04 4.938236437737941742e-03 3.838281845673918724e-04 5.570206553784373682e-07 1.659677014686167240e-03 3.167218237649649382e-04 4.400628095027059317e-04 2.946449676528573036e-04 1.426932285539805889e-03 1.526530395494773984e-04 1.945565372807323001e-06 2.790374310279730707e-05
1.360000000000000000e+03 5.981060676276683807e-04 8.525927551090717316e-03 6.252533639781177044e-04 5.421306923381052911e-07 1.640927628614008427e-03 3.072202380280941725e-04 4.309110518079251051e-04 2.965087769553065300e-04 1.394993741996586323e-03 1.547083811601623893e-04 2.013320909100002609e-06 2.716036397032439709e-05 4.623216809704899788e-04 4.868987947702407837e-03 3.806773165706545115e-04 5.435326215774693992e-07 1.640927628614008427e-03 3.072202380280941725e-04 4.309110518079251051e-04 2.965087769553065300e-04 1.394993741996586323e-03 1.547083811601623893e-04 2.013320909100002609e-06 2.716036397032439709e-05
1.370000000000000000e+03 5.957852699793875217e-04 8.453136309981346130e-03 6.165222148410975933e-04 5.314691406965721399e-07 1.622185460291802883e-03 2.983033191412687302e-04 4.217706737108528614e-04 2.983424928970634937e-04 1.363844028674066067e-03 1.567709987284615636e-04 2.078794295812258497e-06 2.645128370204474777e-05 4.591702891048043966e-04 4.800060298293828964e-03 3.776972589548677206e-04 5.298973064782330766e-07 1.622185460291802883e-03 2.983033191412687302e-04 4.217706737108528614e-04 2.983424928970634937e-04 1.363844028674066067e-03 1.567709987284615636e-04 2.078794295812258497e-06 2.645128370204474777e-05
1.380000000000000000e+03 5.931482883170247078e-04 8.380147628486156464e-03 6.078534643165767193e-04 5.208165703152189963e-07 1.603454002179205418e-03 2.899325918406248093e-04 4.126467683818191290e-04 3.001334844157099724e-04 1.333409687504172325e-03 1.588367013027891517e-04 2.142889570677652955e-06 2.577153281890787184e-05 4.558041982818394899e-04 4.731473978608846664e-03 3.748981689568608999e-04 5.161365947969898116e-07 1.603454002179205418e-03 2.899325918406248093e-04 4.126467683818191290e-04 3.001334844157099724e-04 1.333409687504172325e-03 1.588367013027891517e-04 2.142889570677652955e-06 2.577153281890787184e-05
1.390000000000000000e+03 5.901997210457921028e-04 8.306921459734439850e-03 5.992578226141631603e-04 5.101740043755853549e-07 1.584727666340768337e-03 2.820774388965219259e-04 4.035398305859416723e-04 3.018879215233027935e-04 1.303689205087721348e-03 1.609057653695344925e-04 2.204959400842199102e-06 2.512381433916743845e-05 4.522308881860226393e-04 4.663197789341211319e-03 3.722798137459903955e-04 5.022582172387046739e-07 1.584727666340768337e-03 2.820774388965219259e-04 4.035398305859416723e-04 3.018879215233027935e-04 1.303689205087721348e-03 1.609057653695344925e-04 2.204959400842199102e-06 2.512381433916743845e-05
1.400000000000000000e+03 5.869381711818277836e-04 8.233475498855113983e-03 5.907450104132294655e-04 4.995524705009302124e-07 1.565998303703963757e-03 2.747060207184404135e-04 3.944518975913524628e-04 3.036064445041120052e-04 1.274633919820189476e-03 1.629766484256833792e-04 2.265016973979072645e-06 2.450401916576083750e-05 4.484517266973853111e-04 4.595235921442508698e-03 3.698452783282846212e-04 4.882793973592924885e-07 1.565998303703963757e-03 2.747060207184404135e-04 3.944518975913524628e-04 3.036064445041120052e-04 1.274633919820189476e-03 1.629766484256833792e-04 2.265016973979072645e-06 2.450401916576083750e-05
1.410000000000000000e+03 5.833616596646606922e-04 8.159782737493515015e-03 5.823249230161309242e-04 4.889622005066485144e-07 1.547265099361538887e-03 2.677977317944169044e-04 3.853848611470311880e-04 3.052894608117640018e-04 1.246237196028232574e-03 1.650491030886769295e-04 2.323042963325860910e-06 2.391179259575437754e-05 4.444643564056605101e-04 4.527568817138671875e-03 3.675958141684532166e-04 4.742164776416757377e-07 1.547265099361538887e-03 2.677977317944169044e-04 3.853848611470311880e-04 3.052894608117640018e-04 1.246237196028232574e-03 1.650491030886769295e-04 2.323042963325860910e-06 2.391179259575437754e-05
1.420000000000000000e+03 5.794713506475090981e-04 8.085859939455986023e-03 5.740093183703720570e-04 4.784249654221639503e-07 1.528525375761091709e-03 2.613198303151875734e-04 3.763419226743280888e-04 3.069388912990689278e-04 1.218452700413763523e-03 1.671209902269765735e-04 2.378744966335943900e-06 2.334369310119654983e-05 4.402733466122299433e-04 4.460199270397424698e-03 3.655354084912687540e-04 4.600964871315227356e-07 1.528525375761091709e-03 2.613198303151875734e-04 3.763419226743280888e-04 3.069388912990689278e-04 1.218452700413763523e-03 1.671209902269765735e-04 2.378744966335943900e-06 2.334369310119654983e-05
1.430000000000000000e+03 5.752663128077983856e-04 8.011667057871818542e-03 5.658059963025152683e-04 4.679532423779164674e-07 1.509772962890565395e-03 2.552531368564814329e-04 3.673233441077172756e-04 3.085544449277222157e-04 1.191286253742873669e-03 1.691930228844285011e-04 2.432222345305490308e-06 2.280187800351995975e-05 4.358772712294012308e-04 4.393104929476976395e-03 3.636644978541880846e-04 4.459371041320991935e-07 1.509772962890565395e-03 2.552531368564814329e-04 3.673233441077172756e-04 3.085544449277222157e-04 1.191286253742873669e-03 1.691930228844285011e-04 2.432222345305490308e-06 2.280187800351995975e-05
1.440000000000000000e+03 5.707443342544138432e-04 7.937223650515079498e-03 5.577297997660934925e-04 4.575764762648759643e-07 1.491010421887040138e-03 2.495723310858011246e-04 3.583341313060373068e-04 3.101326292380690575e-04 1.164698507636785507e-03 1.712613884592428803e-04 2.483752268744865432e-06 2.228350604127626866e-05 4.312743549235165119e-04 4.326285794377326965e-03 3.619908238761126995e-04 4.317718094171141274e-07 1.491010421887040138e-03 2.495723310858011246e-04 3.583341313060373068e-04 3.101326292380690575e-04 1.164698507636785507e-03 1.712613884592428803e-04 2.483752268744865432e-06 2.228350604127626866e-05
1.450000000000000000e+03 5.659156595356762409e-04 7.862523198127746582e-03 5.497869569808244705e-04 4.473051546938222600e-07 1.472230069339275360e-03 2.442510449327528477e-04 3.493740805424749851e-04 3.116819716524332762e-04 1.138665829785168171e-03 1.733286626404151320e-04 2.532338612581952475e-06 2.178814247599802911e-05 4.264789167791604996e-04 4.259739536792039871e-03 3.605091187637299299e-04 4.176164338787202723e-07 1.472230069339275360e-03 2.442510449327528477e-04 3.493740805424749851e-04 3.116819716524332762e-04 1.138665829785168171e-03 1.733286626404151320e-04 2.532338612581952475e-06 2.178814247599802911e-05
1.460000000000000000e+03 5.607669590972363949e-04 7.787555456161499023e-03 5.419916124083101749e-04 4.371751742837659549e-07 1.453442964702844620e-03 2.392759051872417331e-04 3.404487797524780035e-04 3.131905396003276110e-04 1.113179023377597332e-03 1.753904361976310611e-04 2.579240572231356055e-06 2.131362998625263572e-05 4.214724176563322544e-04 4.193455912172794342e-03 3.592310240492224693e-04 4.035086647036223439e-07 1.453442964702844620e-03 2.392759051872417331e-04 3.404487797524780035e-04 3.131905396003276110e-04 1.113179023377597332e-03 1.753904361976310611e-04 2.579240572231356055e-06 2.131362998625263572e-05
1.470000000000000000e+03 5.553159280680119991e-04 7.712309714406728745e-03 5.343492375686764717e-04 4.272042701813916210e-07 1.434626406989991665e-03 2.346258406760171056e-04 3.315593639854341745e-04 3.146732924506068230e-04 1.088224467821419239e-03 1.774486881913617253e-04 2.622917691041948274e-06 2.086119820887688547e-05 4.162809345871210098e-04 4.127425141632556915e-03 3.581497876439243555e-04 3.894696760653459933e-07 1.434626406989991665e-03 2.346258406760171056e-04 3.315593639854341745e-04 3.146732924506068230e-04 1.088224467821419239e-03 1.774486881913617253e-04 2.622917691041948274e-06 2.086119820887688547e-05
1.480000000000000000e+03 5.495604127645492554e-04 7.636804133653640747e-03 5.268740351311862469e-04 4.174217735908314353e-07 1.415787031874060631e-03 2.302775828866288066e-04 3.227105480618774891e-04 3.161248168908059597e-04 1.063766074366867542e-03 1.795001880964264274e-04 2.663787199708167464e-06 2.042746564256958663e-05 4.108989087399095297e-04 4.061657935380935669e-03 3.572728019207715988e-04 3.755311581699061207e-07 1.415787031874060631e-03 2.302775828866288066e-04 3.227105480618774891e-04 3.161248168908059597e-04 1.063766074366867542e-03 1.795001880964264274e-04 2.663787199708167464e-06 2.042746564256958663e-05
1.490000000000000000e+03 5.434918566606938839e-04 7.561011705547571182e-03 5.195757839828729630e-04 4.078508482052711770e-07 1.396943815052509308e-03 2.262214693473652005e-04 3.139044565614312887e-04 3.175355377607047558e-04 1.039810245856642723e-03 1.815451396396383643e-04 2.702891151784569956e-06 2.001219581870827824e-05 4.053151933476328850e-04 3.996137995272874832e-03 3.566044033505022526e-04 3.617178947479260387e-07 1.396943815052509308e-03 2.262214693473652005e-04 3.139044565614312887e-04 3.175355377607047558e-04 1.039810245856642723e-03 1.815451396396383643e-04 2.702891151784569956e-06 2.001219581870827824e-05
1.500000000000000000e+03 5.371324368752539158e-04 7.484938483685255051e-03 5.124640301801264286e-04 3.985195178302092245e-07 1.378065091557800770e-03 2.224336203653365374e-04 3.051446401514112949e-04 3.189207054674625397e-04 1.016336376778781414e-03 1.835828297771513462e-04 2.738541979852016084e-06 1.961732232302892953e-05 3.995576989836990833e-04 3.930862061679363251e-03 3.561421763151884079e-04 3.480595580640510889e-07 1.378065091557800770e-03 2.224336203653365374e-04 3.051446401514112949e-04 3.189207054674625397e-04 1.016336376778781414e-03 1.835828297771513462e-04 2.738541979852016084e-06 1.961732232302892953e-05
1.510000000000000000e+03 5.304763908497989178e-04 7.408600300550460815e-03 5.055507062934339046e-04 3.894530493653292069e-07 1.359173911623656750e-03 2.189016959164291620e-04 2.964363957289606333e-04 3.202695806976407766e-04 9.933159453794360161e-04 1.856112940004095435e-04 2.771499339360161684e-06 1.923839590745046735e-05 3.936169086955487728e-04 3.865846665576100349e-03 3.558928146958351135e-04 3.345819834521535086e-07 1.359173911623656750e-03 2.189016959164291620e-04 2.964363957289606333e-04 3.202695806976407766e-04 9.933159453794360161e-04 1.856112940004095435e-04 2.771499339360161684e-06 1.923839590745046735e-05
1.520000000000000000e+03 5.235245916992425919e-04 7.331979926675558090e-03 4.988466389477252960e-04 3.806761696978355758e-07 1.340265036560595036e-03 2.156082045985385776e-04 2.877826627809554338e-04 3.215811157133430243e-04 9.707517456263303757e-04 1.876301394077017903e-04 2.802252311084885150e-06 1.887718099169433117e-05 3.874924732372164726e-04 3.801077138632535934e-03 3.558591415639966726e-04 3.213105230770452181e-07 1.340265036560595036e-03 2.156082045985385776e-04 2.877826627809554338e-04 3.215811157133430243e-04 9.707517456263303757e-04 1.876301394077017903e-04 2.802252311084885150e-06 1.887718099169433117e-05
1.530000000000000000e+03 5.162948509678244591e-04 7.255084346979856491e-03 4.923589294776320457e-04 3.722146004747628467e-07 1.321335323154926300e-03 2.125453174812719226e-04 2.791877195704728365e-04 3.228667192161083221e-04 9.486258495599031448e-04 1.896390167530626059e-04 2.829429831763263792e-06 1.853122375905513763e-05 3.812060749623924494e-04 3.736557438969612122e-03 3.560379554983228445e-04 3.082707280555041507e-07 1.321335323154926300e-03 2.125453174812719226e-04 2.791877195704728365e-04 3.228667192161083221e-04 9.486258495599031448e-04 1.896390167530626059e-04 2.829429831763263792e-06 1.853122375905513763e-05
1.540000000000000000e+03 5.087820463813841343e-04 7.177914027124643326e-03 4.861023044213652611e-04 3.640916759195533814e-07 1.302394433878362179e-03 2.096932876156643033e-04 2.706562227103859186e-04 3.241107333451509476e-04 9.269304573535919189e-04 1.916363689815625548e-04 2.854281319741858169e-06 1.820131001295521855e-05 3.747462760657072067e-04 3.672291059046983719e-03 3.564383077900856733e-04 2.954861031412292505e-07 1.302394433878362179e-03 2.096932876156643033e-04 2.706562227103859186e-04 3.241107333451509476e-04 9.269304573535919189e-04 1.916363689815625548e-04 2.854281319741858169e-06 1.820131001295521855e-05
1.550000000000000000e+03 5.010000895708799362e-04 7.100479211658239365e-03 4.800865426659584045e-04 3.563312418464192888e-07 1.283437362872064114e-03 2.070396440103650093e-04 2.621931780595332384e-04 3.253210743423551321e-04 9.056466515175998211e-04 1.936207700055092573e-04 2.876133521567680873e-06 1.788560257409699261e-05 3.681295784190297127e-04 3.608284285292029381e-03 3.570600820239633322e-04 2.829798972925345879e-07 1.283437362872064114e-03 2.070396440103650093e-04 2.621931780595332384e-04 3.253210743423551321e-04 9.056466515175998211e-04 1.936207700055092573e-04 2.876133521567680873e-06 1.788560257409699261e-05
1.560000000000000000e+03 4.929583519697189331e-04 7.022772915661334991e-03 4.743190947920084000e-04 3.489531366085429909e-07 1.264466438442468643e-03 2.045728033408522606e-04 2.538023691158741713e-04 3.264997503720223904e-04 8.847741992212831974e-04 1.955924235517159104e-04 2.894579665735363960e-06 1.758426151354797184e-05 3.613649168983101845e-04 3.544535720720887184e-03 3.579022013582289219e-04 2.707715509586705593e-07 1.264466438442468643e-03 2.045728033408522606e-04 2.538023691158741713e-04 3.264997503720223904e-04 8.847741992212831974e-04 1.955924235517159104e-04 2.894579665735363960e-06 1.758426151354797184e-05
1.570000000000000000e+03 4.846572410315275192e-04 6.944810040295124054e-03 4.688149201683700085e-04 3.419788185965444427e-07 1.245493302121758461e-03 2.022837288677692413e-04 2.454898494761437178e-04 3.276352654211223125e-04 8.642988977953791618e-04 1.975499762920662761e-04 2.910868261096766219e-06 1.729590985632967204e-05 3.544464125297963619e-04 3.481053747236728668e-03 3.589724365156143904e-04 2.588819540960685117e-07 1.245493302121758461e-03 2.022837288677692413e-04 2.454898494761437178e-04 3.276352654211223125e-04 8.642988977953791618e-04 1.975499762920662761e-04 2.910868261096766219e-06 1.729590985632967204e-05
1.580000000000000000e+03 4.761136660818010569e-04 6.866586394608020782e-03 4.635832447092980146e-04 3.354294619839492952e-07 1.226509804837405682e-03 2.001597167691215873e-04 2.372604358242824674e-04 3.287352446932345629e-04 8.442188263870775700e-04 1.994924823520705104e-04 2.923959527834085748e-06 1.702268127701245248e-05 3.473920514807105064e-04 3.417838132008910179e-03 3.602701181080192327e-04 2.473308597927825758e-07 1.226509804837405682e-03 2.001597167691215873e-04 2.372604358242824674e-04 3.287352446932345629e-04 8.442188263870775700e-04 1.994924823520705104e-04 2.923959527834085748e-06 1.702268127701245248e-05
1.590000000000000000e+03 4.673387738876044750e-04 6.788139231503009796e-03 4.586328286677598953e-04 3.293203860721405363e-07 1.207521301694214344e-03 1.981872628675773740e-04 2.291200507897883654e-04 3.297974471934139729e-04 8.245015633292496204e-04 2.014189958572387695e-04 2.933762289103469811e-06 1.675902240094728768e-05 3.402132715564221144e-04 3.354916116222739220e-03 3.617946640588343143e-04 2.361333031331014354e-07 1.207521301694214344e-03 1.981872628675773740e-04 2.291200507897883654e-04 3.297974471934139729e-04 8.245015633292496204e-04 2.014189958572387695e-04 2.933762289103469811e-06 1.675902240094728768e-05
1.600000000000000000e+03 4.583375703077763319e-04 6.709435954689979553e-03 4.539753717835992575e-04 3.236689565255801426e-07 1.188540016300976276e-03 1.963617105502635241e-04 2.210736711276695132e-04 3.308177692815661430e-04 8.051758632063865662e-04 2.033287019003182650e-04 2.941041202575433999e-06 1.650896956562064588e-05 3.329080645926296711e-04 3.292270470410585403e-03 3.635513712652027607e-04 2.253066071489229216e-07 1.188540016300976276e-03 1.963617105502635241e-04 2.210736711276695132e-04 3.308177692815661430e-04 8.051758632063865662e-04 2.033287019003182650e-04 2.941041202575433999e-06 1.650896956562064588e-05
1.610000000000000000e+03 4.491221625357866287e-04 6.630518008023500443e-03 4.496221081353724003e-04 3.184906915976171149e-07 1.169570139609277248e-03 1.946689881151542068e-04 2.131272631231695414e-04 3.317924565635621548e-04 7.862095953896641731e-04 2.052208728855475783e-04 2.945788764918688685e-06 1.626998164283577353e-05 3.254871407989412546e-04 3.229927737265825272e-03 3.655412292573601007e-04 2.148650395383810974e-07 1.169570139609277248e-03 1.946689881151542068e-04 2.131272631231695414e-04 3.317924565635621548e-04 7.862095953896641731e-04 2.052208728855475783e-04 2.945788764918688685e-06 1.626998164283577353e-05
1.620000000000000000e+03 4.397172597236931324e-04 6.551384460180997849e-03 4.455800517462193966e-04 3.137975284062122228e-07 1.150599680840969086e-03 1.931006408995017409e-04 2.052868803730234504e-04 3.327310550957918167e-04 7.676039822399616241e-04 2.070944319711998105e-04 2.946722588603734039e-06 1.604257704457268119e-05 3.179750056006014347e-04 3.167891642078757286e-03 3.677603381220251322e-04 2.048211626970442012e-07 1.150599680840969086e-03 1.931006408995017409e-04 2.052868803730234504e-04 3.327310550957918167e-04 7.676039822399616241e-04 2.070944319711998105e-04 2.946722588603734039e-06 1.604257704457268119e-05
1.630000000000000000e+03 4.301182925701141357e-04 6.472056731581687927e-03 4.418629687279462814e-04 3.096008924785564886e-07 1.131664612330496311e-03 1.916495821205899119e-04 1.975585764739662409e-04 3.336156951263546944e-04 7.493517477996647358e-04 2.089482441078871489e-04 2.945871756310225464e-06 1.582466575200669467e-05 3.103589697275310755e-04 3.106180112808942795e-03 3.702171088661998510e-04 1.951866437366334139e-07 1.131664612330496311e-03 1.916495821205899119e-04 1.975585764739662409e-04 3.336156951263546944e-04 7.493517477996647358e-04 2.089482441078871489e-04 2.945871756310225464e-06 1.582466575200669467e-05
1.640000000000000000e+03 4.203543358016759157e-04 6.392537150532007217e-03 4.384761268738657236e-04 3.059131188365427079e-07 1.112741185352206230e-03 1.903051161207258701e-04 1.899482886074110866e-04 3.344581054989248514e-04 7.314519607461988926e-04 2.107819309458136559e-04 2.941674893008894287e-06 1.561756653245538473e-05 3.026691265404224396e-04 3.044796874746680260e-03 3.729048767127096653e-04 1.859737182030585245e-07 1.112741185352206230e-03 1.903051161207258701e-04 1.899482886074110866e-04 3.344581054989248514e-04 7.314519607461988926e-04 2.107819309458136559e-04 2.941674893008894287e-06 1.561756653245538473e-05
1.650000000000000000e+03 4.104364197701215744e-04 6.312850397080183029e-03 4.354305565357208252e-04 3.027396928700909484e-07 1.093846163712441921e-03 1.890613930299878120e-04 1.824624487198889256e-04 3.352524654474109411e-04 7.138959481380879879e-04 2.125945175066590309e-04 2.934582425950793549e-06 1.542030440759845078e-05 2.949110930785536766e-04 2.983761718496680260e-03 3.758257080335170031e-04 1.771898183733355836e-07 1.093846163712441921e-03 1.890613930299878120e-04 1.824624487198889256e-04 3.352524654474109411e-04 7.138959481380879879e-04 2.125945175066590309e-04 2.934582425950793549e-06 1.542030440759845078e-05
1.660000000000000000e+03 4.003753419965505600e-04 6.233024410903453827e-03 4.327366768848150969e-04 3.000895389959623571e-07 1.074985601007938385e-03 1.879065821412950754e-04 1.751076197251677513e-04 3.359927504789084196e-04 6.966719520278275013e-04 2.143841848010197282e-04 2.925306034740060568e-06 1.523145419923821464e-05 2.870899334084242582e-04 2.923095365986227989e-03 3.789814945776015520e-04 1.688453039605519734e-07 1.074985601007938385e-03 1.879065821412950754e-04 1.751076197251677513e-04 3.359927504789084196e-04 6.966719520278275013e-04 2.143841848010197282e-04 2.925306034740060568e-06 1.523145419923821464e-05
1.670000000000000000e+03 3.901954041793942451e-04 6.153049878776073456e-03 4.303982423152774572e-04 2.979656414936471265e-07 1.056169043295085430e-03 1.868393592303618789e-04 1.678894914221018553e-04 3.366878663655370474e-04 6.797942332923412323e-04 2.161511074518784881e-04 2.912885292971623130e-06 1.505164982518181205e-05 2.792279992718249559e-04 2.862797351554036140e-03 3.823658043984323740e-04 1.609461577345427941e-07 1.056169043295085430e-03 1.868393592303618789e-04 1.678894914221018553e-04 3.366878663655370474e-04 6.797942332923412323e-04 2.161511074518784881e-04 2.912885292971623130e-06 1.505164982518181205e-05
1.680000000000000000e+03 3.799080150201916695e-04 6.072982214391231537e-03 4.284277674742043018e-04 2.963724909932352602e-07 1.037398353219032288e-03 1.858457981143146753e-04 1.608144375495612621e-04 3.373232029844075441e-04 6.632360164076089859e-04 2.178941213060170412e-04 2.898315187849220820e-06 1.487995359639171511e-05 2.713291614782065153e-04 2.802901435643434525e-03 3.859814023599028587e-04 1.534993003815543489e-07 1.037398353219032288e-03 1.858457981143146753e-04 1.608144375495612621e-04 3.373232029844075441e-04 6.632360164076089859e-04 2.178941213060170412e-04 2.898315187849220820e-06 1.487995359639171511e-05
1.690000000000000000e+03 3.695313935168087482e-04 5.992817226797342300e-03 4.268329066690057516e-04 2.953125033400283428e-07 1.018691575154662132e-03 1.849239051807671785e-04 1.538900396553799510e-04 3.379003028385341167e-04 6.470069638453423977e-04 2.196108689531683922e-04 2.881482714656158350e-06 1.471631730964872986e-05 2.634077391121536493e-04 2.743414836004376411e-03 3.898280556313693523e-04 1.465109136233877507e-07 1.018691575154662132e-03 1.849239051807671785e-04 1.538900396553799510e-04 3.379003028385341167e-04 6.470069638453423977e-04 2.196108689531683922e-04 2.881482714656158350e-06 1.471631730964872986e-05
1.700000000000000000e+03 3.590914129745215178e-04 5.912580993026494980e-03 4.256130778230726719e-04 2.947826089894078905e-07 1.000035787001252174e-03 1.840688782976940274e-04 1.471212017349898815e-04 3.384260926395654678e-04 6.311093457043170929e-04 2.213026891695335507e-04 2.861597067749244161e-06 1.456068548577604815e-05 2.554866368882358074e-04 2.684356179088354111e-03 3.938935988117009401e-04 1.399831432991049951e-07 1.000035787001252174e-03 1.840688782976940274e-04 1.471212017349898815e-04 3.384260926395654678e-04 6.311093457043170929e-04 2.213026891695335507e-04 2.861597067749244161e-06 1.456068548577604815e-05
1.710000000000000000e+03 3.485933702904731035e-04 5.832315888255834579e-03 4.247839096933603287e-04 2.947841153400077019e-07 9.814664954319596291e-04 1.832663983805105090e-04 1.405148796038702130e-04 3.388822951819747686e-04 6.155219743959605694e-04 2.229666424682363868e-04 2.840449951690970920e-06 1.441173844796139747e-05 2.475610235705971718e-04 2.625752706080675125e-03 3.981856862083077431e-04 1.339220290219600429e-07 9.814664954319596291e-04 1.832663983805105090e-04 1.405148796038702130e-04 3.388822951819747686e-04 6.155219743959605694e-04 2.229666424682363868e-04 2.840449951690970920e-06 1.441173844796139747e-05
1.720000000000000000e+03 3.380730631761252880e-04 5.752023775130510330e-03 4.243420553393661976e-04 2.953137823169527110e-07 9.629600099287927151e-04 1.825192739488556981e-04 1.340775488642975688e-04 3.392853832338005304e-04 6.002587033435702324e-04 2.246021031169220805e-04 2.816112100845202804e-06 1.427039569534827024e-05 2.396668423898518085e-04 2.567613963037729263e-03 4.026906099170446396e-04 1.283301571675110608e-07 9.629600099287927151e-04 1.825192739488556981e-04 1.340775488642975688e-04 3.392853832338005304e-04 6.002587033435702324e-04 2.246021031169220805e-04 2.816112100845202804e-06 1.427039569534827024e-05
1.730000000000000000e+03 3.275376220699399710e-04 5.671747960150241852e-03 4.242955765221267939e-04 2.963620602258743020e-07 9.445486939512193203e-04 1.818156306399032474e-04 1.278142008231952786e-04 3.396192914806306362e-04 5.853101611137390137e-04 2.262090420117601752e-04 2.790221515169832855e-06 1.413521658832905814e-05 2.318002370884642005e-04 2.509966958314180374e-03 4.074068274348974228e-04 1.232067177170392824e-07 9.445486939512193203e-04 1.818156306399032474e-04 1.278142008231952786e-04 3.396192914806306362e-04 5.853101611137390137e-04 2.262090420117601752e-04 2.790221515169832855e-06 1.413521658832905814e-05
1.740000000000000000e+03 3.170101845171302557e-04 5.591524764895439148e-03 4.246492462698370218e-04 2.979297448746365262e-07 9.262325474992394447e-04 1.811526599340140820e-04 1.217316821566782892e-04 3.398868720978498459e-04 5.706648807972669601e-04 2.277843159390613437e-04 2.762480107776354998e-06 1.400558267050655559e-05 2.239810855826362967e-04 2.452838933095335960e-03 4.123309918213635683e-04 1.185576579132430197e-07 9.262325474992394447e-04 1.811526599340140820e-04 1.217316821566782892e-04 3.398868720978498459e-04 5.706648807972669601e-04 2.277843159390613437e-04 2.762480107776354998e-06 1.400558267050655559e-05
1.750000000000000000e+03 3.065108321607112885e-04 5.511352792382240295e-03 4.254023660905659199e-04 3.000007495757017750e-07 9.080221061594784260e-04 1.805262872949242592e-04 1.158348168246448040e-04 3.400872228667140007e-04 5.563440499827265739e-04 2.293285506311804056e-04 2.733009523581131361e-06 1.388287091685924679e-05 2.162216405849903822e-04 2.396234311163425446e-03 4.174526256974786520e-04 1.143786292345794209e-07 9.080221061594784260e-04 1.805262872949242592e-04 1.158348168246448040e-04 3.400872228667140007e-04 5.563440499827265739e-04 2.293285506311804056e-04 2.733009523581131361e-06 1.388287091685924679e-05
1.760000000000000000e+03 2.960605197586119175e-04 5.431306082755327225e-03 4.265604366082698107e-04 3.025722321581270080e-07 8.899270906113088131e-04 1.799266756279394031e-04 1.101296875276602805e-04 3.402124857529997826e-04 5.423148977570235729e-04 2.308391267433762550e-04 2.702048050196026452e-06 1.376462114421883598e-05 2.085367741528898478e-04 2.340196864679455757e-03 4.227674508001655340e-04 1.106726870148122543e-07 8.899270906113088131e-04 1.799266756279394031e-04 1.101296875276602805e-04 3.402124857529997826e-04 5.423148977570235729e-04 2.308391267433762550e-04 2.702048050196026452e-06 1.376462114421883598e-05
1.770000000000000000e+03 2.856806677300482988e-04 5.351379979401826859e-03 4.281179280951619148e-04 3.056263153666805010e-07 8.719447068870067596e-04 1.793554838513955474e-04 1.046209581545554101e-04 3.402690635994076729e-04 5.286019877530634403e-04 2.323162043467164040e-04 2.669271452759858221e-06 1.365321259072516114e-05 2.009435411309823394e-04 2.284731017425656319e-03 4.282621084712445736e-04 1.074352837804326555e-07 8.719447068870067596e-04 1.793554838513955474e-04 1.046209581545554101e-04 3.402690635994076729e-04 5.286019877530634403e-04 2.323162043467164040e-04 2.669271452759858221e-06 1.365321259072516114e-05
1.780000000000000000e+03 2.753851877059787512e-04 5.271633621305227280e-03 4.300800501368939877e-04 3.091557232437480707e-07 8.541046991012990475e-04 1.788011286407709122e-04 9.931363456416875124e-05 3.402472648303955793e-04 5.151847144588828087e-04 2.337568294024094939e-04 2.635609007484163158e-06 1.354469623038312420e-05 1.934463361976668239e-04 2.229875419288873672e-03 4.339328443165868521e-04 1.046676274540914164e-07 8.541046991012990475e-04 1.788011286407709122e-04 9.931363456416875124e-05 3.402472648303955793e-04 5.151847144588828087e-04 2.337568294024094939e-04 2.635609007484163158e-06 1.354469623038312420e-05
1.790000000000000000e+03 2.652032999321818352e-04 5.192084703594446182e-03 4.324389446992427111e-04 3.131426069558074232e-07 8.363940869458019733e-04 1.782647887011989951e-04 9.421147115062922239e-05 3.401548601686954498e-04 5.020713433623313904e-04 2.351611183257773519e-04 2.600185325718484819e-06 1.344209704257082194e-05 1.860708143794909120e-04 2.175640314817428589e-03 4.397627781145274639e-04 1.023643321218514757e-07 8.363940869458019733e-04 1.782647887011989951e-04 9.421147115062922239e-05 3.401548601686954498e-04 5.020713433623313904e-04 2.351611183257773519e-04 2.600185325718484819e-06 1.344209704257082194e-05
1.800000000000000000e+03 2.551448415033519268e-04 5.112767685204744339e-03 4.351970856077969074e-04 3.175710503455775324e-07 8.188378415070474148e-04 1.777419674908742309e-04 8.931890624808147550e-05 3.399788984097540379e-04 4.892621655017137527e-04 2.365270338486880064e-04 2.564207079558400437e-06 1.334474745817715302e-05 1.788172085070982575e-04 2.122049452736973763e-03 4.457473987713456154e-04 1.005215821692218015e-07 8.188378415070474148e-04 1.777419674908742309e-04 8.931890624808147550e-05 3.399788984097540379e-04 4.892621655017137527e-04 2.365270338486880064e-04 2.564207079558400437e-06 1.334474745817715302e-05
1.810000000000000000e+03 2.452335902489721775e-04 5.033748690038919449e-03 4.383475170470774174e-04 3.224267857149243355e-07 8.014373597688972950e-04 1.772251416696235538e-04 8.463947597192600369e-05 3.397229011170566082e-04 4.767328500747680664e-04 2.378521458012983203e-04 2.527264086893410422e-06 1.325018638453911990e-05 1.717050763545557857e-04 2.069143112748861313e-03 4.518713976722210646e-04 9.913605225619903649e-08 8.014373597688972950e-04 1.772251416696235538e-04 8.463947597192600369e-05 3.397229011170566082e-04 4.767328500747680664e-04 2.378521458012983203e-04 2.527264086893410422e-06 1.325018638453911990e-05
1.820000000000000000e+03 2.354858297621831298e-04 4.955016076564788818e-03 4.418815660756081343e-04 3.276845177424547728e-07 7.842015475034713745e-04 1.767126814229413867e-04 8.017554500838741660e-05 3.393884690012782812e-04 4.645154695026576519e-04 2.391367161180824041e-04 2.489561438778764568e-06 1.316045199928339571e-05 1.647437165956944227e-04 2.016919665038585663e-03 4.581192915793508291e-04 9.819921586995405960e-08 7.842015475034713745e-04 1.767126814229413867e-04 8.017554500838741660e-05 3.393884690012782812e-04 4.645154695026576519e-04 2.391367161180824041e-04 2.489561438778764568e-06 1.316045199928339571e-05
1.830000000000000000e+03 2.259221364511176944e-04 4.876650869846343994e-03 4.457945760805159807e-04 3.333321103582420619e-07 7.671377388760447502e-04 1.762009778758510947e-04 7.593014015583321452e-05 3.389713529031723738e-04 4.525774565991014242e-04 2.403780381428077817e-04 2.451016825943952426e-06 1.307400816585868597e-05 1.579480158397927880e-04 1.965421950444579124e-03 4.644789441954344511e-04 9.770707265488454141e-08 7.671377388760447502e-04 1.762009778758510947e-04 7.593014015583321452e-05 3.389713529031723738e-04 4.525774565991014242e-04 2.403780381428077817e-04 2.451016825943952426e-06 1.307400816585868597e-05
1.840000000000000000e+03 2.165494952350854874e-04 4.798669368028640747e-03 4.500821814872324467e-04 3.393421366126858629e-07 7.502641528844833374e-04 1.756869460223242640e-04 7.190483302110806108e-05 3.384632291272282600e-04 4.409331595525145531e-04 2.415741910226643085e-04 2.413012680335668847e-06 1.299083760386565700e-05 1.513161550974473357e-04 1.914663938805460930e-03 4.709402855951339006e-04 9.764977448867284693e-08 7.502641528844833374e-04 1.756869460223242640e-04 7.190483302110806108e-05 3.384632291272282600e-04 4.409331595525145531e-04 2.415741910226643085e-04 2.413012680335668847e-06 1.299083760386565700e-05
1.850000000000000000e+03 2.073954528896138072e-04 4.721118602901697159e-03 4.547271819319576025e-04 3.456957813341432484e-07 7.335745613090693951e-04 1.751660165609791875e-04 6.810086779296398163e-05 3.378742549102753401e-04 4.295704129617661238e-04 2.427243307465687394e-04 2.374134282945306040e-06 1.291125863644992933e-05 1.448732800781726837e-04 1.864668447524309158e-03 4.774798871949315071e-04 9.801891565075493418e-08 7.335745613090693951e-04 1.751660165609791875e-04 6.810086779296398163e-05 3.378742549102753401e-04 4.295704129617661238e-04 2.427243307465687394e-04 2.374134282945306040e-06 1.291125863644992933e-05
1.860000000000000000e+03 1.984716509468853474e-04 4.644020460546016693e-03 4.597194201778620481e-04 3.523646228131838143e-07 7.170803146436810493e-04 1.746361231198534369e-04 6.451939407270401716e-05 3.372042847331613302e-04 4.185004509054124355e-04 2.438264345983043313e-04 2.334896407774067484e-06 1.283440633415011689e-05 1.386251387884840369e-04 1.815451774746179581e-03 4.840816254727542400e-04 9.880368878611989203e-08 7.170803146436810493e-04 1.746361231198534369e-04 6.451939407270401716e-05 3.372042847331613302e-04 4.185004509054124355e-04 2.438264345983043313e-04 2.334896407774067484e-06 1.283440633415011689e-05
1.870000000000000000e+03 1.897857146104797721e-04 4.567430820316076279e-03 4.650506016332656145e-04 3.593288795400439994e-07 7.007984677329659462e-04 1.740955485729500651e-04 6.115980067988857627e-05 3.364403091836720705e-04 4.077068006154149771e-04 2.448791929055005312e-04 2.296330876561114565e-06 1.276032617170130834e-05 1.325708726653829217e-04 1.767040695995092392e-03 4.907340044155716896e-04 9.999401129334728466e-08 7.007984677329659462e-04 1.740955485729500651e-04 6.115980067988857627e-05 3.364403091836720705e-04 4.077068006154149771e-04 2.448791929055005312e-04 2.296330876561114565e-06 1.276032617170130834e-05
1.880000000000000000e+03 1.813504786696285009e-04 4.491394385695457458e-03 4.707094340119510889e-04 3.665639951577759348e-07 6.847326876595616341e-04 1.735356781864538789e-04 5.802172381663694978e-05 3.355825028847903013e-04 3.971832047682255507e-04 2.458791132085025311e-04 2.258381300634937361e-06 1.268852065550163388e-05 1.267186744371429086e-04 1.719458028674125671e-03 4.974203766323626041e-04 1.015782089552885736e-07 6.847326876595616341e-04 1.735356781864538789e-04 5.802172381663694978e-05 3.355825028847903013e-04 3.971832047682255507e-04 2.458791132085025311e-04 2.258381300634937361e-06 1.268852065550163388e-05
1.890000000000000000e+03 1.731850497890263796e-04 4.415920935571193695e-03 4.766687925439327955e-04 3.740368299531837692e-07 6.688814028166234493e-04 1.729637879179790616e-04 5.510391201823949814e-05 3.346459125168621540e-04 3.869448264595121145e-04 2.468264137860387564e-04 2.220121814389131032e-06 1.261971556232310832e-05 1.210863483720459044e-04 1.672711106948554516e-03 5.041111726313829422e-04 1.035411898442362144e-07 6.688814028166234493e-04 1.729637879179790616e-04 5.510391201823949814e-05 3.346459125168621540e-04 3.869448264595121145e-04 2.468264137860387564e-04 2.220121814389131032e-06 1.261971556232310832e-05
1.900000000000000000e+03 1.652935752645134926e-04 4.341068211942911148e-03 4.829203535337001085e-04 3.817279434770171065e-07 6.532584666274487972e-04 1.723730092635378242e-04 5.240442624199204147e-05 3.336184890940785408e-04 3.769766481127589941e-04 2.477181260474026203e-04 2.182548996643163264e-06 1.255378629139158875e-05 1.156709913630038500e-04 1.626821933314204216e-03 5.107948090881109238e-04 1.058704413026134716e-07 6.532584666274487972e-04 1.723730092635378242e-04 5.240442624199204147e-05 3.336184890940785408e-04 3.769766481127589941e-04 2.477181260474026203e-04 2.182548996643163264e-06 1.255378629139158875e-05
1.910000000000000000e+03 1.576800714246928692e-04 4.266874864697456360e-03 4.894480225630104542e-04 3.896045086548838299e-07 6.378760444931685925e-04 1.717583654681220651e-04 4.992040339857339859e-05 3.324976132716983557e-04 3.672722668852657080e-04 2.485522709321230650e-04 2.146302449546055868e-06 1.248760963790118694e-05 1.104711263906210661e-04 1.581814256496727467e-03 5.174539983272552490e-04 1.085504166553619143e-07 6.378760444931685925e-04 1.717583654681220651e-04 4.992040339857339859e-05 3.324976132716983557e-04 3.672722668852657080e-04 2.485522709321230650e-04 2.146302449546055868e-06 1.248760963790118694e-05
1.920000000000000000e+03 1.503600360592827201e-04 4.193366039544343948e-03 4.962280509062111378e-04 3.976438733843679074e-07 6.227249396033585072e-04 1.711218937998637557e-04 4.764858385897241533e-05 3.312901826575398445e-04 3.578341857064515352e-04 2.493276842869818211e-04 2.110414698108797893e-06 1.242492544406559318e-05 1.055011452990584075e-04 1.537691801786422729e-03 5.240637692622840405e-04 1.115653134320382378e-07 6.227249396033585072e-04 1.711218937998637557e-04 4.764858385897241533e-05 3.312901826575398445e-04 3.578341857064515352e-04 2.493276842869818211e-04 2.110414698108797893e-06 1.242492544406559318e-05
1.930000000000000000e+03 1.433354336768388748e-04 4.120578523725271225e-03 5.032414337620139122e-04 4.058126705785980448e-07 6.078208680264651775e-04 1.704622845863923430e-04 4.558487125905230641e-05 3.299977397546172142e-04 3.486592613626271486e-04 2.500421542208641768e-04 2.075322754535591230e-06 1.236416483152424917e-05 1.007591708912514150e-04 1.494469237513840199e-03 5.306045059114694595e-04 1.148976309650606709e-07 6.078208680264651775e-04 1.704622845863923430e-04 4.558487125905230641e-05 3.299977397546172142e-04 3.486592613626271486e-04 2.500421542208641768e-04 2.075322754535591230e-06 1.236416483152424917e-05
1.940000000000000000e+03 1.366044016322121024e-04 4.048552829772233963e-03 5.104728625155985355e-04 4.140883049785770709e-07 5.931741907261312008e-04 1.697761908872053027e-04 4.372493276605382562e-05 3.286086139269173145e-04 3.397390828467905521e-04 2.506933524273335934e-04 2.042168944171862677e-06 1.230363068316364661e-05 9.623808000469580293e-05 1.452165306545794010e-03 5.370625876821577549e-04 1.185313678320198960e-07 5.931741907261312008e-04 1.697761908872053027e-04 4.372493276605382562e-05 3.286086139269173145e-04 3.397390828467905521e-04 2.506933524273335934e-04 2.042168944171862677e-06 1.230363068316364661e-05
1.950000000000000000e+03 1.301784941460937262e-04 3.977325279265642166e-03 5.178931169211864471e-04 4.224446001899195835e-07 5.787772242911159992e-04 1.690643548499792814e-04 4.206305675324983895e-05 3.271332534495741129e-04 3.310660831630229950e-04 2.512803766876459122e-04 2.009752961384947412e-06 1.224519564857473597e-05 9.194980520987883210e-05 1.410785247571766376e-03 5.434100748971104622e-04 1.224477870209739194e-07 5.787772242911159992e-04 1.690643548499792814e-04 4.206305675324983895e-05 3.271332534495741129e-04 3.310660831630229950e-04 2.512803766876459122e-04 2.009752961384947412e-06 1.224519564857473597e-05
1.960000000000000000e+03 1.240560377482324839e-04 3.906900994479656219e-03 5.254789139144122601e-04 4.308446364120754879e-07 5.646392819471657276e-04 1.683253067312762141e-04 4.059363345731981099e-05 3.255803312640637159e-04 3.226529515814036131e-04 2.518008404877036810e-04 1.978416094061685726e-06 1.218824581883382052e-05 8.789057028479874134e-05 1.370333717204630375e-03 5.496252560988068581e-04 1.266277251943392912e-07 5.646392819471657276e-04 1.683253067312762141e-04 4.059363345731981099e-05 3.255803312640637159e-04 3.226529515814036131e-04 2.518008404877036810e-04 1.978416094061685726e-06 1.218824581883382052e-05
1.970000000000000000e+03 1.182332707685418427e-04 3.837345400825142860e-03 5.332147120498120785e-04 4.392740038383635692e-07 5.507639143615961075e-04 1.675534731475636363e-04 3.930999082513153553e-05 3.239318320993334055e-04 3.144736692775040865e-04 2.522524737287312746e-04 1.949107854670728557e-06 1.213136238220613450e-05 8.405249536735936999e-05 1.330827013589441776e-03 5.556975374929606915e-04 1.310535253651323728e-07 5.507639143615961075e-04 1.675534731475636363e-04 3.930999082513153553e-05 3.239318320993334055e-04 3.144736692775040865e-04 2.522524737287312746e-04 1.949107854670728557e-06 1.213136238220613450e-05
1.980000000000000000e+03 1.127137875300832093e-04 3.768659895285964012e-03 5.410679732449352741e-04 4.476991648516559508e-07 5.371523438952863216e-04 1.667585020186379552e-04 3.820533311227336526e-05 3.222026862204074860e-04 3.065387718379497528e-04 2.526353928260505199e-04 1.920887370943091810e-06 1.207760033139493316e-05 8.044017158681526780e-05 1.292258268222212791e-03 5.615977570414543152e-04 1.357040986249558046e-07 5.371523438952863216e-04 1.667585020186379552e-04 3.820533311227336526e-05 3.222026862204074860e-04 3.065387718379497528e-04 2.526353928260505199e-04 1.920887370943091810e-06 1.207760033139493316e-05
1.990000000000000000e+03 1.074904139386489987e-04 3.700892208144068718e-03 5.490220501087605953e-04 4.561001389902230585e-07 5.238109151832759380e-04 1.659304252825677395e-04 3.727192961378023028e-05 3.203923115506768227e-04 2.988320484291762114e-04 2.529440098442137241e-04 1.894551814984879456e-06 1.202181829285109416e-05 7.704494055360555649e-05 1.254644826985895634e-03 5.673142732121050358e-04 1.405633156537078321e-07 5.238109151832759380e-04 1.659304252825677395e-04 3.727192961378023028e-05 3.203923115506768227e-04 2.988320484291762114e-04 2.529440098442137241e-04 1.894551814984879456e-06 1.202181829285109416e-05
2.000000000000000000e+03 1.025612582452595234e-04 3.634042572230100632e-03 5.570431821979582310e-04 4.644455486868537264e-07 5.107416072860360146e-04 1.650762278586626053e-04 3.650207145255990326e-05 3.185011155437678099e-04 2.913637727033346891e-04 2.531818754505366087e-04 1.869972379608952906e-06 1.196732046082615852e-05 7.386416837107390165e-05 1.217975164763629436e-03 5.728201940655708313e-04 1.456075437999970745e-07 5.107416072860360146e-04 1.650762278586626053e-04 3.650207145255990326e-05 3.185011155437678099e-04 2.913637727033346891e-04 2.531818754505366087e-04 1.869972379608952906e-06 1.196732046082615852e-05
2.010000000000000000e+03 9.792399941943585873e-05 3.568156389519572258e-03 5.651139072142541409e-04 4.727247642222209834e-07 4.979385412298142910e-04 1.641902927076444030e-04 3.588735853554680943e-05 3.165309317409992218e-04 2.841095556505024433e-04 2.533435181248933077e-04 1.846615987233235501e-06 1.191383944387780502e-05 7.089688006090000272e-05 1.182254403829574585e-03 5.781052750535309315e-04 1.508209663825255120e-07 4.979385412298142910e-04 1.641902927076444030e-04 3.588735853554680943e-05 3.165309317409992218e-04 2.841095556505024433e-04 2.533435181248933077e-04 1.846615987233235501e-06 1.191383944387780502e-05
2.020000000000000000e+03 9.356610826216638088e-05 3.503233427181839943e-03 5.732064601033926010e-04 4.809030542674008757e-07 4.854133876506239176e-04 1.632771454751491547e-04 3.541904516168870032e-05 3.144828369840979576e-04 2.770832797978073359e-04 2.534297818783670664e-04 1.825686695156036876e-06 1.186062490887707099e-05 6.812877836637198925e-05 1.147476374171674252e-03 5.831485614180564880e-04 1.561822102758014807e-07 4.854133876506239176e-04 1.632771454751491547e-04 3.541904516168870032e-05 3.144828369840979576e-04 2.770832797978073359e-04 2.534297818783670664e-04 1.825686695156036876e-06 1.186062490887707099e-05
2.030000000000000000e+03 8.948457980295643210e-05 3.439316526055335999e-03 5.812965100631117821e-04 4.889736260338395368e-07 4.731604421976953745e-04 1.623345742700621486e-04 3.508834561216644943e-05 3.123569476883858442e-04 2.702612255234271288e-04 2.534383384045213461e-04 1.806581622076919302e-06 1.180680828838376328e-05 6.555907020810991526e-05 1.113645848818123341e-03 5.879355594515800476e-04 1.616736966525422758e-07 4.731604421976953745e-04 1.623345742700621486e-04 3.508834561216644943e-05 3.123569476883858442e-04 2.702612255234271288e-04 2.534383384045213461e-04 1.806581622076919302e-06 1.180680828838376328e-05
2.040000000000000000e+03 8.567247277824208140e-05 3.376402193680405617e-03 5.893535562790930271e-04 4.969081714989442844e-07 4.611798503901809454e-04 1.613632048247382045e-04 3.488607762847095728e-05 3.101651091128587723e-04 2.636525605339556932e-04 2.533690712880343199e-04 1.789055090739566367e-06 1.175333636638242751e-05 6.318270607152953744e-05 1.080748857930302620e-03 5.924446159042418003e-04 1.672766245519596850e-07 4.611798503901809454e-04 1.613632048247382045e-04 3.488607762847095728e-05 3.101651091128587723e-04 2.636525605339556932e-04 2.533690712880343199e-04 1.789055090739566367e-06 1.175333636638242751e-05
2.050000000000000000e+03 8.211790554923936725e-05 3.314509987831115723e-03 5.973618826828896999e-04 5.046957198828749824e-07 4.494747554417699575e-04 1.603679702384397388e-04 3.480275336187332869e-05 3.079007437918335199e-04 2.572455559857189655e-04 2.532188664190471172e-04 1.773801841409294866e-06 1.169912593468325213e-05 6.098721860325895250e-05 1.048781210556626320e-03 5.966700846329331398e-04 1.729737277855747379e-07 4.494747554417699575e-04 1.603679702384397388e-04 3.480275336187332869e-05 3.079007437918335199e-04 2.572455559857189655e-04 2.532188664190471172e-04 1.773801841409294866e-06 1.169912593468325213e-05
2.060000000000000000e+03 7.881376222940161824e-05 3.253658767789602280e-03 6.052923272363841534e-04 5.123230266690370627e-07 4.380411119200289249e-04 1.593443012097850442e-04 3.482911415630951524e-05 3.055674023926258087e-04 2.510337799321860075e-04 2.529891498852521181e-04 1.760610871315293480e-06 1.164530658570583910e-05 5.896750008105300367e-05 1.017732196487486362e-03 6.005953764542937279e-04 1.787466317182406783e-07 4.380411119200289249e-04 1.593443012097850442e-04 3.482911415630951524e-05 3.055674023926258087e-04 2.510337799321860075e-04 2.529891498852521181e-04 1.760610871315293480e-06 1.164530658570583910e-05
2.070000000000000000e+03 7.575047493446618319e-05 3.193845972418785095e-03 6.131200352683663368e-04 5.197697987568972167e-07 4.268785123713314533e-04 1.582957193022593856e-04 3.495575219858437777e-05 3.031746600754559040e-04 2.450163592584431171e-04 2.526779135223478079e-04 1.749220245983451605e-06 1.159094153990736231e-05 5.711728954338468611e-05 9.875915711745619774e-04 6.042052409611642361e-04 1.845798891508820816e-07 4.268785123713314533e-04 1.582957193022593856e-04 3.495575219858437777e-05 3.031746600754559040e-04 2.450163592584431171e-04 2.526779135223478079e-04 1.749220245983451605e-06 1.159094153990736231e-05
2.080000000000000000e+03 7.291801739484071732e-05 3.135094419121742249e-03 6.208235281519591808e-04 5.270349561214970890e-07 4.159832897130399942e-04 1.572231994941830635e-04 3.517303048283793032e-05 3.007187042385339737e-04 2.391810703556984663e-04 2.522850118111819029e-04 1.739753770380048081e-06 1.153538869402837008e-05 5.542777944356203079e-05 9.583505452610552311e-04 6.074920529499650002e-04 1.904576407696367824e-07 4.159832897130399942e-04 1.572231994941830635e-04 3.517303048283793032e-05 3.007187042385339737e-04 2.391810703556984663e-04 2.522850118111819029e-04 1.739753770380048081e-06 1.153538869402837008e-05
2.090000000000000000e+03 7.030572305666282773e-05 3.077394096180796623e-03 6.283790571615099907e-04 5.341005930858955253e-07 4.053567536175251007e-04 1.561287062941119075e-04 3.547197775333188474e-05 2.982075675390660763e-04 2.335284370929002762e-04 2.518103574402630329e-04 1.732314899527409580e-06 1.147900002251844853e-05 5.389030411606654525e-05 9.299902594648301601e-04 6.104438216425478458e-04 1.963650930747462553e-07 4.053567536175251007e-04 1.561287062941119075e-04 3.547197775333188474e-05 2.982075675390660763e-04 2.335284370929002762e-04 2.518103574402630329e-04 1.732314899527409580e-06 1.147900002251844853e-05
2.100000000000000000e+03 6.790087354602292180e-05 3.020760370418429375e-03 6.357707898132503033e-04 5.409656296251341701e-07 3.949943638872355223e-04 1.550102169858291745e-04 3.584301521186716855e-05 2.956356911454349756e-04 2.280479966429993510e-04 2.512531937099993229e-04 1.727229118841933087e-06 1.142229484685231000e-05 5.249393871054053307e-05 9.024998289532959461e-04 6.130582769401371479e-04 2.022881488983330200e-07 3.949943638872355223e-04 1.550102169858291745e-04 3.584301521186716855e-05 2.956356911454349756e-04 2.280479966429993510e-04 2.512531937099993229e-04 1.727229118841933087e-06 1.142229484685231000e-05
2.110000000000000000e+03 6.569588003912940621e-05 2.965194871649146080e-03 6.429712520912289619e-04 5.476225624079233967e-07 3.848960623145103455e-04 1.538733340566977859e-04 3.627726619015447795e-05 2.930155897047370672e-04 2.227341465186327696e-04 2.506137243472039700e-04 1.723921059237909503e-06 1.136404534918256104e-05 5.123537994222715497e-05 8.758641779422760010e-04 6.153216818347573280e-04 2.082144590076495660e-07 3.848960623145103455e-04 1.538733340566977859e-04 3.627726619015447795e-05 2.930155897047370672e-04 2.227341465186327696e-04 2.506137243472039700e-04 1.723921059237909503e-06 1.136404534918256104e-05
2.120000000000000000e+03 6.367850437527522445e-05 2.910678042098879814e-03 6.499644368886947632e-04 5.540654797187016811e-07 3.750526520889252424e-04 1.527184649603441358e-04 3.676581400213763118e-05 2.903505810536444187e-04 2.175905829062685370e-04 2.498919493518769741e-04 1.722586830510408618e-06 1.130491182266268879e-05 5.010439781472086906e-05 8.500597323291003704e-04 6.172311841510236263e-04 2.141316599590936676e-07 3.750526520889252424e-04 1.527184649603441358e-04 3.676581400213763118e-05 2.903505810536444187e-04 2.175905829062685370e-04 2.498919493518769741e-04 1.722586830510408618e-06 1.130491182266268879e-05
2.130000000000000000e+03 6.183856021380051970e-05 2.857228508219122887e-03 6.567352684214711189e-04 5.602981332231138367e-07 3.654663159977644682e-04 1.515448384452611208e-04 3.730034222826361656e-05 2.876349608413875103e-04 2.125995815731585026e-04 2.490883925929665565e-04 1.723301579659164418e-06 1.124471054936293513e-05 4.909267227048985660e-05 8.250747341662645340e-04 6.187863764353096485e-04 2.200293920395779423e-07 3.654663159977644682e-04 1.515448384452611208e-04 3.730034222826361656e-05 2.876349608413875103e-04 2.125995815731585026e-04 2.490883925929665565e-04 1.723301579659164418e-06 1.124471054936293513e-05
2.140000000000000000e+03 6.016536281094886363e-05 2.804838353767991066e-03 6.632599397562444210e-04 5.663158617608132772e-07 3.561328630894422531e-04 1.503567182226106524e-04 3.787262903642840683e-05 2.848793228622525930e-04 2.077593962894752622e-04 2.482044510543346405e-04 1.725902507132559549e-06 1.118260115617886186e-05 4.819323294213972986e-05 8.008901495486497879e-04 6.199784111231565475e-04 2.258972955360150081e-07 3.561328630894422531e-04 1.503567182226106524e-04 3.787262903642840683e-05 2.848793228622525930e-04 2.077593962894752622e-04 2.482044510543346405e-04 1.725902507132559549e-06 1.118260115617886186e-05
2.150000000000000000e+03 5.864869672222994268e-05 2.753493376076221466e-03 6.695273332297801971e-04 5.721186653318000026e-07 3.470444644335657358e-04 1.491536531830206513e-04 3.847459447570145130e-05 2.820890222210437059e-04 2.030668110819533467e-04 2.472387859597802162e-04 1.730378585307335015e-06 1.111795245378743857e-05 4.739853102364577353e-05 7.774853729642927647e-04 6.208089762367308140e-04 2.317272276286530541e-07 3.470444644335657358e-04 1.491536531830206513e-04 3.847459447570145130e-05 2.820890222210437059e-04 2.030668110819533467e-04 2.472387859597802162e-04 1.730378585307335015e-06 1.111795245378743857e-05
2.160000000000000000e+03 5.727820825995877385e-05 2.703185426071286201e-03 6.755259819328784943e-04 5.777139904239447787e-07 3.382005379535257816e-04 1.479390630265697837e-04 3.909903171006590128e-05 2.792610903270542622e-04 1.985167618840932846e-04 2.461936383042484522e-04 1.736834860821545590e-06 1.105237333831610158e-05 4.669989721151068807e-05 7.548363064415752888e-04 6.212816224433481693e-04 2.375106049612440984e-07 3.382005379535257816e-04 1.479390630265697837e-04 3.909903171006590128e-05 2.792610903270542622e-04 1.985167618840932846e-04 2.461936383042484522e-04 1.736834860821545590e-06 1.105237333831610158e-05
2.170000000000000000e+03 5.604458419838920236e-05 2.653911244124174118e-03 6.812379579059779644e-04 5.831057023897301406e-07 3.295953501947224140e-04 1.467140682507306337e-04 3.973907223553396761e-05 2.763988741207867861e-04 1.941006194101646543e-04 2.450712199788540602e-04 1.745129225128039252e-06 1.098609936889261007e-05 4.609201641869731247e-05 7.329240906983613968e-04 6.213938468135893345e-04 2.432411179142945912e-07 3.295953501947224140e-04 1.467140682507306337e-04 3.973907223553396761e-05 2.763988741207867861e-04 1.941006194101646543e-04 2.450712199788540602e-04 1.745129225128039252e-06 1.098609936889261007e-05
2.180000000000000000e+03 5.493778371601365507e-05 2.605649176985025406e-03 6.866548792459070683e-04 5.882936306988995057e-07 3.212226147297769785e-04 1.454795419704169035e-04 4.038761471747420728e-05 2.735119196586310863e-04 1.898191112559288740e-04 2.438707306282594800e-04 1.755254288582364097e-06 1.091707781597506255e-05 4.556714338832534850e-05 7.117288769222795963e-04 6.211481522768735886e-04 2.489138353212183574e-07 3.212226147297769785e-04 1.454795419704169035e-04 4.038761471747420728e-05 2.735119196586310863e-04 1.898191112559288740e-04 2.438707306282594800e-04 1.755254288582364097e-06 1.091707781597506255e-05
2.190000000000000000e+03 5.394954860094003379e-05 2.558398758992552757e-03 6.917662685737013817e-04 5.932922135798435193e-07 3.130793047603219748e-04 1.442351203877478838e-04 4.103875835426151752e-05 2.705962397158145905e-04 1.856603194028139114e-04 2.425946877337992191e-04 1.767115691109211184e-06 1.084611085389042273e-05 4.511966835707426071e-05 6.912293029017746449e-04 6.205503595992922783e-04 2.545230302075651707e-07 3.130793047603219748e-04 1.442351203877478838e-04 4.103875835426151752e-05 2.705962397158145905e-04 1.856603194028139114e-04 2.425946877337992191e-04 1.767115691109211184e-06 1.084611085389042273e-05
2.200000000000000000e+03 5.307103492668829858e-05 2.512139268219470978e-03 6.965637439861893654e-04 5.981015647193999030e-07 3.051617240998893976e-04 1.429851836292073131e-04 4.168689702055417001e-05 2.676596632227301598e-04 1.816224539652466774e-04 2.412444300716742873e-04 1.780665229489386547e-06 1.077242177416337654e-05 4.474295565159991384e-05 6.714027840644121170e-04 6.196047761477530003e-04 2.600645245820487617e-07 3.051617240998893976e-04 1.429851836292073131e-04 4.168689702055417001e-05 2.676596632227301598e-04 1.816224539652466774e-04 2.412444300716742873e-04 1.780665229489386547e-06 1.077242177416337654e-05
2.210000000000000000e+03 5.229450835031457245e-05 2.466853009536862373e-03 7.010404369793832302e-04 6.027341896697180346e-07 2.974619274027645588e-04 1.417300809407606721e-04 4.232682840665802360e-05 2.647019282449036837e-04 1.777029829099774361e-04 2.398225478827953339e-04 1.795795128600730095e-06 1.069782410922925919e-05 4.443212310434319079e-05 6.522246985696256161e-04 6.183174555189907551e-04 2.655351920566317858e-07 2.974619274027645588e-04 1.417300809407606721e-04 4.232682840665802360e-05 2.647019282449036837e-04 1.777029829099774361e-04 2.398225478827953339e-04 1.795795128600730095e-06 1.069782410922925919e-05
2.220000000000000000e+03 5.161185981705784798e-05 2.422519028186798096e-03 7.051915163174271584e-04 6.071953180253331084e-07 2.899762766901403666e-04 1.404714130330830812e-04 4.295341932447627187e-05 2.617321151774376631e-04 1.738976134220138192e-04 2.383292448939755559e-04 1.812472078199789394e-06 1.062075170921161771e-05 4.418156822794117033e-05 6.336742080748081207e-04 6.166954990476369858e-04 2.709334694372955710e-07 2.899762766901403666e-04 1.404714130330830812e-04 4.295341932447627187e-05 2.617321151774376631e-04 1.738976134220138192e-04 2.383292448939755559e-04 1.812472078199789394e-06 1.062075170921161771e-05
2.230000000000000000e+03 5.101575516164302826e-05 2.379133598878979683e-03 7.090121507644653320e-04 6.114994448580546305e-07 2.826983691193163395e-04 1.392091944580897689e-04 4.356277349870651960e-05 2.587453345768153667e-04 1.701959990896284580e-04 2.367683773627504706e-04 1.830739847719087265e-06 1.054069252859335393e-05 4.398605597089044750e-05 6.157326279208064079e-04 6.147472886368632317e-04 2.762566850833536591e-07 2.826983691193163395e-04 1.392091944580897689e-04 4.356277349870651960e-05 2.587453345768153667e-04 1.701959990896284580e-04 2.367683773627504706e-04 1.830739847719087265e-06 1.054069252859335393e-05
2.240000000000000000e+03 5.049885294283740222e-05 2.336668781936168671e-03 7.125007687136530876e-04 6.156526524137007073e-07 2.756228786893188953e-04 1.379480672767385840e-04 4.415112198330461979e-05 2.557432744652032852e-04 1.665991730988025665e-04 2.351424918742850423e-04 1.850563080552092288e-06 1.045965473167598248e-05 4.383990017231553793e-05 5.983736482448875904e-04 6.124827195890247822e-04 2.815042705606174422e-07 2.756228786893188953e-04 1.379480672767385840e-04 4.415112198330461979e-05 2.557432744652032852e-04 1.665991730988025665e-04 2.351424918742850423e-04 1.850563080552092288e-06 1.045965473167598248e-05
2.250000000000000000e+03 5.005682032788172364e-05 2.295098733156919479e-03 7.156549836508929729e-04 6.196652861945040058e-07 2.687464875634759665e-04 1.366837968816980720e-04 4.471422289498150349e-05 2.527397300582379103e-04 1.631046761758625507e-04 2.334514574613422155e-04 1.871494987426558509e-06 1.037606944009894505e-05 4.374211493995971978e-05 5.815758486278355122e-04 6.099085439927875996e-04 2.866762542907963507e-07 2.687464875634759665e-04 1.366837968816980720e-04 4.471422289498150349e-05 2.527397300582379103e-04 1.631046761758625507e-04 2.334514574613422155e-04 1.871494987426558509e-06 1.037606944009894505e-05
2.260000000000000000e+03 4.968110806657932699e-05 2.254419261589646339e-03 7.184754940681159496e-04 6.235486580408178270e-07 2.620616578496992588e-04 1.354217092739418149e-04 4.525015174294821918e-05 2.497259119991213083e-04 1.597008958924561739e-04 2.317000908078625798e-04 1.893930175356217660e-06 1.028932001645443961e-05 4.368508598417975008e-05 5.653225816786289215e-04 6.070372182875871658e-04 2.917718688877357636e-07 2.620616578496992588e-04 1.354217092739418149e-04 4.525015174294821918e-05 2.497259119991213083e-04 1.597008958924561739e-04 2.317000908078625798e-04 1.893930175356217660e-06 1.028932001645443961e-05
2.270000000000000000e+03 4.936704499414190650e-05 2.214592183008790016e-03 7.209649193100631237e-04 6.273104986576072406e-07 2.555667015258222818e-04 1.341612951364368200e-04 4.575580896926112473e-05 2.467096201144158840e-04 1.563933765282854438e-04 2.298896433785557747e-04 1.917738472911878489e-06 1.020102899929042906e-05 4.366615030448883772e-05 5.495861987583339214e-04 6.038793362677097321e-04 2.967925070151977707e-07 2.555667015258222818e-04 1.341612951364368200e-04 4.575580896926112473e-05 2.467096201144158840e-04 1.563933765282854438e-04 2.298896433785557747e-04 1.917738472911878489e-06 1.020102899929042906e-05
2.280000000000000000e+03 4.910998177365399897e-05 2.175607252866029739e-03 7.231257623061537743e-04 6.309678610705304891e-07 2.492521889507770538e-04 1.329032384091988206e-04 4.622914639185182750e-05 2.436881331959739327e-04 1.531717571197077632e-04 2.280235639773309231e-04 1.942636572493938729e-06 1.011123549687908962e-05 4.368263762444257736e-05 5.343488883227109909e-04 6.004488677717745304e-04 3.017377423475409159e-07 2.492521889507770538e-04 1.329032384091988206e-04 4.622914639185182750e-05 2.436881331959739327e-04 1.531717571197077632e-04 2.280235639773309231e-04 1.942636572493938729e-06 1.011123549687908962e-05
2.290000000000000000e+03 4.890559648629277945e-05 2.137440023943781853e-03 7.249563350342214108e-04 6.345203473756555468e-07 2.431150060147047043e-04 1.316479756496846676e-04 4.666841778089292347e-05 2.406715793767943978e-04 1.500363723607733846e-04 2.261040935991331935e-04 1.968439846677938476e-06 1.001896634988952428e-05 4.373199408291839063e-05 5.195917910896241665e-04 5.967509350739419460e-04 3.066105023208365310e-07 2.431150060147047043e-04 1.316479756496846676e-04 4.666841778089292347e-05 2.406715793767943978e-04 1.500363723607733846e-04 2.261040935991331935e-04 1.968439846677938476e-06 1.001896634988952428e-05
2.300000000000000000e+03 4.874754813499748707e-05 2.100071636959910393e-03 7.264672312885522842e-04 6.379838168868445791e-07 2.371488371863961220e-04 1.303966564591974020e-04 4.707220796262845397e-05 2.376534102950245142e-04 1.469819690100848675e-04 2.241342590423300862e-04 1.995606680793571286e-06 9.924940968630835414e-06 4.380902828415855765e-05 5.052951746620237827e-04 5.928028258495032787e-04 3.114110995738883503e-07 2.371488371863961220e-04 1.303966564591974020e-04 4.707220796262845397e-05 2.376534102950245142e-04 1.469819690100848675e-04 2.241342590423300862e-04 1.995606680793571286e-06 9.924940968630835414e-06
2.310000000000000000e+03 4.863398135057650506e-05 2.063478576019406319e-03 7.276621763594448566e-04 6.413674213945341762e-07 2.313486038474366069e-04 1.291473163291811943e-04 4.743878889712505043e-05 2.346421242691576481e-04 1.440033811377361417e-04 2.221154427388682961e-04 2.023475644818972796e-06 9.827454050537198782e-06 4.391388574731536210e-05 4.914405290037393570e-04 5.886158323846757412e-04 3.161418646868696669e-07 2.313486038474366069e-04 1.291473163291811943e-04 4.743878889712505043e-05 2.346421242691576481e-04 1.440033811377361417e-04 2.221154427388682961e-04 2.023475644818972796e-06 9.827454050537198782e-06
2.320000000000000000e+03 4.855996667174622416e-05 2.027624053880572319e-03 7.285466417670249939e-04 6.446748557209502906e-07 2.257111918879672885e-04 1.279070420423522592e-04 4.776847708853892982e-05 2.316374011570587754e-04 1.411077537341043353e-04 2.200528106186538935e-04 2.052262061624787748e-06 9.730091733217705041e-06 4.404233550303615630e-05 4.780024173669517040e-04 5.842006648890674114e-04 3.208044745406368747e-07 2.257111918879672885e-04 1.279070420423522592e-04 4.776847708853892982e-05 2.316374011570587754e-04 1.411077537341043353e-04 2.200528106186538935e-04 2.052262061624787748e-06 9.730091733217705041e-06
2.330000000000000000e+03 4.852255733567290008e-05 1.992510398849844933e-03 7.291299407370388508e-04 6.479240823864529375e-07 2.202268224209547043e-04 1.266684848815202713e-04 4.806004290003329515e-05 2.286361559526994824e-04 1.382789632771164179e-04 2.179477887693792582e-04 2.081799721054267138e-06 9.630947715777438134e-06 4.419327160576358438e-05 4.649707407224923372e-04 5.795733886770904064e-04 3.254010891851066845e-07 2.202268224209547043e-04 1.266684848815202713e-04 4.806004290003329515e-05 2.286361559526994824e-04 1.382789632771164179e-04 2.179477887693792582e-04 2.081799721054267138e-06 9.630947715777438134e-06
2.340000000000000000e+03 4.851851917919702828e-05 1.958107575774192810e-03 7.294170209206640720e-04 6.511137939924083184e-07 2.148959320038557053e-04 1.254350645467638969e-04 4.831305341213010252e-05 2.256487641716375947e-04 1.355187851004302502e-04 2.158023999072611332e-04 2.112002675858093426e-06 9.528086593491025269e-06 4.436443487065844238e-05 4.523296956904232502e-04 5.747419781982898712e-04 3.299344939478032757e-07 2.148959320038557053e-04 1.254350645467638969e-04 4.831305341213010252e-05 2.256487641716375947e-04 1.355187851004302502e-04 2.158023999072611332e-04 2.112002675858093426e-06 9.528086593491025269e-06
2.350000000000000000e+03 4.854407234233804047e-05 1.924378215335309505e-03 7.294180686585605145e-04 6.542517212437815033e-07 2.097131509799510241e-04 1.242092548636719584e-04 4.852808342548087239e-05 2.226727228844538331e-04 1.328327925875782967e-04 2.136210678145289421e-04 2.143042138413875364e-06 9.425245480088051409e-06 4.455283124116249382e-05 4.400537873152643442e-04 5.697216256521642208e-04 3.344062236010358902e-07 2.097131509799510241e-04 1.242092548636719584e-04 4.852808342548087239e-05 2.226727228844538331e-04 1.328327925875782967e-04 2.136210678145289421e-04 2.143042138413875364e-06 9.425245480088051409e-06
2.360000000000000000e+03 4.859847831539809704e-05 1.891328021883964539e-03 7.291437941603362560e-04 6.573521886821254157e-07 2.046707813860848546e-04 1.229877088917419314e-04 4.870484917773865163e-05 2.197066351072862744e-04 1.302027958445250988e-04 2.114055387210100889e-04 2.174339442717609927e-06 9.319108357885852456e-06 4.475907553569413722e-05 4.281370202079415321e-04 5.645265337079763412e-04 3.388180971342080738e-07 2.046707813860848546e-04 1.229877088917419314e-04 4.870484917773865163e-05 2.197066351072862744e-04 1.302027958445250988e-04 2.114055387210100889e-04 2.174339442717609927e-06 9.319108357885852456e-06
2.370000000000000000e+03 4.867781171924434602e-05 1.858906704001128674e-03 7.285980391316115856e-04 6.604122972930781543e-07 1.997655053855851293e-04 1.217745957546867430e-04 4.884452937403693795e-05 2.167542697861790657e-04 1.276439870707690716e-04 2.091607166221365333e-04 2.206260433013085276e-06 9.214135388901922852e-06 4.497991176322102547e-05 4.165524442214518785e-04 5.591641529463231564e-04 3.431728146097157151e-07 1.997655053855851293e-04 1.217745957546867430e-04 4.884452937403693795e-05 2.167542697861790657e-04 1.276439870707690716e-04 2.091607166221365333e-04 2.206260433013085276e-06 9.214135388901922852e-06
2.380000000000000000e+03 4.877902392763644457e-05 1.827121945098042488e-03 7.277994300238788128e-04 6.634452915932342876e-07 1.949940924532711506e-04 1.205649023177102208e-04 4.894648373010568321e-05 2.138116251444444060e-04 1.251390640391036868e-04 2.068858448183164001e-04 2.238904244222794659e-06 9.106665856961626559e-06 4.521290611592121422e-05 4.052979929838329554e-04 5.536535754799842834e-04 3.474730192465358414e-07 1.949940924532711506e-04 1.205649023177102208e-04 4.894648373010568321e-05 2.138116251444444060e-04 1.251390640391036868e-04 2.068858448183164001e-04 2.238904244222794659e-06 9.106665856961626559e-06
2.390000000000000000e+03 4.890240961685776711e-05 1.795935793779790401e-03 7.267488399520516396e-04 6.664448051196814049e-07 1.903517404571175575e-04 1.193615171359851956e-04 4.901190914097242057e-05 2.108899352606385946e-04 1.226962776854634285e-04 2.045855944743379951e-04 2.271668563480488956e-06 8.997704753710422665e-06 4.545958654489368200e-05 3.943548363167792559e-04 5.479977698996663094e-04 3.517205868774908595e-07 1.903517404571175575e-04 1.193615171359851956e-04 4.901190914097242057e-05 2.108899352606385946e-04 1.226962776854634285e-04 2.045855944743379951e-04 2.271668563480488956e-06 8.997704753710422665e-06
2.400000000000000000e+03 4.904552406514994800e-05 1.765332417562603951e-03 7.254593656398355961e-04 6.694232865811500233e-07 1.858339237514883280e-04 1.181638363050296903e-04 4.904160959995351732e-05 2.079858677461743355e-04 1.203088395413942635e-04 2.022621192736551166e-04 2.304458575963508338e-06 8.887988769856747240e-06 4.571855970425531268e-05 3.837081603705883026e-04 5.422123358584940434e-04 3.559161143584788078e-07 1.858339237514883280e-04 1.181638363050296903e-04 4.904160959995351732e-05 2.079858677461743355e-04 1.203088395413942635e-04 2.022621192736551166e-04 2.304458575963508338e-06 8.887988769856747240e-06
2.410000000000000000e+03 4.920516948914155364e-05 1.735292375087738037e-03 7.239449187181890011e-04 6.723810770381533075e-07 1.814376009861007333e-04 1.169742245110683143e-04 4.903675289824604988e-05 2.050968323601409793e-04 1.179776809294708073e-04 1.999185624299570918e-04 2.337778141736635007e-06 8.778273695497773588e-06 4.598636223818175495e-05 3.733456251211464405e-04 5.363113596104085445e-04 3.600620459565107012e-07 1.814376009861007333e-04 1.169742245110683143e-04 4.903675289824604988e-05 2.050968323601409793e-04 1.179776809294708073e-04 1.999185624299570918e-04 2.337778141736635007e-06 8.778273695497773588e-06
2.420000000000000000e+03 4.938067650073207915e-05 1.705803675577044487e-03 7.222146959975361824e-04 6.753217007826606277e-07 1.771564566297456622e-04 1.157874503405764699e-04 4.899777195532806218e-05 2.022241387749090791e-04 1.156966245616786182e-04 1.975567138288170099e-04 2.371285518165677786e-06 8.666824214742518961e-06 4.626340887625701725e-05 3.632589941844344139e-04 5.303040961734950542e-04 3.641606269866315415e-07 1.771564566297456622e-04 1.157874503405764699e-04 4.899777195532806218e-05 2.022241387749090791e-04 1.156966245616786182e-04 1.975567138288170099e-04 2.371285518165677786e-06 8.666824214742518961e-06
2.430000000000000000e+03 4.957147757522761822e-05 1.676845597103238106e-03 7.202745182439684868e-04 6.782467494304000866e-07 1.729907526168972254e-04 1.146081485785543919e-04 4.892619472229853272e-05 1.993717014556750655e-04 1.134660706156864762e-04 1.951798039954155684e-04 2.404689666946069337e-06 8.555342901672702283e-06 4.654964868677780032e-05 3.534346469677984715e-04 5.241982871666550636e-04 3.682123406179016456e-07 1.729907526168972254e-04 1.146081485785543919e-04 4.892619472229853272e-05 1.993717014556750655e-04 1.134660706156864762e-04 1.951798039954155684e-04 2.404689666946069337e-06 8.555342901672702283e-06
2.440000000000000000e+03 4.977489879820495844e-05 1.648393925279378891e-03 7.181364926509559155e-04 6.811503112658101600e-07 1.689342025201767683e-04 1.134341509896330535e-04 4.882309804088436067e-05 1.965419360203668475e-04 1.112886166083626449e-04 1.927894772961735725e-04 2.438245019220630638e-06 8.443086699116975069e-06 4.684273517341352999e-05 3.438623680267482996e-04 5.180043517611920834e-04 3.722192616351094330e-07 1.689342025201767683e-04 1.134341509896330535e-04 4.882309804088436067e-05 1.965419360203668475e-04 1.112886166083626449e-04 1.927894772961735725e-04 2.438245019220630638e-06 8.443086699116975069e-06
2.450000000000000000e+03 4.999008888262324035e-05 1.620445982553064823e-03 7.158171501941978931e-04 6.840464266133494675e-07 1.649825426284223795e-04 1.122651519835926592e-04 4.868908581556752324e-05 1.937260094564408064e-04 1.091548256226815283e-04 1.903876691358163953e-04 2.471924744895659387e-06 8.330674972967244685e-06 4.714240276371128857e-05 3.345323784742504358e-04 5.117383552715182304e-04 3.761813047731266124e-07 1.649825426284223795e-04 1.122651519835926592e-04 4.868908581556752324e-05 1.937260094564408064e-04 1.091548256226815283e-04 1.903876691358163953e-04 2.471924744895659387e-06 8.330674972967244685e-06
2.460000000000000000e+03 5.021679680794477463e-05 1.592975575476884842e-03 7.133169565349817276e-04 6.869227036077063531e-07 1.611335319466888905e-04 1.111011297325603664e-04 4.852586062042973936e-05 1.909355341922491789e-04 1.070692160283215344e-04 1.879773626569658518e-04 2.505266593288979493e-06 8.217994945880491287e-06 4.744893522001802921e-05 3.254354814998805523e-04 5.054014618508517742e-04 3.801001469128095778e-07 1.611335319466888905e-04 1.111011297325603664e-04 4.852586062042973936e-05 1.909355341922491789e-04 1.070692160283215344e-04 1.879773626569658518e-04 2.505266593288979493e-06 8.217994945880491287e-06
2.470000000000000000e+03 5.045348734711296856e-05 1.565966755151748657e-03 7.106504635885357857e-04 6.897810749251220841e-07 1.573838526383042336e-04 1.099431901820935309e-04 4.833454295294359326e-05 1.881667994894087315e-04 1.050308055710047483e-04 1.855603186413645744e-04 2.538412900321418419e-06 8.105532288027461618e-06 4.776124478667043149e-05 3.165619855280965567e-04 4.990060115233063698e-04 3.839767543922789628e-07 1.573838526383042336e-04 1.099431901820935309e-04 4.833454295294359326e-05 1.881667994894087315e-04 1.050308055710047483e-04 1.855603186413645744e-04 2.538412900321418419e-06 8.105532288027461618e-06
2.480000000000000000e+03 5.069829057902097702e-05 1.539420336484909058e-03 7.078289054334163666e-04 6.926244964233774226e-07 1.537330972496420145e-04 1.087892087525688112e-04 4.811619510292075574e-05 1.854168513091281056e-04 1.030315615935251117e-04 1.831379631767049432e-04 2.571739059931132942e-06 7.991849997779354453e-06 4.807696677744388580e-05 3.079076413996517658e-04 4.925633547827601433e-04 3.878102461385424249e-07 1.537330972496420145e-04 1.087892087525688112e-04 4.811619510292075574e-05 1.854168513091281056e-04 1.030315615935251117e-04 1.831379631767049432e-04 2.571739059931132942e-06 7.991849997779354453e-06
2.490000000000000000e+03 5.095074084238149226e-05 1.513304305262863636e-03 7.048599072732031345e-04 6.954488185328955296e-07 1.501741789979860187e-04 1.076419284800067544e-04 4.787224679603241384e-05 1.826879888540133834e-04 1.010783016681671143e-04 1.807134540285915136e-04 2.604872406664071605e-06 7.880041266616899520e-06 4.839670145884156227e-05 2.994579554069787264e-04 4.860793997067958117e-04 3.916027822015166748e-07 1.501741789979860187e-04 1.076419284800067544e-04 4.787224679603241384e-05 1.826879888540133834e-04 1.010783016681671143e-04 1.807134540285915136e-04 2.604872406664071605e-06 7.880041266616899520e-06
2.500000000000000000e+03 5.121066715219058096e-05 1.487617846578359604e-03 7.017499301582574844e-04 6.982502327446127310e-07 1.467067049816250801e-04 1.064985553966835141e-04 4.760383308166638017e-05 1.799842430045828223e-04 9.916489943861961365e-05 1.782874460332095623e-04 2.637710167618934065e-06 7.767516763124149293e-06 4.872059435001574457e-05 2.912114432547241449e-04 4.795602872036397457e-04 3.953536236167565221e-07 1.467067049816250801e-04 1.064985553966835141e-04 4.760383308166638017e-05 1.799842430045828223e-04 9.916489943861961365e-05 1.782874460332095623e-04 2.637710167618934065e-06 7.767516763124149293e-06
2.510000000000000000e+03 5.147789488546550274e-05 1.462346524931490421e-03 6.985074141994118690e-04 7.010305580479325727e-07 1.433260185876861215e-04 1.053617233992554247e-04 4.731224180432036519e-05 1.773018448147922754e-04 9.729128214530646801e-05 1.758630678523331881e-04 2.669886271178256720e-06 7.656423804291989654e-06 4.904868546873331070e-05 2.831584715750068426e-04 4.730140208266675472e-04 3.990626282757148147e-07 1.433260185876861215e-04 1.053617233992554247e-04 4.731224180432036519e-05 1.773018448147922754e-04 9.729128214530646801e-05 1.758630678523331881e-04 2.669886271178256720e-06 7.656423804291989654e-06
2.520000000000000000e+03 5.175021578907035291e-05 1.437480095773935318e-03 6.951438263058662415e-04 7.037802447484864388e-07 1.400317414663732052e-04 1.042284347931854427e-04 4.699797136709094048e-05 1.746452908264473081e-04 9.545622015139088035e-05 1.734392135404050350e-04 2.701875700950040482e-06 7.544616892118938267e-06 4.937870107823982835e-05 2.752968866843730211e-04 4.664485459215939045e-04 4.027305067211273126e-07 1.400317414663732052e-04 1.042284347931854427e-04 4.699797136709094048e-05 1.746452908264473081e-04 9.545622015139088035e-05 1.734392135404050350e-04 2.701875700950040482e-06 7.544616892118938267e-06
2.530000000000000000e+03 5.202725878916680813e-05 1.413004472851753235e-03 6.916646962054073811e-04 7.064995202199497726e-07 1.368204102618619800e-04 1.031011343002319336e-04 4.666304084821604192e-05 1.720116124488413334e-04 9.366004815092310309e-05 1.710199721856042743e-04 2.733677547439583577e-06 7.434164217556826770e-06 4.971041926182806492e-05 2.676153962966054678e-04 4.598700325004756451e-04 4.063543030952132540e-07 1.368204102618619800e-04 1.031011343002319336e-04 4.666304084821604192e-05 1.720116124488413334e-04 9.366004815092310309e-05 1.710199721856042743e-04 2.733677547439583577e-06 7.434164217556826770e-06
2.540000000000000000e+03 5.230877650319598615e-05 1.388917327858507633e-03 6.880782893858850002e-04 7.091882139320659917e-07 1.336896239081397653e-04 1.019785559037700295e-04 4.630851253750734031e-05 1.693991362117230892e-04 9.189718548441305757e-05 1.686063769739121199e-04 2.764983946690335870e-06 7.323928457481088117e-06 5.004403647035360336e-05 2.601123997010290623e-04 4.532862221822142601e-04 4.099362058695987798e-07 1.336896239081397653e-04 1.019785559037700295e-04 4.630851253750734031e-05 1.693991362117230892e-04 9.189718548441305757e-05 1.686063769739121199e-04 2.764983946690335870e-06 7.323928457481088117e-06
2.550000000000000000e+03 5.259336103335954249e-05 1.365199801512062550e-03 6.843910086899995804e-04 7.118355824786704034e-07 1.306367776123806834e-04 1.008620383800007403e-04 4.593532139551825821e-05 1.668124314164742827e-04 9.017303091241046786e-05 1.661990681895986199e-04 2.795917225739685819e-06 7.214885499706724659e-06 5.037830123910680413e-05 2.527808246668428183e-04 4.467006365302950144e-04 4.134746234285557875e-07 1.306367776123806834e-04 1.008620383800007403e-04 4.593532139551825821e-05 1.668124314164742827e-04 9.017303091241046786e-05 1.661990681895986199e-04 2.795917225739685819e-06 7.214885499706724659e-06
2.560000000000000000e+03 5.288207830744795501e-05 1.341848284937441349e-03 6.806089077144861221e-04 7.144440701267740224e-07 1.276582042919471860e-04 9.974963177228346467e-05 4.554432598524726927e-05 1.642502465983852744e-04 8.848327706800773740e-05 1.637998211663216352e-04 2.826165427904925309e-06 7.107047167664859444e-06 5.071437408332712948e-05 2.456153742969036102e-04 4.401197074912488461e-04 4.169685041688353522e-07 1.276582042919471860e-04 9.974963177228346467e-05 4.554432598524726927e-05 1.642502465983852744e-04 8.848327706800773740e-05 1.637998211663216352e-04 2.826165427904925309e-06 7.107047167664859444e-06
2.570000000000000000e+03 5.317244358593598008e-05 1.318856724537909031e-03 6.767380982637405396e-04 7.170033313741441816e-07 1.247545442311093211e-04 9.864429011940956116e-05 4.513686872087419033e-05 1.617123198229819536e-04 8.682638144819065928e-05 1.614098000572994351e-04 2.856113042071228847e-06 6.998892786214128137e-06 5.104995943838730454e-05 2.386154956184327602e-04 4.335472767706960440e-04 4.204168817523168400e-07 1.247545442311093211e-04 9.864429011940956116e-05 4.513686872087419033e-05 1.617123198229819536e-04 8.682638144819065928e-05 1.614098000572994351e-04 2.856113042071228847e-06 6.998892786214128137e-06
2.580000000000000000e+03 5.346501711755990982e-05 1.296217553317546844e-03 6.727855652570724487e-04 7.195155831141164526e-07 1.219220212078653276e-04 9.754249913385137916e-05 4.471396096050739288e-05 1.591976033523678780e-04 8.520120900357142091e-05 1.590302708791568875e-04 2.885475851144292392e-06 6.892316378070972860e-06 5.138568303664214909e-05 2.317738253623247147e-04 4.269908240530639887e-04 4.238190172145550605e-07 1.219220212078653276e-04 9.754249913385137916e-05 4.471396096050739288e-05 1.591976033523678780e-04 8.520120900357142091e-05 1.590302708791568875e-04 2.885475851144292392e-06 6.892316378070972860e-06
2.590000000000000000e+03 5.375866385293193161e-05 1.273918547667562962e-03 6.687557324767112732e-04 7.219699682536884211e-07 1.191599294543266296e-04 9.644949022913351655e-05 4.427649400895461440e-05 1.567091239849105477e-04 8.360918582184240222e-05 1.566618448123335838e-04 2.914400283771101385e-06 6.786751328036189079e-06 5.172042438061907887e-05 2.250865218229591846e-04 4.204525903332978487e-04 4.271726368187955813e-07 1.191599294543266296e-04 9.644949022913351655e-05 4.427649400895461440e-05 1.567091239849105477e-04 8.360918582184240222e-05 1.566618448123335838e-04 2.914400283771101385e-06 6.786751328036189079e-06
2.600000000000000000e+03 5.405307456385344267e-05 1.251957612112164497e-03 6.646547117270529270e-04 7.243684194691013545e-07 1.164650821010582149e-04 9.536151628708466887e-05 4.382550832815468311e-05 1.542440586490556598e-04 8.204776531783863902e-05 1.543058606330305338e-04 2.942723085652687587e-06 6.682273578917374834e-06 5.205401612329296768e-05 2.185505436500534415e-04 4.139386583119630814e-04 4.304781384689704282e-07 1.164650821010582149e-04 9.536151628708466887e-05 4.382550832815468311e-05 1.542440586490556598e-04 8.204776531783863902e-05 1.543058606330305338e-04 2.942723085652687587e-06 6.682273578917374834e-06
2.610000000000000000e+03 5.434858394437469542e-05 1.230329391546547413e-03 6.604837253689765930e-04 7.267017849699186627e-07 1.138373263529501855e-04 9.427972690900787711e-05 4.336179335950873792e-05 1.518055360065773129e-04 8.051614713622257113e-05 1.519632496638223529e-04 2.970200284835300408e-06 6.578899501619162038e-06 5.238710946287028491e-05 2.121635043295100331e-04 4.074493772350251675e-04 4.337334473802911816e-07 1.138373263529501855e-04 9.427972690900787711e-05 4.336179335950873792e-05 1.518055360065773129e-04 8.051614713622257113e-05 1.519632496638223529e-04 2.970200284835300408e-06 6.578899501619162038e-06
2.620000000000000000e+03 5.464318383019417524e-05 1.209025271236896515e-03 6.562493508681654930e-04 7.289684731404122431e-07 1.112722602556459606e-04 9.320616663899272680e-05 4.288670606911182404e-05 1.493908057454973459e-04 7.901504432084038854e-05 1.496352779213339090e-04 2.997377350766328163e-06 6.477280749095370993e-06 5.271753980196081102e-05 2.059200487565249205e-04 4.009909753222018480e-04 4.369369719370297389e-07 1.112722602556459606e-04 9.320616663899272680e-05 4.288670606911182404e-05 1.493908057454973459e-04 7.901504432084038854e-05 1.496352779213339090e-04 2.997377350766328163e-06 6.477280749095370993e-06
2.630000000000000000e+03 5.493758726515807211e-05 1.188046648167073727e-03 6.519546150229871273e-04 7.311623448913451284e-07 1.087711207219399512e-04 9.213730663759633899e-05 4.240052294335328043e-05 1.470018614782020450e-04 7.754037505947053432e-05 1.473216107115149498e-04 3.023792260137270205e-06 6.376006695063551888e-06 5.304639853420667350e-05 1.998211228055879474e-04 3.945656644646078348e-04 4.400870921017485671e-07 1.087711207219399512e-04 9.213730663759633899e-05 4.240052294335328043e-05 1.470018614782020450e-04 7.754037505947053432e-05 1.473216107115149498e-04 3.023792260137270205e-06 6.376006695063551888e-06
2.640000000000000000e+03 5.523031359189189970e-05 1.167377689853310585e-03 6.476048147305846214e-04 7.332788527492084540e-07 1.063296149368397892e-04 9.107686491915956140e-05 4.190414256299845874e-05 1.446381647838279605e-04 7.609619206050410867e-05 1.450235431548207998e-04 3.049767428819905035e-06 6.276478416111785918e-06 5.337165202945470810e-05 1.938600616995245218e-04 3.881775191985070705e-04 4.431828415363270324e-07 1.063296149368397892e-04 9.107686491915956140e-05 4.190414256299845874e-05 1.446381647838279605e-04 7.609619206050410867e-05 1.450235431548207998e-04 3.049767428819905035e-06 6.276478416111785918e-06
2.650000000000000000e+03 5.552136281039565802e-05 1.147025381214916706e-03 6.432023365050554276e-04 7.353186219916096888e-07 1.039484632201492786e-04 9.002489241538569331e-05 4.139903103350661695e-05 1.422966888640075922e-04 7.467685645679011941e-05 1.427424431312829256e-04 3.074978621953050606e-06 6.178545845614280552e-06 5.369372956920415163e-05 1.880355703178793192e-04 3.818298864644020796e-04 4.462217475520446897e-07 1.039484632201492786e-04 9.002489241538569331e-05 4.139903103350661695e-05 1.422966888640075922e-04 7.467685645679011941e-05 1.427424431312829256e-04 3.074978621953050606e-06 6.178545845614280552e-06
2.660000000000000000e+03 5.581064760917797685e-05 1.126980641856789589e-03 6.387494504451751709e-04 7.372694881269126199e-07 1.016249079839326441e-04 8.897913357941433787e-05 4.088494461029767990e-05 1.399838802171871066e-04 7.328390347538515925e-05 1.404772337991744280e-04 3.099469495282392018e-06 6.080534603825071827e-06 5.401291491580195725e-05 1.823475322453305125e-04 3.755221550818532705e-04 4.492035827752260957e-07 1.016249079839326441e-04 8.897913357941433787e-05 4.088494461029767990e-05 1.399838802171871066e-04 7.328390347538515925e-05 1.404772337991744280e-04 3.099469495282392018e-06 6.080534603825071827e-06
2.670000000000000000e+03 5.609780055237933993e-05 1.107233925722539425e-03 6.342497072182595730e-04 7.391352596641809214e-07 9.935663547366857529e-05 8.794340828899294138e-05 4.036380778416059911e-05 1.376947911921888590e-04 7.191892655100673437e-05 1.382304762955754995e-04 3.123182295894366689e-06 5.985720690659945831e-06 5.432830585050396621e-05 1.767876237863674760e-04 3.692599129863083363e-04 4.521249366007396020e-07 9.935663547366857529e-05 8.794340828899294138e-05 4.036380778416059911e-05 1.376947911921888590e-04 7.191892655100673437e-05 1.382304762955754995e-04 3.123182295894366689e-06 5.985720690659945831e-06
2.680000000000000000e+03 5.638168659061193466e-05 1.087792450562119484e-03 6.297031650319695473e-04 7.409090585497324355e-07 9.714363113744184375e-05 8.691690163686871529e-05 3.983555870945565403e-05 1.354308769805356860e-04 7.057680340949445963e-05 1.360015885438770056e-04 3.146221388306003064e-06 5.890963166166329756e-06 5.463947309181094170e-05 1.713600649964064360e-04 3.630426363088190556e-04 4.549869743186718551e-07 9.714363113744184375e-05 8.691690163686871529e-05 3.983555870945565403e-05 1.354308769805356860e-04 7.057680340949445963e-05 1.360015885438770056e-04 3.146221388306003064e-06 5.890963166166329756e-06
2.690000000000000000e+03 5.666253491654060781e-05 1.068643992766737938e-03 6.251138402149081230e-04 7.425862804666394368e-07 9.498353756498545408e-05 8.589697972638532519e-05 3.930125603801570833e-05 1.331921521341428161e-04 6.926137575646862388e-05 1.337916619377210736e-04 3.168503099004738033e-06 5.798641268484061584e-06 5.494609649758785963e-05 1.660587586229667068e-04 3.568730317056179047e-04 4.577862853238912066e-07 9.498353756498545408e-05 8.589697972638532519e-05 3.930125603801570833e-05 1.331921521341428161e-04 6.926137575646862388e-05 1.337916619377210736e-04 3.168503099004738033e-06 5.798641268484061584e-06
2.700000000000000000e+03 5.693892671843059361e-05 1.049790414981544018e-03 6.204869132488965988e-04 7.441661864504567347e-07 9.287572902394458652e-05 8.488765161018818617e-05 3.876073969877324998e-05 1.309775834670290351e-04 6.796843808842822909e-05 1.315991394221782684e-04 3.190222059856751002e-06 5.706752745027188212e-06 5.524694643099792302e-05 1.608841703273355961e-04 3.507546498440206051e-04 4.605210506269941106e-07 9.287572902394458652e-05 8.488765161018818617e-05 3.876073969877324998e-05 1.309775834670290351e-04 6.796843808842822909e-05 1.315991394221782684e-04 3.190222059856751002e-06 5.706752745027188212e-06
2.710000000000000000e+03 5.721144043491221964e-05 1.031226129271090031e-03 6.158209871500730515e-04 7.456450816789583769e-07 9.081816824618726969e-05 8.388751302845776081e-05 3.821563223027624190e-05 1.287874620174989104e-04 6.669940194115042686e-05 1.294265239266678691e-04 3.211061084584798664e-06 5.617295300908153877e-06 5.554297968046739697e-05 1.558322546770796180e-04 3.446877526585012674e-04 4.631903323115693638e-07 9.081816824618726969e-05 8.388751302845776081e-05 3.821563223027624190e-05 1.287874620174989104e-04 6.669940194115042686e-05 1.294265239266678691e-04 3.211061084584798664e-06 5.617295300908153877e-06
2.720000000000000000e+03 5.747951217927038670e-05 1.012948458082973957e-03 6.111168186180293560e-04 7.470164860023942310e-07 8.880975656211376190e-05 8.289518882520496845e-05 3.766622467082925141e-05 1.266241597477346659e-04 6.545304495375603437e-05 1.272734079975634813e-04 3.231119080737698823e-06 5.528457677428377792e-06 5.583323945757001638e-05 1.509031862951815128e-04 3.386719326954334974e-04 4.657940166907792445e-07 8.880975656211376190e-05 8.289518882520496845e-05 3.766622467082925141e-05 1.266241597477346659e-04 6.545304495375603437e-05 1.272734079975634813e-04 3.231119080737698823e-06 5.528457677428377792e-06
2.730000000000000000e+03 5.774183227913454175e-05 9.949535597115755081e-04 6.063797045499086380e-04 7.482821615667489823e-07 8.684994099894538522e-05 8.191548113245517015e-05 3.711343379109166563e-05 1.244845625478774309e-04 6.422868318622931838e-05 1.251402427442371845e-04 3.250629106332780793e-06 5.441099801828386262e-06 5.611671804217621684e-05 1.460932107875123620e-04 3.327120502945035696e-04 4.683285226292355219e-07 8.684994099894538522e-05 8.191548113245517015e-05 3.711343379109166563e-05 1.244845625478774309e-04 6.422868318622931838e-05 1.251402427442371845e-04 3.250629106332780793e-06 5.441099801828386262e-06
2.740000000000000000e+03 5.799998689326457679e-05 9.772378252819180489e-04 6.016085390001535416e-04 7.494390956708230078e-07 8.493652421748265624e-05 8.094414806691929698e-05 3.655754335341043770e-05 1.223704603035002947e-04 6.302731344476342201e-05 1.230277557624503970e-04 3.268898808528319933e-06 5.356039764592424035e-06 5.639507071464322507e-05 1.414002617821097374e-04 3.268063883297145367e-04 4.707939638137759175e-07 8.493652421748265624e-05 8.094414806691929698e-05 3.655754335341043770e-05 1.223704603035002947e-04 6.302731344476342201e-05 1.230277557624503970e-04 3.268898808528319933e-06 5.356039764592424035e-06
2.750000000000000000e+03 5.825131665915250778e-05 9.598005563020706177e-04 5.968084442429244518e-04 7.504821155634999741e-07 8.306961535708978772e-05 7.998267392395064235e-05 3.599868068704381585e-05 1.202818457386456430e-04 6.184586527524515986e-05 1.209345646202564240e-04 3.286749461040017195e-06 5.271137069939868525e-06 5.666560900863260031e-05 1.368255325360223651e-04 3.209580318070948124e-04 4.731886917852534680e-07 8.306961535708978772e-05 7.998267392395064235e-05 3.599868068704381585e-05 1.202818457386456430e-04 6.184586527524515986e-05 1.209345646202564240e-04 3.286749461040017195e-06 5.271137069939868525e-06
2.760000000000000000e+03 5.849673470947891474e-05 9.426341275684535503e-04 5.919798859395086765e-04 7.514143476328172255e-07 8.124541636789217591e-05 7.903420191723853350e-05 3.543843558873049915e-05 1.182159830932505429e-04 6.068697985028848052e-05 1.188628521049395204e-04 3.303726543890661560e-06 5.189061539567774162e-06 5.692899867426604033e-05 1.323626347584649920e-04 3.151681739836931229e-04 4.755123654831550084e-07 8.124541636789217591e-05 7.903420191723853350e-05 3.543843558873049915e-05 1.182159830932505429e-04 6.068697985028848052e-05 1.188628521049395204e-04 3.303726543890661560e-06 5.189061539567774162e-06
2.770000000000000000e+03 5.873532427358441055e-05 9.257409255951642990e-04 5.871246685273945332e-04 7.522310738750093151e-07 7.946579717099666595e-05 7.809291855664923787e-05 3.487662979750894010e-05 1.161730033345520496e-04 5.954745938652195036e-05 1.168119270005263388e-04 3.320021278341300786e-06 5.108205641590757295e-06 5.718461034120991826e-05 1.280138967558741570e-04 3.094369312748312950e-04 4.777629669661109801e-07 7.946579717099666595e-05 7.809291855664923787e-05 3.487662979750894010e-05 1.161730033345520496e-04 5.954745938652195036e-05 1.168119270005263388e-04 3.320021278341300786e-06 5.108205641590757295e-06
2.780000000000000000e+03 5.896753282286226749e-05 9.091178071685135365e-04 5.822408711537718773e-04 7.529283152507559862e-07 7.772655953885987401e-05 7.716361869825050235e-05 3.431369987083598971e-05 1.141568573075346649e-04 5.842786777066066861e-05 1.147820221376605332e-04 3.335240762680768967e-06 5.028335181123111397e-06 5.743319343309849501e-05 1.237781980307772756e-04 3.037626156583428383e-04 4.799415478373703081e-07 7.772655953885987401e-05 7.716361869825050235e-05 3.431369987083598971e-05 1.141568573075346649e-04 5.842786777066066861e-05 1.147820221376605332e-04 3.335240762680768967e-06 5.028335181123111397e-06
2.790000000000000000e+03 5.919237082707695663e-05 8.927555754780769348e-04 5.773361190222203732e-04 7.535070380981778726e-07 7.603003905387595296e-05 7.624406134709715843e-05 3.375061714905314147e-05 1.121657332987524569e-04 5.732861609430983663e-05 1.127730065491050482e-04 3.349752205394906923e-06 4.949810318066738546e-06 5.767328912043012679e-05 1.196506127598695457e-04 2.981500874739140272e-04 4.820442995878693182e-07 7.603003905387595296e-05 7.624406134709715843e-05 3.375061714905314147e-05 1.121657332987524569e-04 5.732861609430983663e-05 1.127730065491050482e-04 3.349752205394906923e-06 4.949810318066738546e-06
2.800000000000000000e+03 5.941007475485093892e-05 8.766542305238544941e-04 5.724101210944354534e-04 7.539724720118101686e-07 7.437259046128019691e-05 7.533625466749072075e-05 3.318797098472714424e-05 1.101960588130168617e-04 5.624864934361539781e-05 1.107865973608568311e-04 3.363240921316901222e-06 4.874239039054373279e-06 5.790558498119935393e-05 1.156289945356547832e-04 2.925997832790017128e-04 4.840716769649588969e-07 7.437259046128019691e-05 7.533625466749072075e-05 3.318797098472714424e-05 1.101960588130168617e-04 5.624864934361539781e-05 1.107865973608568311e-04 3.363240921316901222e-06 4.874239039054373279e-06
2.810000000000000000e+03 5.961926581221632659e-05 8.608103380538523197e-04 5.674634012393653393e-04 7.543132483078807127e-07 7.275492680491879582e-05 7.443956565111875534e-05 3.262559766881167889e-05 1.082533563021570444e-04 5.518819671124219894e-05 1.088211793103255332e-04 3.376143467903602868e-06 4.799350790563039482e-06 5.812873132526874542e-05 1.117154752137139440e-04 2.871093456633388996e-04 4.860252715843671467e-07 7.275492680491879582e-05 7.443956565111875534e-05 3.262559766881167889e-05 1.082533563021570444e-04 5.518819671124219894e-05 1.088211793103255332e-04 3.376143467903602868e-06 4.799350790563039482e-06
2.820000000000000000e+03 5.982086440781131387e-05 8.452275651507079601e-04 5.625007324852049351e-04 7.545403377662296407e-07 7.117366476450115442e-05 7.355142588494345546e-05 3.206445762771181762e-05 1.063302479451522231e-04 5.414347106125205755e-05 1.068778728949837387e-04 3.388061713849310763e-06 4.726010502054123208e-06 5.834324110765010118e-05 1.079067878890782595e-04 2.816829946823418140e-04 4.879025823356641922e-07 7.117366476450115442e-05 7.355142588494345546e-05 3.206445762771181762e-05 1.063302479451522231e-04 5.414347106125205755e-05 1.068778728949837387e-04 3.388061713849310763e-06 4.726010502054123208e-06
2.830000000000000000e+03 6.001361180096864700e-05 8.298881584778428078e-04 5.575231625698506832e-04 7.546398137492360547e-07 6.963049963815137744e-05 7.267369801411405206e-05 3.150450720568187535e-05 1.044362288666889071e-04 5.311932181939482689e-05 1.049556012731045485e-04 3.399242359591880813e-06 4.653514679375803098e-06 5.854821938555687666e-05 1.042011572280898690e-04 2.763186930678784847e-04 4.897045187135518063e-07 6.963049963815137744e-05 7.267369801411405206e-05 3.150450720568187535e-05 1.044362288666889071e-04 5.311932181939482689e-05 1.049556012731045485e-04 3.399242359591880813e-06 4.653514679375803098e-06
2.840000000000000000e+03 6.019796637701801956e-05 8.147981716319918633e-04 5.525340093299746513e-04 7.546304345851240214e-07 6.812264473410323262e-05 7.180860120570287108e-05 3.094740895903669298e-05 1.025592937367036939e-04 5.211256211623549461e-05 1.030573039315640926e-04 3.409554437894257717e-06 4.584307134791743010e-06 5.874411726836115122e-05 1.005940284812822938e-04 2.710208354983478785e-04 4.914281817036680877e-07 6.812264473410323262e-05 7.180860120570287108e-05 3.094740895903669298e-05 1.025592937367036939e-04 5.211256211623549461e-05 1.030573039315640926e-04 3.409554437894257717e-06 4.584307134791743010e-06
2.850000000000000000e+03 6.037331695551984012e-05 7.999551598913967609e-04 5.475335055962204933e-04 7.544957725258427672e-07 6.665015826001763344e-05 7.095152250258252025e-05 3.039197872567456216e-05 1.007097016554325819e-04 5.112230064696632326e-05 1.011798303807154298e-04 3.419007498450810090e-06 4.515485215961234644e-06 5.893038542126305401e-05 9.708974539535120130e-05 2.657856966834515333e-04 4.930786303702916484e-07 6.665015826001763344e-05 7.095152250258252025e-05 3.039197872567456216e-05 1.007097016554325819e-04 5.112230064696632326e-05 1.011798303807154298e-04 3.419007498450810090e-06 4.515485215961234644e-06
2.860000000000000000e+03 6.053972174413502216e-05 7.853482384234666824e-04 5.425254348665475845e-04 7.542425919382367283e-07 6.521175237139686942e-05 7.010565605014562607e-05 2.983949161716736853e-05 9.888404747471213341e-05 5.015106580685824156e-05 9.932522516464814544e-05 3.427515366638544947e-06 4.448354047781322151e-06 5.910710387979634106e-05 9.368210157845169306e-05 2.606157795526087284e-04 4.946509193359815981e-07 6.521175237139686942e-05 7.010565605014562607e-05 2.983949161716736853e-05 9.888404747471213341e-05 5.015106580685824156e-05 9.932522516464814544e-05 3.427515366638544947e-06 4.448354047781322151e-06
2.870000000000000000e+03 6.069674782338552177e-05 7.709790370427072048e-04 5.375138716772198677e-04 7.538750423918827437e-07 6.380637933034449816e-05 6.926849891897290945e-05 2.929039874288719147e-05 9.707912977319210768e-05 4.919557250104844570e-05 9.749340824782848358e-05 3.435207418078789487e-06 4.383059149404289201e-06 5.927379243075847626e-05 9.037050040205940604e-05 2.555133251007646322e-04 4.961461286256962921e-07 6.380637933034449816e-05 6.926849891897290945e-05 2.929039874288719147e-05 9.707912977319210768e-05 4.919557250104844570e-05 9.749340824782848358e-05 3.435207418078789487e-06 4.383059149404289201e-06
2.880000000000000000e+03 6.084431515773758292e-05 7.568431319668889046e-04 5.324989324435591698e-04 7.533898269684868865e-07 6.243236566660925746e-05 6.844361632829532027e-05 2.874499296012800187e-05 9.529782983008772135e-05 4.825683936360292137e-05 9.568452514940872788e-05 3.441948820182005875e-06 4.319569143262924626e-06 5.943059659330174327e-05 8.715363219380378723e-05 2.504770527593791485e-04 4.975667593498656061e-07 6.243236566660925746e-05 6.844361632829532027e-05 2.874499296012800187e-05 9.529782983008772135e-05 4.825683936360292137e-05 9.568452514940872788e-05 3.441948820182005875e-06 4.319569143262924626e-06
2.890000000000000000e+03 6.098169251345098019e-05 7.429354009218513966e-04 5.274852737784385681e-04 7.527894467784790322e-07 6.109225068939849734e-05 6.762624252587556839e-05 2.820356712618377060e-05 9.353877248940989375e-05 4.733485548058524728e-05 9.389850310981273651e-05 3.448175448284018785e-06 4.257676664565224200e-06 5.957650500931777060e-05 8.402996172662824392e-05 2.455080975778400898e-04 4.989122430743009318e-07 6.109225068939849734e-05 6.762624252587556839e-05 2.820356712618377060e-05 9.353877248940989375e-05 4.733485548058524728e-05 9.389850310981273651e-05 3.448175448284018785e-06 4.257676664565224200e-06
2.900000000000000000e+03 6.110867980169132352e-05 7.292557856999337673e-04 5.224759806878864765e-04 7.520763460888701957e-07 5.978130502626299858e-05 6.681848753942176700e-05 2.766623038041871041e-05 9.180043707601726055e-05 4.642778003471903503e-05 9.213511657435446978e-05 3.453700855970964767e-06 4.197210728307254612e-06 5.971152131678536534e-05 8.099825936369597912e-05 2.406088169664144516e-04 5.001812155569496099e-07 5.978130502626299858e-05 6.681848753942176700e-05 2.766623038041871041e-05 9.180043707601726055e-05 4.642778003471903503e-05 9.213511657435446978e-05 3.453700855970964767e-06 4.197210728307254612e-06
2.910000000000000000e+03 6.122666673036292195e-05 7.157977670431137085e-04 5.174712277948856354e-04 7.512513775509432890e-07 5.850036541232839227e-05 6.601865607080981135e-05 2.713365211093332618e-05 9.008620691020041704e-05 4.553594772005453706e-05 9.039505675900727510e-05 3.457919092397787608e-06 4.138136773690348491e-06 5.983736627968028188e-05 7.805623317835852504e-05 2.357770135859027505e-04 5.013751547267020214e-07 5.850036541232839227e-05 6.601865607080981135e-05 2.713365211093332618e-05 9.008620691020041704e-05 4.553594772005453706e-05 9.039505675900727510e-05 3.457919092397787608e-06 4.138136773690348491e-06
2.920000000000000000e+03 6.133387796580791473e-05 7.025506347417831421e-04 5.124751478433609009e-04 7.503109600293100812e-07 5.724948277929797769e-05 6.522998592117801309e-05 2.660615791683085263e-05 8.839691872708499432e-05 4.466222162591293454e-05 8.867819269653409719e-05 3.461604592303046957e-06 4.080843154952162877e-06 5.995175160933285952e-05 7.520124927395954728e-05 2.310143172508105636e-04 5.024935489927884191e-07 5.724948277929797769e-05 6.522998592117801309e-05 2.660615791683085263e-05 8.839691872708499432e-05 4.466222162591293454e-05 8.867819269653409719e-05 3.461604592303046957e-06 4.080843154952162877e-06
2.930000000000000000e+03 6.143145583337172866e-05 6.895229453220963478e-04 5.074914079159498215e-04 7.492671443287690636e-07 5.602559758699499071e-05 6.444921746151521802e-05 2.608430258987937123e-05 8.672630792716518044e-05 4.380095197120681405e-05 8.698549936525523663e-05 3.464219389570644125e-06 4.025272573926486075e-06 6.005630348226986825e-05 7.243257277878001332e-05 2.263231726828962564e-04 5.035376489104237407e-07 5.602559758699499071e-05 6.444921746151521802e-05 2.608430258987937123e-05 8.672630792716518044e-05 4.380095197120681405e-05 8.698549936525523663e-05 3.464219389570644125e-06 4.025272573926486075e-06
2.940000000000000000e+03 6.151755223982036114e-05 6.767025333829224110e-04 5.025224527344107628e-04 7.481107786588836461e-07 5.483151107910089195e-05 6.367687456076964736e-05 2.556793879193719476e-05 8.507914026267826557e-05 4.295625694794580340e-05 8.531603816663846374e-05 3.466500629656366073e-06 3.971515525336144492e-06 6.014877726556733251e-05 6.974880670895799994e-05 2.217024448327720165e-04 5.045065449849062134e-07 5.483151107910089195e-05 6.367687456076964736e-05 2.556793879193719476e-05 8.507914026267826557e-05 4.295625694794580340e-05 8.531603816663846374e-05 3.466500629656366073e-06 3.971515525336144492e-06
2.950000000000000000e+03 6.159401527838781476e-05 6.640927167609333992e-04 4.975684569217264652e-04 7.468505600627395324e-07 5.366258483263663948e-05 6.291355384746566415e-05 2.505742122593801469e-05 8.345243986696004868e-05 4.212477142573334277e-05 8.367057307623326778e-05 3.467538817858439870e-06 3.919679784303298220e-06 6.023146124789491296e-05 6.714821211062371731e-05 2.171528030885383487e-04 5.054013740846130531e-07 5.366258483263663948e-05 6.291355384746566415e-05 2.505742122593801469e-05 8.345243986696004868e-05 4.212477142573334277e-05 8.367057307623326778e-05 3.467538817858439870e-06 3.919679784303298220e-06
2.960000000000000000e+03 6.165941886138170958e-05 6.516816793009638786e-04 4.926340188831090927e-04 7.454784736182773486e-07 5.252115079201757908e-05 6.215829489519819617e-05 2.455286266922485083e-05 8.185021579265594482e-05 4.130898014409467578e-05 8.204823825508356094e-05 3.468095883363275789e-06 3.868628027703380212e-06 6.030270742485299706e-05 6.462964665843173862e-05 2.126742765540257096e-04 5.062224772700574249e-07 5.252115079201757908e-05 6.215829489519819617e-05 2.455286266922485083e-05 8.185021579265594482e-05 4.130898014409467578e-05 8.204823825508356094e-05 3.468095883363275789e-06 3.868628027703380212e-06
2.970000000000000000e+03 6.171522545628249645e-05 6.394739029929041862e-04 4.877195460721850395e-04 7.440081617460236885e-07 5.140480425325222313e-05 6.141096673673018813e-05 2.405526720394846052e-05 8.026714931474998593e-05 4.050629650009796023e-05 8.045104186749085784e-05 3.467267561063636094e-06 3.820188339886954054e-06 6.036421109456568956e-05 6.218981434358283877e-05 2.082688442897051573e-04 5.069652502243116032e-07 5.140480425325222313e-05 6.141096673673018813e-05 2.405526720394846052e-05 8.026714931474998593e-05 4.050629650009796023e-05 8.045104186749085784e-05 3.467267561063636094e-06 3.820188339886954054e-06
2.980000000000000000e+03 6.175953603815287352e-05 6.274594925343990326e-04 4.828291421290487051e-04 7.424264367728028446e-07 5.031461478210985661e-05 6.067169670131988823e-05 2.356389268243219703e-05 7.870901026763021946e-05 3.971882324549369514e-05 7.887688843766227365e-05 3.466081352598848753e-06 3.772624950215686113e-06 6.041392407496459782e-05 5.982887159916572273e-05 2.039351820712909102e-04 5.076350362287485041e-07 5.031461478210985661e-05 6.067169670131988823e-05 2.356389268243219703e-05 7.870901026763021946e-05 3.971882324549369514e-05 7.887688843766227365e-05 3.466081352598848753e-06 3.772624950215686113e-06
2.990000000000000000e+03 6.179289630381390452e-05 6.156393792480230331e-04 4.779658338520675898e-04 7.407452358165755868e-07 4.924855966237373650e-05 5.994039383949711919e-05 2.307943577761761844e-05 7.717077824054285884e-05 3.894353721989318728e-05 7.732694939477369189e-05 3.464169822109397501e-06 3.727020384758361615e-06 6.045238114893436432e-05 5.754360245191492140e-05 1.996768987737596035e-04 5.082276288703724276e-07 4.924855966237373650e-05 5.994039383949711919e-05 2.307943577761761844e-05 7.717077824054285884e-05 3.894353721989318728e-05 7.732694939477369189e-05 3.464169822109397501e-06 3.727020384758361615e-06
3.000000000000000000e+03 6.181566277518868446e-05 6.040096632204949856e-04 4.731292428914457560e-04 7.389618872366554569e-07 4.820650792680680752e-05 5.921699266764335334e-05 2.260235305584501475e-05 7.565339910797774792e-05 3.818200275418348610e-05 7.580155943287536502e-05 3.461463165876921266e-06 3.683097247630939819e-06 6.047994247637689114e-05 5.533268267754465342e-05 1.954922627191990614e-04 5.087449608254246414e-07 4.820650792680680752e-05 5.921699266764335334e-05 2.260235305584501475e-05 7.565339910797774792e-05 3.818200275418348610e-05 7.580155943287536502e-05 3.461463165876921266e-06 3.683097247630939819e-06
3.010000000000000000e+03 6.182752258609980345e-05 5.925678997300565243e-04 4.683201550506055355e-04 7.370751404778275173e-07 4.718760101241059601e-05 5.850155866937711835e-05 2.213228981418069452e-05 7.415768777718767524e-05 3.743376873899251223e-05 7.430043478962033987e-05 3.458031642367132008e-06 3.640791192083270289e-06 6.049640069250017405e-05 5.319517367752268910e-05 1.913811720442026854e-04 5.091849288874072954e-07 4.718760101241059601e-05 5.850155866937711835e-05 2.213228981418069452e-05 7.415768777718767524e-05 3.743376873899251223e-05 7.430043478962033987e-05 3.458031642367132008e-06 3.640791192083270289e-06
3.020000000000000000e+03 6.182878132676705718e-05 5.813117022626101971e-04 4.635384248103946447e-04 7.350836312980391085e-07 4.619225728674791753e-05 5.779343337053433061e-05 2.166947888326831162e-05 7.268491754075512290e-05 3.669851503218524158e-05 7.282330625457689166e-05 3.453702674960368313e-06 3.599847332225181162e-06 6.050212323316372931e-05 5.112976214149966836e-05 1.873432920547202229e-04 5.095471351523883641e-07 4.619225728674791753e-05 5.779343337053433061e-05 2.166947888326831162e-05 7.268491754075512290e-05 3.669851503218524158e-05 7.282330625457689166e-05 3.453702674960368313e-06 3.599847332225181162e-06
3.030000000000000000e+03 6.181891512824222445e-05 5.702375783585011959e-04 4.587883886415511370e-04 7.329913387366104871e-07 4.521886512520723045e-05 5.709317701985128224e-05 2.121454781445208937e-05 7.123151590349152684e-05 3.597587055992335081e-05 7.137090142350643873e-05 3.448877578193787485e-06 3.560909362931852229e-06 6.049627336324192584e-05 4.913324664812535048e-05 1.833810965763404965e-04 5.098278279547230341e-07 4.521886512520723045e-05 5.709317701985128224e-05 2.121454781445208937e-05 7.123151590349152684e-05 3.597587055992335081e-05 7.137090142350643873e-05 3.448877578193787485e-06 3.560909362931852229e-06
3.040000000000000000e+03 6.179826596053317189e-05 5.593472160398960114e-04 4.540682130027562380e-04 7.307958185265306383e-07 4.426700979820452631e-05 5.640089511871337891e-05 2.076702912745531648e-05 6.979971658438444138e-05 3.526475484250113368e-05 6.994238356128334999e-05 3.443288960625068285e-06 3.523172836139565334e-06 6.047972419764846563e-05 4.720552169601432979e-05 1.794928539311513305e-04 5.100292241877468769e-07 4.426700979820452631e-05 5.640089511871337891e-05 2.076702912745531648e-05 6.979971658438444138e-05 3.526475484250113368e-05 6.994238356128334999e-05 3.443288960625068285e-06 3.523172836139565334e-06
3.050000000000000000e+03 6.176681927172467113e-05 5.486315349116921425e-04 4.493782762438058853e-04 7.284912726390757598e-07 4.333810284151695669e-05 5.571608926402404904e-05 2.032715383393224329e-05 6.839172419859096408e-05 3.456741615082137287e-05 6.853785453131422400e-05 3.436862243688665330e-06 3.487126832624198869e-06 6.045206100679934025e-05 4.534426261670887470e-05 1.756783458404242992e-04 5.101467763779510278e-07 4.333810284151695669e-05 5.571608926402404904e-05 2.032715383393224329e-05 6.839172419859096408e-05 3.456741615082137287e-05 6.853785453131422400e-05 3.436862243688665330e-06 3.487126832624198869e-06
3.060000000000000000e+03 6.172381108626723289e-05 5.380942602641880512e-04 4.447211977094411850e-04 7.260868528646824416e-07 4.242920113028958440e-05 5.503934880835004151e-05 1.989518386835698038e-05 6.700152880512177944e-05 3.388113327673636377e-05 6.715767085552215576e-05 3.430034666962455958e-06 3.453119461482856423e-06 6.041241067578084767e-05 4.354704287834465504e-05 1.719399879220873117e-04 5.101786655359319411e-07 4.242920113028958440e-05 5.503934880835004151e-05 1.989518386835698038e-05 6.700152880512177944e-05 3.388113327673636377e-05 6.715767085552215576e-05 3.430034666962455958e-06 3.453119461482856423e-06
3.070000000000000000e+03 6.167041283333674073e-05 5.277352174744009972e-04 4.400922916829586029e-04 7.235744874378724489e-07 4.154048656346276402e-05 5.437033905764110386e-05 1.947082455444615334e-05 6.563294300576671958e-05 3.320617179269902408e-05 6.580134504474699497e-05 3.422357849558466114e-06 3.419997028686339036e-06 6.036207560100592673e-05 4.181410986348055303e-05 1.682747824816033244e-04 5.101258011563913897e-07 4.154048656346276402e-05 5.437033905764110386e-05 1.947082455444615334e-05 6.563294300576671958e-05 3.320617179269902408e-05 6.580134504474699497e-05 3.422357849558466114e-06 3.419997028686339036e-06
3.080000000000000000e+03 6.160591874504461884e-05 5.175483529455959797e-04 4.354906559456139803e-04 7.209499699456500821e-07 4.067293048137798905e-05 5.370905273593962193e-05 1.905452700157184154e-05 6.428816413972526789e-05 3.254343391745351255e-05 6.446878978749737144e-05 3.413993226786260493e-06 3.388149707461707294e-06 6.030067379469983280e-05 4.014292790088802576e-05 1.646822056500241160e-04 5.099843178868468385e-07 4.067293048137798905e-05 5.370905273593962193e-05 1.905452700157184154e-05 6.428816413972526789e-05 3.254343391745351255e-05 6.446878978749737144e-05 3.413993226786260493e-06 3.388149707461707294e-06
3.090000000000000000e+03 6.153000867925584316e-05 5.075341323390603065e-04 4.309193755034357309e-04 7.182209174061426893e-07 3.982384441769681871e-05 5.305610466166399419e-05 1.864636760728899390e-05 6.296171341091394424e-05 3.189202834619209170e-05 6.316022336250171065e-05 3.405196139283361845e-06 3.358321919222362339e-06 6.022715388098731637e-05 3.853054658975452185e-05 1.611646730452775955e-04 5.097501230011403095e-07 3.982384441769681871e-05 5.305610466166399419e-05 1.864636760728899390e-05 6.296171341091394424e-05 3.189202834619209170e-05 6.316022336250171065e-05 3.405196139283361845e-06 3.358321919222362339e-06
3.100000000000000000e+03 6.144344661151990294e-05 4.976930213160812855e-04 4.263719893060624599e-04 7.153801107051549479e-07 3.899459989042952657e-05 5.241129474597983062e-05 1.824603532440960407e-05 6.165709055494517088e-05 3.125168950646184385e-05 6.187520921230316162e-05 3.395659632587921806e-06 3.330149866087595001e-06 6.014291284373030066e-05 3.697700594784691930e-05 1.577187795192003250e-04 5.094249786452564877e-07 3.899459989042952657e-05 5.241129474597983062e-05 1.824603532440960407e-05 6.165709055494517088e-05 3.125168950646184385e-05 6.187520921230316162e-05 3.395659632587921806e-06 3.330149866087595001e-06
3.110000000000000000e+03 6.134567956905812025e-05 4.880246706306934357e-04 4.218483809381723404e-04 7.124236844902043231e-07 3.818446202785708010e-05 5.177513230592012405e-05 1.785332824510987848e-05 6.037441926309838891e-05 3.062190808122977614e-05 6.061304520699195564e-05 3.385557420187979005e-06 3.302439836261328310e-06 6.004711030982434750e-05 3.548124004737474024e-05 1.543440885143354535e-04 5.090026888865395449e-07 3.818446202785708010e-05 5.177513230592012405e-05 1.785332824510987848e-05 6.037441926309838891e-05 3.062190808122977614e-05 6.061304520699195564e-05 3.385557420187979005e-06 3.302439836261328310e-06
3.120000000000000000e+03 6.123710772953927517e-05 4.785258206538856030e-04 4.173466586507856846e-04 7.093558451742865145e-07 3.739224121090956032e-05 5.114704981679096818e-05 1.746886664477642626e-05 5.911049083806574345e-05 3.000399919983465225e-05 5.937460809946060181e-05 3.374721018190030009e-06 3.277586529293330386e-06 5.994016828481107950e-05 3.403940354473888874e-05 1.510412839706987143e-04 5.084818894829368219e-07 3.739224121090956032e-05 5.114704981679096818e-05 1.746886664477642626e-05 5.911049083806574345e-05 3.000399919983465225e-05 5.937460809946060181e-05 3.374721018190030009e-06 3.277586529293330386e-06
3.130000000000000000e+03 6.111721449997276068e-05 4.691987123806029558e-04 4.128636210225522518e-04 7.061672704367083497e-07 3.661803202703595161e-05 5.052732376498170197e-05 1.709187927190214396e-05 5.787051850347779691e-05 2.939605474239215255e-05 5.815812619403004646e-05 3.363317546245525591e-06 3.253109071010840125e-06 5.982161746942438185e-05 3.265258419560268521e-05 1.478076883358880877e-04 5.078609319753013551e-07 3.661803202703595161e-05 5.052732376498170197e-05 1.709187927190214396e-05 5.787051850347779691e-05 2.939605474239215255e-05 5.815812619403004646e-05 3.363317546245525591e-06 3.253109071010840125e-06
3.140000000000000000e+03 6.098610538174398243e-05 4.600397078320384026e-04 4.083980165887624025e-04 7.028635877759370487e-07 3.586180537240579724e-05 4.991629612050019205e-05 1.672298094490543008e-05 5.664916534442454576e-05 2.879905514419078827e-05 5.696473454008810222e-05 3.351461600686889142e-06 3.230564971090643667e-06 5.969141784589737654e-05 3.131669654976576567e-05 1.446442038286477327e-04 5.071364626019203570e-07 3.586180537240579724e-05 4.991629612050019205e-05 1.672298094490543008e-05 5.664916534442454576e-05 2.879905514419078827e-05 5.696473454008810222e-05 3.351461600686889142e-06 3.230564971090643667e-06
3.150000000000000000e+03 6.084408960305154324e-05 4.510535218287259340e-04 4.039447812829166651e-04 6.994415571170975454e-07 3.512162584229372442e-05 4.931422881782054901e-05 1.636167871765792370e-05 5.544807572732679546e-05 2.821175439748913050e-05 5.579353819484822452e-05 3.338913757033878937e-06 3.209142050764057785e-06 5.954972584731876850e-05 3.003175515914335847e-05 1.415486622136086226e-04 5.063056960352696478e-07 3.512162584229372442e-05 4.931422881782054901e-05 1.636167871765792370e-05 5.544807572732679546e-05 2.821175439748913050e-05 5.579353819484822452e-05 3.338913757033878937e-06 3.209142050764057785e-06
3.160000000000000000e+03 6.069094524718821049e-05 4.422370402608066797e-04 3.995008009951561689e-04 6.958939025025756564e-07 3.440015279920771718e-05 4.872089994023554027e-05 1.600773975951597095e-05 5.426897041616030037e-05 2.763495649560354650e-05 5.464367495733313262e-05 3.325870238768402487e-06 3.188738901371834800e-06 5.939638140262104571e-05 2.879672865674365312e-05 1.385186769766733050e-04 5.053696554568887223e-07 3.440015279920771718e-05 4.872089994023554027e-05 1.600773975951597095e-05 5.426897041616030037e-05 2.763495649560354650e-05 5.464367495733313262e-05 3.325870238768402487e-06 3.188738901371834800e-06
3.170000000000000000e+03 6.052620301488786936e-05 4.335884586907923222e-04 3.950656973756849766e-04 6.922267061781894881e-07 3.369386467966251075e-05 4.813616760657168925e-05 1.566149876452982426e-05 5.310864798957481980e-05 2.706877421587705612e-05 5.351545769372023642e-05 3.312415401524049230e-06 3.170213176417746581e-06 5.923088610870763659e-05 2.760813913482706994e-05 1.355553540633991361e-04 5.043217470301897265e-07 3.369386467966251075e-05 4.813616760657168925e-05 1.566149876452982426e-05 5.310864798957481980e-05 2.706877421587705612e-05 5.351545769372023642e-05 3.312415401524049230e-06 3.170213176417746581e-06
3.180000000000000000e+03 6.035030673956498504e-05 4.251124628353863955e-04 3.906322235707193613e-04 6.884373533466714434e-07 3.300364551250822842e-05 4.756074849865399301e-05 1.532262649561744183e-05 5.196906204218976200e-05 2.651161230460274965e-05 5.240831160335801542e-05 3.298345973234972917e-06 3.152420958940638229e-06 5.905384023208171129e-05 2.646618122525978833e-05 1.326557103311643004e-04 5.031630507801310159e-07 3.300364551250822842e-05 4.756074849865399301e-05 1.532262649561744183e-05 5.196906204218976200e-05 2.651161230460274965e-05 5.240831160335801542e-05 3.298345973234972917e-06 3.152420958940638229e-06
3.190000000000000000e+03 6.016388215357437730e-05 4.168025916442275047e-04 3.861974109895527363e-04 6.845222628726332914e-07 3.232957533327862620e-05 4.699509736383333802e-05 1.499103109381394461e-05 5.085215161670930684e-05 2.596539161459077150e-05 5.132164005772210658e-05 3.283540763732162304e-06 3.136036639261874370e-06 5.886570943403057754e-05 2.536844840506091714e-05 1.298176794080063701e-04 5.018919750909844879e-07 3.232957533327862620e-05 4.699509736383333802e-05 1.499103109381394461e-05 5.085215161670930684e-05 2.596539161459077150e-05 5.132164005772210658e-05 3.283540763732162304e-06 3.136036639261874370e-06
3.200000000000000000e+03 5.996628533466719091e-05 4.086646658834069967e-04 3.817582037299871445e-04 6.804880854360817466e-07 3.167080649291165173e-05 4.643714419216848910e-05 1.466683170292526484e-05 4.975281990482471883e-05 2.542836045904550701e-05 5.025573409511707723e-05 3.268018417657003738e-06 3.121370355074759573e-06 5.866598075954243541e-05 2.431342727504670620e-05 1.270411594305187464e-04 5.005055641049693804e-07 3.167080649291165173e-05 4.643714419216848910e-05 1.466683170292526484e-05 4.975281990482471883e-05 2.542836045904550701e-05 5.025573409511707723e-05 3.268018417657003738e-06 3.121370355074759573e-06
3.210000000000000000e+03 5.975724343443289399e-05 4.006935341749340296e-04 3.773100615944713354e-04 6.763245892216218635e-07 3.102734990534372628e-05 4.588941374095156789e-05 1.434930891264230013e-05 4.867648385697975755e-05 2.490188671799842268e-05 4.920903302263468504e-05 3.252294163758051582e-06 3.107740894847665913e-06 5.845421037520281971e-05 2.330064489797223359e-05 1.243223523488268256e-04 4.990051252207194921e-07 3.102734990534372628e-05 4.588941374095156789e-05 1.434930891264230013e-05 4.867648385697975755e-05 2.490188671799842268e-05 4.920903302263468504e-05 3.252294163758051582e-06 3.107740894847665913e-06
3.220000000000000000e+03 5.953719301032833755e-05 3.928957739844918251e-04 3.728514129761606455e-04 6.720451892761047930e-07 3.039797957171685994e-05 4.534948675427585840e-05 1.403888745699077845e-05 4.761696254718117416e-05 2.438367300783284009e-05 4.818208253709599376e-05 3.235862777728470974e-06 3.094903604505816475e-06 5.823059473186731339e-05 2.232810220448300242e-05 1.216623859363608062e-04 4.973886689185746945e-07 3.039797957171685994e-05 4.534948675427585840e-05 1.403888745699077845e-05 4.761696254718117416e-05 2.438367300783284009e-05 4.818208253709599376e-05 3.235862777728470974e-06 3.094903604505816475e-06
3.230000000000000000e+03 5.930578845436684787e-05 3.852640802506357431e-04 3.683760005515068769e-04 6.676426096419163514e-07 2.978348675242159516e-05 4.481813084566965699e-05 1.373519353364827111e-05 4.657876343117095530e-05 2.387617860222235322e-05 4.717388947028666735e-05 3.219063501092023216e-06 3.083818455706932582e-06 5.799498103442601860e-05 2.139429125236347318e-05 1.190569892060011625e-04 4.956585257787082810e-07 2.978348675242159516e-05 4.481813084566965699e-05 1.373519353364827111e-05 4.657876343117095530e-05 2.387617860222235322e-05 4.717388947028666735e-05 3.219063501092023216e-06 3.083818455706932582e-06
3.240000000000000000e+03 5.906393926125019789e-05 3.778017126023769379e-04 3.638820780906826258e-04 6.631244673371838871e-07 2.918241625593509525e-05 4.429663749760948122e-05 1.343801613984396681e-05 4.556065323413349688e-05 2.337725527468137443e-05 4.618404636858031154e-05 3.201422941856435500e-06 3.073378593398956582e-06 5.774832243332639337e-05 2.049804243142716587e-05 1.165057765319943428e-04 4.938124789077846799e-07 2.918241625593509525e-05 4.429663749760948122e-05 1.343801613984396681e-05 4.556065323413349688e-05 2.337725527468137443e-05 4.618404636858031154e-05 3.201422941856435500e-06 3.073378593398956582e-06
3.250000000000000000e+03 5.881063771084882319e-05 3.705044509842991829e-04 3.593671426642686129e-04 6.584922402907977812e-07 2.859561391233000904e-05 4.378241646918468177e-05 1.314733526669442654e-05 4.456152964849025011e-05 2.288873292854987085e-05 4.521214577835053205e-05 3.183506805726210587e-06 3.064770680794026703e-06 5.748956027673557401e-05 1.963741487998049706e-05 1.140068925451487303e-04 4.918521767649508547e-07 2.859561391233000904e-05 4.378241646918468177e-05 1.314733526669442654e-05 4.456152964849025011e-05 2.288873292854987085e-05 4.521214577835053205e-05 3.183506805726210587e-06 3.064770680794026703e-06
3.260000000000000000e+03 5.854662958881817758e-05 3.633766900748014450e-04 3.548269742168486118e-04 6.537504191328480374e-07 2.802159906423185021e-05 4.327737769926898181e-05 1.286278984480304644e-05 4.358089063316583633e-05 2.240854701085481793e-05 4.425778024597093463e-05 3.164945155731402338e-06 3.056748028029687703e-06 5.721934576286002994e-05 1.881227399280760437e-05 1.115578852477483451e-04 4.897817689197836444e-07 2.802159906423185021e-05 4.327737769926898181e-05 1.286278984480304644e-05 4.358089063316583633e-05 2.240854701085481793e-05 4.425778024597093463e-05 3.164945155731402338e-06 3.056748028029687703e-06
3.270000000000000000e+03 5.827151471748948097e-05 3.564119106158614159e-04 3.502596809994429350e-04 6.489008796961570624e-07 2.746123391261789948e-05 4.278009510017000139e-05 1.258428073924733326e-05 4.262036236468702555e-05 2.193855289078783244e-05 4.332009848440065980e-05 3.146019480482209474e-06 3.050387249459163286e-06 5.693723142030648887e-05 1.802068800316192210e-05 1.091570520657114685e-04 4.876020511801471002e-07 2.746123391261789948e-05 4.278009510017000139e-05 1.258428073924733326e-05 4.262036236468702555e-05 2.193855289078783244e-05 4.332009848440065980e-05 3.146019480482209474e-06 3.050387249459163286e-06
3.280000000000000000e+03 5.798627535114064813e-05 3.496127319522202015e-04 3.456627891864627600e-04 6.439545359171461314e-07 2.691256850084755570e-05 4.229065598337911069e-05 1.231185160577297211e-05 4.167746010352857411e-05 2.147722443623933941e-05 4.239939153194427490e-05 3.126249566776095890e-06 3.045068069695844315e-06 5.664465425070375204e-05 1.726180926198139787e-05 1.068023702828213573e-04 4.853132509197166655e-07 2.691256850084755570e-05 4.229065598337911069e-05 1.231185160577297211e-05 4.167746010352857411e-05 2.147722443623933941e-05 4.239939153194427490e-05 3.126249566776095890e-06 3.045068069695844315e-06
3.290000000000000000e+03 5.768997652921825647e-05 3.429748176131397486e-04 3.410344943404197693e-04 6.389107056747889146e-07 2.637727993715088814e-05 4.180935138720087707e-05 1.204508862429065630e-05 4.075403558090329170e-05 2.102553116856142879e-05 4.149459346081130207e-05 3.106280928477644920e-06 3.040713863811106421e-06 5.634007538901641965e-05 1.653463914408348501e-05 1.044918099069036543e-04 4.829233262171328533e-07 2.637727993715088814e-05 4.180935138720087707e-05 1.204508862429065630e-05 4.075403558090329170e-05 2.102553116856142879e-05 4.149459346081130207e-05 3.106280928477644920e-06 3.040713863811106421e-06
3.300000000000000000e+03 5.738294566981494427e-05 3.364972653798758984e-04 3.363760479260236025e-04 6.337850777526909951e-07 2.585391666798386723e-05 4.133435140829533339e-05 1.178406364488182589e-05 3.984619979746639729e-05 2.058257450698874891e-05 4.060565333929844201e-05 3.085931666646501981e-06 3.037881242562434636e-06 5.602392047876492143e-05 1.583745870448183268e-05 1.022250580717809498e-04 4.804330160368408542e-07 2.585391666798386723e-05 4.133435140829533339e-05 1.178406364488182589e-05 3.984619979746639729e-05 2.058257450698874891e-05 4.060565333929844201e-05 3.085931666646501981e-06 3.037881242562434636e-06
3.310000000000000000e+03 5.706595402443781495e-05 3.301780379842966795e-04 3.316843649372458458e-04 6.285782205850409809e-07 2.534231862227898091e-05 4.086564877070486546e-05 1.152808090409962460e-05 3.895764893968589604e-05 2.014841084019280970e-05 3.973150887759402394e-05 3.064914608330582269e-06 3.035864210687577724e-06 5.569743370870128274e-05 1.517035980214131996e-05 9.999831672757863998e-05 4.778488573720096610e-07 2.534231862227898091e-05 4.086564877070486546e-05 1.152808090409962460e-05 3.895764893968589604e-05 2.014841084019280970e-05 3.973150887759402394e-05 3.064914608330582269e-06 3.035864210687577724e-06
3.320000000000000000e+03 5.673896157531999052e-05 3.240112564526498318e-04 3.269598528277128935e-04 6.233000249267206527e-07 2.484269316482823342e-05 4.040471685584634542e-05 1.127750147134065628e-05 3.808800465776585042e-05 1.972372956515755504e-05 3.887212733388878405e-05 3.043430751858977601e-06 3.034906967513961717e-06 5.536018215934745967e-05 1.453176355425966904e-05 9.781040716916322708e-05 4.751756534915330121e-07 2.484269316482823342e-05 4.040471685584634542e-05 1.127750147134065628e-05 3.808800465776585042e-05 1.972372956515755504e-05 3.887212733388878405e-05 3.043430751858977601e-06 3.034906967513961717e-06
3.330000000000000000e+03 5.640273593598976731e-05 3.179960476700216532e-04 3.222029481548815966e-04 6.179670890560373664e-07 2.435333954053930938e-05 3.994840881205163896e-05 1.103236081689829007e-05 3.723392364918254316e-05 1.930771577463019639e-05 3.802802530117332935e-05 3.021204975084401667e-06 3.035944018847658299e-06 5.501318082679063082e-05 1.391990281263133511e-05 9.565991786075755954e-05 4.724178381820820505e-07 2.435333954053930938e-05 3.994840881205163896e-05 1.103236081689829007e-05 3.723392364918254316e-05 1.930771577463019639e-05 3.802802530117332935e-05 3.021204975084401667e-06 3.035944018847658299e-06
3.340000000000000000e+03 5.605674959952011704e-05 3.121281333733350039e-04 3.174139419570565224e-04 6.125782761046139058e-07 2.387555650784634054e-05 3.949880556319840252e-05 1.079187313735019416e-05 3.639879287220537663e-05 1.890063322207424790e-05 3.719750748132355511e-05 2.998626769112888724e-06 3.037490387214347720e-06 5.465594949782826006e-05 1.333581803919514641e-05 9.354398935101926327e-05 4.695847053426405182e-07 2.387555650784634054e-05 3.949880556319840252e-05 1.079187313735019416e-05 3.639879287220537663e-05 1.890063322207424790e-05 3.719750748132355511e-05 2.998626769112888724e-06 3.037490387214347720e-06
3.350000000000000000e+03 5.570116263697855175e-05 3.064041375182569027e-04 3.125974617432802916e-04 6.071538223295647185e-07 2.340886021556798369e-05 3.905328412656672299e-05 1.055633674695855007e-05 3.557794116204604506e-05 1.850200533226598054e-05 3.638084308477118611e-05 2.975846882691257633e-06 3.040563115064287558e-06 5.428832446341402829e-05 1.277743285754695535e-05 9.146274533122777939e-05 4.666797508434683550e-07 2.340886021556798369e-05 3.905328412656672299e-05 1.055633674695855007e-05 3.557794116204604506e-05 1.850200533226598054e-05 3.638084308477118611e-05 2.975846882691257633e-06 3.040563115064287558e-06
3.360000000000000000e+03 5.533694275072775781e-05 3.008191124536097050e-04 3.077535366173833609e-04 6.017001510372210760e-07 2.295222657267004251e-05 3.861262302962131798e-05 1.032541240419959649e-05 3.477359496173448861e-05 1.811229049053508788e-05 3.557773015927523375e-05 2.952381692011840641e-06 3.045101720999809913e-06 5.391186641645617783e-05 1.224452898895833641e-05 8.941311534726992249e-05 4.637131496565416455e-07 2.295222657267004251e-05 3.861262302962131798e-05 1.032541240419959649e-05 3.477359496173448861e-05 1.811229049053508788e-05 3.557773015927523375e-05 2.952381692011840641e-06 3.045101720999809913e-06
3.370000000000000000e+03 5.496426820172928274e-05 2.953680523205548525e-04 3.028853388968855143e-04 5.962273803561402019e-07 2.250666875625029206e-05 3.817741162492893636e-05 1.009883180813631043e-05 3.398674380150623620e-05 1.773093208612408489e-05 3.478755752439610660e-05 2.928373987742816098e-06 3.050406576221575961e-06 5.352670268621295691e-05 1.173670352727640420e-05 8.739357872400432825e-05 4.606892787251126720e-07 2.250666875625029206e-05 3.817741162492893636e-05 1.009883180813631043e-05 3.398674380150623620e-05 1.773093208612408489e-05 3.478755752439610660e-05 2.928373987742816098e-06 3.050406576221575961e-06
3.380000000000000000e+03 5.458306623040698469e-05 2.900456311181187630e-04 2.979974960908293724e-04 5.907534159632632509e-07 2.207015131716616452e-05 3.774467404582537711e-05 9.876998774416279048e-06 3.321280746604315937e-05 1.735825571813620627e-05 3.401107460376806557e-05 2.904088660216075368e-06 3.057892854485544376e-06 5.313234214554540813e-05 1.125248491007369012e-05 8.540383714716881514e-05 4.576185688165423926e-07 2.207015131716616452e-05 3.774467404582537711e-05 9.876998774416279048e-06 3.321280746604315937e-05 1.735825571813620627e-05 3.401107460376806557e-05 2.904088660216075368e-06 3.057892854485544376e-06
3.390000000000000000e+03 5.419400986284017563e-05 2.848464064300060272e-04 2.930929767899215221e-04 5.852825779584236443e-07 2.164414945582393557e-05 3.731523975147865713e-05 9.659138413553591818e-06 3.245644620619714260e-05 1.699350832495838404e-05 3.324664794490672648e-05 2.879445901271537878e-06 3.065613100261543877e-06 5.273005081107839942e-05 1.079245794244343415e-05 8.344097295776009560e-05 4.545076421891280916e-07 2.164414945582393557e-05 3.731523975147865713e-05 9.659138413553591818e-06 3.245644620619714260e-05 1.699350832495838404e-05 3.324664794490672648e-05 2.879445901271537878e-06 3.065613100261543877e-06
3.400000000000000000e+03 5.379715003073215485e-05 2.797665656544268131e-04 2.881776017602533102e-04 5.798380584565165918e-07 2.122764090017881244e-05 3.689006553031504154e-05 9.445777322980575264e-06 3.171126445522531867e-05 1.663642433413770050e-05 3.249547444283962250e-05 2.854495733117801137e-06 3.075390168305602856e-06 5.231956674833782017e-05 1.035471359500661492e-05 8.150569919962435961e-05 4.513651106208271813e-07 2.122764090017881244e-05 3.689006553031504154e-05 9.445777322980575264e-06 3.171126445522531867e-05 1.663642433413770050e-05 3.249547444283962250e-05 2.854495733117801137e-06 3.075390168305602856e-06
3.410000000000000000e+03 5.339326889952644706e-05 2.747971739154309034e-04 2.832540776580572128e-04 5.744196300838666502e-07 2.082044920825865120e-05 3.646725599537603557e-05 9.236281584890093654e-06 3.098304659943096340e-05 1.628791869734413922e-05 3.175620440742932260e-05 2.829254981406847946e-06 3.086131982854567468e-06 5.190197771298699081e-05 9.939866686181630939e-06 7.959465438034385443e-05 4.481997564198536566e-07 2.082044920825865120e-05 3.646725599537603557e-05 9.236281584890093654e-06 3.098304659943096340e-05 1.628791869734413922e-05 3.175620440742932260e-05 2.829254981406847946e-06 3.086131982854567468e-06
3.420000000000000000e+03 5.298289033817127347e-05 2.699356991797685623e-04 2.783283125609159470e-04 5.690489501830597874e-07 2.042247251665685326e-05 3.604742232710123062e-05 9.030862202052958310e-06 3.026722151844296604e-05 1.594669811311177909e-05 3.102959453826770186e-05 2.803526058414718136e-06 3.098572960880119354e-06 5.147778574610128999e-05 9.546766705170739442e-06 7.770798401907086372e-05 4.450183155313425232e-07 2.042247251665685326e-05 3.604742232710123062e-05 9.030862202052958310e-06 3.026722151844296604e-05 1.594669811311177909e-05 3.102959453826770186e-05 2.803526058414718136e-06 3.098572960880119354e-06
3.430000000000000000e+03 5.256638178252615035e-05 2.651743707247078419e-04 2.734045556280761957e-04 5.637331810248724651e-07 2.003331974265165627e-05 3.562932761269621551e-05 8.829340004012919962e-06 2.956540811283048242e-05 1.561344652145635337e-05 3.031529558938927948e-05 2.777408781184931286e-06 3.112388412773725577e-06 5.104756564833223820e-05 9.175180821330286562e-06 7.584403647342696786e-05 4.418298260588926496e-07 2.003331974265165627e-05 3.562932761269621551e-05 8.829340004012919962e-06 2.956540811283048242e-05 1.561344652145635337e-05 3.031529558938927948e-05 2.777408781184931286e-06 3.112388412773725577e-06
3.440000000000000000e+03 5.214368502493016422e-05 2.605067857075482607e-04 2.684889477677643299e-04 5.584844871009408962e-07 1.965306364581920207e-05 3.521400140016339719e-05 8.631611308373976499e-06 2.887666596507187933e-05 1.528779830550774932e-05 2.961296740977559239e-05 2.751251258814590983e-06 3.127436229988234118e-06 5.061117917648516595e-05 8.824448741506785154e-06 7.400243339361622930e-05 4.386423881896917010e-07 1.965306364581920207e-05 3.521400140016339719e-05 8.631611308373976499e-06 2.887666596507187933e-05 1.528779830550774932e-05 2.961296740977559239e-05 2.751251258814590983e-06 3.127436229988234118e-06
3.450000000000000000e+03 5.171566590433940291e-05 2.559307613410055637e-04 2.635869022924453020e-04 5.533173634830745868e-07 1.928079836943652481e-05 3.480157465673983097e-05 8.437677024630829692e-06 2.819962355715688318e-05 1.496846743975766003e-05 2.892283009714446962e-05 2.724634441619855352e-06 3.143616822853800841e-06 5.016980503569357097e-05 8.494152098137419671e-06 7.218253449536859989e-05 4.354629652425501263e-07 1.928079836943652481e-05 3.480157465673983097e-05 8.437677024630829692e-06 2.819962355715688318e-05 1.496846743975766003e-05 2.892283009714446962e-05 2.724634441619855352e-06 3.143616822853800841e-06
3.460000000000000000e+03 5.128226985107176006e-05 2.514366933610290289e-04 2.587028138805180788e-04 5.482379492605105042e-07 1.891721331048756838e-05 3.439045394770801067e-05 8.247504410974215716e-06 2.753544322331435978e-05 1.465669356548460200e-05 2.824479270202573389e-05 2.698082198548945598e-06 3.161437234666664153e-06 4.972318129148334265e-05 8.183553291019052267e-06 7.038324110908433795e-05 4.322993163441424258e-07 1.891721331048756838e-05 3.439045394770801067e-05 8.247504410974215716e-06 2.753544322331435978e-05 1.465669356548460200e-05 2.824479270202573389e-05 2.698082198548945598e-06 3.161437234666664153e-06
3.470000000000000000e+03 5.084440999780781567e-05 2.470199251547455788e-04 2.538417757023125887e-04 5.432576131170208100e-07 1.856205199146643281e-05 3.398246553842909634e-05 8.060996151471044868e-06 2.688388849492184818e-05 1.435228841728530824e-05 2.757893162197433412e-05 2.671219135663704947e-06 3.180721250828355551e-06 4.927239569951780140e-05 7.892200301284901798e-06 6.860394205432385206e-05 4.291570121495169587e-07 1.856205199146643281e-05 3.398246553842909634e-05 8.060996151471044868e-06 2.688388849492184818e-05 1.435228841728530824e-05 2.757893162197433412e-05 2.671219135663704947e-06 3.180721250828355551e-06
3.480000000000000000e+03 5.040276300860568881e-05 2.426790888421237469e-04 2.490085898898541927e-04 5.383878374232153874e-07 1.821438490878790617e-05 3.357706737006083131e-05 7.878107680880930275e-06 2.624367152748163790e-05 1.405316470481920987e-05 2.692485395527910441e-05 2.643968400661833584e-06 3.200565288352663629e-06 4.881827044300734997e-05 7.619699317729100585e-06 6.684460822725668550e-05 4.260444654846651247e-07 1.821438490878790617e-05 3.357706737006083131e-05 7.878107680880930275e-06 2.624367152748163790e-05 1.405316470481920987e-05 2.692485395527910441e-05 2.643968400661833584e-06 3.200565288352663629e-06
3.490000000000000000e+03 4.995649942429736257e-05 2.384038089076057076e-04 2.442087570670992136e-04 5.336357276064518373e-07 1.787415021681226790e-05 3.317432856420055032e-05 7.699023626628331840e-06 2.561451037763617933e-05 1.376157160848379135e-05 2.628304901008959860e-05 2.617046902742004022e-06 3.222685563741833903e-06 4.835979780182242393e-05 7.364853445324115455e-06 6.510510138468816876e-05 4.229671333177975612e-07 1.787415021681226790e-05 3.317432856420055032e-05 7.699023626628331840e-06 2.561451037763617933e-05 1.376157160848379135e-05 2.628304901008959860e-05 2.617046902742004022e-06 3.222685563741833903e-06
3.500000000000000000e+03 4.950680886395275593e-05 2.341951185371726751e-04 2.394458861090242863e-04 5.290096964927215595e-07 1.754194454406388104e-05 3.277453288319520652e-05 7.523377917095785961e-06 2.499559377611149102e-05 1.347551005892455578e-05 2.565306567703373730e-05 2.589938048913609236e-06 3.245869947932078503e-06 4.789835293195210397e-05 7.127760454750386998e-06 6.338501407299190760e-05 4.199306431473814882e-07 1.754194454406388104e-05 3.277453288319520652e-05 7.523377917095785961e-06 2.499559377611149102e-05 1.347551005892455578e-05 2.565306567703373730e-05 2.589938048913609236e-06 3.245869947932078503e-06
3.510000000000000000e+03 4.905418245471082628e-05 2.300456108059734106e-04 2.347240806557238102e-04 5.245132683739939239e-07 1.721709304547403008e-05 3.237805140088312328e-05 7.351175099756801501e-06 2.438960291328839958e-05 1.319557668466586620e-05 2.503470932424534112e-05 2.562627742008771747e-06 3.269645958425826393e-06 4.743491444969549775e-05 6.907686838530935347e-06 6.168388063088059425e-05 4.169387466390617192e-07 1.721709304547403008e-05 3.237805140088312328e-05 7.351175099756801501e-06 2.438960291328839958e-05 1.319557668466586620e-05 2.503470932424534112e-05 2.562627742008771747e-06 3.269645958425826393e-06
3.520000000000000000e+03 4.859868568019010127e-05 2.259513275930657983e-04 2.300482010468840599e-04 5.201589488024183083e-07 1.689866257947869599e-05 3.198479680577293038e-05 7.182748504419578239e-06 2.379233410465531051e-05 1.292160868615610525e-05 2.442875847918912768e-05 2.535430439820629545e-06 3.295363512734184042e-06 4.696866380982100964e-05 6.703431154164718464e-06 6.000272696837782860e-05 4.139966449656640179e-07 1.689866257947869599e-05 3.198479680577293038e-05 7.182748504419578239e-06 2.379233410465531051e-05 1.292160868615610525e-05 2.442875847918912768e-05 2.535430439820629545e-06 3.295363512734184042e-06
3.530000000000000000e+03 4.814067870029248297e-05 2.219100570073351264e-04 2.254214050481095910e-04 5.159462261872249655e-07 1.658807013882324100e-05 3.159571133437566459e-05 7.017649750196142122e-06 2.320659405086189508e-05 1.265278388018487021e-05 2.383436913078185171e-05 2.508248826416092925e-06 3.321241592857404612e-06 4.650101254810579121e-05 6.514935648738173768e-06 5.834094190504401922e-05 4.111086582270218059e-07 1.658807013882324100e-05 3.159571133437566459e-05 7.017649750196142122e-06 2.320659405086189508e-05 1.265278388018487021e-05 2.383436913078185171e-05 2.508248826416092925e-06 3.321241592857404612e-06
3.540000000000000000e+03 4.768081998918205500e-05 2.179180737584829330e-04 2.208466321462765336e-04 5.118837407280807383e-07 1.628314203117042780e-05 3.121123518212698400e-05 6.856222171336412430e-06 2.262982525280676782e-05 1.238964250660501420e-05 2.325214700249489397e-05 2.480930561432614923e-06 3.349105327288270928e-06 4.603187335305847228e-05 6.341138032439630479e-06 5.669905294780619442e-05 4.082783107151044533e-07 1.628314203117042780e-05 3.121123518212698400e-05 6.856222171336412430e-06 2.262982525280676782e-05 1.238964250660501420e-05 2.325214700249489397e-05 2.480930561432614923e-06 3.349105327288270928e-06
3.550000000000000000e+03 4.721840741694904864e-05 2.139724238077178597e-04 2.163273748010396957e-04 5.079695597487443592e-07 1.598524977453052998e-05 3.083037518081255257e-05 6.698101969959679991e-06 2.206456520070787519e-05 1.213167888636235148e-05 2.268132084282115102e-05 2.453999968565767631e-06 3.377343773536267690e-06 4.556106796371750534e-05 6.181775916047627106e-06 5.507711830432526767e-05 4.055073077324777842e-07 1.598524977453052998e-05 3.083037518081255257e-05 6.698101969959679991e-06 2.206456520070787519e-05 1.213167888636235148e-05 2.268132084282115102e-05 2.453999968565767631e-06 3.377343773536267690e-06
3.560000000000000000e+03 4.675469972426071763e-05 2.100712299579754472e-04 2.118669508490711451e-04 5.042129487264901400e-07 1.569351115904282779e-05 3.045514495170209557e-05 6.543641120515530929e-06 2.150699765479657799e-05 1.187844645755831152e-05 2.212264553236309439e-05 2.427105073365964927e-06 3.407143594813533127e-06 4.508959318627603352e-05 6.035763362888246775e-06 5.347633850760757923e-05 4.027984061849565478e-07 1.569351115904282779e-05 3.045514495170209557e-05 6.543641120515530929e-06 2.150699765479657799e-05 1.187844645755831152e-05 2.212264553236309439e-05 2.427105073365964927e-06 3.407143594813533127e-06
3.570000000000000000e+03 4.628977330867201090e-05 2.062112762359902263e-04 2.074670774163678288e-04 5.006104402127675712e-07 1.540815901535097510e-05 3.008454223163425922e-05 6.392505838448414579e-06 2.096115167660173029e-05 1.163041633844841272e-05 2.157530616386793554e-05 2.400256335022277199e-06 3.437254463278804906e-06 4.461784919840283692e-05 5.902775228605605662e-06 5.189630246604792774e-05 4.001530555797216948e-07 1.540815901535097510e-05 3.008454223163425922e-05 6.392505838448414579e-06 2.096115167660173029e-05 1.163041633844841272e-05 2.157530616386793554e-05 2.400256335022277199e-06 3.437254463278804906e-06
3.580000000000000000e+03 4.582335895975120366e-05 2.023905253736302257e-04 2.031309704761952162e-04 4.971665816810855176e-07 1.512839844508562237e-05 2.971973844978492707e-05 6.244977157621178776e-06 2.042345840891357511e-05 1.138708557846257463e-05 2.103989572788123041e-05 2.373652250753366388e-06 3.468624072411330417e-06 4.414544309838674963e-05 5.781813342764507979e-06 5.033839624957181513e-05 3.975733022798522143e-07 1.512839844508562237e-05 2.971973844978492707e-05 6.244977157621178776e-06 2.042345840891357511e-05 1.138708557846257463e-05 2.103989572788123041e-05 2.373652250753366388e-06 3.468624072411330417e-06
3.590000000000000000e+03 4.535599509836174548e-05 1.986090646823868155e-04 1.988594594877213240e-04 4.938797815157158766e-07 1.485500251874327660e-05 2.936083546956069767e-05 6.100829523347783834e-06 1.989590600715018809e-05 1.114805672841612250e-05 2.051594674412626773e-05 2.347243253097985871e-06 3.500252660160185769e-06 4.367293149698525667e-05 5.672576207871316001e-06 4.880272535956464708e-05 3.950587768031255109e-07 1.485500251874327660e-05 2.936083546956069767e-05 6.100829523347783834e-06 1.989590600715018809e-05 1.114805672841612250e-05 2.051594674412626773e-05 2.347243253097985871e-06 3.500252660160185769e-06
3.600000000000000000e+03 4.488824197323992848e-05 1.948637800524011254e-04 1.946548873092979193e-04 4.907508923679415602e-07 1.458702627132879570e-05 2.900747676903847605e-05 5.960178441455354914e-06 1.937810156960040331e-05 1.091366357286460698e-05 2.000346285058185458e-05 2.320946805411949754e-06 3.532855089360964485e-06 4.320090738474391401e-05 5.574082479142816737e-06 4.729006832349114120e-05 3.926106444396282313e-07 1.458702627132879570e-05 2.900747676903847605e-05 5.960178441455354914e-06 1.937810156960040331e-05 1.091366357286460698e-05 2.000346285058185458e-05 2.320946805411949754e-06 3.532855089360964485e-06
3.610000000000000000e+03 4.441992496140301228e-05 1.911552099045366049e-04 1.905193639686331153e-04 4.877786636825476307e-07 1.432460976502625272e-05 2.866076829377561808e-05 5.822919774800539017e-06 1.886832251329906285e-05 1.068309211404994130e-05 1.950244950421620160e-05 2.294873866048874334e-06 3.565974566299701110e-06 4.272917431080713868e-05 5.485905603563878685e-06 4.580145832733251154e-05 3.902273135736322729e-07 1.432460976502625272e-05 2.866076829377561808e-05 5.822919774800539017e-06 1.886832251329906285e-05 1.068309211404994130e-05 1.950244950421620160e-05 2.294873866048874334e-06 3.565974566299701110e-06
3.620000000000000000e+03 4.395144060254096985e-05 1.874798035714775324e-04 1.864532678155228496e-04 4.849592869504704140e-07 1.406729006703244522e-05 2.832023710652720183e-05 5.689068530045915395e-06 1.836941555666271597e-05 1.045755834638839588e-05 1.901270115922670811e-05 2.268955540785100311e-06 3.599857564040576108e-06 4.225840893923304975e-05 5.407323897088645026e-06 4.433709909790195525e-05 3.879084431446244707e-07 1.406729006703244522e-05 2.832023710652720183e-05 5.689068530045915395e-06 1.836941555666271597e-05 1.045755834638839588e-05 1.901270115922670811e-05 2.268955540785100311e-06 3.599857564040576108e-06
3.630000000000000000e+03 4.348279617261141539e-05 1.838413736550137401e-04 1.824585488066077232e-04 4.822937285098305438e-07 1.381524907628772780e-05 2.798602872644551098e-05 5.558576049224939197e-06 1.787811015674378723e-05 1.023517506837379187e-05 1.853413959906902164e-05 2.243238441224093549e-06 3.634295580923208036e-06 4.178832023171707988e-05 5.337806214811280370e-06 4.289838761906139553e-05 3.856530099710653303e-07 1.381524907628772780e-05 2.798602872644551098e-05 5.558576049224939197e-06 1.787811015674378723e-05 1.023517506837379187e-05 1.853413959906902164e-05 2.243238441224093549e-06 3.634295580923208036e-06
3.640000000000000000e+03 4.301461376599036157e-05 1.802352926461026073e-04 1.785355270840227604e-04 4.797748829332704190e-07 1.356871780444635078e-05 2.765949284366797656e-05 5.431345925899222493e-06 1.739733488648198545e-05 1.001726013782899827e-05 1.806652107916306704e-05 2.217616838606772944e-06 3.668781118904007599e-06 4.131987589062191546e-05 5.276807769405422732e-06 4.148546213400550187e-05 3.834591382201324450e-07 1.356871780444635078e-05 2.765949284366797656e-05 5.431345925899222493e-06 1.739733488648198545e-05 1.001726013782899827e-05 1.806652107916306704e-05 2.217616838606772944e-06 3.668781118904007599e-06
3.650000000000000000e+03 4.254639497958123684e-05 1.766627829056233168e-04 1.746861526044085622e-04 4.774028639076277614e-07 1.332712417934089899e-05 2.733919063757639378e-05 5.307630544848507270e-06 1.692472869763150811e-05 9.803286047826986760e-06 1.761007843015249819e-05 2.192533884226577356e-06 3.704308483065688051e-06 4.085215186933055520e-05 5.223505013418616727e-06 4.009979238617233932e-05 3.813247815287468256e-07 1.332712417934089899e-05 2.733919063757639378e-05 5.307630544848507270e-06 1.692472869763150811e-05 9.803286047826986760e-06 1.761007843015249819e-05 2.192533884226577356e-06 3.704308483065688051e-06
3.660000000000000000e+03 4.207860183669254184e-05 1.731254596961662173e-04 1.709109928924590349e-04 4.751726407903333893e-07 1.309010440309066325e-05 2.702574965951498598e-05 5.187038368603680283e-06 1.646015516598708928e-05 9.592686183168552816e-06 1.716417864372488111e-05 2.167772663597133942e-06 3.739937028512940742e-06 4.038563565700314939e-05 5.177587809157557786e-06 3.874213507515378296e-05 3.792477798469917616e-07 1.309010440309066325e-05 2.702574965951498598e-05 5.187038368603680283e-06 1.646015516598708928e-05 9.592686183168552816e-06 1.716417864372488111e-05 2.167772663597133942e-06 3.739937028512940742e-06
3.670000000000000000e+03 4.161129618296399713e-05 1.696210965747013688e-04 1.672097569098696113e-04 4.730774207928334363e-07 1.285841426579281688e-05 2.672044865903444588e-05 5.069676717539550737e-06 1.600582072569523007e-05 9.386103556607849896e-06 1.672884172876365483e-05 2.143226083717308939e-06 3.775500317715341225e-06 3.992065467173233628e-05 5.138488177180988714e-06 3.741282489500008523e-05 3.772252625822147820e-07 1.285841426579281688e-05 2.672044865903444588e-05 5.069676717539550737e-06 1.600582072569523007e-05 9.386103556607849896e-06 1.672884172876365483e-05 2.143226083717308939e-06 3.775500317715341225e-06
3.680000000000000000e+03 4.114503099117428064e-05 1.661519199842587113e-04 1.635834196349605918e-04 4.711159533599129645e-07 1.263103968085488304e-05 2.642097024363465607e-05 4.955616986990207806e-06 1.555902599648106843e-05 9.182968824461568147e-06 1.630433507671114057e-05 2.118851398336119018e-06 3.811729811786790378e-06 3.945764547097496688e-05 5.105595846544019878e-06 3.611319698393344879e-05 3.752536201773182256e-07 1.263103968085488304e-05 2.642097024363465607e-05 4.955616986990207806e-06 1.555902599648106843e-05 9.182968824461568147e-06 1.630433507671114057e-05 2.118851398336119018e-06 3.811729811786790378e-06
3.690000000000000000e+03 4.068003545398823917e-05 1.627173041924834251e-04 1.600306277396157384e-04 4.692779498327581678e-07 1.240838355442974716e-05 2.612918979139067233e-05 4.844607701670611277e-06 1.512278959125978872e-05 8.983423867903184146e-06 1.588993654877413064e-05 2.094597675750264898e-06 3.847646439680829644e-06 3.899722651112824678e-05 5.078577032691100612e-06 3.484309127088636160e-05 3.733294704488798743e-07 1.240838355442974716e-05 2.612918979139067233e-05 4.844607701670611277e-06 1.512278959125978872e-05 8.983423867903184146e-06 1.588993654877413064e-05 2.094597675750264898e-06 3.847646439680829644e-06
3.700000000000000000e+03 4.021589120384305716e-05 1.593174965819343925e-04 1.565537968417629600e-04 4.675619607041880954e-07 1.219051500811474398e-05 2.584389403637032956e-05 4.736890787171432748e-06 1.469381095375865698e-05 8.787747901806142181e-06 1.548599175293929875e-05 2.070781192742288113e-06 3.884780653606867418e-06 3.853828457067720592e-05 5.056737791164778173e-06 3.360446498845703900e-05 3.714498006957001053e-07 1.219051500811474398e-05 2.584389403637032956e-05 4.736890787171432748e-06 1.469381095375865698e-05 8.787747901806142181e-06 1.548599175293929875e-05 2.070781192742288113e-06 3.884780653606867418e-06
3.710000000000000000e+03 3.975311119575053453e-05 1.559551164973527193e-04 1.531515736132860184e-04 4.659576973153889412e-07 1.197708206746028736e-05 2.556667277531232685e-05 4.631970568880205974e-06 1.427415281796129420e-05 8.595255167165305465e-06 1.509174671809887514e-05 2.047185262199491262e-06 3.921201823686715215e-06 3.808178371400572360e-05 5.039897587266750634e-06 3.239719444536603987e-05 3.696090971061494201e-07 1.197708206746028736e-05 2.556667277531232685e-05 4.631970568880205974e-06 1.427415281796129420e-05 8.595255167165305465e-06 1.509174671809887514e-05 2.047185262199491262e-06 3.921201823686715215e-06
3.720000000000000000e+03 3.929174999939277768e-05 1.526292908238247037e-04 1.498245255788788199e-04 4.644611237836215878e-07 1.176778368972009048e-05 2.529566700104624033e-05 4.530087608145549893e-06 1.386285475746262819e-05 8.405836524616461247e-06 1.470736697228858247e-05 2.023899469349998981e-06 3.957298758905380964e-06 3.762760752579197288e-05 5.027448423788882792e-06 3.122230191365815699e-05 3.678047164612507913e-07 1.176778368972009048e-05 2.529566700104624033e-05 4.530087608145549893e-06 1.386285475746262819e-05 8.405836524616461247e-06 1.470736697228858247e-05 2.023899469349998981e-06 3.957298758905380964e-06
3.730000000000000000e+03 3.883203316945582628e-05 1.493409072281792760e-04 1.465715031372383237e-04 4.630653052117850166e-07 1.156295184046030045e-05 2.503318864910397679e-05 4.431367415236309171e-06 1.346021053905133158e-05 8.220185918617062271e-06 1.433290435670642182e-05 2.000875838348292746e-06 3.993825885117985308e-06 3.717579238582402468e-05 5.018932824896182865e-06 3.008012754435185343e-05 3.660318839138199110e-07 1.156295184046030045e-05 2.503318864910397679e-05 4.431367415236309171e-06 1.346021053905133158e-05 8.220185918617062271e-06 1.433290435670642182e-05 2.000875838348292746e-06 3.993825885117985308e-06
3.740000000000000000e+03 3.837425538222305477e-05 1.460906642023473978e-04 1.433914731023833156e-04 4.617606350620917510e-07 1.136226637754589319e-05 2.477550879120826721e-05 4.335498942964477465e-06 1.306627655139891431e-05 8.038523446884937584e-06 1.396811512677231804e-05 1.978142790903802961e-06 4.031609478261088952e-06 3.672678940347395837e-05 5.014141606807243079e-06 2.897126432799268514e-05 3.642850572305178503e-07 1.136226637754589319e-05 2.477550879120826721e-05 4.335498942964477465e-06 1.306627655139891431e-05 8.038523446884937584e-06 1.396811512677231804e-05 1.978142790903802961e-06 4.031609478261088952e-06
3.750000000000000000e+03 3.791848575929179788e-05 1.428822142770513892e-04 1.402842026436701417e-04 4.605391268341918476e-07 1.116622934205224738e-05 2.452618900861125439e-05 4.242162049195030704e-06 1.268194955628132448e-05 7.859317520342301577e-06 1.361203430860769004e-05 1.955593461389071308e-06 4.067585450684418902e-06 3.628086415119469166e-05 5.012701876694336534e-06 2.789599602692760527e-05 3.625594615641603014e-07 1.116622934205224738e-05 2.452618900861125439e-05 4.242162049195030704e-06 1.268194955628132448e-05 7.859317520342301577e-06 1.361203430860769004e-05 1.955593461389071308e-06 4.067585450684418902e-06
3.760000000000000000e+03 3.746490983758121729e-05 1.397144224029034376e-04 1.372504630126059055e-04 4.593997857682552421e-07 1.097391941584646702e-05 2.428293919365387410e-05 4.151901521254330873e-06 1.230445923283696175e-05 7.683213880227413028e-06 1.326557503489311785e-05 1.933301518874941394e-06 4.104107119928812608e-06 3.583763100323267281e-05 5.014112048229435459e-06 2.685527397261466831e-05 3.608520842135476414e-07 1.097391941584646702e-05 2.428293919365387410e-05 4.151901521254330873e-06 1.230445923283696175e-05 7.683213880227413028e-06 1.326557503489311785e-05 1.933301518874941394e-06 4.104107119928812608e-06
3.770000000000000000e+03 3.701336754602380097e-05 1.365881762467324734e-04 1.342878531431779265e-04 4.583261556945217308e-07 1.078605328075354919e-05 2.404731458227615803e-05 4.064303993800422177e-06 1.193599473481299356e-05 7.510833711421582848e-06 1.292805700359167531e-05 1.911517983899102546e-06 4.140516011830186471e-06 3.539717363310046494e-05 5.018200681661255658e-06 2.584894173196516931e-05 3.591563029203825863e-07 1.078605328075354919e-05 2.404731458227615803e-05 4.064303993800422177e-06 1.193599473481299356e-05 7.510833711421582848e-06 1.292805700359167531e-05 1.911517983899102546e-06 4.140516011830186471e-06
3.780000000000000000e+03 3.656472472357563674e-05 1.335060806013643742e-04 1.313946559093892574e-04 4.573132059704221319e-07 1.060219256032723933e-05 2.381724880251567811e-05 3.979344910476356745e-06 1.157667611551005393e-05 7.341651325987186283e-06 1.259936834685504436e-05 1.889661689347121865e-06 4.176901711616665125e-06 3.496066710795275867e-05 5.024649453844176605e-06 2.487700658093672246e-05 3.574661207039753208e-07 1.060219256032723933e-05 2.381724880251567811e-05 3.979344910476356745e-06 1.157667611551005393e-05 7.341651325987186283e-06 1.259936834685504436e-05 1.889661689347121865e-06 4.176901711616665125e-06
3.790000000000000000e+03 3.611859210650436580e-05 1.304685574723407626e-04 1.285712933167815208e-04 4.563555080494552385e-07 1.042250369209796190e-05 2.359391328354831785e-05 3.896958787663606927e-06 1.122495177696691826e-05 7.175547580118291080e-06 1.227940447279252112e-05 1.868208300948026590e-06 4.213056399748893455e-06 3.452700912021100521e-05 5.033140041632577777e-06 2.394025796093046665e-05 3.557789227670582477e-07 1.042250369209796190e-05 2.359391328354831785e-05 3.896958787663606927e-06 1.122495177696691826e-05 7.175547580118291080e-06 1.227940447279252112e-05 1.868208300948026590e-06 4.213056399748893455e-06
3.800000000000000000e+03 3.567540989024564624e-05 1.274763635592535138e-04 1.258152478840202093e-04 4.554409258616942680e-07 1.024670200422406197e-05 2.337777914362959564e-05 3.817163815256208181e-06 1.088229055312694982e-05 7.012677997408900410e-06 1.196785524371080101e-05 1.846813233896682505e-06 4.248762252245796844e-06 3.409721830394119024e-05 5.043431883677840233e-06 2.303820474480744451e-05 3.540873478868888924e-07 1.024670200422406197e-05 2.337777914362959564e-05 3.817163815256208181e-06 1.088229055312694982e-05 7.012677997408900410e-06 1.196785524371080101e-05 1.846813233896682505e-06 4.248762252245796844e-06
3.810000000000000000e+03 3.523483610479161143e-05 1.245313760591670871e-04 1.231261558132246137e-04 4.545632634744833922e-07 1.007453283818904310e-05 2.316722930117975920e-05 3.739824023796245456e-06 1.054718904924811795e-05 6.853007562312996015e-06 1.166464335256023332e-05 1.825892582019150723e-06 4.284373517293715850e-06 3.367046519997529685e-05 5.055275778431678191e-06 2.217119981651194394e-05 3.523874454458564287e-07 1.007453283818904310e-05 2.316722930117975920e-05 3.739824023796245456e-06 1.054718904924811795e-05 6.853007562312996015e-06 1.166464335256023332e-05 1.825892582019150723e-06 4.284373517293715850e-06
3.820000000000000000e+03 3.479756560409441590e-05 1.216351156472228467e-04 1.205017615575343370e-04 4.537135964710614644e-07 9.907023013511206955e-06 2.296289312653243542e-05 3.664797759483917616e-06 1.022051310428651050e-05 6.696122454741271213e-06 1.136944047175347805e-05 1.805143028832389973e-06 4.319353138271253556e-06 3.324768840684555471e-05 5.068469818070298061e-06 2.133890848199371248e-05 3.506732184632710414e-07 9.907023013511206955e-06 2.296289312653243542e-05 3.664797759483917616e-06 1.022051310428651050e-05 6.696122454741271213e-06 1.136944047175347805e-05 1.805143028832389973e-06 4.319353138271253556e-06
3.830000000000000000e+03 3.436353654251433909e-05 1.187879970530048013e-04 1.179410755867138505e-04 4.528860984009952517e-07 9.742750989971682429e-06 2.276413033541757613e-05 3.592209395719692111e-06 9.901479643303900957e-06 6.542647952301194891e-06 1.108231936086667702e-05 1.784698838491749484e-06 4.354733846412273124e-06 3.282852776465006173e-05 5.082785719423554838e-06 2.054128526651766151e-05 3.489421374069934245e-07 9.742750989971682429e-06 2.276413033541757613e-05 3.592209395719692111e-06 9.901479643303900957e-06 6.542647952301194891e-06 1.108231936086667702e-05 1.784698838491749484e-06 4.354733846412273124e-06
3.840000000000000000e+03 3.393322549527511001e-05 1.159903185907751322e-04 1.154418059741146863e-04 4.520685763509391109e-07 9.582583516021259129e-06 2.257164123875554651e-05 3.521770850056782365e-06 9.592037713446188718e-06 6.392284376488532871e-06 1.080272795661585405e-05 1.764285684657806996e-06 4.389350579003803432e-06 3.241358717787079513e-05 5.098032033856725320e-06 1.977770443772897124e-05 3.471863578852207866e-07 9.582583516021259129e-06 2.257164123875554651e-05 3.521770850056782365e-06 9.592037713446188718e-06 6.392284376488532871e-06 1.080272795661585405e-05 1.764285684657806996e-06 4.389350579003803432e-06
3.850000000000000000e+03 3.350646875333040953e-05 1.132453035097569227e-04 1.130028613260947168e-04 4.512599218742252560e-07 9.425965799891855568e-06 2.238464549009222537e-05 3.453654016993823461e-06 9.289303307014051825e-06 6.244592441362328827e-06 1.053092819347511977e-05 1.744126848279847763e-06 4.423395694175269455e-06 3.200255378033034503e-05 5.114044597576139495e-06 1.904823147924616933e-05 3.454045724993193289e-07 9.425965799891855568e-06 2.238464549009222537e-05 3.453654016993823461e-06 9.289303307014051825e-06 6.244592441362328827e-06 1.053092819347511977e-05 1.744126848279847763e-06 4.423395694175269455e-06
3.860000000000000000e+03 3.308351006126031280e-05 1.105514384107664227e-04 1.106214767787605524e-04 4.504475157318665879e-07 9.273243449570145458e-06 2.220315764134284109e-05 3.387639253560337238e-06 8.995330063044093549e-06 6.100362043071072549e-06 1.026649715640814975e-05 1.724132744129747152e-06 4.457534032553667203e-06 3.159585685352794826e-05 5.130654244567267597e-06 1.835199327615555376e-05 3.435918927152670221e-07 9.273243449570145458e-06 2.220315764134284109e-05 3.387639253560337238e-06 8.995330063044093549e-06 6.100362043071072549e-06 1.026649715640814975e-05 1.724132744129747152e-06 4.457534032553667203e-06
3.870000000000000000e+03 3.266425483161583543e-05 1.079108405974693596e-04 1.082970557035878301e-04 4.496268957154825330e-07 9.124471034738235176e-06 2.202695395681075752e-05 3.323671307953190990e-06 8.709310350241139531e-06 5.958882866252679378e-06 1.000918564386665821e-05 1.704517103462421801e-06 4.490792434808099642e-06 3.119290340691804886e-05 5.147704541741404682e-06 1.768874790286645293e-05 3.417436289510078495e-07 9.124471034738235176e-06 2.202695395681075752e-05 3.323671307953190990e-06 8.709310350241139531e-06 5.958882866252679378e-06 1.000918564386665821e-05 1.704517103462421801e-06 4.490792434808099642e-06
3.880000000000000000e+03 3.224896136089228094e-05 1.053251180564984679e-04 1.060271679307334125e-04 4.487930596042133402e-07 8.979004633147269487e-06 2.185616176575422287e-05 3.261739720983314328e-06 8.430156412941869348e-06 5.820153091917745769e-06 9.759062777447979897e-06 1.685120309957710560e-06 4.523755251284455881e-06 3.079434463870711625e-05 5.165061338630039245e-06 1.705784961814060807e-05 3.398579906388476957e-07 8.979004633147269487e-06 2.185616176575422287e-05 3.261739720983314328e-06 8.430156412941869348e-06 5.820153091917745769e-06 9.759062777447979897e-06 1.685120309957710560e-06 4.523755251284455881e-06
3.890000000000000000e+03 3.183782609994523227e-05 1.027933685691095889e-04 1.038096743286587298e-04 4.479373103549733059e-07 8.837409041007049382e-06 2.169048275391105562e-05 3.201723302481696010e-06 8.159219760273117572e-06 5.684674761141650379e-06 9.515698366158176214e-06 1.665825607233273331e-06 4.556157364277169108e-06 3.040012416022364050e-05 5.182604581932537258e-06 1.645842894504312426e-05 3.379305724138248479e-07 8.837409041007049382e-06 2.169048275391105562e-05 3.201723302481696010e-06 8.159219760273117572e-06 5.684674761141650379e-06 9.515698366158176214e-06 1.665825607233273331e-06 4.556157364277169108e-06
3.900000000000000000e+03 3.143126741633750498e-05 1.003172728815115988e-04 1.016422465909272432e-04 4.470548162771592615e-07 8.699450518179219216e-06 2.153053173969965428e-05 3.143580897813080810e-06 7.896275747043546289e-06 5.551994036068208516e-06 9.279063306166790426e-06 1.646517375775147229e-06 4.587918283505132422e-06 3.001095865329261869e-05 5.200194664212176576e-06 1.588969280419405550e-05 3.359588447438000003e-07 8.699450518179219216e-06 2.153053173969965428e-05 3.143580897813080810e-06 7.896275747043546289e-06 5.551994036068208516e-06 9.279063306166790426e-06 1.646517375775147229e-06 4.587918283505132422e-06
3.910000000000000000e+03 3.102900518570095301e-05 9.789632895262911916e-05 9.952468099072575569e-05 4.461430478386319010e-07 8.564503332308959216e-06 2.137397132173646241e-05 3.087257255174336024e-06 7.639998329977970570e-06 5.422426511358935386e-06 9.049005711858626455e-06 1.627479605303960852e-06 4.619852916221134365e-06 2.962585858767852187e-05 5.217740635998779908e-06 1.535122100904118270e-05 3.339416423386865063e-07 8.564503332308959216e-06 2.137397132173646241e-05 3.087257255174336024e-06 7.639998329977970570e-06 5.422426511358935386e-06 9.049005711858626455e-06 1.627479605303960852e-06 4.619852916221134365e-06
3.920000000000000000e+03 3.063088661292567849e-05 9.553150448482483625e-05 9.745384886628016829e-05 4.451931658877583686e-07 8.433501534454990178e-06 2.122259320458397269e-05 3.032554332094150595e-06 7.391686267510522157e-06 5.295490154821891338e-06 8.825029908621218055e-06 1.608875436431844719e-06 4.649838501791236922e-06 2.924524960690177977e-05 5.235182925389381126e-06 1.484184667788213119e-05 3.318758672321564518e-07 8.433501534454990178e-06 2.122259320458397269e-05 3.032554332094150595e-06 7.391686267510522157e-06 5.295490154821891338e-06 8.825029908621218055e-06 1.608875436431844719e-06 4.649838501791236922e-06
3.930000000000000000e+03 3.023776662303134799e-05 9.322327969130128622e-05 9.542843326926231384e-05 4.442074157395836664e-07 8.305522896989714354e-06 2.107524778693914413e-05 2.979620376208913513e-06 7.149748853407800198e-06 5.171277280169306323e-06 8.607487870904151350e-06 1.590193505762727000e-06 4.680349775298964232e-06 2.886960646719671786e-05 5.252330993243958801e-06 1.436083312000846490e-05 3.297621162801078754e-07 8.305522896989714354e-06 2.107524778693914413e-05 2.979620376208913513e-06 7.149748853407800198e-06 5.171277280169306323e-06 8.607487870904151350e-06 1.590193505762727000e-06 4.680349775298964232e-06
3.940000000000000000e+03 2.984915772685781121e-05 9.097071597352623940e-05 9.344620775664225221e-05 4.431763329648674699e-07 8.181023076758719981e-06 2.093228067678865045e-05 2.928234380306093954e-06 6.916206530149793252e-06 5.050204435974592343e-06 8.395624718104954809e-06 1.571880602568853647e-06 4.709967015514848754e-06 2.849861630238592625e-05 5.269207122182706371e-06 1.390712623106082901e-05 3.275982294326240662e-07 8.181023076758719981e-06 2.093228067678865045e-05 2.928234380306093954e-06 6.916206530149793252e-06 5.050204435974592343e-06 8.395624718104954809e-06 1.571880602568853647e-06 4.709967015514848754e-06
3.950000000000000000e+03 2.946538370451889932e-05 8.877465006662532687e-05 9.150606638286262751e-05 4.421027028911339585e-07 8.059634637902490795e-06 2.079362820950336754e-05 2.878476607293123379e-06 6.688692792522488162e-06 4.931752755510387942e-06 8.189809705072548240e-06 1.553729589431895874e-06 4.739415999210905284e-06 2.813215724017936736e-05 5.285709448799025267e-06 1.347981742583215237e-05 3.253852014495350886e-07 8.059634637902490795e-06 2.079362820950336754e-05 2.878476607293123379e-06 6.688692792522488162e-06 4.931752755510387942e-06 8.189809705072548240e-06 1.553729589431895874e-06 4.739415999210905284e-06
3.960000000000000000e+03 2.908670830947812647e-05 8.663512562634423375e-05 8.960528793977573514e-05 4.409807843330781907e-07 7.941972398839425296e-06 2.065876105916686356e-05 2.830195626302156597e-06 6.468542324000736699e-06 4.816011369257466868e-06 7.989653568074572831e-06 1.535475007585773710e-06 4.767330210597719997e-06 2.777118970698211342e-05 5.301740202412474900e-06 1.307770253333728760e-05 3.231220091493014479e-07 7.941972398839425296e-06 2.065876105916686356e-05 2.830195626302156597e-06 6.468542324000736699e-06 4.816011369257466868e-06 7.989653568074572831e-06 1.535475007585773710e-06 4.767330210597719997e-06
3.970000000000000000e+03 2.871286051231436431e-05 8.455096394754946232e-05 8.774350135354325175e-05 4.398115152071113698e-07 7.827135050320066512e-06 2.052777381322812289e-05 2.783308445941656828e-06 6.254747859202325344e-06 4.703129889094270766e-06 7.795037163305096328e-06 1.517539203632622957e-06 4.795264885615324602e-06 2.741486059676390141e-05 5.317311206454178318e-06 1.270022585231345147e-05 3.208097609785909299e-07 7.827135050320066512e-06 2.052777381322812289e-05 2.783308445941656828e-06 6.254747859202325344e-06 4.703129889094270766e-06 7.795037163305096328e-06 1.517539203632622957e-06 4.795264885615324602e-06
3.980000000000000000e+03 2.834396036632824689e-05 8.252303086919710040e-05 8.591895311838015914e-05 4.385918543903244426e-07 7.715440915490034968e-06 2.040003346337471157e-05 2.737665226959506981e-06 6.047461283742450178e-06 4.592736331687774509e-06 7.605587143189040944e-06 1.499898530710197520e-06 4.822131359105696902e-06 2.706332452362403274e-05 5.332275122782448307e-06 1.234607407241128385e-05 3.184494232755241683e-07 7.715440915490034968e-06 2.040003346337471157e-05 2.737665226959506981e-06 6.047461283742450178e-06 4.592736331687774509e-06 7.605587143189040944e-06 1.499898530710197520e-06 4.822131359105696902e-06
3.990000000000000000e+03 2.798044079099781811e-05 8.054889622144401073e-05 8.413020259467884898e-05 4.373237061372492462e-07 7.606722192576853558e-06 2.027527989412192255e-05 2.693451278901193291e-06 5.847206466569332406e-06 4.485387762542814016e-06 7.421440841426374391e-06 1.482090283388970420e-06 4.848862772632855922e-06 2.671727088454645127e-05 5.346645139070460573e-06 1.201429313368862495e-05 3.160432697768555954e-07 7.606722192576853558e-06 2.027527989412192255e-05 2.693451278901193291e-06 5.847206466569332406e-06 4.485387762542814016e-06 7.421440841426374391e-06 1.482090283388970420e-06 4.848862772632855922e-06
4.000000000000000000e+03 2.762201984296552837e-05 7.862976053729653358e-05 8.237633301177993417e-05 4.360064451702783117e-07 7.500880201405379921e-06 2.015405698330141604e-05 2.650366468515130691e-06 5.653018433804390952e-06 4.380274731374811381e-06 7.242103038151981309e-06 1.464573870180174708e-06 4.874127171206055209e-06 2.637610305100679398e-05 5.360384420782793313e-06 1.170396444649668410e-05 3.135926647246378707e-07 7.500880201405379921e-06 2.015405698330141604e-05 2.650366468515130691e-06 5.653018433804390952e-06 4.380274731374811381e-06 7.242103038151981309e-06 1.464573870180174708e-06 4.874127171206055209e-06
4.010000000000000000e+03 2.726862658164463937e-05 7.676477252971380949e-05 8.065593283390626311e-05 4.346411515143699944e-07 7.398193702101707458e-06 2.003669033001642674e-05 2.608440354379126802e-06 5.464597052196040750e-06 4.277582320355577394e-06 7.067654678394319490e-06 1.447315071345656179e-06 4.899048235529335216e-06 2.603994289529509842e-05 5.373445219447603449e-06 1.141417487815488130e-05 3.110991997345990967e-07 7.398193702101707458e-06 2.003669033001642674e-05 2.608440354379126802e-06 5.464597052196040750e-06 4.277582320355577394e-06 7.067654678394319490e-06 1.447315071345656179e-06 4.899048235529335216e-06
4.020000000000000000e+03 2.692090129130519927e-05 7.495215686503797770e-05 7.896748138591647148e-05 4.332276546392677119e-07 7.298200216609984636e-06 1.992201578104868531e-05 2.567707269918173552e-06 5.282561232888838276e-06 4.177804839855525643e-06 6.898060291860019788e-06 1.430026372872816864e-06 4.923329015582567081e-06 2.570914148236624897e-05 5.385828899306943640e-06 1.114372025767806917e-05 3.085664275204180740e-07 7.298200216609984636e-06 1.992201578104868531e-05 2.567707269918173552e-06 5.282561232888838276e-06 4.177804839855525643e-06 6.898060291860019788e-06 1.430026372872816864e-06 4.923329015582567081e-06
4.030000000000000000e+03 2.657825280039105564e-05 7.319146970985457301e-05 7.731056393822655082e-05 4.317674608955712756e-07 7.200815161922946572e-06 1.980970773729495704e-05 2.528027152948197909e-06 5.106538537802407518e-06 4.080525741301244125e-06 6.732973361067706719e-06 1.412996198268956505e-06 4.947001343680312857e-06 2.538334592827595770e-05 5.397461336542619392e-06 1.089176566893002018e-05 3.059961102280794876e-07 7.200815161922946572e-06 1.980970773729495704e-05 2.528027152948197909e-06 5.106538537802407518e-06 4.080525741301244125e-06 6.732973361067706719e-06 1.412996198268956505e-06 4.947001343680312857e-06
4.040000000000000000e+03 2.624116132210474461e-05 7.148242730181664228e-05 7.568443834315985441e-05 4.302654019738838542e-07 7.105934400897240266e-06 1.969962067960295826e-05 2.489303597030811943e-06 4.935704509989591315e-06 3.985568582720588893e-06 6.572280199179658666e-06 1.396087441207782831e-06 4.969821475242497399e-06 2.506297096260823309e-05 5.408387551142368466e-06 1.065746619133278728e-05 3.033929658613487845e-07 7.105934400897240266e-06 1.969962067960295826e-05 2.489303597030811943e-06 4.935704509989591315e-06 3.985568582720588893e-06 6.572280199179658666e-06 1.396087441207782831e-06 4.969821475242497399e-06
4.050000000000000000e+03 2.590941767266485840e-05 6.982314516790211201e-05 7.408805686281993985e-05 4.287205399577942444e-07 7.013963568169856444e-06 1.959292421815916896e-05 2.451540012771147303e-06 4.771077783516375348e-06 3.892986114806262776e-06 6.415778443624731153e-06 1.379264062961738091e-06 4.991562036593677476e-06 2.474790562700945884e-05 5.418523869593627751e-06 1.043982229020912200e-05 3.007585576142446371e-07 7.013963568169856444e-06 1.959292421815916896e-05 2.451540012771147303e-06 4.771077783516375348e-06 3.892986114806262776e-06 6.415778443624731153e-06 1.379264062961738091e-06 4.991562036593677476e-06
4.060000000000000000e+03 2.558318374212831259e-05 6.821275019319728017e-05 7.252098293974995613e-05 4.271380760201282101e-07 6.924602985236560926e-06 1.948729004652705044e-05 2.414776190562406555e-06 4.611406438925769180e-06 3.802794253715546802e-06 6.263640443648910150e-06 1.362596663057047408e-06 5.012693691242020577e-06 2.443788616801612079e-05 5.427931228041416034e-06 1.023798631649697199e-05 2.980978877076267963e-07 6.924602985236560926e-06 1.948729004652705044e-05 2.414776190562406555e-06 4.611406438925769180e-06 3.802794253715546802e-06 6.263640443648910150e-06 1.362596663057047408e-06 5.012693691242020577e-06
4.070000000000000000e+03 2.526230127841699868e-05 6.665122054982930422e-05 7.098239439073950052e-05 4.255171859313122695e-07 6.837574801465962082e-06 1.938454624905716628e-05 2.378769522692891769e-06 4.456917849893216044e-06 3.714930926435044967e-06 6.115470569056924433e-06 1.346110479971684981e-06 5.033512934460304677e-06 2.413342190266121179e-05 5.436618721432751045e-06 1.005125250230776146e-05 2.954124909138045041e-07 6.837574801465962082e-06 1.938454624905716628e-05 2.378769522692891769e-06 4.456917849893216044e-06 3.714930926435044967e-06 6.115470569056924433e-06 1.346110479971684981e-06 5.033512934460304677e-06
4.080000000000000000e+03 2.494705222488846630e-05 6.513591506518423557e-05 6.947181827854365110e-05 4.238628434904967435e-07 6.752753961336566135e-06 1.928305391629692167e-05 2.343594360354472883e-06 4.307764356781262904e-06 3.629401817306643352e-06 5.971145583316683769e-06 1.329720134890521877e-06 5.053332643001340330e-06 2.383436367381364107e-05 5.444511316454736516e-06 9.878618584480136633e-06 2.927074831404752331e-07 6.752753961336566135e-06 1.928305391629692167e-05 2.343594360354472883e-06 4.307764356781262904e-06 3.629401817306643352e-06 5.971145583316683769e-06 1.329720134890521877e-06 5.053332643001340330e-06
4.090000000000000000e+03 2.463723467371892184e-05 6.366569141391664743e-05 6.798946560593321919e-05 4.221771519041794818e-07 6.670448783552274108e-06 1.918495763675309718e-05 2.309167484781937674e-06 4.163881385466083884e-06 3.545977733665495180e-06 5.830539066664641723e-06 1.313489747190033086e-06 5.071623036201344803e-06 2.354044227104168385e-05 5.451606284623267129e-06 9.719337867863941938e-06 2.899864455230272142e-07 6.670448783552274108e-06 1.918495763675309718e-05 2.309167484781937674e-06 4.163881385466083884e-06 3.545977733665495180e-06 5.830539066664641723e-06 1.313489747190033086e-06 5.071623036201344803e-06
4.100000000000000000e+03 2.433299778203945607e-05 6.224063690751791000e-05 6.653455056948587298e-05 4.204665629004011862e-07 6.590416433027712628e-06 1.908718331833370030e-05 2.275552105857059360e-06 4.023875135317211971e-06 3.464769179117865860e-06 5.693824732588836923e-06 1.297417497880815063e-06 5.090471404400886968e-06 2.325184323126450181e-05 5.458022769744275138e-06 9.572855560691095889e-06 2.872534139441995649e-07 6.590416433027712628e-06 1.908718331833370030e-05 2.275552105857059360e-06 4.023875135317211971e-06 3.464769179117865860e-06 5.693824732588836923e-06 1.297417497880815063e-06 5.090471404400886968e-06
4.110000000000000000e+03 2.403431790298782289e-05 6.085798668209463358e-05 6.510581442853435874e-05 4.187262447885586880e-07 6.512677828141022474e-06 1.899180097097996622e-05 2.242498567284201272e-06 3.890110747306607664e-06 3.385887112017371692e-06 5.560435056395363063e-06 1.281319327972596511e-06 5.107397555548232049e-06 2.296888305863831192e-05 5.463698471430689096e-06 9.438287634111475199e-06 2.845097242243355140e-07 6.512677828141022474e-06 1.899180097097996622e-05 2.242498567284201272e-06 3.890110747306607664e-06 3.385887112017371692e-06 5.560435056395363063e-06 1.281319327972596511e-06 5.107397555548232049e-06
4.120000000000000000e+03 2.374097493884619325e-05 5.951792627456597984e-05 6.370517803588882089e-05 4.169695557720842771e-07 6.436619969463208690e-06 1.889740269689355046e-05 2.210223783549736254e-06 3.759304718187195249e-06 3.308722853034851141e-06 5.430689270724542439e-06 1.265617697754350957e-06 5.123695700604002923e-06 2.269089782203081995e-05 5.468621566251385957e-06 9.315060196968261153e-06 2.817622544171172194e-07 6.436619969463208690e-06 1.889740269689355046e-05 2.210223783549736254e-06 3.759304718187195249e-06 3.308722853034851141e-06 5.430689270724542439e-06 1.265617697754350957e-06 5.123695700604002923e-06
4.130000000000000000e+03 2.345325083297211677e-05 5.821878585265949368e-05 6.233033491298556328e-05 4.151917210037936457e-07 6.362693511618999764e-06 1.880439231172204018e-05 2.178516979256528430e-06 3.633395181168452837e-06 3.233667030144715682e-06 5.304262685967842117e-06 1.249942897629807703e-06 5.139321729075163603e-06 2.241847869299817830e-05 5.472898465086473152e-06 9.202552973874844611e-06 2.790114308481861372e-07 6.362693511618999764e-06 1.880439231172204018e-05 2.178516979256528430e-06 3.633395181168452837e-06 3.233667030144715682e-06 5.304262685967842117e-06 1.249942897629807703e-06 5.139321729075163603e-06
4.140000000000000000e+03 2.317093094461597502e-05 5.695851723430678248e-05 6.098191079217940569e-05 4.133960089802712901e-07 6.290998953772941604e-06 1.871261883934494108e-05 2.147364057236700319e-06 3.512107014103094116e-06 3.160782625855063088e-06 5.181053893466014415e-06 1.234455567100667395e-06 5.154091923031955957e-06 2.215132735727820545e-05 5.476516435010125861e-06 9.100099305214826018e-06 2.762622557384020183e-07 6.290998953772941604e-06 1.871261883934494108e-05 2.147364057236700319e-06 3.512107014103094116e-06 3.160782625855063088e-06 5.181053893466014415e-06 1.234455567100667395e-06 5.154091923031955957e-06
4.150000000000000000e+03 2.289424446644261479e-05 5.573655289481393993e-05 5.966008029645308852e-05 4.115892977551993681e-07 6.220927843969548121e-06 1.862131648522336036e-05 2.116821406161761843e-06 3.394603481865487993e-06 3.089819529122905806e-06 5.061094725533621386e-06 1.219045770994853228e-06 5.168360530660720542e-06 2.188948201364837587e-05 5.479420906340237707e-06 9.007072549138683826e-06 2.735178554758022074e-07 6.220927843969548121e-06 1.862131648522336036e-05 2.116821406161761843e-06 3.394603481865487993e-06 3.089819529122905806e-06 5.061094725533621386e-06 1.219045770994853228e-06 5.168360530660720542e-06
4.160000000000000000e+03 2.262292764498852193e-05 5.455187056213617325e-05 5.836449781781993806e-05 4.097713315331930062e-07 6.152878540888195857e-06 1.853141657193191350e-05 2.086686890834243968e-06 3.281224962847772986e-06 3.020631083927582949e-06 4.944049578625708818e-06 1.203764668389339931e-06 5.181500000617234036e-06 2.163296630897093564e-05 5.481701009557582438e-06 8.923031600716058165e-06 2.707813564484240487e-07 6.152878540888195857e-06 1.853141657193191350e-05 2.086686890834243968e-06 3.281224962847772986e-06 3.020631083927582949e-06 4.944049578625708818e-06 1.203764668389339931e-06 5.181500000617234036e-06
4.170000000000000000e+03 2.235683859908021986e-05 5.340330972103402019e-05 5.709521792596206069e-05 4.079461461969913216e-07 6.086439043428981677e-06 1.844270263973157853e-05 2.057106485153781250e-06 3.171425987602560781e-06 2.953042439912678674e-06 4.830088073504157364e-06 1.188901251225615852e-06 5.193527613300830126e-06 2.138140553142875433e-05 5.483355835167458281e-06 8.847373464959673584e-06 2.680554871403728612e-07 6.086439043428981677e-06 1.844270263973157853e-05 2.057106485153781250e-06 3.171425987602560781e-06 2.953042439912678674e-06 4.830088073504157364e-06 1.188901251225615852e-06 5.193527613300830126e-06
4.180000000000000000e+03 2.209643389505799860e-05 5.228860027273185551e-05 5.585134204011410475e-05 4.061158449530921644e-07 6.021626631991239265e-06 1.835425246099475771e-05 2.028122480624006130e-06 3.066082626901334152e-06 2.887661821660003625e-06 4.719103799288859591e-06 1.173827740785782225e-06 5.205262823437806219e-06 2.113561095029581338e-05 5.484434495883760974e-06 8.779558811511378735e-06 2.653437150001991540e-07 6.021626631991239265e-06 1.835425246099475771e-05 2.028122480624006130e-06 3.066082626901334152e-06 2.887661821660003625e-06 4.719103799288859591e-06 1.173827740785782225e-06 5.205262823437806219e-06
4.190000000000000000e+03 2.184110962843988091e-05 5.120854984852485359e-05 5.463338311528787017e-05 4.042820194172236370e-07 5.958717338216956705e-06 1.826689185691066086e-05 1.999492496906896122e-06 2.963699216707027517e-06 2.823730255840928294e-06 4.610847099684178829e-06 1.159142243523092475e-06 5.215619694354245439e-06 2.089456211251672357e-05 5.484974280989263207e-06 8.719291145098395646e-06 2.626475463785027387e-07 5.958717338216956705e-06 1.826689185691066086e-05 1.999492496906896122e-06 2.963699216707027517e-06 2.823730255840928294e-06 4.610847099684178829e-06 1.159142243523092475e-06 5.215619694354245439e-06
4.200000000000000000e+03 2.159122050215955824e-05 5.016061550122685730e-05 5.344129385775886476e-05 4.024466875307552982e-07 5.897555183764779940e-06 1.818026794353500009e-05 1.971278152268496342e-06 2.864976977434707806e-06 2.761408040896640159e-06 4.505334800342097878e-06 1.144639668382296804e-06 5.224837877904064953e-06 2.065881380985956639e-05 5.484994289872702211e-06 8.666020221426151693e-06 2.599700223981926683e-07 5.897555183764779940e-06 1.818026794353500009e-05 1.971278152268496342e-06 2.864976977434707806e-06 2.761408040896640159e-06 4.505334800342097878e-06 1.144639668382296804e-06 5.224837877904064953e-06
4.210000000000000000e+03 2.134659189323429018e-05 4.914390956400893629e-05 5.227437213761731982e-05 4.006132030553999357e-07 5.837511253048432991e-06 1.809402419894468039e-05 1.943591087183449417e-06 2.769614638964412734e-06 2.700916638787020929e-06 4.402650574775179848e-06 1.130097871282487176e-06 5.234217042016098276e-06 2.042817504843696952e-05 5.484475423145340756e-06 8.619229447504039854e-06 2.573138146999554010e-07 5.837511253048432991e-06 1.809402419894468039e-05 1.943591087183449417e-06 2.769614638964412734e-06 2.700916638787020929e-06 4.402650574775179848e-06 1.130097871282487176e-06 5.234217042016098276e-06
4.220000000000000000e+03 2.110699279000982642e-05 4.815738793695345521e-05 5.113300358061678708e-05 3.987796901583351428e-07 5.778792001365218312e-06 1.800741665647365153e-05 1.916217570396838710e-06 2.677563315955922008e-06 2.642079607539926656e-06 4.302430170355364680e-06 1.115970007958821952e-06 5.242314728093333542e-06 2.020246211031917483e-05 5.483494533109478652e-06 8.578674169257283211e-06 2.546791790791758103e-07 5.778792001365218312e-06 1.800741665647365153e-05 1.916217570396838710e-06 2.677563315955922008e-06 2.642079607539926656e-06 4.302430170355364680e-06 1.115970007958821952e-06 5.242314728093333542e-06
4.230000000000000000e+03 2.087265602312982082e-05 4.720048309536650777e-05 5.001707177143543959e-05 3.969498152400774416e-07 5.721777597500476986e-06 1.792237708286847919e-05 1.889234454210964032e-06 2.588782535895006731e-06 2.584593403298640624e-06 4.204688593745231628e-06 1.101938551073544659e-06 5.248854904493782669e-06 1.998187872231937945e-05 5.482030246639624238e-06 8.543819603801239282e-06 2.520692703456006711e-07 5.721777597500476986e-06 1.792237708286847919e-05 1.889234454210964032e-06 2.588782535895006731e-06 2.584593403298640624e-06 4.204688593745231628e-06 1.101938551073544659e-06 5.248854904493782669e-06
4.240000000000000000e+03 2.064352884190157056e-05 4.627213274943642318e-05 4.892616561846807599e-05 3.951281826175545575e-07 5.665920070896390826e-06 1.783682273526210338e-05 1.862690851339721121e-06 2.502577444829512388e-06 2.528552613512147218e-06 4.109593646717257798e-06 1.087825239665107802e-06 5.255342330201528966e-06 1.976629027922172099e-05 5.480135314428480342e-06 8.514229193679057062e-06 2.494872148872673279e-07 5.665920070896390826e-06 1.783682273526210338e-05 1.862690851339721121e-06 2.502577444829512388e-06 2.528552613512147218e-06 4.109593646717257798e-06 1.087825239665107802e-06 5.255342330201528966e-06
4.250000000000000000e+03 2.041921834461390972e-05 4.537028144113719463e-05 4.785987039213068783e-05 3.933086532015295234e-07 5.611546384898247197e-06 1.775193049979861826e-05 1.836447154346387833e-06 2.420255214019562118e-06 2.474238726790645160e-06 4.016749244328821078e-06 1.074095166586630512e-06 5.260758371150586754e-06 1.955574043677188456e-05 5.477833838085643947e-06 8.489695574098732322e-06 2.469315063535759691e-07 5.611546384898247197e-06 1.775193049979861826e-05 1.836447154346387833e-06 2.420255214019562118e-06 2.474238726790645160e-06 4.016749244328821078e-06 1.074095166586630512e-06 5.260758371150586754e-06
4.260000000000000000e+03 2.019987550738733262e-05 4.449557309271767735e-05 4.681856444221921265e-05 3.914983324193599401e-07 5.558250450121704489e-06 1.766741297615226358e-05 1.810622961784247309e-06 2.339967522857477888e-06 2.421137878627632745e-06 3.926338195014977828e-06 1.060565637089894153e-06 5.265072559268446639e-06 1.934964893735013902e-05 5.475158104673027992e-06 8.469850399706047028e-06 2.444051574457262177e-07 5.558250450121704489e-06 1.766741297615226358e-05 1.810622961784247309e-06 2.339967522857477888e-06 2.421137878627632745e-06 3.926338195014977828e-06 1.060565637089894153e-06 5.265072559268446639e-06
4.270000000000000000e+03 1.998564766836352646e-05 4.364649430499412119e-05 4.580125460051931441e-05 3.896962823546346044e-07 5.506070920091588050e-06 1.758281723596155643e-05 1.785164613465894945e-06 2.262711404910078272e-06 2.369439926042105071e-06 3.838208158413181081e-06 1.047057253344974015e-06 5.268848326522856951e-06 1.914853055495768785e-05 5.472123120853211731e-06 8.454310773231554776e-06 2.419097597794461763e-07 5.506070920091588050e-06 1.758281723596155643e-05 1.785164613465894945e-06 2.262711404910078272e-06 2.369439926042105071e-06 3.838208158413181081e-06 1.047057253344974015e-06 5.268848326522856951e-06
4.280000000000000000e+03 1.977609645109623671e-05 4.282174268155358732e-05 4.480839925236068666e-05 3.879013092955574393e-07 5.455568953038891777e-06 1.749859075061976910e-05 1.759986730576201808e-06 2.188458211094257422e-06 2.319145096407737583e-06 3.752175643967348151e-06 1.033792159432778135e-06 5.270906967780319974e-06 1.895201785373501480e-05 5.468727977131493390e-06 8.442726539215072989e-06 2.394452849330264144e-07 5.455568953038891777e-06 1.749859075061976910e-05 1.759986730576201808e-06 2.188458211094257422e-06 2.319145096407737583e-06 3.752175643967348151e-06 1.033792159432778135e-06 5.270906967780319974e-06
4.290000000000000000e+03 1.957122185558546335e-05 4.202103809802792966e-05 4.383935811347328126e-05 3.861174491248675622e-07 5.405535830504959449e-06 1.741368396324105561e-05 1.735235514388477895e-06 2.116318682965356857e-06 2.270082177346921526e-06 3.668451654448290356e-06 1.020738977786095347e-06 5.273289843898965046e-06 1.876015448942780495e-05 5.465015874506207183e-06 8.434895789832808077e-06 2.370133387330497499e-07 5.405535830504959449e-06 1.741368396324105561e-05 1.735235514388477895e-06 2.116318682965356857e-06 2.270082177346921526e-06 3.668451654448290356e-06 1.020738977786095347e-06 5.273289843898965046e-06
4.300000000000000000e+03 1.937104752869345248e-05 4.124370752833783627e-05 4.289388743927702308e-05 3.843401259473466780e-07 5.356771453080000356e-06 1.732943565002642572e-05 1.710647552499722224e-06 2.046943109235144220e-06 2.222145667474251240e-06 3.586641241781762801e-06 1.007907485472969711e-06 5.273658189253183082e-06 1.857283314166124910e-05 5.461037289933301508e-06 8.430558409600052983e-06 2.346136085407124483e-07 5.356771453080000356e-06 1.732943565002642572e-05 1.710647552499722224e-06 2.046943109235144220e-06 2.222145667474251240e-06 3.586641241781762801e-06 1.007907485472969711e-06 5.273658189253183082e-06
4.310000000000000000e+03 1.917559711728245020e-05 4.048833216074854136e-05 4.197153612039983273e-05 3.825748251529148547e-07 5.309157131705433130e-06 1.724491812638007104e-05 1.686585164861753583e-06 1.979650733119342476e-06 2.175592044295626692e-06 3.507174596961704083e-06 9.950189223673078232e-07 5.274224804452387616e-06 1.839012838900089264e-05 5.456721282826038077e-06 8.429134140897076577e-06 2.322477854477256187e-07 5.309157131705433130e-06 1.724491812638007104e-05 1.686585164861753583e-06 1.979650733119342476e-06 2.175592044295626692e-06 3.507174596961704083e-06 9.950189223673078232e-07 5.274224804452387616e-06
4.320000000000000000e+03 1.898457230709027499e-05 3.975461731897667050e-05 4.107232962269335985e-05 3.808165445207123412e-07 5.262388640403514728e-06 1.716070801194291562e-05 1.662673525970603805e-06 1.915138454933185130e-06 2.130181655957130715e-06 3.429438265811768360e-06 9.825040478972368874e-07 5.272819180390797555e-06 1.821155638026539236e-05 5.452176992548629642e-06 8.430610250798054039e-06 2.299156705021232483e-07 5.262388640403514728e-06 1.716070801194291562e-05 1.662673525970603805e-06 1.915138454933185130e-06 2.130181655957130715e-06 3.429438265811768360e-06 9.825040478972368874e-07 5.272819180390797555e-06
4.330000000000000000e+03 1.879801129689440131e-05 3.904175173374824226e-05 4.019561674795113504e-05 3.790713662965572439e-07 5.216389126871945336e-06 1.707576120679732412e-05 1.639227434679924045e-06 1.852322725426347461e-06 2.085914729832438752e-06 3.353899728608666919e-06 9.700228247311315499e-07 5.271401732898084447e-06 1.803760096663609147e-05 5.447343937703408301e-06 8.434608389507047832e-06 2.276189263739070157e-07 5.216389126871945336e-06 1.707576120679732412e-05 1.639227434679924045e-06 1.852322725426347461e-06 2.085914729832438752e-06 3.353899728608666919e-06 9.700228247311315499e-07 5.271401732898084447e-06
4.340000000000000000e+03 1.861568671301938593e-05 3.834852032014168799e-05 3.934115011361427605e-05 3.773330377043748740e-07 5.171644716028822586e-06 1.699152016954030842e-05 1.616043505237030331e-06 1.792343368833826389e-06 2.042881305897026323e-06 3.280087184975855052e-06 9.578112667441018857e-07 5.268792392598697916e-06 1.786764187272638083e-05 5.442280780698638409e-06 8.440888450422789901e-06 2.253565583032468567e-07 5.171644716028822586e-06 1.699152016954030842e-05 1.616043505237030331e-06 1.792343368833826389e-06 2.042881305897026323e-06 3.280087184975855052e-06 9.578112667441018857e-07 5.268792392598697916e-06
4.350000000000000000e+03 1.843781137722544372e-05 3.767550879274494946e-05 3.850855136988684535e-05 3.756066746518627042e-07 5.127314580022357404e-06 1.690620774752460420e-05 1.593174602021463215e-06 1.733929479996731970e-06 2.000718268391210586e-06 3.208210273442091420e-06 9.456521183892618865e-07 5.265367690299171954e-06 1.770200833561830223e-05 5.436995706986635923e-06 8.449282177025452256e-06 2.231294189414256834e-07 5.127314580022357404e-06 1.690620774752460420e-05 1.593174602021463215e-06 1.733929479996731970e-06 2.000718268391210586e-06 3.208210273442091420e-06 9.456521183892618865e-07 5.265367690299171954e-06
4.360000000000000000e+03 1.826407060434576124e-05 3.702115282067097723e-05 3.769737304537557065e-05 3.738898328720097197e-07 5.084191343485144898e-06 1.682160109339747578e-05 1.570594804434222169e-06 1.677632894825364929e-06 1.959698693099198863e-06 3.138121655865688808e-06 9.337504707218613476e-07 5.261003025225363672e-06 1.754040931700728834e-05 5.431482350104488432e-06 8.459466698695905507e-06 2.209373661798963440e-07 5.084191343485144898e-06 1.682160109339747578e-05 1.570594804434222169e-06 1.677632894825364929e-06 1.959698693099198863e-06 3.138121655865688808e-06 9.337504707218613476e-07 5.261003025225363672e-06
4.370000000000000000e+03 1.809446257539093494e-05 3.638503767433576286e-05 3.690701487357728183e-05 3.721821997260121861e-07 5.041755684942472726e-06 1.673688348091673106e-05 1.548359136904764455e-06 1.623457023924856912e-06 1.919685246321023442e-06 3.069753574891365133e-06 9.219371577273705043e-07 5.255825726635521278e-06 1.738282480800990015e-05 5.425761628430336714e-06 8.471276487398426980e-06 2.187807552900267183e-07 5.041755684942472726e-06 1.673688348091673106e-05 1.548359136904764455e-06 1.623457023924856912e-06 1.919685246321023442e-06 3.069753574891365133e-06 9.219371577273705043e-07 5.255825726635521278e-06
4.380000000000000000e+03 1.792884359019808471e-05 3.576636663638055325e-05 3.613729131757281721e-05 3.704844573348964332e-07 5.000271357857855037e-06 1.665093259362038225e-05 1.526481696600967553e-06 1.571169605085742660e-06 1.880748754956584889e-06 3.003187657668604515e-06 9.103266052079561632e-07 5.250153662927914411e-06 1.722915112623013556e-05 5.419831722974777222e-06 8.484444151690695435e-06 2.166596146935262368e-07 5.000271357857855037e-06 1.665093259362038225e-05 1.526481696600967553e-06 1.571169605085742660e-06 1.880748754956584889e-06 3.003187657668604515e-06 9.103266052079561632e-07 5.250153662927914411e-06
4.390000000000000000e+03 1.776710632839240134e-05 3.516470678732730448e-05 3.538782038958743215e-05 3.687949572395154973e-07 4.958995305059943348e-06 1.656562744756229222e-05 1.504883471170614939e-06 1.520745399830047973e-06 1.842724941525375471e-06 2.938256557172280736e-06 8.989690627458912786e-07 5.243442046776181087e-06 1.707918090687599033e-05 5.413715371105354279e-06 8.498784154653549194e-06 2.145737454384288867e-07 4.958995305059943348e-06 1.656562744756229222e-05 1.504883471170614939e-06 1.520745399830047973e-06 1.842724941525375471e-06 2.938256557172280736e-06 8.989690627458912786e-07 5.243442046776181087e-06
4.400000000000000000e+03 1.760931809258181602e-05 3.457991988398134708e-05 3.465804547886364162e-05 3.671152626338880509e-07 4.918765171169070527e-06 1.647981662245001644e-05 1.483564687987382058e-06 1.471956466048141010e-06 1.805610168048588093e-06 2.874952997444779612e-06 8.876303922988881823e-07 5.235627213551197201e-06 1.693312151473946869e-05 5.407380740507505834e-06 8.514115506841335446e-06 2.125230622596063768e-07 4.918765171169070527e-06 1.647981662245001644e-05 1.483564687987382058e-06 1.471956466048141010e-06 1.805610168048588093e-06 2.874952997444779612e-06 8.876303922988881823e-07 5.235627213551197201e-06
4.410000000000000000e+03 1.745530425978358835e-05 3.401099456823430955e-05 3.394752638996578753e-05 3.654449187706632074e-07 4.879340394836617634e-06 1.639384754525963217e-05 1.462588329559366684e-06 1.424863967258716002e-06 1.769349410096765496e-06 2.813287210301496089e-06 8.765002803556853905e-07 5.227467227086890489e-06 1.679068918747361749e-05 5.400901500252075493e-06 8.530229024472646415e-06 2.105072240965455421e-07 4.879340394836617634e-06 1.639384754525963217e-05 1.462588329559366684e-06 1.424863967258716002e-06 1.769349410096765496e-06 2.813287210301496089e-06 8.765002803556853905e-07 5.227467227086890489e-06
4.420000000000000000e+03 1.730488475004676729e-05 3.345722507219761610e-05 3.325588477309793234e-05 3.637813961177016608e-07 4.840444489673245698e-06 1.630737278901506215e-05 1.441967697246582247e-06 1.379654008815123234e-06 1.734097622829722241e-06 2.753168473645928316e-06 8.655814554003882222e-07 5.218561000219779089e-06 1.665174750087317079e-05 5.394190793595043942e-06 8.546985554858110845e-06 2.085266146423236933e-07 4.840444489673245698e-06 1.630737278901506215e-05 1.441967697246582247e-06 1.379654008815123234e-06 1.734097622829722241e-06 2.753168473645928316e-06 8.655814554003882222e-07 5.218561000219779089e-06
4.430000000000000000e+03 1.715807957225479186e-05 3.291828397777862847e-05 3.258259312133304775e-05 3.621261441821843619e-07 4.802092007594183087e-06 1.622063427930697799e-05 1.421611727892013732e-06 1.335917431788402610e-06 1.699704284874314908e-06 2.694559498195303604e-06 8.547652328161348123e-07 5.208923084865091369e-06 1.651630918786395341e-05 5.387269993661902845e-06 8.564074960304424167e-06 2.065804807216409245e-07 4.802092007594183087e-06 1.622063427930697799e-05 1.421611727892013732e-06 1.335917431788402610e-06 1.699704284874314908e-06 2.694559498195303604e-06 8.547652328161348123e-07 5.208923084865091369e-06
4.440000000000000000e+03 1.701479595794808120e-05 3.239411307731643319e-05 3.192721851519308984e-05 3.604789355904358672e-07 4.764571713167242706e-06 1.613502172403968871e-05 1.401541794621152803e-06 1.293811237701447681e-06 1.666014895818079822e-06 2.637393663462717086e-06 8.440450187663373072e-07 5.197729933570371941e-06 1.638436515349894762e-05 5.380188667913898826e-06 8.581439942645374686e-06 2.046685665391123621e-07 4.764571713167242706e-06 1.613502172403968871e-05 1.401541794621152803e-06 1.293811237701447681e-06 1.666014895818079822e-06 2.637393663462717086e-06 8.440450187663373072e-07 5.197729933570371941e-06
4.450000000000000000e+03 1.687492294877301902e-05 3.188394111930392683e-05 3.128963726339861751e-05 3.588411061627994059e-07 4.727375198854133487e-06 1.604728458914905787e-05 1.381837137159891427e-06 1.252782681149255950e-06 1.633192027838958893e-06 2.581771468612714671e-06 8.336145924658922013e-07 5.186872840567957610e-06 1.625560798856895417e-05 5.372911346057662740e-06 8.598966815043240786e-06 2.027919521196963615e-07 4.727375198854133487e-06 1.604728458914905787e-05 1.381837137159891427e-06 1.252782681149255950e-06 1.633192027838958893e-06 2.581771468612714671e-06 8.336145924658922013e-07 5.186872840567957610e-06
4.460000000000000000e+03 1.673838960414286703e-05 3.138702595606446266e-05 3.066885255975648761e-05 3.572066589185851626e-07 4.690970854426268488e-06 1.596088441147003323e-05 1.362315288133686408e-06 1.213755240314640105e-06 1.601318444954813458e-06 2.527435754018370062e-06 8.232455002143979073e-07 5.174700163479428738e-06 1.613015774637460709e-05 5.365485776565037668e-06 8.616585546405985951e-06 2.009475110753555782e-07 4.690970854426268488e-06 1.596088441147003323e-05 1.362315288133686408e-06 1.213755240314640105e-06 1.601318444954813458e-06 2.527435754018370062e-06 8.232455002143979073e-07 5.174700163479428738e-06
4.470000000000000000e+03 1.660512498347088695e-05 3.090342579525895417e-05 3.006469523825217038e-05 3.555826992851507384e-07 4.655159045796608552e-06 1.587361111887730658e-05 1.343168946732475888e-06 1.175779402728949208e-06 1.570046151755377650e-06 2.474502480254159309e-06 8.129628668029909022e-07 5.161886292626149952e-06 1.600794712430797517e-05 5.357788722903933376e-06 8.633833203930407763e-06 1.991383555832726415e-07 4.655159045796608552e-06 1.587361111887730658e-05 1.343168946732475888e-06 1.175779402728949208e-06 1.570046151755377650e-06 2.474502480254159309e-06 8.129628668029909022e-07 5.161886292626149952e-06
4.480000000000000000e+03 1.647499266255181283e-05 3.043236574740149081e-05 2.947687062260229141e-05 3.539658735007833457e-07 4.619806077243993059e-06 1.578557930770330131e-05 1.324366166954860091e-06 1.139024107033037581e-06 1.539528511784737930e-06 2.422911848043440841e-06 8.030087883525993675e-07 5.148641321284230798e-06 1.588857594470027834e-05 5.349895673134597018e-06 8.650903509987983853e-06 1.973626808648987208e-07 4.619806077243993059e-06 1.578557930770330131e-05 1.324366166954860091e-06 1.139024107033037581e-06 1.539528511784737930e-06 2.422911848043440841e-06 8.030087883525993675e-07 5.148641321284230798e-06
4.490000000000000000e+03 1.634781438042409718e-05 2.997340379806701094e-05 2.890461473725736141e-05 3.523524014781287406e-07 4.584791440720437095e-06 1.569824598846025765e-05 1.305824639530328568e-06 1.103958197745669167e-06 1.509899789198243525e-06 2.372666813243995421e-06 7.931237746561237145e-07 5.134748334967298433e-06 1.577227885718457401e-05 5.341834821592783555e-06 8.667559086461551487e-06 1.956185684548472636e-07 4.584791440720437095e-06 1.569824598846025765e-05 1.305824639530328568e-06 1.103958197745669167e-06 1.509899789198243525e-06 2.372666813243995421e-06 7.931237746561237145e-07 5.134748334967298433e-06
4.500000000000000000e+03 1.622375748411286622e-05 2.952623799501452595e-05 2.834776387317106128e-05 3.507467454255674966e-07 4.550364792521577328e-06 1.560962300573009998e-05 1.287597456212097313e-06 1.069850554813456256e-06 1.480893502048274968e-06 2.323685521332663484e-06 7.833239124011015519e-07 5.120139576320070773e-06 1.565895763633307070e-05 5.333516583050368354e-06 8.683618943905457854e-06 1.939079226076501072e-07 4.550364792521577328e-06 1.560962300573009998e-05 1.287597456212097313e-06 1.069850554813456256e-06 1.480893502048274968e-06 2.323685521332663484e-06 7.833239124011015519e-07 5.120139576320070773e-06
4.510000000000000000e+03 1.610262916074134409e-05 2.909078648372087628e-05 2.780586873996071517e-05 3.491487348128430312e-07 4.516622993833152577e-06 1.552218418510165066e-05 1.269596396014094353e-06 1.037051333696581423e-06 1.452456558581616264e-06 2.275844053656328470e-06 7.737146461295196787e-07 5.104367119201924652e-06 1.554843402118422091e-05 5.324986432242440060e-06 8.699120371602475643e-06 1.922296632983488962e-07 4.516622993833152577e-06 1.552218418510165066e-05 1.269596396014094353e-06 1.037051333696581423e-06 1.452456558581616264e-06 2.275844053656328470e-06 7.737146461295196787e-07 5.104367119201924652e-06
4.520000000000000000e+03 1.598429298610426486e-05 2.866634713427629322e-05 2.727850369410589337e-05 3.475573464584158501e-07 4.483087650442030281e-06 1.543354846944566816e-05 1.251951175618160050e-06 1.005255739983113017e-06 1.424763127033656929e-06 2.229273832199396566e-06 7.642584591849299613e-07 5.088905254524433985e-06 1.544052247481886297e-05 5.316235274221980944e-06 8.713925126357935369e-06 1.905839610572002130e-07 4.483087650442030281e-06 1.543354846944566816e-05 1.251951175618160050e-06 1.005255739983113017e-06 1.424763127033656929e-06 2.229273832199396566e-06 7.642584591849299613e-07 5.088905254524433985e-06
4.530000000000000000e+03 1.586864891578443348e-05 2.825245246640406549e-05 2.676497570064384490e-05 3.459692266005731653e-07 4.450218966667307541e-06 1.534454895590897650e-05 1.234566866514796857e-06 9.748617912919144146e-07 1.397798200741817709e-06 2.183857986892689951e-06 7.549235192527703475e-07 5.072286967333639041e-06 1.533537761133629829e-05 5.307252195052569732e-06 8.727910426387097687e-06 1.889692242684759549e-07 4.450218966667307541e-06 1.534454895590897650e-05 1.234566866514796857e-06 9.748617912919144146e-07 1.397798200741817709e-06 2.183857986892689951e-06 7.549235192527703475e-07 5.072286967333639041e-06
4.540000000000000000e+03 1.575567694089841098e-05 2.784874595818109810e-05 2.626518471515737474e-05 3.443884395437635249e-07 4.417670425027608871e-06 1.525620518805226311e-05 1.217504518535861280e-06 9.453569873585365713e-07 1.371481175738153979e-06 2.139618800356402062e-06 7.457432502633309923e-07 5.055484507465735078e-06 1.523263654235051945e-05 5.298010364640504122e-06 8.741023520997259766e-06 1.873856234624327044e-07 4.417670425027608871e-06 1.525620518805226311e-05 1.217504518535861280e-06 9.453569873585365713e-07 1.371481175738153979e-06 2.139618800356402062e-06 7.457432502633309923e-07 5.055484507465735078e-06
4.550000000000000000e+03 1.564531157782766968e-05 2.745519486779812723e-05 2.577849227236583829e-05 3.428120862736250274e-07 4.385810370877152309e-06 1.516750489827245474e-05 1.200689439428970218e-06 9.171265560325991828e-07 1.345740656688576564e-06 2.096410298690898344e-06 7.366335239566978998e-07 5.037460141465999186e-06 1.513259849161840975e-05 5.288528427627170458e-06 8.753196198085788637e-06 1.858324480963347014e-07 4.385810370877152309e-06 1.516750489827245474e-05 1.200689439428970218e-06 9.171265560325991828e-07 1.345740656688576564e-06 2.096410298690898344e-06 7.366335239566978998e-07 5.037460141465999186e-06
4.560000000000000000e+03 1.553744004922918975e-05 2.707154817471746355e-05 2.530504571041092277e-05 3.412446574202476768e-07 4.353997155703837052e-06 1.507843535364372656e-05 1.184163238576729782e-06 8.894664915715111420e-07 1.320481032962561585e-06 2.054334572676452808e-06 7.277415079443017021e-07 5.019386208005016670e-06 1.503482144471490756e-05 5.278807748254621401e-06 8.764362974034156650e-06 1.843106502974478644e-07 4.353997155703837052e-06 1.507843535364372656e-05 1.184163238576729782e-06 8.894664915715111420e-07 1.320481032962561585e-06 2.054334572676452808e-06 7.277415079443017021e-07 5.019386208005016670e-06
4.570000000000000000e+03 1.543195685371756554e-05 2.669700734259095043e-05 2.484372998878825456e-05 3.396799286292662146e-07 4.322921085986308753e-06 1.498930123489117250e-05 1.167909999821858946e-06 8.631796504232625011e-07 1.296028926844883244e-06 2.013324092331458814e-06 7.189113375716260634e-07 5.000935743737500161e-06 1.493937270424794406e-05 5.268780114420223981e-06 8.774431989877484739e-06 1.828182121244026348e-07 4.322921085986308753e-06 1.498930123489117250e-05 1.167909999821858946e-06 8.631796504232625011e-07 1.296028926844883244e-06 2.013324092331458814e-06 7.189113375716260634e-07 5.000935743737500161e-06
4.580000000000000000e+03 1.532877104182261974e-05 2.633155418152455240e-05 2.439476520521566272e-05 3.381217936748726061e-07 4.292130142857786268e-06 1.490036720497300848e-05 1.151903575191681739e-06 8.376750315619574394e-07 1.272004169550200459e-06 1.973234475372009911e-06 7.102929089342069346e-07 4.981529855285771191e-06 1.484615768276853487e-05 5.258521923678927124e-06 8.783431439951527864e-06 1.813557730656611966e-07 4.292130142857786268e-06 1.490036720497300848e-05 1.151903575191681739e-06 8.376750315619574394e-07 1.272004169550200459e-06 1.973234475372009911e-06 7.102929089342069346e-07 4.981529855285771191e-06
4.590000000000000000e+03 1.522792899777414277e-05 2.597472666820976883e-05 2.395747287664562464e-05 3.365700536051008385e-07 4.261547474015969783e-06 1.481162053096340969e-05 1.136236051024752669e-06 8.130741093737015035e-07 1.248600938197341748e-06 1.934227839228697121e-06 7.017619054749957286e-07 4.961788363289088011e-06 1.475522731197997928e-05 5.247916760708903894e-06 8.791231266513932496e-06 1.799227220544707961e-07 4.261547474015969783e-06 1.481162053096340969e-05 1.136236051024752669e-06 8.130741093737015035e-07 1.248600938197341748e-06 1.934227839228697121e-06 7.017619054749957286e-07 4.961788363289088011e-06
4.600000000000000000e+03 1.512920698587549850e-05 2.562661575211677700e-05 2.353161653445567936e-05 3.350228325871285051e-07 4.231523234921041876e-06 1.472219901188509539e-05 1.120757474382116925e-06 7.893586939644592348e-07 1.225714186148252338e-06 1.896121261779626366e-06 6.933203735570714343e-07 4.941758106724591926e-06 1.466627327317837626e-05 5.237095137999858707e-06 8.797956070338841528e-06 1.785178511681806413e-07 4.231523234921041876e-06 1.472219901188509539e-05 1.120757474382116925e-06 7.893586939644592348e-07 1.225714186148252338e-06 1.896121261779626366e-06 6.933203735570714343e-07 4.941758106724591926e-06
4.610000000000000000e+03 1.503260864410549402e-05 2.528636832721531391e-05 2.311688331246841699e-05 3.334814380195894046e-07 4.201732735964469612e-06 1.463269200030481443e-05 1.105608021134685259e-06 7.664554573239001911e-07 1.203407691718894057e-06 1.859031499407137744e-06 6.851057605672394857e-07 4.921393610857194290e-06 1.457937014492927119e-05 5.225918357609771192e-06 8.803415767033584416e-06 1.771415156781586120e-07 4.201732735964469612e-06 1.463269200030481443e-05 1.105608021134685259e-06 7.664554573239001911e-07 1.203407691718894057e-06 1.859031499407137744e-06 6.851057605672394857e-07 4.921393610857194290e-06
4.620000000000000000e+03 1.493806666985619813e-05 2.495406624802853912e-05 2.271283483423758298e-05 3.319443919735931559e-07 4.172322405793238431e-06 1.454327775718411431e-05 1.090681507776025683e-06 7.444674565704190172e-07 1.181640755021362565e-06 1.822802801143552642e-06 6.769635660930362064e-07 4.900259682472096756e-06 1.449451156076975167e-05 5.214473276282660663e-06 8.807551239442545921e-06 1.757928771439765114e-07 4.172322405793238431e-06 1.454327775718411431e-05 1.090681507776025683e-06 7.444674565704190172e-07 1.181640755021362565e-06 1.822802801143552642e-06 6.769635660930362064e-07 4.900259682472096756e-06
4.630000000000000000e+03 1.484545009589055553e-05 2.462963857396971434e-05 2.231922189821489155e-05 3.304141102944413433e-07 4.143330897932173684e-06 1.445479301764862612e-05 1.076031708180380519e-06 7.230667051771888509e-07 1.160259330390545074e-06 1.787468136171810329e-06 6.688931080134352669e-07 4.878747404291061684e-06 1.441140466340584680e-05 5.202690772421192378e-06 8.810438885120674968e-06 1.744718503005060484e-07 4.143330897932173684e-06 1.445479301764862612e-05 1.076031708180380519e-06 7.230667051771888509e-07 1.160259330390545074e-06 1.787468136171810329e-06 6.688931080134352669e-07 4.878747404291061684e-06
4.640000000000000000e+03 1.475473527534632012e-05 2.431236316624563187e-05 2.193568070651963353e-05 3.288894845354661811e-07 4.114836883672978729e-06 1.436517686670413241e-05 1.061645889421924949e-06 7.025010972938616760e-07 1.139466576205450110e-06 1.753019887473783456e-06 6.609564593418326695e-07 4.857199655816657469e-06 1.433014040230773389e-05 5.190577212488278747e-06 8.812027772364672273e-06 1.731777103941567475e-07 4.114836883672978729e-06 1.436517686670413241e-05 1.061645889421924949e-06 7.025010972938616760e-07 1.139466576205450110e-06 1.753019887473783456e-06 6.609564593418326695e-07 4.857199655816657469e-06
4.650000000000000000e+03 1.466583307774271816e-05 2.400230550847481936e-05 2.156200935132801533e-05 3.273694346717093140e-07 4.086323315277695656e-06 1.427599909220589325e-05 1.047473801918386016e-06 6.827266929576580878e-07 1.119144030781171750e-06 1.719360966490057763e-06 6.532575298479059711e-07 4.835000709135783836e-06 1.425055324943969026e-05 5.178184437681920826e-06 8.812480700726155192e-06 1.719099742558682919e-07 4.086323315277695656e-06 1.427599909220589325e-05 1.047473801918386016e-06 6.827266929576580878e-07 1.119144030781171750e-06 1.719360966490057763e-06 6.532575298479059711e-07 4.835000709135783836e-06
4.660000000000000000e+03 1.457867074350360781e-05 2.369916728639509529e-05 2.119775854225736111e-05 3.258560639096685918e-07 4.058393642480950803e-06 1.418656029272824526e-05 1.033553417073562741e-06 6.636673788307234645e-07 1.099289306694117840e-06 1.686529117250756826e-06 6.455103971347853076e-07 4.812910447071772069e-06 1.417274597770301625e-05 5.165426046005450189e-06 8.811586667434312403e-06 1.706683008251275169e-07 4.058393642480950803e-06 1.418656029272824526e-05 1.033553417073562741e-06 6.636673788307234645e-07 1.099289306694117840e-06 1.686529117250756826e-06 6.455103971347853076e-07 4.812910447071772069e-06
4.670000000000000000e+03 1.449324645363958552e-05 2.340264290978666395e-05 2.084279913106001914e-05 3.243481785375479376e-07 4.030589025205699727e-06 1.409779360983520746e-05 1.019921342049201485e-06 6.451936087614740245e-07 1.079827711691905279e-06 1.654521838645450771e-06 6.379323735927755479e-07 4.789777449332177639e-06 1.409646756656002253e-05 5.152317953616147861e-06 8.809252904029563069e-06 1.694525479933872703e-07 4.030589025205699727e-06 1.409779360983520746e-05 1.019921342049201485e-06 6.451936087614740245e-07 1.079827711691905279e-06 1.654521838645450771e-06 6.379323735927755479e-07 4.789777449332177639e-06
4.680000000000000000e+03 1.440934920537983999e-05 2.311260686838068068e-05 2.049686008831486106e-05 3.228452669645776041e-07 4.003180492873070762e-06 1.400916426064213738e-05 1.006521642921143211e-06 6.273003805290500168e-07 1.060884414982865565e-06 1.623316052246082108e-06 6.305621127467020415e-07 4.766694928548531607e-06 1.402167163178091869e-05 5.138867436471628025e-06 8.805674951872788370e-06 1.682613373077401775e-07 4.003180492873070762e-06 1.400916426064213738e-05 1.006521642921143211e-06 6.273003805290500168e-07 1.060884414982865565e-06 1.623316052246082108e-06 6.305621127467020415e-07 4.766694928548531607e-06
4.690000000000000000e+03 1.432707722415216267e-05 2.282882996951229870e-05 2.015948120970278978e-05 3.213472723473387305e-07 3.975961135438410565e-06 1.391999012412270531e-05 9.932730336004169658e-07 6.102155793996644206e-07 1.042352550939540379e-06 1.592751914358814247e-06 6.231556994862330612e-07 4.743312729260651395e-06 1.394848368363454938e-05 5.125110874359961599e-06 8.800987416179850698e-06 1.670939582254504785e-07 3.975961135438410565e-06 1.391999012412270531e-05 9.932730336004169658e-07 6.102155793996644206e-07 1.042352550939540379e-06 1.592751914358814247e-06 6.231556994862330612e-07 4.743312729260651395e-06
4.700000000000000000e+03 1.424620040779700503e-05 2.255094477732200176e-05 1.983067159017082304e-05 3.198565252660046099e-07 3.949252914026146755e-06 1.383117614750517532e-05 9.803710554479039274e-07 5.935416993452236056e-07 1.024257926474092528e-06 1.562975626256957185e-06 6.159979193398612551e-07 4.719410299003357068e-06 1.387654901918722317e-05 5.110935035190777853e-06 8.794862878858111799e-06 1.659517749885708326e-07 3.949252914026146755e-06 1.383117614750517532e-05 9.803710554479039274e-07 5.935416993452236056e-07 1.024257926474092528e-06 1.562975626256957185e-06 6.159979193398612551e-07 4.719410299003357068e-06
4.710000000000000000e+03 1.416677332599647343e-05 2.227907316409982741e-05 1.950975638465024531e-05 3.183702403930510627e-07 3.922576524928444996e-06 1.374300973111530766e-05 9.676380159362452105e-07 5.776335001428378746e-07 1.006532443170726765e-06 1.533894192107254639e-06 6.088009172344754916e-07 4.695460120274219662e-06 1.380609774059848860e-05 5.096457698527956381e-06 8.787611477600876242e-06 1.648321443781242124e-07 3.922576524928444996e-06 1.374300973111530766e-05 9.676380159362452105e-07 5.776335001428378746e-07 1.006532443170726765e-06 1.533894192107254639e-06 6.088009172344754916e-07 4.695460120274219662e-06
4.720000000000000000e+03 1.408876050845719874e-05 2.201281131419818848e-05 1.919706301123369485e-05 3.168905493566853693e-07 3.896313046425348148e-06 1.365474054182413965e-05 9.551400808049947955e-07 5.621088803309248760e-07 9.891712124954210594e-07 1.505472141616337467e-06 6.018021849740762264e-07 4.670863745559472591e-06 1.373675422655651346e-05 5.081613380752969533e-06 8.779014024185016751e-06 1.637360611539406818e-07 3.896313046425348148e-06 1.365474054182413965e-05 9.551400808049947955e-07 5.621088803309248760e-07 9.891712124954210594e-07 1.505472141616337467e-06 6.018021849740762264e-07 4.670863745559472591e-06
4.730000000000000000e+03 1.401206191076198593e-05 2.175193003495223820e-05 1.889210579975042492e-05 3.154159173845982878e-07 3.870347882184432819e-06 1.356670873065013438e-05 9.428811722500540782e-07 5.471519557431747671e-07 9.722563163450104184e-07 1.477737214372609742e-06 5.949170827079797164e-07 4.646431079891044647e-06 1.366871128993807361e-05 5.066357516625430435e-06 8.769204214331693947e-06 1.626625163453354617e-07 3.870347882184432819e-06 1.356670873065013438e-05 9.428811722500540782e-07 5.471519557431747671e-07 9.722563163450104184e-07 1.477737214372609742e-06 5.949170827079797164e-07 4.646431079891044647e-06
4.740000000000000000e+03 1.393650836689630523e-05 2.149622196156997234e-05 1.859455005615018308e-05 3.139458328860200709e-07 3.844567345367977396e-06 1.347824309050338343e-05 9.308365633842186071e-07 5.327976850821869448e-07 9.557442126606474631e-07 1.450672243663575500e-06 5.880979188077617437e-07 4.621655079972697422e-06 1.360176520392997190e-05 5.050792879046639428e-06 8.758245712670031935e-06 1.616098330714521580e-07 3.844567345367977396e-06 1.347824309050338343e-05 9.308365633842186071e-07 5.327976850821869448e-07 9.557442126606474631e-07 1.450672243663575500e-06 5.880979188077617437e-07 4.621655079972697422e-06
4.750000000000000000e+03 1.386224175803363323e-05 2.124574893969111145e-05 1.830427572713233531e-05 3.124819158983882517e-07 3.819081939582247287e-06 1.339025220659095794e-05 9.189999445879948325e-07 5.188635441299993545e-07 9.396416658091766294e-07 1.424257106918958016e-06 5.813772645524295513e-07 4.597100996761582792e-06 1.353602601739112288e-05 5.034834885009331629e-06 8.746093044464942068e-06 1.605787645075906767e-07 3.819081939582247287e-06 1.339025220659095794e-05 9.189999445879948325e-07 5.188635441299993545e-07 9.396416658091766294e-07 1.424257106918958016e-06 5.813772645524295513e-07 4.597100996761582792e-06
4.760000000000000000e+03 1.378906017635017633e-05 2.100015444739256054e-05 1.802105180104263127e-05 3.110232285052916268e-07 3.793735231738537550e-06 1.330332179350079969e-05 9.073834235096001066e-07 5.053867653259658255e-07 9.238506777364818845e-07 1.398430185872712173e-06 5.747781415266217664e-07 4.571832505462225527e-06 1.347125817119376734e-05 5.018523552280385047e-06 8.732764399610459805e-06 1.595686569544341182e-07 3.793735231738537550e-06 1.330332179350079969e-05 9.073834235096001066e-07 5.053867653259658255e-07 9.238506777364818845e-07 1.398430185872712173e-06 5.747781415266217664e-07 4.571832505462225527e-06
4.770000000000000000e+03 1.371700454910751432e-05 2.075932025036308914e-05 1.774466181814204901e-05 3.095694864896358922e-07 3.768806436710292473e-06 1.321633590123383328e-05 8.959722777035494801e-07 4.924264089822827373e-07 9.084264434022770729e-07 1.373152599626337178e-06 5.682396135853196029e-07 4.546299805952003226e-06 1.340755170531338081e-05 5.001839781471062452e-06 8.718359822523780167e-06 1.585783451218958362e-07 3.768806436710292473e-06 1.321633590123383328e-05 8.959722777035494801e-07 4.924264089822827373e-07 9.084264434022770729e-07 1.373152599626337178e-06 5.682396135853196029e-07 4.546299805952003226e-06
4.780000000000000000e+03 1.364585295959841460e-05 2.052326090051792562e-05 1.747513124428223819e-05 3.081232193835603539e-07 3.743803745237528346e-06 1.312966469413368031e-05 8.847606522977002896e-07 4.797770998266059905e-07 8.932529453886672854e-07 1.348433215753175318e-06 5.618817340291570872e-07 4.520665697782533243e-06 1.334467651759041473e-05 4.984793577023083344e-06 8.702821105543989688e-06 1.576082979681814322e-07 3.743803745237528346e-06 1.312966469413368031e-05 8.847606522977002896e-07 4.797770998266059905e-07 8.932529453886672854e-07 1.348433215753175318e-06 5.618817340291570872e-07 4.520665697782533243e-06
4.790000000000000000e+03 1.357579822069965303e-05 2.029163442784920335e-05 1.721186163194943219e-05 3.066816418595408322e-07 3.719466576512786560e-06 1.304298257309710607e-05 8.737808343539654743e-07 4.676535354519728571e-07 8.785014529166801367e-07 1.324344225395179819e-06 5.554440463129139971e-07 4.495214398048119619e-06 1.328279904555529356e-05 4.967388122167903930e-06 8.686297405802179128e-06 1.566571512512382469e-07 3.719466576512786560e-06 1.304298257309710607e-05 8.737808343539654743e-07 4.676535354519728571e-07 8.785014529166801367e-07 1.324344225395179819e-06 5.554440463129139971e-07 4.495214398048119619e-06
4.800000000000000000e+03 1.350665752397617325e-05 2.006423892453312874e-05 1.695499850029591471e-05 3.052437875794566935e-07 3.694860424729995430e-06 1.295680976909352466e-05 8.629544936411548406e-07 4.559646527013683226e-07 8.640877808829827700e-07 1.300720555263978895e-06 5.492819354913081042e-07 4.469331088330363855e-06 1.322171374340541661e-05 4.949632966599892825e-06 8.668795089761260897e-06 1.557239954763645073e-07 3.694860424729995430e-06 1.295680976909352466e-05 8.629544936411548406e-07 4.559646527013683226e-07 8.640877808829827700e-07 1.300720555263978895e-06 5.492819354913081042e-07 4.469331088330363855e-06
4.810000000000000000e+03 1.343838539469288662e-05 1.984107984753791243e-05 1.670422716415487230e-05 3.038124134491226869e-07 3.671074637168203481e-06 1.287093164137331769e-05 8.523761039214150514e-07 4.446037564775906503e-07 8.499729915456555318e-07 1.277689761991496198e-06 5.431218141893623397e-07 4.443209036253392696e-06 1.316143789154011756e-05 4.931508101435611024e-06 8.650166819279547781e-06 1.548090580172356567e-07 3.671074637168203481e-06 1.287093164137331769e-05 8.523761039214150514e-07 4.446037564775906503e-07 8.499729915456555318e-07 1.277689761991496198e-06 5.431218141893623397e-07 4.443209036253392696e-06
4.820000000000000000e+03 1.337089634034782648e-05 1.962212627404369414e-05 1.645934207772370428e-05 3.023863541784521658e-07 3.646926188594079576e-06 1.278514810110209510e-05 8.419938239967450500e-07 4.336596930443192832e-07 8.361341201634786557e-07 1.255135885003255680e-06 5.370125677472969983e-07 4.417257059685653076e-06 1.310193692916072905e-05 4.913028988084988669e-06 8.630655429442413151e-06 1.539118414939366630e-07 3.646926188594079576e-06 1.278514810110209510e-05 8.419938239967450500e-07 4.336596930443192832e-07 8.361341201634786557e-07 1.255135885003255680e-06 5.370125677472969983e-07 4.417257059685653076e-06
4.830000000000000000e+03 1.330432678514625877e-05 1.940698712132871151e-05 1.622040326765272766e-05 3.009654108154791174e-07 3.623048314693733118e-06 1.269987387786386535e-05 8.317778679156617727e-07 4.230219303735793801e-07 8.226289764934335835e-07 1.233062675964902155e-06 5.310332653607474640e-07 4.391222319100052118e-06 1.304309353145072237e-05 4.894158792012603953e-06 8.610240911366418004e-06 1.530316495745864813e-07 3.623048314693733118e-06 1.269987387786386535e-05 8.317778679156617727e-07 4.230219303735793801e-07 8.226289764934335835e-07 1.233062675964902155e-06 5.310332653607474640e-07 4.391222319100052118e-06
4.840000000000000000e+03 1.323836568190017715e-05 1.919570968311745673e-05 1.598689959791954607e-05 2.995487307089206297e-07 3.599526962716481648e-06 1.261520537809701636e-05 8.217645017793984152e-07 4.127769557271676604e-07 8.094488066490157507e-07 1.211514017995796166e-06 5.251208676781971008e-07 4.364825599623145536e-06 1.298494862567167729e-05 4.874986643699230626e-06 8.588865057390648872e-06 1.521669190651664394e-07 3.599526962716481648e-06 1.261520537809701636e-05 8.217645017793984152e-07 4.127769557271676604e-07 8.094488066490157507e-07 1.211514017995796166e-06 5.251208676781971008e-07 4.364825599623145536e-06
4.850000000000000000e+03 1.317313672188902274e-05 1.898813752632122487e-05 1.575908208906184882e-05 2.981378486310859444e-07 3.576204107957892120e-06 1.253148275282001123e-05 8.119166636788577307e-07 4.027658064842398744e-07 7.964789574543829076e-07 1.190381112792238127e-06 5.193189736019121483e-07 4.338459802966099232e-06 1.292736578761832789e-05 4.855438419326674193e-06 8.566640644858125597e-06 1.513185026169594494e-07 3.576204107957892120e-06 1.253148275282001123e-05 8.119166636788577307e-07 4.027658064842398744e-07 7.964789574543829076e-07 1.190381112792238127e-06 5.193189736019121483e-07 4.338459802966099232e-06
4.860000000000000000e+03 1.310859897785121575e-05 1.878412149380892515e-05 1.553649963170755655e-05 2.967312582313752500e-07 3.553164560798904859e-06 1.244747545570135117e-05 8.022872179935802706e-07 3.932189258648577379e-07 7.838444844310288318e-07 1.169739107353962027e-06 5.135789820087666158e-07 4.311873453843872994e-06 1.287039776798337698e-05 4.835541858483338729e-06 8.543558578821830451e-06 1.504848654576562694e-07 3.553164560798904859e-06 1.244747545570135117e-05 8.022872179935802706e-07 3.932189258648577379e-07 7.838444844310288318e-07 1.169739107353962027e-06 5.135789820087666158e-07 4.311873453843872994e-06
4.870000000000000000e+03 1.304469697060994804e-05 1.858368705143220723e-05 1.531903581053484231e-05 2.953293289920111420e-07 3.530192088874173351e-06 1.236370280821574852e-05 7.928117042865778785e-07 3.839031137431447860e-07 7.714573371231381316e-07 1.149509557762939949e-06 5.078358640275837388e-07 4.285554496163967997e-06 1.281397908314829692e-05 4.815348347619874403e-06 8.519785296812187880e-06 1.496659365329833236e-07 3.530192088874173351e-06 1.236370280821574852e-05 7.928117042865778785e-07 3.839031137431447860e-07 7.714573371231381316e-07 1.149509557762939949e-06 5.078358640275837388e-07 4.285554496163967997e-06
4.880000000000000000e+03 1.298137794947251678e-05 1.838664320530369878e-05 1.510668789705960080e-05 2.939328567208576715e-07 3.507252358758705668e-06 1.228061319125117734e-05 7.835258770683140028e-07 3.748713197637698613e-07 7.593448572151828557e-07 1.129709062297479250e-06 5.022771460971853230e-07 4.258960871084127575e-06 1.275806062039919198e-05 4.794791493623051792e-06 8.495238034811336547e-06 1.488612326738802949e-07 3.507252358758705668e-06 1.228061319125117734e-05 7.835258770683140028e-07 3.748713197637698613e-07 7.593448572151828557e-07 1.129709062297479250e-06 5.022771460971853230e-07 4.258960871084127575e-06
4.890000000000000000e+03 1.291858916374621913e-05 1.819288809201680124e-05 1.489919850428123027e-05 2.925402782238961663e-07 3.484706439849105664e-06 1.219824207510100678e-05 7.744271215415210463e-07 3.661173479940771358e-07 7.474953918062965386e-07 1.110352513933321461e-06 4.967619702256342862e-07 4.232299943396355957e-06 1.270248958462616429e-05 4.773931777890538797e-06 8.469982276437804103e-06 1.480697733313718345e-07 3.484706439849105664e-06 1.219824207510100678e-05 7.744271215415210463e-07 3.661173479940771358e-07 7.474953918062965386e-07 1.110352513933321461e-06 4.967619702256342862e-07 4.232299943396355957e-06
4.900000000000000000e+03 1.285634061787277460e-05 1.800231439119670540e-05 1.469648123020306230e-05 2.911519629833492218e-07 3.462278982624411583e-06 1.211587004945613444e-05 7.654916203136963304e-07 3.576673748284520116e-07 7.359049618571589235e-07 1.091366812033811584e-06 4.912861868433537893e-07 4.205782715871464461e-06 1.264749607798876241e-05 4.752751465275650844e-06 8.444098057225346565e-06 1.472909048061410431e-07 3.462278982624411583e-06 1.211587004945613444e-05 7.654916203136963304e-07 3.576673748284520116e-07 7.359049618571589235e-07 1.091366812033811584e-06 4.912861868433537893e-07 4.205782715871464461e-06
4.910000000000000000e+03 1.279462594538927078e-05 1.781479841156397015e-05 1.449857882107608020e-05 2.897668878176773433e-07 3.440111413510749117e-06 1.203388364956481382e-05 7.566977728856727481e-07 3.494816098736919230e-07 7.245163828883960377e-07 1.072773329724441282e-06 4.858986812905641273e-07 4.178928065812215209e-06 1.259281998500227928e-05 4.731273293145932257e-06 8.417488061240874231e-06 1.465243428810936166e-07 3.440111413510749117e-06 1.203388364956481382e-05 7.566977728856727481e-07 3.494816098736919230e-07 7.245163828883960377e-07 1.072773329724441282e-06 4.858986812905641273e-07 4.178928065812215209e-06
4.920000000000000000e+03 1.273327598028117791e-05 1.763024556566961110e-05 1.430503016308648512e-05 2.883870706682500895e-07 3.417948164496920072e-06 1.195304321299772710e-05 7.481476131943054497e-07 3.415502192183339503e-07 7.134175348255666904e-07 1.054619929163891356e-06 4.806398123946564738e-07 4.152186647843336686e-06 1.253851769433822483e-05 4.709414042736170813e-06 8.390219591092318296e-06 1.457702154539219919e-07 3.417948164496920072e-06 1.195304321299772710e-05 7.481476131943054497e-07 3.415502192183339503e-07 7.134175348255666904e-07 1.054619929163891356e-06 4.806398123946564738e-07 4.152186647843336686e-06
4.930000000000000000e+03 1.267230800294782966e-05 1.744868495734408498e-05 1.411600260325940326e-05 2.870099535812187241e-07 3.395995008759200573e-06 1.187238831334980205e-05 7.396851628982403781e-07 3.338902274663269054e-07 7.024655701570736710e-07 1.036776666296645999e-06 4.753218263431335799e-07 4.125482064409879968e-06 1.248452645086217672e-05 4.687362434196984395e-06 8.362501830561086535e-06 1.450267603786414838e-07 3.395995008759200573e-06 1.187238831334980205e-05 7.396851628982403781e-07 3.338902274663269054e-07 7.024655701570736710e-07 1.036776666296645999e-06 4.753218263431335799e-07 4.125482064409879968e-06
4.940000000000000000e+03 1.261181660083821043e-05 1.726993286865763366e-05 1.393114416714524850e-05 2.856377534499188187e-07 3.374107791387359612e-06 1.179242553916992620e-05 7.314787922041432466e-07 3.264281929205026245e-07 6.918293138369335793e-07 1.019409069158427883e-06 4.701110185578727396e-07 4.099047146155498922e-06 1.243082988366950303e-05 4.664934294851263985e-06 8.334106496477033943e-06 1.442945176677312702e-07 3.374107791387359612e-06 1.179242553916992620e-05 7.314787922041432466e-07 3.264281929205026245e-07 6.918293138369335793e-07 1.019409069158427883e-06 4.701110185578727396e-07 4.099047146155498922e-06
4.950000000000000000e+03 1.255169081559870392e-05 1.709396747173741460e-05 1.375064221065258607e-05 2.842670880909281550e-07 3.352456133143277839e-06 1.171316034742631018e-05 7.233458063637954183e-07 3.192443784882925684e-07 6.813512527514831163e-07 1.002255430648801848e-06 4.650753169244126184e-07 4.071947387274121866e-06 1.237735705217346549e-05 4.642263775167521089e-06 8.305290975840762258e-06 1.435718388620443875e-07 3.352456133143277839e-06 1.171316034742631018e-05 7.233458063637954183e-07 3.192443784882925684e-07 6.813512527514831163e-07 1.002255430648801848e-06 4.650753169244126184e-07 4.071947387274121866e-06
4.960000000000000000e+03 1.249189426744123921e-05 1.692076693871058524e-05 1.357405290036695078e-05 2.829019933869858505e-07 3.330835625092731789e-06 1.163371052825823426e-05 7.154383183660684153e-07 3.122033263025514316e-07 6.711042033202829771e-07 9.855662028712686151e-07 4.599640419655770529e-07 4.045321020385017619e-06 1.232424347108462825e-05 4.619312221620930359e-06 8.275935215351637453e-06 1.428594913477354567e-07 3.330835625092731789e-06 1.163371052825823426e-05 7.154383183660684153e-07 3.122033263025514316e-07 6.711042033202829771e-07 9.855662028712686151e-07 4.599640419655770529e-07 4.045321020385017619e-06
4.970000000000000000e+03 1.243242877535521984e-05 1.675010935286991298e-05 1.340159724350087345e-05 2.815391155763791176e-07 3.309545036245253868e-06 1.155484551418339834e-05 7.076352517287887167e-07 3.053509942674281774e-07 6.610217724301037379e-07 9.691102604847401381e-07 4.549747529836167814e-07 4.018598701804876328e-06 1.227128177561098710e-05 4.596066901285666972e-06 8.246188372140750289e-06 1.421563666781366919e-07 3.309545036245253868e-06 1.155484551418339834e-05 7.076352517287887167e-07 3.053509942674281774e-07 6.610217724301037379e-07 9.691102604847401381e-07 4.549747529836167814e-07 4.018598701804876328e-06
4.980000000000000000e+03 1.237320611835457385e-05 1.658201290410943329e-05 1.323283049714518711e-05 2.801796199491946027e-07 3.288330617579049431e-06 1.147689545177854598e-05 6.999985089350957423e-07 2.987718232816405362e-07 6.511857009172672406e-07 9.530136253488308284e-07 4.499618171394104138e-07 3.992000074504176155e-06 1.221857201016973704e-05 4.572573743644170463e-06 8.215966772695537657e-06 1.414617258888029028e-07 3.288330617579049431e-06 1.147689545177854598e-05 6.999985089350957423e-07 2.987718232816405362e-07 6.511857009172672406e-07 9.530136253488308284e-07 4.499618171394104138e-07 3.992000074504176155e-06
4.990000000000000000e+03 1.231426176673267037e-05 1.641641938476823270e-05 1.306798367295414209e-05 2.788225117456022417e-07 3.267108013460529037e-06 1.139945652539609000e-05 6.925155275894212537e-07 2.923144961641810369e-07 6.415873485821066424e-07 9.372454314870992675e-07 4.451254085324762855e-07 3.965628820878919214e-06 1.216588225361192599e-05 4.548841388896107674e-06 8.185366823454387486e-06 1.407754126603322220e-07 3.267108013460529037e-06 1.139945652539609000e-05 6.925155275894212537e-07 2.923144961641810369e-07 6.415873485821066424e-07 9.372454314870992675e-07 4.451254085324762855e-07 3.965628820878919214e-06
5.000000000000000000e+03 1.225554296979680657e-05 1.625314325792714953e-05 1.290676118514966220e-05 2.774683025563717820e-07 3.246272854084963910e-06 1.132277793658431619e-05 6.852469596196897328e-07 2.861004873011552263e-07 6.321880618997965939e-07 9.218350101036776323e-07 4.402937179293076042e-07 3.939090220228536054e-06 1.211339349538320675e-05 4.524822088569635525e-06 8.154306669894140214e-06 1.400971285647756304e-07 3.246272854084963910e-06 1.132277793658431619e-05 6.852469596196897328e-07 2.861004873011552263e-07 6.321880618997965939e-07 9.218350101036776323e-07 4.402937179293076042e-07 3.939090220228536054e-06
