# step, loss_train, loss_test, metrics_test
0.000000000000000000e+00 9.973920136690139771e-02 4.983128607273101807e-02 8.546701632440090179e-03 1.190263628814136609e-05 1.403305958956480026e-02 2.390923798084259033e-01 6.672003772109746933e-03 1.474958145990967751e-03 2.600793726742267609e-02 5.732517092837952077e-05 6.610441952943801880e-03 1.322915852069854736e-01 1.011234894394874573e-01 4.911015927791595459e-02 8.680859580636024475e-03 1.154065284936223179e-05 1.403305958956480026e-02 2.390923798084259033e-01 6.672003772109746933e-03 1.474958145990967751e-03 2.600793726742267609e-02 5.732517092837952077e-05 6.610441952943801880e-03 1.322915852069854736e-01
1.000000000000000000e+01 1.055615860968828201e-02 1.112824864685535431e-02 1.915759872645139694e-03 7.986513082869350910e-06 1.064237486571073532e-02 1.161713805049657822e-02 5.430582445114850998e-03 1.053608684742357582e-05 2.529498189687728882e-03 6.010429933667182922e-05 2.579570980742573738e-03 6.508771330118179321e-03 9.930345229804515839e-03 8.239324204623699188e-03 1.948956982232630253e-03 7.530559287260985002e-06 1.064237486571073532e-02 1.161713805049657822e-02 5.430582445114850998e-03 1.053608684742357582e-05 2.529498189687728882e-03 6.010429933667182922e-05 2.579570980742573738e-03 6.508771330118179321e-03
2.000000000000000000e+01 4.701669327914714813e-03 1.668288558721542358e-02 8.934930083341896534e-04 3.297036755611770786e-06 7.018681149929761887e-03 4.476310685276985168e-03 3.003141609951853752e-03 1.683186419541016221e-04 2.635708660818636417e-04 4.524115138337947428e-05 1.332785701379179955e-03 1.304867910221219063e-04 4.431561101227998734e-03 1.299953274428844452e-02 8.472740883007645607e-04 2.473942458891542628e-06 7.018681149929761887e-03 4.476310685276985168e-03 3.003141609951853752e-03 1.683186419541016221e-04 2.635708660818636417e-04 4.524115138337947428e-05 1.332785701379179955e-03 1.304867910221219063e-04
3.000000000000000000e+01 2.865269780158996582e-03 8.972982876002788544e-03 6.686279084533452988e-04 5.414430233940947801e-06 4.469495732337236404e-03 2.970343455672264099e-03 1.582902157679200172e-03 6.089202361181378365e-04 3.068812424317002296e-03 3.677931817946955562e-05 6.490473751910030842e-04 2.852078469004482031e-04 2.680681878700852394e-03 6.297542247921228409e-03 5.951345083303749561e-04 4.709520453616278246e-06 4.469495732337236404e-03 2.970343455672264099e-03 1.582902157679200172e-03 6.089202361181378365e-04 3.068812424317002296e-03 3.677931817946955562e-05 6.490473751910030842e-04 2.852078469004482031e-04
4.000000000000000000e+01 2.384251449257135391e-03 9.404709562659263611e-03 5.406381096690893173e-04 4.644463842851109803e-06 2.889531431719660759e-03 9.067437495104968548e-04 8.942295098677277565e-04 8.699285681359469891e-04 1.589248073287308216e-03 3.122661655652336776e-05 4.248982877470552921e-04 1.475188182666897774e-04 2.143825870007276535e-03 6.370055954903364182e-03 4.178569943178445101e-04 4.243843250151257962e-06 2.889531431719660759e-03 9.067437495104968548e-04 8.942295098677277565e-04 8.699285681359469891e-04 1.589248073287308216e-03 3.122661655652336776e-05 4.248982877470552921e-04 1.475188182666897774e-04
5.000000000000000000e+01 2.455388428643345833e-03 9.921953082084655762e-03 5.134128732606768608e-04 2.834830638676066883e-06 1.713247620500624180e-03 4.832462582271546125e-04 5.933222710154950619e-04 6.533432169817388058e-04 3.954005078412592411e-04 2.496414344932418317e-05 1.380172761855646968e-04 4.730896398541517556e-05 2.150381915271282196e-03 6.330690812319517136e-03 3.789265756495296955e-04 2.662079396031913348e-06 1.713247620500624180e-03 4.832462582271546125e-04 5.933222710154950619e-04 6.533432169817388058e-04 3.954005078412592411e-04 2.496414344932418317e-05 1.380172761855646968e-04 4.730896398541517556e-05
6.000000000000000000e+01 2.497342182323336601e-03 8.350233547389507294e-03 4.882748180534690619e-04 1.964617695193737745e-06 1.154491794295608997e-03 8.514315704815089703e-04 4.678747791331261396e-04 5.429824232123792171e-04 7.041018689051270485e-04 1.957832319021690637e-05 3.530142203089781106e-05 9.201414286508224905e-06 2.169599523767828941e-03 4.929167218506336212e-03 3.793705254793167114e-04 1.879519572867138777e-06 1.154491794295608997e-03 8.514315704815089703e-04 4.678747791331261396e-04 5.429824232123792171e-04 7.041018689051270485e-04 1.957832319021690637e-05 3.530142203089781106e-05 9.201414286508224905e-06
7.000000000000000000e+01 1.913751708343625069e-03 8.095846511423587799e-03 4.390752292238175869e-04 1.729170776343380567e-06 1.037242123857140541e-03 3.903667093254625797e-04 3.896244743373245001e-04 4.015906306449323893e-04 6.288204458542168140e-04 1.305723162658978254e-05 3.494592237984761596e-05 1.883627410279586911e-04 1.538961543701589108e-03 4.643344320356845856e-03 3.589597763493657112e-04 1.675219323260535020e-06 1.037242123857140541e-03 3.903667093254625797e-04 3.896244743373245001e-04 4.015906306449323893e-04 6.288204458542168140e-04 1.305723162658978254e-05 3.494592237984761596e-05 1.883627410279586911e-04
8.000000000000000000e+01 1.756211044266819954e-03 7.698366418480873108e-03 4.396971489768475294e-04 1.726737991702975705e-06 7.959090289659798145e-04 4.030734708067029715e-04 3.199526108801364899e-04 3.678684297483414412e-04 4.433867579791694880e-04 7.692372491874266416e-06 1.377948410663520917e-05 1.167047457784065045e-06 1.380283036269247532e-03 4.179443698376417160e-03 3.733139019459486008e-04 1.678117769188247621e-06 7.959090289659798145e-04 4.030734708067029715e-04 3.199526108801364899e-04 3.678684297483414412e-04 4.433867579791694880e-04 7.692372491874266416e-06 1.377948410663520917e-05 1.167047457784065045e-06
9.000000000000000000e+01 1.682415837422013283e-03 7.185736671090126038e-03 3.937837609555572271e-04 1.773301846696995199e-06 6.086672074161469936e-04 2.494513464625924826e-04 2.456241345498710871e-04 3.230699512641876936e-04 5.128593184053897858e-04 3.649273367045680061e-06 4.742544206237653270e-06 1.412274559697834775e-05 1.281242934055626392e-03 3.749361261725425720e-03 3.478916769381612539e-04 1.711165623419219628e-06 6.086672074161469936e-04 2.494513464625924826e-04 2.456241345498710871e-04 3.230699512641876936e-04 5.128593184053897858e-04 3.649273367045680061e-06 4.742544206237653270e-06 1.412274559697834775e-05
1.000000000000000000e+02 1.568643143400549889e-03 6.818501278758049011e-03 3.786613815464079380e-04 1.837330273701809347e-06 4.925961839035153389e-04 1.865650847321376204e-04 1.875181478681042790e-04 2.976928080897778273e-04 4.719991993624716997e-04 1.259478267456870526e-06 3.170415993736241944e-06 5.994110779283801094e-06 1.144700101576745510e-03 3.410935169085860252e-03 3.477160644251853228e-04 1.750032879499485716e-06 4.925961839035153389e-04 1.865650847321376204e-04 1.875181478681042790e-04 2.976928080897778273e-04 4.719991993624716997e-04 1.259478267456870526e-06 3.170415993736241944e-06 5.994110779283801094e-06
1.100000000000000000e+02 1.495957723818719387e-03 6.449264939874410629e-03 3.812389622908085585e-04 1.909848833747673780e-06 3.836230316665023565e-04 1.603307755431160331e-04 1.441927597625181079e-04 2.731460845097899437e-04 4.291282675694674253e-04 3.808760880019690376e-07 2.652207740538869984e-06 5.286100304147112183e-07 1.056585693731904030e-03 3.077821107581257820e-03 3.636324836406856775e-04 1.789861016732174903e-06 3.836230316665023565e-04 1.603307755431160331e-04 1.441927597625181079e-04 2.731460845097899437e-04 4.291282675694674253e-04 3.808760880019690376e-07 2.652207740538869984e-06 5.286100304147112183e-07
1.200000000000000000e+02 1.385456416755914688e-03 6.074991542845964432e-03 3.981239569839090109e-04 1.994734248000895604e-06 3.200451319571584463e-04 1.391334371874108911e-04 1.144276684499345720e-04 2.602909808047115803e-04 4.212073690723627806e-04 7.222290037134371232e-07 1.885929577838396654e-06 7.458385766767605674e-07 9.455557446926832199e-04 2.770578721538186073e-03 3.922012983821332455e-04 1.843583618210686836e-06 3.200451319571584463e-04 1.391334371874108911e-04 1.144276684499345720e-04 2.602909808047115803e-04 4.212073690723627806e-04 7.222290037134371232e-07 1.885929577838396654e-06 7.458385766767605674e-07
1.300000000000000000e+02 1.277533825486898422e-03 5.770863499492406845e-03 4.178100498393177986e-04 2.077053295579389669e-06 2.709242398850619793e-04 1.147491202573291957e-04 9.288856381317600608e-05 2.517327666282653809e-04 3.806184977293014526e-04 1.821410251068300568e-06 1.543585426588833798e-06 1.544723090773914009e-06 8.466072031296789646e-04 2.517813816666603088e-03 4.208033496979624033e-04 1.903844804473919794e-06 2.709242398850619793e-04 1.147491202573291957e-04 9.288856381317600608e-05 2.517327666282653809e-04 3.806184977293014526e-04 1.821410251068300568e-06 1.543585426588833798e-06 1.544723090773914009e-06
1.400000000000000000e+02 1.176023506559431553e-03 5.448551382869482040e-03 4.408072272781282663e-04 2.164792476833099499e-06 2.338968770345672965e-04 1.043692827806808054e-04 7.570438174298033118e-05 2.440376701997593045e-04 3.648226265795528889e-04 3.177543703714036383e-06 1.357565565740515012e-06 3.700806701090186834e-06 7.565784035250544548e-04 2.267353003844618797e-03 4.511368751991540194e-04 1.979986791411647573e-06 2.338968770345672965e-04 1.043692827806808054e-04 7.570438174298033118e-05 2.440376701997593045e-04 3.648226265795528889e-04 3.177543703714036383e-06 1.357565565740515012e-06 3.700806701090186834e-06
1.500000000000000000e+02 1.079511595889925957e-03 5.153526552021503448e-03 4.580336390063166618e-04 2.270568302265019156e-06 2.058329991996288300e-04 9.332717309007421136e-05 6.159445183584466577e-05 2.388654538663104177e-04 3.479968290776014328e-04 4.403812909004045650e-06 7.483096737814776134e-07 5.590448836301220581e-06 6.738237570971250534e-04 2.046112203970551491e-03 4.736391711048781872e-04 2.083767412841552868e-06 2.058329991996288300e-04 9.332717309007421136e-05 6.159445183584466577e-05 2.388654538663104177e-04 3.479968290776014328e-04 4.403812909004045650e-06 7.483096737814776134e-07 5.590448836301220581e-06
1.600000000000000000e+02 9.901508456096053123e-04 4.876425955444574356e-03 4.687593900598585606e-04 2.405083932899287902e-06 1.839387550717219710e-04 8.315714512718841434e-05 5.002850593882612884e-05 2.344800159335136414e-04 3.333172353450208902e-04 5.281857283989666030e-06 3.916598814157623565e-07 6.364424280036473647e-06 5.998014821670949459e-04 1.846453407779335976e-03 4.879562766291201115e-04 2.223532192147104070e-06 1.839387550717219710e-04 8.315714512718841434e-05 5.002850593882612884e-05 2.344800159335136414e-04 3.333172353450208902e-04 5.281857283989666030e-06 3.916598814157623565e-07 6.364424280036473647e-06
1.700000000000000000e+02 9.083378245122730732e-04 4.608455114066600800e-03 4.755313857458531857e-04 2.577650093371630646e-06 1.662708091316744685e-04 7.431734411511570215e-05 4.073996387887746096e-05 2.300193009432405233e-04 3.228221030440181494e-04 5.729833901568781585e-06 2.549568876020202879e-07 6.795678928028792143e-06 5.350394058041274548e-04 1.661172718740999699e-03 4.969956935383379459e-04 2.407080046396004036e-06 1.662708091316744685e-04 7.431734411511570215e-05 4.073996387887746096e-05 2.300193009432405233e-04 3.228221030440181494e-04 5.729833901568781585e-06 2.549568876020202879e-07 6.795678928028792143e-06
1.800000000000000000e+02 8.344632224179804325e-04 4.354923497885465622e-03 4.786028584931045771e-04 2.794625743263168260e-06 1.510897709522396326e-04 6.483458128059282899e-05 3.325006764498539269e-05 2.244850766146555543e-04 3.115373256150633097e-04 5.768950813944684342e-06 2.698494085962011013e-07 7.106053089955821633e-06 4.790840321220457554e-04 1.491706003434956074e-03 5.011843168176710606e-04 2.640131242515053600e-06 1.510897709522396326e-04 6.483458128059282899e-05 3.325006764498539269e-05 2.244850766146555543e-04 3.115373256150633097e-04 5.768950813944684342e-06 2.698494085962011013e-07 7.106053089955821633e-06
1.900000000000000000e+02 7.680839626118540764e-04 4.109932109713554382e-03 4.787530924659222364e-04 3.059413529626908712e-06 1.377005391987040639e-04 5.614445763058029115e-05 2.708968895603902638e-05 2.180105511797592044e-04 3.022890305146574974e-04 5.476791557157412171e-06 4.334669370109622832e-07 6.964898147998610511e-06 4.307592171244323254e-04 1.334504107944667339e-03 5.014409543946385384e-04 2.925675744336331263e-06 1.377005391987040639e-04 5.614445763058029115e-05 2.708968895603902638e-05 2.180105511797592044e-04 3.022890305146574974e-04 5.476791557157412171e-06 4.334669370109622832e-07 6.964898147998610511e-06
2.000000000000000000e+02 7.083611562848091125e-04 3.875730326399207115e-03 4.761179152410477400e-04 3.373668732820078731e-06 1.256839750567451119e-04 4.780110248248092830e-05 2.199769187427591532e-05 2.109445631504058838e-04 2.925061562564224005e-04 4.952905328536871821e-06 7.210035164462169632e-07 6.508581009256886318e-06 3.890716470777988434e-04 1.190006500110030174e-03 4.979686345905065536e-04 3.264864062657579780e-06 1.256839750567451119e-04 4.780110248248092830e-05 2.199769187427591532e-05 2.109445631504058838e-04 2.925061562564224005e-04 4.952905328536871821e-06 7.210035164462169632e-07 6.508581009256886318e-06
2.100000000000000000e+02 6.544343195855617523e-04 3.649576334282755852e-03 4.721009754575788975e-04 3.737865199582302012e-06 1.147518778452649713e-04 4.037060352857224643e-05 1.780912862159311771e-05 2.032925840467214584e-04 2.831655438058078289e-04 4.293354777473723516e-06 1.096273535949876532e-06 5.859305929334368557e-06 3.531018155626952648e-04 1.056369277648627758e-03 4.922442603856325150e-04 3.657390607259003446e-06 1.147518778452649713e-04 4.037060352857224643e-05 1.780912862159311771e-05 2.032925840467214584e-04 2.831655438058078289e-04 4.293354777473723516e-06 1.096273535949876532e-06 5.859305929334368557e-06
2.200000000000000000e+02 6.055070552974939346e-04 3.432089230045676231e-03 4.675440432038158178e-04 4.150633685640059412e-06 1.046867328113876283e-04 3.379309418960474432e-05 1.437802620785078034e-05 1.950503647094592452e-04 2.733577857725322247e-04 3.578285031835548580e-06 1.525427819615288172e-06 5.160941782378358766e-06 3.219963400624692440e-04 9.334117639809846878e-04 4.851494741160422564e-04 4.100912974536186084e-06 1.046867328113876283e-04 3.379309418960474432e-05 1.437802620785078034e-05 1.950503647094592452e-04 2.733577857725322247e-04 3.578285031835548580e-06 1.525427819615288172e-06 5.160941782378358766e-06
2.300000000000000000e+02 5.608084611594676971e-04 3.222759580239653587e-03 4.630683979485183954e-04 4.608025847119279206e-06 9.542814950691536069e-05 2.823966860887594521e-05 1.156502003141213208e-05 1.864630321506410837e-04 2.632169052958488464e-04 2.867156581487506628e-06 1.978754426090745255e-06 4.463897766981972381e-06 2.949413028545677662e-04 8.205556659959256649e-04 4.773332912009209394e-04 4.590480330080026761e-06 9.542814950691536069e-05 2.823966860887594521e-05 1.156502003141213208e-05 1.864630321506410837e-04 2.632169052958488464e-04 2.867156581487506628e-06 1.978754426090745255e-06 4.463897766981972381e-06
2.400000000000000000e+02 5.197171121835708618e-04 3.022010205313563347e-03 4.589389427565038204e-04 5.103636794956400990e-06 8.694081770954653621e-05 2.371593836869578809e-05 9.256162229576148093e-06 1.776822464307770133e-04 2.525047166272997856e-04 2.201269353463430889e-06 2.433394229228724726e-06 3.809479267147253267e-06 2.712266286835074425e-04 7.176520302891731262e-04 4.690940550062805414e-04 5.118781245982972905e-06 8.694081770954653621e-05 2.371593836869578809e-05 9.256162229576148093e-06 1.776822464307770133e-04 2.525047166272997856e-04 2.201269353463430889e-06 2.433394229228724726e-06 3.809479267147253267e-06
2.500000000000000000e+02 4.817377775907516479e-04 2.830062760040163994e-03 4.553034377750009298e-04 5.629017323371954262e-06 7.919008203316479921e-05 2.021900581894442439e-05 7.362604719673981890e-06 1.687907206360250711e-04 2.412699832348152995e-04 1.607767103450896684e-06 2.869793206627946347e-06 3.223551402697921731e-06 2.502886345610022545e-04 6.244576070457696915e-04 4.606245202012360096e-04 5.676582077285274863e-06 7.919008203316479921e-05 2.021900581894442439e-05 7.362604719673981890e-06 1.687907206360250711e-04 2.412699832348152995e-04 1.607767103450896684e-06 2.869793206627946347e-06 3.223551402697921731e-06
2.600000000000000000e+02 4.464754019863903522e-04 2.647255081683397293e-03 4.521316441241651773e-04 6.174010650283889845e-06 7.215546065708622336e-05 1.767989851941820234e-05 5.813522875541821122e-06 1.598706294316798449e-04 2.295312006026506424e-04 1.103678641811711714e-06 3.272336698501021601e-06 2.724997102632187307e-06 2.316830796189606190e-04 5.407420103438198566e-04 4.519591748248785734e-04 6.253077117435168475e-06 7.215546065708622336e-05 1.767989851941820234e-05 5.813522875541821122e-06 1.598706294316798449e-04 2.295312006026506424e-04 1.103678641811711714e-06 3.272336698501021601e-06 2.724997102632187307e-06
2.700000000000000000e+02 4.136374336667358875e-04 2.473811153322458267e-03 4.492806328926235437e-04 6.727040272380691022e-06 6.582243076991289854e-05 1.599642564542591572e-05 4.551062829705188051e-06 1.510009460616856813e-04 2.173792017856612802e-04 6.985748655097268056e-07 3.629944785643601790e-06 2.321600504728849046e-06 2.150526415789499879e-04 4.661810235120356083e-04 4.430384724400937557e-04 6.836132342868950218e-06 6.582243076991289854e-05 1.599642564542591572e-05 4.551062829705188051e-06 1.510009460616856813e-04 2.173792017856612802e-04 6.985748655097268056e-07 3.629944785643601790e-06 2.321600504728849046e-06
2.800000000000000000e+02 3.830147616099566221e-04 2.309883246198296547e-03 4.465269739739596844e-04 7.275695224961964414e-06 6.017105260980315506e-05 1.504063402535393834e-05 3.529200739649240859e-06 1.422416826244443655e-04 2.049147879006341100e-04 3.961512220485019498e-07 3.933741481887409464e-06 2.012923232541652396e-06 2.001110115088522434e-04 4.003799112979322672e-04 4.337433783803135157e-04 7.412892955471761525e-06 6.017105260980315506e-05 1.504063402535393834e-05 3.529200739649240859e-06 1.422416826244443655e-04 2.049147879006341100e-04 3.961512220485019498e-07 3.933741481887409464e-06 2.012923232541652396e-06
2.900000000000000000e+02 3.544595383573323488e-04 2.155480440706014633e-03 4.436214803718030453e-04 7.807449037500191480e-06 5.517234239960089326e-05 1.467069705540779978e-05 2.711146180445211940e-06 1.336523855570703745e-04 1.922567462315782905e-04 1.950757990698548383e-07 4.180098130746046081e-06 1.790711053217819426e-06 1.866398088168352842e-04 3.428480122238397598e-04 4.239447880536317825e-04 7.970497790665831417e-06 5.517234239960089326e-05 1.467069705540779978e-05 2.711146180445211940e-06 1.336523855570703745e-04 1.922567462315782905e-04 1.950757990698548383e-07 4.180098130746046081e-06 1.790711053217819426e-06
3.000000000000000000e+02 3.278678341303020716e-04 2.010501688346266747e-03 4.403073980938643217e-04 8.310318662552163005e-06 5.079466063762083650e-05 1.474247892474522814e-05 2.066744627882144414e-06 1.252807269338518381e-04 1.795186835806816816e-04 8.935832340739580104e-08 4.366285793366841972e-06 1.643076302570989355e-06 1.744711917126551270e-04 2.930276677943766117e-04 4.135170311201363802e-04 8.496734153595753014e-06 5.079466063762083650e-05 1.474247892474522814e-05 2.066744627882144414e-06 1.252807269338518381e-04 1.795186835806816816e-04 8.935832340739580104e-08 4.366285793366841972e-06 1.643076302570989355e-06
3.100000000000000000e+02 3.031654341612011194e-04 1.874717418104410172e-03 4.363463667687028646e-04 8.773521585681010038e-06 4.699559212895110250e-05 1.511465870862593874e-05 1.570565700603765436e-06 1.171685653389431536e-04 1.668253826210275292e-04 6.875783498117016279e-08 4.493384494708152488e-06 1.554899426992051303e-06 1.634731015656143427e-04 2.503037976566702127e-04 4.023594956379383802e-04 8.980680831882636994e-06 4.699559212895110250e-05 1.511465870862593874e-05 1.570565700603765436e-06 1.171685653389431536e-04 1.668253826210275292e-04 6.875783498117016279e-08 4.493384494708152488e-06 1.554899426992051303e-06
3.200000000000000000e+02 2.802920644171535969e-04 1.747815171256661415e-03 4.315298574510961771e-04 9.187999239657074213e-06 4.373133924673311412e-05 1.566499668115284294e-05 1.200403744405775797e-06 1.093495011446066201e-04 1.542885438539087772e-04 1.194599263953932677e-07 4.562669346341863275e-06 1.510518359282286838e-06 1.535405899630859494e-04 2.140336437150835991e-04 3.904027107637375593e-04 9.413217412657104433e-06 4.373133924673311412e-05 1.566499668115284294e-05 1.200403744405775797e-06 1.093495011446066201e-04 1.542885438539087772e-04 1.194599263953932677e-07 4.562669346341863275e-06 1.510518359282286838e-06
3.300000000000000000e+02 2.591937372926622629e-04 1.629406237043440342e-03 4.256962565705180168e-04 9.546821274852845818e-06 4.094052928849123418e-05 1.628072641324251890e-05 9.363477033730305266e-07 1.018459952319972217e-04 1.420162298018112779e-04 2.250556150329430238e-07 4.578780590236419812e-06 1.494295588599925395e-06 1.445848756702616811e-04 1.835631264839321375e-04 3.776183584704995155e-04 9.787404451344627887e-06 4.094052928849123418e-05 1.628072641324251890e-05 9.363477033730305266e-07 1.018459952319972217e-04 1.420162298018112779e-04 2.250556150329430238e-07 4.578780590236419812e-06 1.494295588599925395e-06
3.400000000000000000e+02 2.398156066192314029e-04 1.519063953310251236e-03 4.187285667285323143e-04 9.845384738582652062e-06 3.856931652990169823e-05 1.687882104306481779e-05 7.602015443808340933e-07 9.467383642913773656e-05 1.301024167332798243e-04 3.677787105971219717e-07 4.545823230728274211e-06 1.492606088504544459e-06 1.365322968922555447e-04 1.582512923050671816e-04 3.640166250988841057e-04 1.009869447443634272e-05 3.856931652990169823e-05 1.687882104306481779e-05 7.602015443808340933e-07 9.467383642913773656e-05 1.301024167332798243e-04 3.677787105971219717e-07 4.545823230728274211e-06 1.492606088504544459e-06
3.500000000000000000e+02 2.220944879809394479e-04 1.416333368979394436e-03 4.105674161110073328e-04 1.008153049042448401e-05 3.655281034298241138e-05 1.739283288770820946e-05 6.551542242050345521e-07 8.784149395069107413e-05 1.186294684885069728e-04 5.297729899211844895e-07 4.469237865123432130e-06 1.494044113314885180e-06 1.293144741794094443e-04 1.374821586068719625e-04 3.496543504297733307e-04 1.034500928653869778e-05 3.655281034298241138e-05 1.739283288770820946e-05 6.551542242050345521e-07 8.784149395069107413e-05 1.186294684885069728e-04 5.297729899211844895e-07 4.469237865123432130e-06 1.494044113314885180e-06
3.600000000000000000e+02 2.059619291685521603e-04 1.320747192949056625e-03 4.012033168692141771e-04 1.025539677357301116e-05 3.482570537016727030e-05 1.778328442014753819e-05 6.057412065274547786e-07 8.135099051287397742e-05 1.076668777386657894e-04 6.943814128135272767e-07 4.354654265625867993e-06 1.490388399361108895e-06 1.228697365149855614e-04 1.206733577419072390e-04 3.346230369061231613e-04 1.052660172717878595e-05 3.482570537016727030e-05 1.778328442014753819e-05 6.057412065274547786e-07 8.135099051287397742e-05 1.076668777386657894e-04 6.943814128135272767e-07 4.354654265625867993e-06 1.490388399361108895e-06
3.700000000000000000e+02 1.913387532113119960e-04 1.231847098097205162e-03 3.906780329998582602e-04 1.036914272845024243e-05 3.332897176733240485e-05 1.802683436835650355e-05 5.980204491606855299e-07 7.520109647884964943e-05 9.726786083774641156e-05 8.471554906464007217e-07 4.208632617519469932e-06 1.476154011470498517e-06 1.171370240626856685e-04 1.072883678716607392e-04 3.190487914253026247e-04 1.064575553755275905e-05 3.332897176733240485e-05 1.802683436835650355e-05 5.980204491606855299e-07 7.520109647884964943e-05 9.726786083774641156e-05 8.471554906464007217e-07 4.208632617519469932e-06 1.476154011470498517e-06
3.800000000000000000e+02 1.781412429409101605e-04 1.149188610725104809e-03 3.790774499066174030e-04 1.042670737660955638e-05 3.200458013452589512e-05 1.811827860365156084e-05 6.194788397806405555e-07 6.938604201423004270e-05 8.747385436436161399e-05 9.766004041011910886e-07 4.036351583636133000e-06 1.449044248147401959e-06 1.120588276535272598e-04 9.683721873443573713e-05 3.030858933925628662e-04 1.070654889190336689e-05 3.200458013452589512e-05 1.811827860365156084e-05 6.194788397806405555e-07 6.938604201423004270e-05 8.747385436436161399e-05 9.766004041011910886e-07 4.036351583636133000e-06 1.449044248147401959e-06
3.900000000000000000e+02 1.662780850892886519e-04 1.072347164154052734e-03 3.665253170765936375e-04 1.043329302774509415e-05 3.080185342696495354e-05 1.806491673050913960e-05 6.593783723474189173e-07 6.389937334461137652e-05 7.831121911294758320e-05 1.074627334674005397e-06 3.844529146590502933e-06 1.409036144650599454e-06 1.075783438864164054e-04 8.887764852261170745e-05 2.869046875275671482e-04 1.071432507160352543e-05 3.080185342696495354e-05 1.806491673050913960e-05 6.593783723474189173e-07 6.389937334461137652e-05 7.831121911294758320e-05 1.074627334674005397e-06 3.844529146590502933e-06 1.409036144650599454e-06
4.000000000000000000e+02 1.556555507704615593e-04 1.000924850814044476e-03 3.531744005158543587e-04 1.039504331856733188e-05 2.967254295072052628e-05 1.788492045307066292e-05 7.086654818522220012e-07 5.873330519534647465e-05 6.979575118748471141e-05 1.136627247433352750e-06 3.638078396761557087e-06 1.358594431621895637e-06 1.036395551636815071e-04 8.301517664222046733e-05 2.706877421587705612e-04 1.067535686161136255e-05 2.967254295072052628e-05 1.788492045307066292e-05 7.086654818522220012e-07 5.873330519534647465e-05 6.979575118748471141e-05 1.136627247433352750e-06 3.638078396761557087e-06 1.358594431621895637e-06
4.100000000000000000e+02 1.461782958358526230e-04 9.345497237518429756e-04 3.391994978301227093e-04 1.031858846545219421e-05 2.858358857338316739e-05 1.759926090016961098e-05 7.600057756462774705e-07 5.387929923017509282e-05 6.193254375830292702e-05 1.161280465566960629e-06 3.422504505579126999e-06 1.300431563322490547e-06 1.001896889647468925e-04 7.890043343650177121e-05 2.546198375057429075e-04 1.059640999301336706e-05 2.858358857338316739e-05 1.759926090016961098e-05 7.600057756462774705e-07 5.387929923017509282e-05 6.193254375830292702e-05 1.161280465566960629e-06 3.422504505579126999e-06 1.300431563322490547e-06
4.200000000000000000e+02 1.377499283989891410e-04 8.728801622055470943e-04 3.247839922551065683e-04 1.021068237605504692e-05 2.750665407802443951e-05 1.723245986795518547e-05 8.078894211394072045e-07 4.933062155032530427e-05 5.471429540193639696e-05 1.150224875345884357e-06 3.202371544830384664e-06 1.238547497450781520e-06 9.717448119772598147e-05 7.622606790391728282e-05 2.388781431363895535e-04 1.048434387485031039e-05 2.750665407802443951e-05 1.723245986795518547e-05 8.078894211394072045e-07 4.933062155032530427e-05 5.471429540193639696e-05 1.150224875345884357e-06 3.202371544830384664e-06 1.238547497450781520e-06
4.300000000000000000e+02 1.302759046666324139e-04 8.155990508385002613e-04 3.101187467109411955e-04 1.007790979201672599e-05 2.641939499881118536e-05 1.680902278167195618e-05 8.483437454742670525e-07 4.507685662247240543e-05 4.812923361896537244e-05 1.107368007069453597e-06 2.982054866151884198e-06 1.177269155050453264e-06 9.454215614823624492e-05 7.472288416465744376e-05 2.236283617094159126e-04 1.034585602610604838e-05 2.641939499881118536e-05 1.680902278167195618e-05 8.483437454742670525e-07 4.507685662247240543e-05 4.812923361896537244e-05 1.107368007069453597e-06 2.982054866151884198e-06 1.177269155050453264e-06
4.400000000000000000e+02 1.236660464201122522e-04 7.624165154993534088e-04 2.953854855149984360e-04 9.926455277309287339e-06 2.531263817218132317e-05 1.634968612052034587e-05 8.788887839727976825e-07 4.111299494979903102e-05 4.215721492073498666e-05 1.038378513840143569e-06 2.763543534456402995e-06 1.119965872931061313e-06 9.224543464370071888e-05 7.415576692437753081e-05 2.090160996885970235e-04 1.018722923618042842e-05 2.531263817218132317e-05 1.634968612052034587e-05 8.788887839727976825e-07 4.111299494979903102e-05 4.215721492073498666e-05 1.038378513840143569e-06 2.763543534456402995e-06 1.119965872931061313e-06
4.500000000000000000e+02 1.178296442958526313e-04 7.130611338652670383e-04 2.807597047649323940e-04 9.761880392034072429e-06 2.418215262878220528e-05 1.587128463143017143e-05 8.983250268101983238e-07 3.742819899343885481e-05 3.677302811411209404e-05 9.499277666691341437e-07 2.551624675106722862e-06 1.070490725396666676e-06 9.023399616125971079e-05 7.432005077134817839e-05 1.951646700035780668e-04 1.001411328616086394e-05 2.418215262878220528e-05 1.587128463143017143e-05 8.983250268101983238e-07 3.742819899343885481e-05 3.677302811411209404e-05 9.499277666691341437e-07 2.551624675106722862e-06 1.070490725396666676e-06
4.600000000000000000e+02 1.126836068578995764e-04 6.672866293229162693e-04 2.663962368387728930e-04 9.589066394255496562e-06 2.302813481946941465e-05 1.538913056720048189e-05 9.064287951332516968e-07 3.401807407499291003e-05 3.194762030034326017e-05 8.490819709550123662e-07 2.347188228668528609e-06 1.030904286380973645e-06 8.846514538163319230e-05 7.503930100938305259e-05 1.821698388084769249e-04 9.831476745603140444e-06 2.302813481946941465e-05 1.538913056720048189e-05 9.064287951332516968e-07 3.401807407499291003e-05 3.194762030034326017e-05 8.490819709550123662e-07 2.347188228668528609e-06 1.030904286380973645e-06
4.700000000000000000e+02 1.081473747035488486e-04 6.248602876439690590e-04 2.524332085158675909e-04 9.412142389919608831e-06 2.185509765695314854e-05 1.491434977651806548e-05 9.038508324010763317e-07 3.087158620473928750e-05 2.764742202998604625e-05 7.427551054206560366e-07 2.152280103473458439e-06 1.002591830001620110e-06 8.689679089002311230e-05 7.616011862410232425e-05 1.701013679848983884e-04 9.643529665481764823e-06 2.185509765695314854e-05 1.491434977651806548e-05 9.038508324010763317e-07 3.087158620473928750e-05 2.764742202998604625e-05 7.427551054206560366e-07 2.152280103473458439e-06 1.002591830001620110e-06
4.800000000000000000e+02 1.041475843521766365e-04 5.855647032149136066e-04 2.389857691014185548e-04 9.234466233465354890e-06 2.067533023364376277e-05 1.445037378289271146e-05 8.918112257561006118e-07 2.798044079099781811e-05 2.383990431553684175e-05 6.372808911692118272e-07 1.967925072676734999e-06 9.863999821391189471e-07 8.549065387342125177e-05 7.755189290037378669e-05 1.590007741469889879e-04 9.453719940211158246e-06 2.067533023364376277e-05 1.445037378289271146e-05 8.918112257561006118e-07 2.798044079099781811e-05 2.383990431553684175e-05 6.372808911692118272e-07 1.967925072676734999e-06 9.863999821391189471e-07
4.900000000000000000e+02 1.006126403808593750e-04 5.491956835612654686e-04 2.261432528030127287e-04 9.058659088623244315e-06 1.949880424945149571e-05 1.400303335685748607e-05 8.718402568774763495e-07 2.533459155529271811e-05 2.048726855718996376e-05 5.380521201914234553e-07 1.795557182049378753e-06 9.823218078963691369e-07 8.421175880357623100e-05 7.910292333690449595e-05 1.488818670623004436e-04 9.264756954507902265e-06 1.949880424945149571e-05 1.400303335685748607e-05 8.718402568774763495e-07 2.533459155529271811e-05 2.048726855718996376e-05 5.380521201914234553e-07 1.795557182049378753e-06 9.823218078963691369e-07
5.000000000000000000e+02 9.747950389282777905e-05 5.155581748113036156e-04 2.139718999387696385e-04 8.886674550012685359e-06 1.833745227486360818e-05 1.357227574771968648e-05 8.457131457362265792e-07 2.292348290211521089e-05 1.755472294462379068e-05 4.493213054956868291e-07 1.635093212826177478e-06 9.894930599330109544e-07 8.302936475956812501e-05 8.072052878560498357e-05 1.397351152263581753e-04 9.078696166398003697e-06 1.833745227486360818e-05 1.357227574771968648e-05 8.457131457362265792e-07 2.292348290211521089e-05 1.755472294462379068e-05 4.493213054956868291e-07 1.635093212826177478e-06 9.894930599330109544e-07
5.100000000000000000e+02 9.469090582570061088e-05 4.844686773139983416e-04 2.025150897679850459e-04 8.719867764739319682e-06 1.720154614304192364e-05 1.315588451689109206e-05 8.151351948981755413e-07 2.073407267744187266e-05 1.500424059486249462e-05 3.740932754681125516e-07 1.486747351009398699e-06 1.006518459689687006e-06 8.191716915462166071e-05 8.232761319959536195e-05 1.315301778959110379e-04 8.897004590835422277e-06 1.720154614304192364e-05 1.315588451689109206e-05 8.151351948981755413e-07 2.073407267744187266e-05 1.500424059486249462e-05 3.740932754681125516e-07 1.486747351009398699e-06 1.006518459689687006e-06
5.200000000000000000e+02 9.219357889378443360e-05 4.557507345452904701e-04 1.917944464366883039e-04 8.559061825508251786e-06 1.610655999684240669e-05 1.275441172765567899e-05 7.818093763489741832e-07 1.875492489489261061e-05 1.280087872146395966e-05 3.141214790502999676e-07 1.350323145743459463e-06 1.031908254844893236e-06 8.085154695436358452e-05 8.386273111682385206e-05 1.242176804225891829e-04 8.720626283320598304e-06 1.610655999684240669e-05 1.275441172765567899e-05 7.818093763489741832e-07 1.875492489489261061e-05 1.280087872146395966e-05 3.141214790502999676e-07 1.350323145743459463e-06 1.031908254844893236e-06
5.300000000000000000e+02 8.994089148472994566e-05 4.292358935344964266e-04 1.818125456338748336e-04 8.404659638472367078e-06 1.505870204709935933e-05 1.236271054949611425e-05 7.471914500456477981e-07 1.697189145488664508e-05 1.090909609047230333e-05 2.700114407616638346e-07 1.226221002070815302e-06 1.063943727785954252e-06 7.981438830029219389e-05 8.527742465957999229e-05 1.177359663415700197e-04 8.550078746338840574e-06 1.505870204709935933e-05 1.236271054949611425e-05 7.471914500456477981e-07 1.697189145488664508e-05 1.090909609047230333e-05 2.700114407616638346e-07 1.226221002070815302e-06 1.063943727785954252e-06
5.400000000000000000e+02 8.789165440248325467e-05 4.047636466566473246e-04 1.725563197396695614e-04 8.256710316345561296e-06 1.406886622135061771e-05 1.198009795189136639e-05 7.125445335987024009e-07 1.537181560706812888e-05 9.295788913732394576e-06 2.413626418729108991e-07 1.113168877964199055e-06 1.100484610105922911e-06 7.878920587245374918e-05 8.653680561110377312e-05 1.120126544265076518e-04 8.385551154788117856e-06 1.406886622135061771e-05 1.198009795189136639e-05 7.125445335987024009e-07 1.537181560706812888e-05 9.295788913732394576e-06 2.413626418729108991e-07 1.113168877964199055e-06 1.100484610105922911e-06
5.500000000000000000e+02 8.601110312156379223e-05 3.821802383754402399e-04 1.639993424760177732e-04 8.114993761410005391e-06 1.314129895035875961e-05 1.160278043244034052e-05 6.789316557842539623e-07 1.393975708197103813e-05 7.929089406388811767e-06 2.269518546427207184e-07 1.011190647659532260e-06 1.139835148933343589e-06 7.776616257615387440e-05 8.761643402976915240e-05 1.069710415322333574e-04 8.226958925661165267e-06 1.314129895035875961e-05 1.160278043244034052e-05 6.789316557842539623e-07 1.393975708197103813e-05 7.929089406388811767e-06 2.269518546427207184e-07 1.011190647659532260e-06 1.139835148933343589e-06
5.600000000000000000e+02 8.426897693425416946e-05 3.613412554841488600e-04 1.561059179948642850e-04 7.979087968124076724e-06 1.228189557878067717e-05 1.122913090512156487e-05 6.470406219705182593e-07 1.266218350792769343e-05 6.778926035622134805e-06 2.249558264111328754e-07 9.195591132993286010e-07 1.179815058094391134e-06 7.673660002183169127e-05 8.850231824908405542e-05 1.025314340949989855e-04 8.074017387116327882e-06 1.228189557878067717e-05 1.122913090512156487e-05 6.470406219705182593e-07 1.266218350792769343e-05 6.778926035622134805e-06 2.249558264111328754e-07 9.195591132993286010e-07 1.179815058094391134e-06
5.700000000000000000e+02 8.264039934147149324e-05 3.421086876187473536e-04 1.488327689003199339e-04 7.848447239666711539e-06 1.149168747360818088e-05 1.085774329112609848e-05 6.174525424285093322e-07 1.152495224232552573e-05 5.817726105306064710e-06 2.331501889329956612e-07 8.375293987228360493e-07 1.219220052917080466e-06 7.569431181764230132e-05 8.918782259570434690e-05 9.861573926173150539e-05 7.926317266537807882e-06 1.149168747360818088e-05 1.085774329112609848e-05 6.174525424285093322e-07 1.152495224232552573e-05 5.817726105306064710e-06 2.331501889329956612e-07 8.375293987228360493e-07 1.219220052917080466e-06
5.800000000000000000e+02 8.110477210721001029e-05 3.243532264605164528e-04 1.421333727193996310e-04 7.722457667114213109e-06 1.077059550880221650e-05 1.048757167154690251e-05 5.905203579459339380e-07 1.051427989295916632e-05 5.020044227421749383e-06 2.491227064638223965e-07 7.648697533113590907e-07 1.256300947716226801e-06 7.463827205356210470e-05 8.967368921730667353e-05 9.514875273453071713e-05 7.783377441228367388e-06 1.077059550880221650e-05 1.048757167154690251e-05 5.905203579459339380e-07 1.051427989295916632e-05 5.020044227421749383e-06 2.491227064638223965e-07 7.648697533113590907e-07 1.256300947716226801e-06
5.900000000000000000e+02 7.964509131852537394e-05 3.079533053096383810e-04 1.359588204650208354e-04 7.600471235491568223e-06 1.011917629512026906e-05 1.011757103697163984e-05 5.663979436576482840e-07 9.617599062039516866e-06 4.363019343145424500e-06 2.704431665279116714e-07 7.006505597928480711e-07 1.290017280553001910e-06 7.356681453529745340e-05 8.996576070785522461e-05 9.206106915371492505e-05 7.644668585271574557e-06 1.011917629512026906e-05 1.011757103697163984e-05 5.663979436576482840e-07 9.617599062039516866e-06 4.363019343145424500e-06 2.704431665279116714e-07 7.006505597928480711e-07 1.290017280553001910e-06
6.000000000000000000e+02 7.824954082025215030e-05 2.927961468230932951e-04 1.302603195654228330e-04 7.481853572244290262e-06 9.533942829875741154e-06 9.749225682753603905e-06 5.451294669001072180e-07 8.822282325127162039e-06 3.825557087111519650e-06 2.947930397567688487e-07 6.444849987019551918e-07 1.319477860306506045e-06 7.248154724948108196e-05 9.007423795992508531e-05 8.928967145038768649e-05 7.509680017392383888e-06 9.533942829875741154e-06 9.749225682753603905e-06 5.451294669001072180e-07 8.822282325127162039e-06 3.825557087111519650e-06 2.947930397567688487e-07 6.444849987019551918e-07 1.319477860306506045e-06
6.100000000000000000e+02 7.690824713790789247e-05 2.787764242384582758e-04 1.249910274054855108e-04 7.366020781773841009e-06 9.011236215883400291e-06 9.382196367369033396e-06 5.265984555080649443e-07 8.117771358229219913e-06 3.389333414816064760e-06 3.200952960469294339e-07 5.955662913947890047e-07 1.343588110103155486e-06 7.138521323213353753e-05 9.001285070553421974e-05 8.677863661432638764e-05 7.377922429441241547e-06 9.011236215883400291e-06 9.382196367369033396e-06 5.265984555080649443e-07 8.117771358229219913e-06 3.389333414816064760e-06 3.200952960469294339e-07 5.955662913947890047e-07 1.343588110103155486e-06
6.200000000000000000e+02 7.561354868812486529e-05 2.657967852428555489e-04 1.201063714688643813e-04 7.252448995131999254e-06 8.547779543732758611e-06 9.017699994728900492e-06 5.106514890940161422e-07 7.493020802940009162e-06 3.038043132619350217e-06 3.445702247972803889e-07 5.536038543141330592e-07 1.362065972898562904e-06 7.028118125163018703e-05 8.979506674222648144e-05 8.447967411484569311e-05 7.248956535477191210e-06 8.547779543732758611e-06 9.017699994728900492e-06 5.106514890940161422e-07 7.493020802940009162e-06 3.038043132619350217e-06 3.445702247972803889e-07 5.536038543141330592e-07 1.362065972898562904e-06
6.300000000000000000e+02 7.436033047270029783e-05 2.537685795687139034e-04 1.155653226305730641e-04 7.140688012441387400e-06 8.137229087878949940e-06 8.656325007905252278e-06 4.971149678567599040e-07 6.939035756658995524e-06 2.757172296696808189e-06 3.667741736990137724e-07 5.179466029403556604e-07 1.374786165797559079e-06 6.917288555996492505e-05 8.943730790633708239e-05 8.235187851823866367e-05 7.122410352167207748e-06 8.137229087878949940e-06 8.656325007905252278e-06 4.971149678567599040e-07 6.939035756658995524e-06 2.757172296696808189e-06 3.667741736990137724e-07 5.179466029403556604e-07 1.374786165797559079e-06
6.400000000000000000e+02 7.314582035178318620e-05 2.426081628073006868e-04 1.113304824684746563e-04 7.030388587736524642e-06 7.776234269840642810e-06 8.299866749439388514e-06 4.856773330175201409e-07 6.446952284022700042e-06 2.534819259381038137e-06 3.856310399896756280e-07 4.881308655058091972e-07 1.381343395223666448e-06 6.806608871556818485e-05 8.895553764887154102e-05 8.036148938117548823e-05 6.997995114943478256e-06 7.776234269840642810e-06 8.299866749439388514e-06 4.856773330175201409e-07 6.446952284022700042e-06 2.534819259381038137e-06 3.856310399896756280e-07 4.881308655058091972e-07 1.381343395223666448e-06
6.500000000000000000e+02 7.196667866082862020e-05 2.322408108739182353e-04 1.073688035830855370e-04 6.921282420080387965e-06 7.458771960955346003e-06 7.949106475280132145e-06 4.761165826039359672e-07 6.009680873830802739e-06 2.360224925723741762e-06 4.003830724741419544e-07 4.641074724531790707e-07 1.381879428663523868e-06 6.696514174109324813e-05 8.836529013933613896e-05 7.848076347727328539e-05 6.875478902657050639e-06 7.458771960955346003e-06 7.949106475280132145e-06 4.761165826039359672e-07 6.009680873830802739e-06 2.360224925723741762e-06 4.003830724741419544e-07 4.641074724531790707e-07 1.381879428663523868e-06
6.600000000000000000e+02 7.082292722770944238e-05 2.225977514171972871e-04 1.036508110701106489e-04 6.813188065279973671e-06 7.179585281846811995e-06 7.606015515193575993e-06 4.681388361404970055e-07 5.619877811113838106e-06 2.224297077191295102e-06 4.105945947685540887e-07 4.451835877716803225e-07 1.376245904793904629e-06 6.587415555259212852e-05 8.768131374381482601e-05 7.668757461942732334e-05 6.754713012924185023e-06 7.179585281846811995e-06 7.606015515193575993e-06 4.681388361404970055e-07 5.619877811113838106e-06 2.224297077191295102e-06 4.105945947685540887e-07 4.451835877716803225e-07 1.376245904793904629e-06
6.700000000000000000e+02 6.971213588258251548e-05 2.136162947863340378e-04 1.001503842417150736e-04 6.705996838718419895e-06 6.935469173185992986e-06 7.271961749211186543e-06 4.614761621724028373e-07 5.271879672363866121e-06 2.119825012414366938e-06 4.160928597229940351e-07 4.309681571612600237e-07 1.365157686450402252e-06 6.479604053311049938e-05 8.691745460964739323e-05 7.496478792745620012e-05 6.635598765569739044e-06 6.935469173185992986e-06 7.271961749211186543e-06 4.614761621724028373e-07 5.271879672363866121e-06 2.119825012414366938e-06 4.160928597229940351e-07 4.309681571612600237e-07 1.365157686450402252e-06
6.800000000000000000e+02 6.863544695079326630e-05 2.052393247140571475e-04 9.684526594355702400e-05 6.599675089091761038e-06 6.719568773405626416e-06 6.946885605429997668e-06 4.558808086585486308e-07 4.960254500474547967e-06 2.040212621068349108e-06 4.169306748735834844e-07 4.212745068343792809e-07 1.348715045423887204e-06 6.373580254148691893e-05 8.608565985923632979e-05 7.329861546168103814e-05 6.518103418784448877e-06 6.719568773405626416e-06 6.946885605429997668e-06 4.558808086585486308e-07 4.960254500474547967e-06 2.040212621068349108e-06 4.169306748735834844e-07 4.212745068343792809e-07 1.348715045423887204e-06
6.900000000000000000e+02 6.759088137187063694e-05 1.974145561689510942e-04 9.371609485242515802e-05 6.494236458820523694e-06 6.529449365189066157e-06 6.632858912780648097e-06 4.511134363838209538e-07 4.680730853579007089e-06 1.980491106223780662e-06 4.133413540330366232e-07 4.157945454608125146e-07 1.327099198533687741e-06 6.269550067372620106e-05 8.519727998645976186e-05 7.168027514126151800e-05 6.402241979230893776e-06 6.529449365189066157e-06 6.632858912780648097e-06 4.511134363838209538e-07 4.680730853579007089e-06 1.980491106223780662e-06 4.133413540330366232e-07 4.157945454608125146e-07 1.327099198533687741e-06
7.000000000000000000e+02 6.657992344116792083e-05 1.900954084703698754e-04 9.074612171389162540e-05 6.389748705259989947e-06 6.360307452268898487e-06 6.330310043267672881e-06 4.469677321594645036e-07 4.428754891705466434e-06 1.936072294483892620e-06 4.056875013702665456e-07 4.147025265410775319e-07 1.300977032769878861e-06 6.167983519844710827e-05 8.426162094110623002e-05 7.010225817793980241e-05 6.288055374170653522e-06 6.360307452268898487e-06 6.330310043267672881e-06 4.469677321594645036e-07 4.428754891705466434e-06 1.936072294483892620e-06 4.056875013702665456e-07 4.147025265410775319e-07 1.300977032769878861e-06
7.100000000000000000e+02 6.560113979503512383e-05 1.832384295994415879e-04 8.792102744337171316e-05 6.286305961111793295e-06 6.209596904227510095e-06 6.040210337232565507e-06 4.432630760220490629e-07 4.201454885333077982e-06 1.903765564748027828e-06 3.944320212667662418e-07 4.170822194282663986e-07 1.270626853511203080e-06 6.068910079193301499e-05 8.328899275511503220e-05 6.855936953797936440e-05 6.175615453685168177e-06 6.209596904227510095e-06 6.040210337232565507e-06 4.432630760220490629e-07 4.201454885333077982e-06 1.903765564748027828e-06 3.944320212667662418e-07 4.170822194282663986e-07 1.270626853511203080e-06
7.200000000000000000e+02 6.465453043347224593e-05 1.768054644344374537e-04 8.522853022441267967e-05 6.184018729982199147e-06 6.073667464079335332e-06 5.762548880738904700e-06 4.398401074467983562e-07 3.995382030552718788e-06 1.880463969428092241e-06 3.800776084972312674e-07 4.228514853821252473e-07 1.236485445588186849e-06 5.972480721538886428e-05 8.228555816458538175e-05 6.704841507598757744e-05 6.064999979571439326e-06 6.073667464079335332e-06 5.762548880738904700e-06 4.398401074467983562e-07 3.995382030552718788e-06 1.880463969428092241e-06 3.800776084972312674e-07 4.228514853821252473e-07 1.236485445588186849e-06
7.300000000000000000e+02 6.373994256136938930e-05 1.707606425043195486e-04 8.265799260698258877e-05 6.083010248403297737e-06 5.949930255155777559e-06 5.497983693203423172e-06 4.365894881175336195e-07 3.807818529821815901e-06 1.864138880591781344e-06 3.631668050729786046e-07 4.321654216710157925e-07 1.199101461679674685e-06 5.878939555259421468e-05 8.125805470626801252e-05 6.556743755936622620e-05 5.956308996246661991e-06 5.949930255155777559e-06 5.497983693203423172e-06 4.365894881175336195e-07 3.807818529821815901e-06 1.864138880591781344e-06 3.631668050729786046e-07 4.321654216710157925e-07 1.199101461679674685e-06
7.400000000000000000e+02 6.285583367571234703e-05 1.650722988415509462e-04 8.020033419597893953e-05 5.983406936138635501e-06 5.836724994878750294e-06 5.246385626378469169e-06 4.333984122695255792e-07 3.636759174696635455e-06 1.852972786764439661e-06 3.442285674282175023e-07 4.444793262337043416e-07 1.158946815849049017e-06 5.788285852759145200e-05 8.021218673093244433e-05 6.411528738681226969e-05 5.849620720255188644e-06 5.836724994878750294e-06 5.246385626378469169e-06 4.333984122695255792e-07 3.636759174696635455e-06 1.852972786764439661e-06 3.442285674282175023e-07 4.444793262337043416e-07 1.158946815849049017e-06
7.500000000000000000e+02 6.200199277373030782e-05 1.597118389327079058e-04 7.784776971675455570e-05 5.885332939215004444e-06 5.731880264647770673e-06 5.007971140003064647e-06 4.301814442442264408e-07 3.480204441075329669e-06 1.845237989073211793e-06 3.237872476802294841e-07 4.595776204041612800e-07 1.116250587074318901e-06 5.700535984942689538e-05 7.915273454273119569e-05 6.269157893257215619e-05 5.745022008341038600e-06 5.731880264647770673e-06 5.007971140003064647e-06 4.301814442442264408e-07 3.480204441075329669e-06 1.845237989073211793e-06 3.237872476802294841e-07 4.595776204041612800e-07 1.116250587074318901e-06
7.600000000000000000e+02 6.117689918028190732e-05 1.546521089039742947e-04 7.559289224445819855e-05 5.788889211544301361e-06 5.635191882902290672e-06 4.781954430654877797e-06 4.268852080713259056e-07 3.336413101351354271e-06 1.840081040427321568e-06 3.023214389941131230e-07 4.768323265125218313e-07 1.071622364179347642e-06 5.615611735265702009e-05 7.808395457686856389e-05 6.129552639322355390e-05 5.642577889375388622e-06 5.635191882902290672e-06 4.781954430654877797e-06 4.268852080713259056e-07 3.336413101351354271e-06 1.840081040427321568e-06 3.023214389941131230e-07 4.768323265125218313e-07 1.071622364179347642e-06
7.700000000000000000e+02 6.038052742951549590e-05 1.498703204561024904e-04 7.343055040109902620e-05 5.694169885828159750e-06 5.541339760384289548e-06 4.569155407807556912e-06 4.234800314861786319e-07 3.203561163900303654e-06 1.836624846873746719e-06 2.802842402616079198e-07 4.972881129106099252e-07 1.025300207402324304e-06 5.533753210329450667e-05 7.700865535298362374e-05 5.992838123347610235e-05 5.542338840314187109e-06 5.541339760384289548e-06 4.569155407807556912e-06 4.234800314861786319e-07 3.203561163900303654e-06 1.836624846873746719e-06 2.802842402616079198e-07 4.972881129106099252e-07 1.025300207402324304e-06
7.800000000000000000e+02 5.960964699625037611e-05 1.453445001970976591e-04 7.135415944503620267e-05 5.601245447905967012e-06 5.454831352835753933e-06 4.368664122011978179e-06 4.199592638087779051e-07 3.080929900534101762e-06 1.834007434808881953e-06 2.580792397566256113e-07 5.188242653275665361e-07 9.780060281627811491e-07 5.454441634356044233e-05 7.593036571051925421e-05 5.858940858161076903e-05 5.444343514682259411e-06 5.454831352835753933e-06 4.368664122011978179e-06 4.199592638087779051e-07 3.080929900534101762e-06 1.834007434808881953e-06 2.580792397566256113e-07 5.188242653275665361e-07 9.780060281627811491e-07
7.900000000000000000e+02 5.886485087103210390e-05 1.410550030414015055e-04 6.936013232916593552e-05 5.510168193723075092e-06 5.370152848627185449e-06 4.180439191259210929e-06 4.163093763054348528e-07 2.967116415675263852e-06 1.832052134886907879e-06 2.360604440809765947e-07 5.429982365967589431e-07 9.296819030168990139e-07 5.378019341151230037e-05 7.485174137400463223e-05 5.727959432988427579e-05 5.348606919142184779e-06 5.370152848627185449e-06 4.180439191259210929e-06 4.163093763054348528e-07 2.967116415675263852e-06 1.832052134886907879e-06 2.360604440809765947e-07 5.429982365967589431e-07 9.296819030168990139e-07
8.000000000000000000e+02 5.814327960251830518e-05 1.369843521388247609e-04 6.744322308804839849e-05 5.420977686299011111e-06 5.289568889565998688e-06 4.003376034233951941e-06 4.125003272292815382e-07 2.861290568034746684e-06 1.829817165344138630e-06 2.145227284700013115e-07 5.683163522007816937e-07 8.808305551610828843e-07 5.304117439663968980e-05 7.377383735729381442e-05 5.599894939223304391e-05 5.255132691672770306e-06 5.289568889565998688e-06 4.003376034233951941e-06 4.125003272292815382e-07 2.861290568034746684e-06 1.829817165344138630e-06 2.145227284700013115e-07 5.683163522007816937e-07 8.808305551610828843e-07
8.100000000000000000e+02 5.744431473431177437e-05 1.331156818196177483e-04 6.560007750522345304e-05 5.333682565833441913e-06 5.210918061493430287e-06 3.838198608718812466e-06 4.086084288701385958e-07 2.762484427876188420e-06 1.827651317398704123e-06 1.937368523385885055e-07 5.952621222604648210e-07 8.318563118336896878e-07 5.232750118011608720e-05 7.269971683854237199e-05 5.474790668813511729e-05 5.163897640159120783e-06 5.210918061493430287e-06 3.838198608718812466e-06 4.086084288701385958e-07 2.762484427876188420e-06 1.827651317398704123e-06 1.937368523385885055e-07 5.952621222604648210e-07 8.318563118336896878e-07
8.200000000000000000e+02 5.676707951352000237e-05 1.294349349336698651e-04 6.382691935868933797e-05 5.248287834547227249e-06 5.134184448252199218e-06 3.682744818434002809e-06 4.046160029247403145e-07 2.669901050467160530e-06 1.824932837735104840e-06 1.739173285386641510e-07 6.234328111531795003e-07 7.828248840269225184e-07 5.163809692021459341e-05 7.163056579884141684e-05 5.352671723812818527e-05 5.074876298749586567e-06 5.134184448252199218e-06 3.682744818434002809e-06 4.046160029247403145e-07 2.669901050467160530e-06 1.824932837735104840e-06 1.739173285386641510e-07 6.234328111531795003e-07 7.828248840269225184e-07
8.300000000000000000e+02 5.610910739051178098e-05 1.259286364074796438e-04 6.212008156580850482e-05 5.164768026588717476e-06 5.059747763880295679e-06 3.537496468197787181e-06 4.005554785635467852e-07 2.582888100732816383e-06 1.821614318942010868e-06 1.552403006144231767e-07 6.526808533635630738e-07 7.343383003899361938e-07 5.097124085295945406e-05 7.056714821374043822e-05 5.233500996837392449e-05 4.988015462004113942e-06 5.059747763880295679e-06 3.537496468197787181e-06 4.005554785635467852e-07 2.582888100732816383e-06 1.821614318942010868e-06 1.552403006144231767e-07 6.526808533635630738e-07 7.343383003899361938e-07
8.400000000000000000e+02 5.546936517930589616e-05 1.225846644956618547e-04 6.047704300726763904e-05 5.083096311864210293e-06 4.987100965081481263e-06 3.402125685170176439e-06 3.964747463669482386e-07 2.501018570910673589e-06 1.817608449528052006e-06 1.378519272066114354e-07 6.824709544162033126e-07 6.862607619950722437e-07 5.032545232097618282e-05 6.951139948796480894e-05 5.117353430250659585e-05 4.903265107714105397e-06 4.987100965081481263e-06 3.402125685170176439e-06 3.964747463669482386e-07 2.501018570910673589e-06 1.817608449528052006e-06 1.378519272066114354e-07 6.824709544162033126e-07 6.862607619950722437e-07
8.500000000000000000e+02 5.484634675667621195e-05 1.193914504256099463e-04 5.889462408958934247e-05 5.003226306143915281e-06 4.915263161819893867e-06 3.275466951890848577e-06 3.923904046132520307e-07 2.423869773338083178e-06 1.812981508919619955e-06 1.218509169120807201e-07 7.129716550480225123e-07 6.391089186763565522e-07 4.969966539647430182e-05 6.846399628557264805e-05 5.004158083465881646e-05 4.820555659534875304e-06 4.915263161819893867e-06 3.275466951890848577e-06 3.923904046132520307e-07 2.423869773338083178e-06 1.812981508919619955e-06 1.218509169120807201e-07 7.129716550480225123e-07 6.391089186763565522e-07
8.600000000000000000e+02 5.423926995717920363e-05 1.163396445917896926e-04 5.736999446526169777e-05 4.925097982777515426e-06 4.844333489018026739e-06 3.157629862471367233e-06 3.883434089857473737e-07 2.350581553400843404e-06 1.807341845960763749e-06 1.073261586270746193e-07 7.438739544340933207e-07 5.929801432102976833e-07 4.909300332656130195e-05 6.742544064763933420e-05 4.893906589131802320e-05 4.739815267384983599e-06 4.844333489018026739e-06 3.157629862471367233e-06 3.883434089857473737e-07 2.350581553400843404e-06 1.807341845960763749e-06 1.073261586270746193e-07 7.438739544340933207e-07 5.929801432102976833e-07
8.700000000000000000e+02 5.364626122172921896e-05 1.134194608312100172e-04 5.590090950136072934e-05 4.848657226830255240e-06 4.776089099323144183e-06 3.047650579901528545e-06 3.843455544938478852e-07 2.281188471897621639e-06 1.800939912754984107e-06 9.433117753587794141e-08 7.746570531708130147e-07 5.480542881741712335e-07 4.850342884310521185e-05 6.639662751695141196e-05 4.786601130035705864e-05 4.660954346036305651e-06 4.776089099323144183e-06 3.047650579901528545e-06 3.843455544938478852e-07 2.281188471897621639e-06 1.800939912754984107e-06 9.433117753587794141e-08 7.746570531708130147e-07 5.480542881741712335e-07
8.800000000000000000e+02 5.306642924551852047e-05 1.106227064155973494e-04 5.448454248835332692e-05 4.773835826199501753e-06 4.708948381448863074e-06 2.945218511740677059e-06 3.804593973200098844e-07 2.215363110735779628e-06 1.793698402252630331e-06 8.289151054441390443e-08 8.054462909967696760e-07 5.045300781603145879e-07 4.792977779288776219e-05 6.537864101119339466e-05 4.682149665313772857e-05 4.583902409649454057e-06 4.708948381448863074e-06 2.945218511740677059e-06 3.804593973200098844e-07 2.215363110735779628e-06 1.793698402252630331e-06 8.289151054441390443e-08 8.054462909967696760e-07 5.045300781603145879e-07
8.900000000000000000e+02 5.249872992862947285e-05 1.079411376849748194e-04 5.311887798598036170e-05 4.700562385551165789e-06 4.642538897314807400e-06 2.849580141628393903e-06 3.766924407955229981e-07 2.152389015463995747e-06 1.785734070836042520e-06 7.303489013565922505e-08 8.360524930139945354e-07 4.625084955023339717e-07 4.737159542855806649e-05 6.437155388994142413e-05 4.580528184305876493e-05 4.508569418248953298e-06 4.642538897314807400e-06 2.849580141628393903e-06 3.766924407955229981e-07 2.152389015463995747e-06 1.785734070836042520e-06 7.303489013565922505e-08 8.360524930139945354e-07 4.625084955023339717e-07
9.000000000000000000e+02 5.194196273805573583e-05 1.053680098266340792e-04 5.180153675610199571e-05 4.628761871572351083e-06 4.578560037771239877e-06 2.760228426268440671e-06 3.730877438101742882e-07 2.092487648042151704e-06 1.777004399627912790e-06 6.475340796896489337e-08 8.657960393065877724e-07 4.220652272124425508e-07 4.682668077293783426e-05 6.337600643746554852e-05 4.481713767745532095e-05 4.434863512869924307e-06 4.578560037771239877e-06 2.760228426268440671e-06 3.730877438101742882e-07 2.092487648042151704e-06 1.777004399627912790e-06 6.475340796896489337e-08 8.657960393065877724e-07 4.220652272124425508e-07
9.100000000000000000e+02 5.139542554388754070e-05 1.028966507874429226e-04 5.053068161942064762e-05 4.558365617413073778e-06 4.514941338129574433e-06 2.677333895917399786e-06 3.696575276990188286e-07 2.035010538747883402e-06 1.767516778272693045e-06 5.804092495509394212e-08 8.956416763794550207e-07 3.835262987195164897e-07 4.629523755284026265e-05 6.239241338334977627e-05 4.385626016301102936e-05 4.362710569694172591e-06 4.514941338129574433e-06 2.677333895917399786e-06 3.696575276990188286e-07 2.035010538747883402e-06 1.767516778272693045e-06 5.804092495509394212e-08 8.956416763794550207e-07 3.835262987195164897e-07
9.200000000000000000e+02 5.085803059046156704e-05 1.005211161100305617e-04 4.930420618620701134e-05 4.489300863497192040e-06 4.452243501873454079e-06 2.600330617497093044e-06 3.664259224933630321e-07 1.979979970201384276e-06 1.757385803102806676e-06 5.287126469966096920e-08 9.247826824321236927e-07 3.466883242708718171e-07 4.577606523525901139e-05 6.142129132058471441e-05 4.292205994715914130e-05 4.292026460461784154e-06 4.452243501873454079e-06 2.600330617497093044e-06 3.664259224933630321e-07 1.979979970201384276e-06 1.757385803102806676e-06 5.287126469966096920e-08 9.247826824321236927e-07 3.466883242708718171e-07
9.300000000000000000e+02 5.032885383116081357e-05 9.823583968682214618e-05 4.812009865418076515e-05 4.421498033480020240e-06 4.391538368508918211e-06 2.528480990804382600e-06 3.634146992226305883e-07 1.927112180055701174e-06 1.746452426232281141e-06 4.921439611393907398e-08 9.529393878437986132e-07 3.117699520771566313e-07 4.526694465312175453e-05 6.046221824362874031e-05 4.201405681669712067e-05 4.222728875902248546e-06 4.391538368508918211e-06 2.528480990804382600e-06 3.634146992226305883e-07 1.927112180055701174e-06 1.746452426232281141e-06 4.921439611393907398e-08 9.529393878437986132e-07 3.117699520771566313e-07
9.400000000000000000e+02 4.980755693395622075e-05 9.603571379557251930e-05 4.697669646702706814e-05 4.354888005764223635e-06 4.330977390054613352e-06 2.461580152157694101e-06 3.606342886541824555e-07 1.876233000075444579e-06 1.734950842546822969e-06 4.702893363628390944e-08 9.810695473788655363e-07 2.788938502362725558e-07 4.476933827390894294e-05 5.951630737399682403e-05 4.113134491490200162e-05 4.154745965934125707e-06 4.330977390054613352e-06 2.461580152157694101e-06 3.606342886541824555e-07 1.876233000075444579e-06 1.734950842546822969e-06 4.702893363628390944e-08 9.810695473788655363e-07 2.788938502362725558e-07
9.500000000000000000e+02 4.929290298605337739e-05 9.391587809659540653e-05 4.587208240991458297e-05 4.289406206225976348e-06 4.273059403203660622e-06 2.399096729277516715e-06 3.581004364150430774e-07 1.827341179705399554e-06 1.722829892969457433e-06 4.627158745051929145e-08 1.007106448014383204e-06 2.480166187979193637e-07 4.427947351359762251e-05 5.858300937688909471e-05 4.027354225399903953e-05 4.088001787749817595e-06 4.273059403203660622e-06 2.399096729277516715e-06 3.581004364150430774e-07 1.827341179705399554e-06 1.722829892969457433e-06 4.627158745051929145e-08 1.007106448014383204e-06 2.480166187979193637e-07
9.600000000000000000e+02 4.878472464042715728e-05 9.187182877212762833e-05 4.480491770664229989e-05 4.224994427204364911e-06 4.215441549604292959e-06 2.340781065868213773e-06 3.558241132850525901e-07 1.779943204383016564e-06 1.710259198262065183e-06 4.689148269676479686e-08 1.032947238854831085e-06 2.190705004068149719e-07 4.379908932605758309e-05 5.766263348050415516e-05 3.943973933928646147e-05 4.022432221972849220e-06 4.215441549604292959e-06 2.340781065868213773e-06 3.558241132850525901e-07 1.779943204383016564e-06 1.710259198262065183e-06 4.689148269676479686e-08 1.032947238854831085e-06 2.190705004068149719e-07
9.700000000000000000e+02 4.828273813473060727e-05 8.989998605102300644e-05 4.377356526674702764e-05 4.161601736996090040e-06 4.157317107456037775e-06 2.286649532834417187e-06 3.537986685842042789e-07 1.734176066747750156e-06 1.697114385024178773e-06 4.883913717890209227e-08 1.058746875060023740e-06 1.922436467793886550e-07 4.332747266744263470e-05 5.675552529282867908e-05 3.862963785650208592e-05 3.957984517910517752e-06 4.157317107456037775e-06 2.286649532834417187e-06 3.537986685842042789e-07 1.734176066747750156e-06 1.697114385024178773e-06 4.883913717890209227e-08 1.058746875060023740e-06 1.922436467793886550e-07
9.800000000000000000e+02 4.778538277605548501e-05 8.799580245977267623e-05 4.277600601199083030e-05 4.099168108950834721e-06 4.103828359802719206e-06 2.236037971670157276e-06 3.520357552133646095e-07 1.689969963081239257e-06 1.683440018496185075e-06 5.205488307069572329e-08 1.080594415725499857e-06 1.674944201113248710e-07 4.286126204533502460e-05 5.586129191215150058e-05 3.784173532039858401e-05 3.894589099218137562e-06 4.103828359802719206e-06 2.236037971670157276e-06 3.520357552133646095e-07 1.689969963081239257e-06 1.683440018496185075e-06 5.205488307069572329e-08 1.080594415725499857e-06 1.674944201113248710e-07
9.900000000000000000e+02 4.729354259325191379e-05 8.615622209617868066e-05 4.181131953373551369e-05 4.037655799038475379e-06 4.050215011375257745e-06 2.189095312132849358e-06 3.505231234157690778e-07 1.646942905608739238e-06 1.669367975409841165e-06 5.648586665074617486e-08 1.102626129068084992e-06 1.447703255053056637e-07 4.240268026478588581e-05 5.498024984262883663e-05 3.707599535118788481e-05 3.832204129139427096e-06 4.050215011375257745e-06 2.189095312132849358e-06 3.505231234157690778e-07 1.646942905608739238e-06 1.669367975409841165e-06 5.648586665074617486e-08 1.102626129068084992e-06 1.447703255053056637e-07
1.000000000000000000e+03 4.680571873905137181e-05 8.437801443506032228e-05 4.087802517460659146e-05 3.977018423029221594e-06 3.997199200966861099e-06 2.144875907106325030e-06 3.492741313948499737e-07 1.605291117812157609e-06 1.654996708566613961e-06 6.207091018950450234e-08 1.123370338973472826e-06 1.241155587194953114e-07 4.195014480501413345e-05 5.411243182606995106e-05 3.633174128481186926e-05 3.770781404455192387e-06 3.997199200966861099e-06 2.144875907106325030e-06 3.492741313948499737e-07 1.605291117812157609e-06 1.654996708566613961e-06 6.207091018950450234e-08 1.123370338973472826e-06 1.241155587194953114e-07
1.010000000000000000e+03 4.632210402633063495e-05 8.265754877356812358e-05 3.997468229499645531e-05 3.917220510629704222e-06 3.946873675886308774e-06 2.103976612488622777e-06 3.482930424070218578e-07 1.564883859828114510e-06 1.640259824853274040e-06 6.874906688381088316e-08 1.141610141530691180e-06 1.053918552429422562e-07 4.150268068769946694e-05 5.325790334609337151e-05 3.560810000635683537e-05 3.710277724167099223e-06 3.946873675886308774e-06 2.103976612488622777e-06 3.482930424070218578e-07 1.564883859828114510e-06 1.640259824853274040e-06 6.874906688381088316e-08 1.141610141530691180e-06 1.053918552429422562e-07
1.020000000000000000e+03 4.584219641401432455e-05 8.099296246655285358e-05 3.910054510924965143e-05 3.858233867504168302e-06 3.894075234711635858e-06 2.065859462163643911e-06 3.475527421414881246e-07 1.525385300737980288e-06 1.625180402697878890e-06 7.646355726365072769e-08 1.161551381301251240e-06 8.872024181982851587e-08 4.106236156076192856e-05 5.241616963758133352e-05 3.490480594336986542e-05 3.650668077170848846e-06 3.894075234711635858e-06 2.065859462163643911e-06 3.475527421414881246e-07 1.525385300737980288e-06 1.625180402697878890e-06 7.646355726365072769e-08 1.161551381301251240e-06 8.872024181982851587e-08
1.030000000000000000e+03 4.536559936241246760e-05 7.938101043691858649e-05 3.825413659797050059e-05 3.800030299316858873e-06 3.842132173303980380e-06 2.030207724601496011e-06 3.470678109351865714e-07 1.486841370024194475e-06 1.609851210560009349e-06 8.515269911413270165e-08 1.180813114842749201e-06 7.390616474367561750e-08 4.062708103447221220e-05 5.158774001756682992e-05 3.422101508476771414e-05 3.591912673073238693e-06 3.842132173303980380e-06 2.030207724601496011e-06 3.470678109351865714e-07 1.486841370024194475e-06 1.609851210560009349e-06 8.515269911413270165e-08 1.180813114842749201e-06 7.390616474367561750e-08
1.040000000000000000e+03 4.489085404202342033e-05 7.782020111335441470e-05 3.743613706319592893e-05 3.742608441825723276e-06 3.776171070057898760e-06 1.997310164369991980e-06 3.468653062554949429e-07 1.448250486646429636e-06 1.594432774254528340e-06 9.475540707626350923e-08 1.213598920912772883e-06 6.088659887382164015e-08 4.020524283987469971e-05 5.077233799966052175e-05 3.355757144163362682e-05 3.534015377226751298e-06 3.776171070057898760e-06 1.997310164369991980e-06 3.468653062554949429e-07 1.448250486646429636e-06 1.594432774254528340e-06 9.475540707626350923e-08 1.213598920912772883e-06 6.088659887382164015e-08
1.050000000000000000e+03 4.445908780326135457e-05 7.631989865330979228e-05 3.666412885650061071e-05 3.686189302243292332e-06 3.578810492399497889e-06 1.968273636521189474e-06 3.474025049854390090e-07 1.400024302711244673e-06 1.579618128744186834e-06 1.051697111620342184e-07 1.405990587954875082e-06 4.790188512515669572e-08 3.993077189079485834e-05 4.997435462428256869e-05 3.292897963547147810e-05 3.477248810668243095e-06 3.578810492399497889e-06 1.968273636521189474e-06 3.474025049854390090e-07 1.400024302711244673e-06 1.579618128744186834e-06 1.051697111620342184e-07 1.405990587954875082e-06 4.790188512515669572e-08
1.060000000000000000e+03 5.893652996746823192e-05 7.509918941650539637e-05 3.636288602137938142e-05 3.634941776908817701e-06 4.719798653241014108e-06 2.000582526306970976e-06 3.573055948891123990e-07 1.212016513818525709e-06 1.579335616952448618e-06 1.155822957343843882e-07 5.971824521111557260e-06 1.976176022822073719e-08 5.644401608151383698e-05 4.928730777464807034e-05 3.270139859523624182e-05 3.426701823627809063e-06 4.719798653241014108e-06 2.000582526306970976e-06 3.573055948891123990e-07 1.212016513818525709e-06 1.579335616952448618e-06 1.155822957343843882e-07 5.971824521111557260e-06 1.976176022822073719e-08
1.070000000000000000e+03 3.349856007844209671e-03 8.155628165695816278e-05 6.720869714627042413e-05 3.652599843917414546e-06 7.747082854621112347e-04 1.058306133927544579e-05 6.671504024780006148e-07 5.719954060623422265e-06 1.994668082261341624e-06 1.167875183227806701e-07 4.402290796861052513e-04 2.249845920232473873e-06 3.412925172597169876e-03 5.417027932708151639e-05 6.274235056480392814e-05 3.457065758993849158e-06 7.747082854621112347e-04 1.058306133927544579e-05 6.671504024780006148e-07 5.719954060623422265e-06 1.994668082261341624e-06 1.167875183227806701e-07 4.402290796861052513e-04 2.249845920232473873e-06
1.080000000000000000e+03 2.728703839238733053e-04 7.446233939845114946e-05 3.814198498730547726e-05 3.524731482684728689e-06 5.420306843006983399e-05 2.856539140339009464e-06 4.955689405505836476e-07 9.578245681041153148e-07 1.734806573949754238e-06 1.389570769561032648e-07 4.354661723482422531e-05 1.519066898936216603e-07 2.781099465209990740e-04 4.823466952075250447e-05 3.477027348708361387e-05 3.309704879939090461e-06 5.420306843006983399e-05 2.856539140339009464e-06 4.955689405505836476e-07 9.578245681041153148e-07 1.734806573949754238e-06 1.389570769561032648e-07 4.354661723482422531e-05 1.519066898936216603e-07
1.090000000000000000e+03 2.564940659794956446e-04 7.361518510151654482e-05 3.722481778822839260e-05 3.469471494099707343e-06 4.966772394254803658e-05 2.755471768978168257e-06 4.154726980232226197e-07 9.987055591409443878e-07 1.638878757148631848e-06 1.615061790971594746e-07 4.031847856822423637e-05 1.138916019272073754e-07 2.614796394482254982e-04 4.766762504004873335e-05 3.401365756872110069e-05 3.256848685850854963e-06 4.966772394254803658e-05 2.755471768978168257e-06 4.154726980232226197e-07 9.987055591409443878e-07 1.638878757148631848e-06 1.615061790971594746e-07 4.031847856822423637e-05 1.138916019272073754e-07
1.100000000000000000e+03 1.619925606064498425e-04 7.231847848743200302e-05 3.541040496202185750e-05 3.412591922824503854e-06 2.704428698052652180e-05 2.316408199476427399e-06 3.851146175293251872e-07 9.931355862136115320e-07 1.531764723949891049e-06 1.792776629372383468e-07 2.473353742971085012e-05 5.183372664419039211e-08 1.642618590267375112e-04 4.731938679469749331e-05 3.225342879886738956e-05 3.200559149263426661e-06 2.704428698052652180e-05 2.316408199476427399e-06 3.851146175293251872e-07 9.931355862136115320e-07 1.531764723949891049e-06 1.792776629372383468e-07 2.473353742971085012e-05 5.183372664419039211e-08
1.110000000000000000e+03 7.254938827827572823e-05 7.059751806082203984e-05 3.330660547362640500e-05 3.353357897140085697e-06 7.734352948318701237e-06 1.973317466763546690e-06 3.595308157855470199e-07 1.005133526632562280e-06 1.491396119490673300e-06 1.909188540594186634e-07 9.334237802249845117e-06 1.419501050037297318e-08 7.129799632821232080e-05 4.660263948608189821e-05 3.029248364327941090e-05 3.137635758321266621e-06 7.734352948318701237e-06 1.973317466763546690e-06 3.595308157855470199e-07 1.005133526632562280e-06 1.491396119490673300e-06 1.909188540594186634e-07 9.334237802249845117e-06 1.419501050037297318e-08
1.120000000000000000e+03 4.538302164291962981e-05 6.894967373227700591e-05 3.207471308996900916e-05 3.297309831395978108e-06 3.227419028917211108e-06 1.878024022516910918e-06 3.681956570744659984e-07 1.024052153297816403e-06 1.461561623727902770e-06 1.977065551272971788e-07 3.611232841649325565e-06 6.600363811060105945e-09 4.215104127069935203e-05 4.573174010147340596e-05 2.921400846389587969e-05 3.081940803895122372e-06 3.227419028917211108e-06 1.878024022516910918e-06 3.681956570744659984e-07 1.024052153297816403e-06 1.461561623727902770e-06 1.977065551272971788e-07 3.611232841649325565e-06 6.600363811060105945e-09
1.130000000000000000e+03 4.080958387930877507e-05 6.744929123669862747e-05 3.127014133497141302e-05 3.246478854634915479e-06 3.019287532879388891e-06 1.853903427218028810e-06 3.689791299166245153e-07 1.074185206562106032e-06 1.435631247659330256e-06 2.082188643726112787e-07 2.048405804089270532e-06 1.235876734284602207e-08 3.689276127261109650e-05 4.483231896301731467e-05 2.855389720934908837e-05 3.034738938367809169e-06 3.019287532879388891e-06 1.853903427218028810e-06 3.689791299166245153e-07 1.074185206562106032e-06 1.435631247659330256e-06 2.082188643726112787e-07 2.048405804089270532e-06 1.235876734284602207e-08
1.140000000000000000e+03 4.000438639195635915e-05 6.614474114030599594e-05 3.062568794121034443e-05 3.198324748154846020e-06 3.084156332988641225e-06 1.844567691478005145e-06 3.690110759180242894e-07 1.047285195454605855e-06 1.420862759005103726e-06 2.228870670251126285e-07 1.702411054793628864e-06 1.617148015498059976e-08 3.593229484977200627e-05 4.407826054375618696e-05 2.801698428811505437e-05 2.988484084198717028e-06 3.084156332988641225e-06 1.844567691478005145e-06 3.690110759180242894e-07 1.047285195454605855e-06 1.420862759005103726e-06 2.228870670251126285e-07 1.702411054793628864e-06 1.617148015498059976e-08
1.150000000000000000e+03 3.961924085160717368e-05 6.493656837847083807e-05 3.005276630574371666e-05 3.151583541693980806e-06 3.049385213671484962e-06 1.833914552662463393e-06 3.662295000594895100e-07 1.018769125948892906e-06 1.409804326613084413e-06 2.393162219505029498e-07 1.634423824725672603e-06 1.744163213857063965e-08 3.558639218681491911e-05 4.341168460086919367e-05 2.753298576863016933e-05 2.941367029052344151e-06 3.049385213671484962e-06 1.833914552662463393e-06 3.662295000594895100e-07 1.018769125948892906e-06 1.409804326613084413e-06 2.393162219505029498e-07 1.634423824725672603e-06 1.744163213857063965e-08
1.160000000000000000e+03 3.920825474779121578e-05 6.376774399541318417e-05 2.951248097815550864e-05 3.105363475697231479e-06 3.024184707101085223e-06 1.812016535041038878e-06 3.643004049536102684e-07 9.910160088111297227e-07 1.395363710798847023e-06 2.556441245360474568e-07 1.584892061146092601e-06 2.008917654450215196e-08 3.521347389323636889e-05 4.276007894077338278e-05 2.707480234676040709e-05 2.894478939197142608e-06 3.024184707101085223e-06 1.812016535041038878e-06 3.643004049536102684e-07 9.910160088111297227e-07 1.395363710798847023e-06 2.556441245360474568e-07 1.584892061146092601e-06 2.008917654450215196e-08
1.170000000000000000e+03 3.872764136758632958e-05 6.261246744543313980e-05 2.898122511396650225e-05 3.059269829464028589e-06 3.058302581848693080e-06 1.787751216397737153e-06 3.631805327586334897e-07 9.773630154086276889e-07 1.380170942866243422e-06 2.718039979754394153e-07 1.441079461983463261e-06 2.439633206563485146e-08 3.471127638476900756e-05 4.208690370433032513e-05 2.662654333107639104e-05 2.848286840162472799e-06 3.058302581848693080e-06 1.787751216397737153e-06 3.631805327586334897e-07 9.773630154086276889e-07 1.380170942866243422e-06 2.718039979754394153e-07 1.441079461983463261e-06 2.439633206563485146e-08
1.180000000000000000e+03 3.831604044535197318e-05 6.147955718915909529e-05 2.845255403371993452e-05 3.013348759850487113e-06 3.147519691992783919e-06 1.767182425282953773e-06 3.625714555255399318e-07 9.673645990915247239e-07 1.366480546494130976e-06 2.884186471874272684e-07 1.242970142811827827e-06 2.967816037369175319e-08 3.423525413381867111e-05 4.140196688240393996e-05 2.618038706714287400e-05 2.802328253892483190e-06 3.147519691992783919e-06 1.767182425282953773e-06 3.625714555255399318e-07 9.673645990915247239e-07 1.366480546494130976e-06 2.884186471874272684e-07 1.242970142811827827e-06 2.967816037369175319e-08
1.190000000000000000e+03 3.798400211962871253e-05 6.038549327058717608e-05 2.794305692077614367e-05 2.968017042803694494e-06 3.194476448697969317e-06 1.750157366586790886e-06 3.624212752129096771e-07 9.516737122794438619e-07 1.353153948002727702e-06 3.053706620903540170e-07 1.129406086874951143e-06 3.528478131897827552e-08 3.388622280908748507e-05 4.072751471539959311e-05 2.574907739472109824e-05 2.756842832241090946e-06 3.194476448697969317e-06 1.750157366586790886e-06 3.624212752129096771e-07 9.516737122794438619e-07 1.353153948002727702e-06 3.053706620903540170e-07 1.129406086874951143e-06 3.528478131897827552e-08
1.200000000000000000e+03 3.757929880521260202e-05 5.933600186835974455e-05 2.746180689428001642e-05 2.923524107245611958e-06 3.115318349955487065e-06 1.735437990646460094e-06 3.629779143921041396e-07 9.267419613934180234e-07 1.339522214038879611e-06 3.222399129754194291e-07 1.168995481748424936e-06 4.092963834523288824e-08 3.356390516273677349e-05 4.007476672995835543e-05 2.534010491217486560e-05 2.712286459427559748e-06 3.115318349955487065e-06 1.735437990646460094e-06 3.629779143921041396e-07 9.267419613934180234e-07 1.339522214038879611e-06 3.222399129754194291e-07 1.168995481748424936e-06 4.092963834523288824e-08
1.210000000000000000e+03 3.717718936968594790e-05 5.831645466969348490e-05 2.699197830224875361e-05 2.879622115870006382e-06 3.031924734386848286e-06 1.722139927551324945e-06 3.639105159436439862e-07 9.009724522002215963e-07 1.325571929555735551e-06 3.389947380583180347e-07 1.222261062139295973e-06 4.734241443316022924e-08 3.325059878989122808e-05 3.943797855754382908e-05 2.493947249604389071e-05 2.668429033292341046e-06 3.031924734386848286e-06 1.722139927551324945e-06 3.639105159436439862e-07 9.009724522002215963e-07 1.325571929555735551e-06 3.389947380583180347e-07 1.222261062139295973e-06 4.734241443316022924e-08
1.220000000000000000e+03 3.681274392874911427e-05 5.731509736506268382e-05 2.652167677297256887e-05 2.836111207216163166e-06 3.023086264875018969e-06 1.709445541564491577e-06 3.646773620857857168e-07 8.814878924567892682e-07 1.311092091782484204e-06 3.558005516879347851e-07 1.175443685497157276e-06 5.467901686984077969e-08 3.291001485195010900e-05 3.880948861478827894e-05 2.453775596222840250e-05 2.624971102704876103e-06 3.023086264875018969e-06 1.709445541564491577e-06 3.646773620857857168e-07 8.814878924567892682e-07 1.311092091782484204e-06 3.558005516879347851e-07 1.175443685497157276e-06 5.467901686984077969e-08
1.230000000000000000e+03 3.642903175204992294e-05 5.634356421069242060e-05 2.606721318443305790e-05 2.793279691104544327e-06 2.976871201099129394e-06 1.697881430118286517e-06 3.658144294149678899e-07 8.589931326241639908e-07 1.296778123105468694e-06 3.725992314684845041e-07 1.179861783384694718e-06 6.253167583736285451e-08 3.258224751334637403e-05 3.819312405539676547e-05 2.414890332147479057e-05 2.582248953331145458e-06 2.976871201099129394e-06 1.697881430118286517e-06 3.658144294149678899e-07 8.589931326241639908e-07 1.296778123105468694e-06 3.725992314684845041e-07 1.179861783384694718e-06 6.253167583736285451e-08
1.240000000000000000e+03 3.605064193834550679e-05 5.539566336665302515e-05 2.562236113590188324e-05 2.751030706349411048e-06 2.938551233455655165e-06 1.687478629719407763e-06 3.669565558084286749e-07 8.374493063456611708e-07 1.282394691770605277e-06 3.894417659466853365e-07 1.173467921944393311e-06 7.084933884016209049e-08 3.225262116757221520e-05 3.758650200325064361e-05 2.376785414526239038e-05 2.540158902775146998e-06 2.938551233455655165e-06 1.687478629719407763e-06 3.669565558084286749e-07 8.374493063456611708e-07 1.282394691770605277e-06 3.894417659466853365e-07 1.173467921944393311e-06 7.084933884016209049e-08
1.250000000000000000e+03 3.567291787476278841e-05 5.447095827548764646e-05 2.518811015761457384e-05 2.709386990318307653e-06 2.899355649788049050e-06 1.678041371633298695e-06 3.682160638618370285e-07 8.158722835105436388e-07 1.268043320123979356e-06 4.062486027578415815e-07 1.167790514955413528e-06 7.961843806469914853e-08 3.192375879734754562e-05 3.699000080814585090e-05 2.339498496439773589e-05 2.498727326383232139e-06 2.899355649788049050e-06 1.678041371633298695e-06 3.682160638618370285e-07 8.158722835105436388e-07 1.268043320123979356e-06 4.062486027578415815e-07 1.167790514955413528e-06 7.961843806469914853e-08
1.260000000000000000e+03 3.529892273945733905e-05 5.356791734811849892e-05 2.476348890922963619e-05 2.668346951395506039e-06 2.865169108190457337e-06 1.668794425313535612e-06 3.695188013352890266e-07 7.950004601298132911e-07 1.253756977348530199e-06 4.229835326441389043e-07 1.155415020548389293e-06 8.880533641786314547e-08 3.159457992296665907e-05 3.640319482656195760e-05 2.303005021531134844e-05 2.457931486787856556e-06 2.865169108190457337e-06 1.668794425313535612e-06 3.695188013352890266e-07 7.950004601298132911e-07 1.253756977348530199e-06 4.229835326441389043e-07 1.155415020548389293e-06 8.880533641786314547e-08
1.270000000000000000e+03 3.492251926218159497e-05 5.268667155178263783e-05 2.434980160614941269e-05 2.627934691190603189e-06 2.824772082021809183e-06 1.660321117924468126e-06 3.709373572746699210e-07 7.740187015770061407e-07 1.239451307810668368e-06 4.396050883315183455e-07 1.151305696112103760e-06 9.837285830371911288e-08 3.126816955045796931e-05 3.582621866371482611e-05 2.267381751153152436e-05 2.417803898424608633e-06 2.824772082021809183e-06 1.660321117924468126e-06 3.709373572746699210e-07 7.740187015770061407e-07 1.239451307810668368e-06 4.396050883315183455e-07 1.151305696112103760e-06 9.837285830371911288e-08
1.280000000000000000e+03 3.455087789916433394e-05 5.182496533961966634e-05 2.394532930338755250e-05 2.588130882941186428e-06 2.788918664009543136e-06 1.652190462664293591e-06 3.723750126027880469e-07 7.537033184235042427e-07 1.225310484187502880e-06 4.561304933758947300e-07 1.140041717917483766e-06 1.081603002717201889e-07 3.094178828177973628e-05 3.525824649841524661e-05 2.232510996691416949e-05 2.378318868068163283e-06 2.788918664009543136e-06 1.652190462664293591e-06 3.723750126027880469e-07 7.537033184235042427e-07 1.225310484187502880e-06 4.561304933758947300e-07 1.140041717917483766e-06 1.081603002717201889e-07
1.290000000000000000e+03 3.417835614527575672e-05 5.098314795759506524e-05 2.355084689042996615e-05 2.548958718762150966e-06 2.749925670286756940e-06 1.644891085561539512e-06 3.738923339824395953e-07 7.334253382396127563e-07 1.211348148899560329e-06 4.725174562736356165e-07 1.133883529291779269e-06 1.182769580054809921e-07 3.061760799027979374e-05 3.469958028290420771e-05 2.198448419221676886e-05 2.339500042580766603e-06 2.749925670286756940e-06 1.644891085561539512e-06 3.738923339824395953e-07 7.334253382396127563e-07 1.211348148899560329e-06 4.725174562736356165e-07 1.133883529291779269e-06 1.182769580054809921e-07
1.300000000000000000e+03 3.380221824045293033e-05 5.016108480049297214e-05 2.316685640835203230e-05 2.510433205316076055e-06 2.703469817788572982e-06 1.637644231777812820e-06 3.754830970592593076e-07 7.128686547730467282e-07 1.197480969494790770e-06 4.887269824394024909e-07 1.139551159212714992e-06 1.285836503939208342e-07 3.029749677807558328e-05 3.415026367292739451e-05 2.165252590202726424e-05 2.301359245393541642e-06 2.703469817788572982e-06 1.637644231777812820e-06 3.754830970592593076e-07 7.128686547730467282e-07 1.197480969494790770e-06 4.887269824394024909e-07 1.139551159212714992e-06 1.285836503939208342e-07
1.310000000000000000e+03 3.343037315062247217e-05 4.937146150041371584e-05 2.280949956912081689e-05 2.472855157975573093e-06 2.564572241681162268e-06 1.631509462640678976e-06 3.779569510697911028e-07 6.831731980128097348e-07 1.184404936793725938e-06 5.045239390710776206e-07 1.336429704679176211e-06 1.400034221887835884e-07 3.009791544172912836e-05 3.361716153449378908e-05 2.134299757017288357e-05 2.264251179440179840e-06 2.564572241681162268e-06 1.631509462640678976e-06 3.779569510697911028e-07 6.831731980128097348e-07 1.184404936793725938e-06 5.045239390710776206e-07 1.336429704679176211e-06 1.400034221887835884e-07
1.320000000000000000e+03 6.252812454476952553e-05 4.892690776614472270e-05 2.303603832842782140e-05 2.442166533001000062e-06 7.822080078767612576e-06 1.725765628179942723e-06 3.985404077866405714e-07 5.371118163566279691e-07 1.186969143418536987e-06 5.152405151420680340e-07 8.743767466512508690e-06 2.043268807483400451e-07 6.199366907821968198e-05 3.328189995954744518e-05 2.157038943551015109e-05 2.235279453088878654e-06 7.822080078767612576e-06 1.725765628179942723e-06 3.985404077866405714e-07 5.371118163566279691e-07 1.186969143418536987e-06 5.152405151420680340e-07 8.743767466512508690e-06 2.043268807483400451e-07
1.330000000000000000e+03 5.484535358846187592e-03 5.952945139142684639e-05 7.223281863844022155e-05 2.497349896657397039e-06 1.309531857259571552e-03 2.108431726810522377e-05 9.390109880769159645e-07 1.065987544279778376e-05 1.773892677192634437e-06 4.668121960094140377e-07 7.061286014504730701e-04 7.751895282126497477e-06 5.579381715506315231e-03 4.206128869554959238e-05 7.016716699581593275e-05 2.303525434399489313e-06 1.309531857259571552e-03 2.108431726810522377e-05 9.390109880769159645e-07 1.065987544279778376e-05 1.773892677192634437e-06 4.668121960094140377e-07 7.061286014504730701e-04 7.751895282126497477e-06
1.340000000000000000e+03 1.510962960310280323e-03 5.339362905942834914e-05 3.750878022401593626e-05 2.400205175945302472e-06 3.614746674429625273e-04 7.336311227845726535e-06 7.561011443613097072e-07 2.125513674400281161e-06 1.543042344565037638e-06 5.357430268304597121e-07 2.130188950104638934e-04 2.630772769407485612e-06 1.541323959827423096e-03 3.609128907555714250e-05 3.609146733651868999e-05 2.188159669458400458e-06 3.614746674429625273e-04 7.336311227845726535e-06 7.561011443613097072e-07 2.125513674400281161e-06 1.543042344565037638e-06 5.357430268304597121e-07 2.130188950104638934e-04 2.630772769407485612e-06
1.350000000000000000e+03 7.563595863757655025e-05 4.856411032960750163e-05 2.275378756166901439e-05 2.321779220437747426e-06 1.282881748920772225e-05 1.853857952482940163e-06 4.222406460030470043e-07 4.997270934836706147e-07 1.210084064950933680e-06 6.265016736506368034e-07 1.290722502744756639e-05 2.281105082602152834e-07 7.576648931717500091e-05 3.217620178475044668e-05 2.154008143406827003e-05 2.106655983880045824e-06 1.282881748920772225e-05 1.853857952482940163e-06 4.222406460030470043e-07 4.997270934836706147e-07 1.210084064950933680e-06 6.265016736506368034e-07 1.290722502744756639e-05 2.281105082602152834e-07
1.360000000000000000e+03 1.859777257777750492e-04 4.723502934211865067e-05 2.184276672778651118e-05 2.264697741338750347e-06 4.324302062741480768e-05 2.109440856656874530e-06 3.340149419273075182e-07 1.313846951234154403e-06 1.093906007554323878e-06 6.645778967140358873e-07 1.032423824653960764e-05 3.171141429447743576e-07 1.794698182493448257e-04 3.188208211213350296e-05 2.071021299343556166e-05 2.045750306933769025e-06 4.324302062741480768e-05 2.109440856656874530e-06 3.340149419273075182e-07 1.313846951234154403e-06 1.093906007554323878e-06 6.645778967140358873e-07 1.032423824653960764e-05 3.171141429447743576e-07
1.370000000000000000e+03 4.173293928033672273e-05 4.678460391005501151e-05 2.083490835502743721e-05 2.241124548163497820e-06 6.100536666053812951e-06 1.632436010368110146e-06 3.608780048125481699e-07 6.863555768177320715e-07 1.086203383238171227e-06 6.385631081684550736e-07 1.066795078941140673e-07 1.448364059797313530e-07 3.729049058165401220e-05 3.155050217173993587e-05 1.968093965842854232e-05 2.022512717303470708e-06 6.100536666053812951e-06 1.632436010368110146e-06 3.608780048125481699e-07 6.863555768177320715e-07 1.086203383238171227e-06 6.385631081684550736e-07 1.066795078941140673e-07 1.448364059797313530e-07
1.380000000000000000e+03 4.421819176059216261e-05 4.631071351468563080e-05 2.091652459057513624e-05 2.216594566561980173e-06 4.478806658880785108e-06 1.676794340710330289e-06 4.174799812517449027e-07 4.123656367482908536e-07 1.086950533135677688e-06 6.085918471399054397e-07 5.410982339526526630e-06 2.114638988359729410e-07 4.282177542336285114e-05 3.115120853180997074e-05 1.976234307221602648e-05 2.005642272706609219e-06 4.478806658880785108e-06 1.676794340710330289e-06 4.174799812517449027e-07 4.123656367482908536e-07 1.086950533135677688e-06 6.085918471399054397e-07 5.410982339526526630e-06 2.114638988359729410e-07
1.390000000000000000e+03 3.362548886798322201e-05 4.532518141786567867e-05 2.035872785199899226e-05 2.183710421377327293e-06 2.561181418059277348e-06 1.685873940004967153e-06 4.149825088006764418e-07 4.611962083345133578e-07 1.063559011527104303e-06 6.115020596553222276e-07 2.885574986066785641e-06 1.851351782988785999e-07 3.133980862912721932e-05 3.048270082217641175e-05 1.927266748680267483e-05 1.978383352252421901e-06 2.561181418059277348e-06 1.685873940004967153e-06 4.149825088006764418e-07 4.611962083345133578e-07 1.063559011527104303e-06 6.115020596553222276e-07 2.885574986066785641e-06 1.851351782988785999e-07
1.400000000000000000e+03 2.999665957759134471e-05 4.441904457053169608e-05 1.983862966881133616e-05 2.151492026314372197e-06 2.508684019630891271e-06 1.679515662544872612e-06 4.051221935696958099e-07 5.260963007458485663e-07 1.048169451678404585e-06 6.295040861914458219e-07 7.018566634542366955e-07 1.747977194099803455e-07 2.662300357769709080e-05 2.993858106492552906e-05 1.880785566754639149e-05 1.946553311427123845e-06 2.508684019630891271e-06 1.679515662544872612e-06 4.051221935696958099e-07 5.260963007458485663e-07 1.048169451678404585e-06 6.295040861914458219e-07 7.018566634542366955e-07 1.747977194099803455e-07
1.410000000000000000e+03 3.058262882404960692e-05 4.367424116935580969e-05 1.953462196979671717e-05 2.122586693076300435e-06 2.829729510267497972e-06 1.675299813541641925e-06 3.959135597142449114e-07 5.305823265189246740e-07 1.038748564496927429e-06 6.485415724455378950e-07 4.355024145752395270e-07 1.842456072154163849e-07 2.707265230128541589e-05 2.949407098640222102e-05 1.853680259955581278e-05 1.916492237796774134e-06 2.829729510267497972e-06 1.675299813541641925e-06 3.959135597142449114e-07 5.305823265189246740e-07 1.038748564496927429e-06 6.485415724455378950e-07 4.355024145752395270e-07 1.842456072154163849e-07
1.420000000000000000e+03 2.960582969535607845e-05 4.298849307815544307e-05 1.929512472997885197e-05 2.094844376188120805e-06 2.510170133973588236e-06 1.657267830523778684e-06 3.939871930924709886e-07 4.964775826010736637e-07 1.029546410791226663e-06 6.642312087024038192e-07 5.972833037048985716e-07 1.965065763442908064e-07 2.630934977787546813e-05 2.905057226598728448e-05 1.832287671277299523e-05 1.888642941594298463e-06 2.510170133973588236e-06 1.657267830523778684e-06 3.939871930924709886e-07 4.964775826010736637e-07 1.029546410791226663e-06 6.642312087024038192e-07 5.972833037048985716e-07 1.965065763442908064e-07
1.430000000000000000e+03 2.893963210226502270e-05 4.230475678923539817e-05 1.905914905364625156e-05 2.067013610940193757e-06 2.279558657392044552e-06 1.643219206926005427e-06 3.935951156108785653e-07 4.770005830323498230e-07 1.022779542836360633e-06 6.788515634070790838e-07 7.728420996500062756e-07 2.092849200607815874e-07 2.584395770099945366e-05 2.857850631698966026e-05 1.811472975532524288e-05 1.861072291831078473e-06 2.279558657392044552e-06 1.643219206926005427e-06 3.935951156108785653e-07 4.770005830323498230e-07 1.022779542836360633e-06 6.788515634070790838e-07 7.728420996500062756e-07 2.092849200607815874e-07
1.440000000000000000e+03 2.856733044609427452e-05 4.162712502875365317e-05 1.881187927210703492e-05 2.039128048636484891e-06 2.180476030844147317e-06 1.632654175409697928e-06 3.938215797916200245e-07 4.609154871104692575e-07 1.016373062157072127e-06 6.937034982001932804e-07 8.538736437913030386e-07 2.211897651704930468e-07 2.558387313911225647e-05 2.810037767631001770e-05 1.789631642168387771e-05 1.833140458984416910e-06 2.180476030844147317e-06 1.632654175409697928e-06 3.938215797916200245e-07 4.609154871104692575e-07 1.016373062157072127e-06 6.937034982001932804e-07 8.538736437913030386e-07 2.211897651704930468e-07
1.450000000000000000e+03 2.827476782840676606e-05 4.096277916687540710e-05 1.856103153841104358e-05 2.011520791711518541e-06 2.132275994881638326e-06 1.623873117750918027e-06 3.931180856397986645e-07 4.507370761075435439e-07 1.008061872198595665e-06 7.081184776325244457e-07 8.640181476948782802e-07 2.318481193697152776e-07 2.535614476073533297e-05 2.763201155175920576e-05 1.767368303262628615e-05 1.805532860998937394e-06 2.132275994881638326e-06 1.623873117750918027e-06 3.931180856397986645e-07 4.507370761075435439e-07 1.008061872198595665e-06 7.081184776325244457e-07 8.640181476948782802e-07 2.318481193697152776e-07
1.460000000000000000e+03 2.799658068397548050e-05 4.031479329569265246e-05 1.831084227887913585e-05 1.984305299629340880e-06 2.101175823554513045e-06 1.616438225937599782e-06 3.927987108909292147e-07 4.403680406994681107e-07 9.986541726902942173e-07 7.215882078526192345e-07 8.502162813783797901e-07 2.419722875401930651e-07 2.512273204047232866e-05 2.717796087381429970e-05 1.745079134707339108e-05 1.778469822966144420e-06 2.101175823554513045e-06 1.616438225937599782e-06 3.927987108909292147e-07 4.403680406994681107e-07 9.986541726902942173e-07 7.215882078526192345e-07 8.502162813783797901e-07 2.419722875401930651e-07
1.470000000000000000e+03 2.772055086097680032e-05 3.968206510762684047e-05 1.806286854844074696e-05 1.957500899152364582e-06 2.074383019134984352e-06 1.610232402526889928e-06 3.927430611838644836e-07 4.311113741550798295e-07 9.891222134683630429e-07 7.342925982811721042e-07 8.317554716086306144e-07 2.517635095955483848e-07 2.488609970896504819e-05 2.673462040547747165e-05 1.722976412565913051e-05 1.751869035615527537e-06 2.074383019134984352e-06 1.610232402526889928e-06 3.927430611838644836e-07 4.311113741550798295e-07 9.891222134683630429e-07 7.342925982811721042e-07 8.317554716086306144e-07 2.517635095955483848e-07
1.480000000000000000e+03 2.744366065599024296e-05 3.906424535671249032e-05 1.781866012606769800e-05 1.931122824316844344e-06 2.046867621174897067e-06 1.605379679858742747e-06 3.929608283215202391e-07 4.213754039028572151e-07 9.794511015570606105e-07 7.465369549208844546e-07 8.160581614902184810e-07 2.611867273571988335e-07 2.464750468789134175e-05 2.629957089084200561e-05 1.701220753602683544e-05 1.725756305859249551e-06 2.046867621174897067e-06 1.605379679858742747e-06 3.929608283215202391e-07 4.213754039028572151e-07 9.794511015570606105e-07 7.465369549208844546e-07 8.160581614902184810e-07 2.611867273571988335e-07
1.490000000000000000e+03 2.716506423894315958e-05 3.846078470814973116e-05 1.757915197231341153e-05 1.905186081785359420e-06 2.016572807406191714e-06 1.600699420123419259e-06 3.931818923774699215e-07 4.116635068385221530e-07 9.697037057776469737e-07 7.584663990201079287e-07 8.043776915656053461e-07 2.704375674511538818e-07 2.440907519485335797e-05 2.587236485851462930e-05 1.679862543824128807e-05 1.700171196716837585e-06 2.016572807406191714e-06 1.600699420123419259e-06 3.931818923774699215e-07 4.116635068385221530e-07 9.697037057776469737e-07 7.584663990201079287e-07 8.043776915656053461e-07 2.704375674511538818e-07
1.500000000000000000e+03 2.688496715563815087e-05 3.787111927522346377e-05 1.734445686452090740e-05 1.879688625194830820e-06 1.984607024496654049e-06 1.596151378180366009e-06 3.934922574444499332e-07 4.016434047571237898e-07 9.599713166608125903e-07 7.700023729739768896e-07 7.968858994900074322e-07 2.793988471694319742e-07 2.417119139863643795e-05 2.545318420743569732e-05 1.658911060076206923e-05 1.675076873652869835e-06 1.984607024496654049e-06 1.596151378180366009e-06 3.934922574444499332e-07 4.016434047571237898e-07 9.599713166608125903e-07 7.700023729739768896e-07 7.968858994900074322e-07 2.793988471694319742e-07
1.510000000000000000e+03 2.660579593793954700e-05 3.729380841832607985e-05 1.711447839625179768e-05 1.854624997577047907e-06 1.952495722434832714e-06 1.591813315826584585e-06 3.938804695735598216e-07 3.917879496384557569e-07 9.503456226411799435e-07 7.810972988409048412e-07 7.900866876298096031e-07 2.881308489577349974e-07 2.393390423094388098e-05 2.504129406588617712e-05 1.638374487811233848e-05 1.650448780310398433e-06 1.952495722434832714e-06 1.591813315826584585e-06 3.938804695735598216e-07 3.917879496384557569e-07 9.503456226411799435e-07 7.810972988409048412e-07 7.900866876298096031e-07 2.881308489577349974e-07
1.520000000000000000e+03 2.633009535202290863e-05 3.672793536679819226e-05 1.688865995674859732e-05 1.829984967116615735e-06 1.922808905874262564e-06 1.587217070664337371e-06 3.942719501992542064e-07 3.823513168299541576e-07 9.407289098817273043e-07 7.917849416116951033e-07 7.794762950652511790e-07 2.964781060654786415e-07 2.369649519096128643e-05 2.463618693582247943e-05 1.618188434804324061e-05 1.626284529265831225e-06 1.922808905874262564e-06 1.587217070664337371e-06 3.942719501992542064e-07 3.823513168299541576e-07 9.407289098817273043e-07 7.917849416116951033e-07 7.794762950652511790e-07 2.964781060654786415e-07
1.530000000000000000e+03 2.605852751003112644e-05 3.617305628722533584e-05 1.666684511292260140e-05 1.805767510631994810e-06 1.895808622975891922e-06 1.582578647685295437e-06 3.946614413052884629e-07 3.733682945039618062e-07 9.311825124314054847e-07 8.020919040063745342e-07 7.644480888302496169e-07 3.044143852548586437e-07 2.345930079172831029e-05 2.423746991553343832e-05 1.598352901055477560e-05 1.602578663550957572e-06 1.895808622975891922e-06 1.582578647685295437e-06 3.946614413052884629e-07 3.733682945039618062e-07 9.311825124314054847e-07 8.020919040063745342e-07 7.644480888302496169e-07 3.044143852548586437e-07
1.540000000000000000e+03 2.578707972133997828e-05 3.562940401025116444e-05 1.644966687308624387e-05 1.781980699888663366e-06 1.867681589828862343e-06 1.578056071593891829e-06 3.950806899410963524e-07 3.644426556093094405e-07 9.216979606208042242e-07 8.120164238789584488e-07 7.520262670368538238e-07 3.121670602013182361e-07 2.322377076779957861e-05 2.384541221545077860e-05 1.578907176735810935e-05 1.579331069478939753e-06 1.867681589828862343e-06 1.578056071593891829e-06 3.950806899410963524e-07 3.644426556093094405e-07 9.216979606208042242e-07 8.120164238789584488e-07 7.520262670368538238e-07 3.121670602013182361e-07
1.550000000000000000e+03 2.551703983044717461e-05 3.509634916554205120e-05 1.623678690521046519e-05 1.758622715897217859e-06 1.839345713960938156e-06 1.573582153469033074e-06 3.954986880216893042e-07 3.556265824045112822e-07 9.123342010752821807e-07 8.215619118345784955e-07 7.403887707368994597e-07 3.194819839791307459e-07 2.298923936905339360e-05 2.345997563679702580e-05 1.559830161568243057e-05 1.556535266900027636e-06 1.839345713960938156e-06 1.573582153469033074e-06 3.954986880216893042e-07 3.556265824045112822e-07 9.123342010752821807e-07 8.215619118345784955e-07 7.403887707368994597e-07 3.194819839791307459e-07
1.560000000000000000e+03 2.524921728763729334e-05 3.457345155766233802e-05 1.602806150913238525e-05 1.735687760628934484e-06 1.811716060728940647e-06 1.569165078763035126e-06 3.959019920785067370e-07 3.470853187081957003e-07 9.030526371134328656e-07 8.307383723149541765e-07 7.279330702658626251e-07 3.265778047989442712e-07 2.275588121847249568e-05 2.308082730451133102e-05 1.541101300972513855e-05 1.534182160867203493e-06 1.811716060728940647e-06 1.569165078763035126e-06 3.959019920785067370e-07 3.470853187081957003e-07 9.030526371134328656e-07 8.307383723149541765e-07 7.279330702658626251e-07 3.265778047989442712e-07
1.570000000000000000e+03 2.498331741662696004e-05 3.406045652809552848e-05 1.582335607963614166e-05 1.713172196105006151e-06 1.784089022294210736e-06 1.565188199492695276e-06 3.962745722674299031e-07 3.387411311450705398e-07 8.938341125031001866e-07 8.395552981710352469e-07 7.158283210628724191e-07 3.333152278628404019e-07 2.252403828606475145e-05 2.270805453008506447e-05 1.522720231150742620e-05 1.512262656433449592e-06 1.784089022294210736e-06 1.565188199492695276e-06 3.962745722674299031e-07 3.387411311450705398e-07 8.938341125031001866e-07 8.395552981710352469e-07 7.158283210628724191e-07 3.333152278628404019e-07
1.580000000000000000e+03 2.471932930347975343e-05 3.355696389917284250e-05 1.562270881549920887e-05 1.691068746367818676e-06 1.756860001478344202e-06 1.560261125632678159e-06 3.966313215642003343e-07 3.306443829842464766e-07 8.847001140566135291e-07 8.480369046992564108e-07 7.034811346784408670e-07 3.397303487417957513e-07 2.229379242635332048e-05 2.234150451840832829e-05 1.504674673924455419e-05 1.490767544964910485e-06 1.756860001478344202e-06 1.560261125632678159e-06 3.966313215642003343e-07 3.306443829842464766e-07 8.847001140566135291e-07 8.480369046992564108e-07 7.034811346784408670e-07 3.397303487417957513e-07
1.590000000000000000e+03 2.445792415528558195e-05 3.306272628833539784e-05 1.542587597214151174e-05 1.669374114499078132e-06 1.730590497572848108e-06 1.555644530526478775e-06 3.969388728819467360e-07 3.228408900213253219e-07 8.756310307944659144e-07 8.561805771023500711e-07 6.900330618009320460e-07 3.458515891452407232e-07 2.206462886533699930e-05 2.198052970925346017e-05 1.486956898588687181e-05 1.469693643230129965e-06 1.730590497572848108e-06 1.555644530526478775e-06 3.969388728819467360e-07 3.228408900213253219e-07 8.756310307944659144e-07 8.561805771023500711e-07 6.900330618009320460e-07 3.458515891452407232e-07
1.600000000000000000e+03 2.419820884824730456e-05 3.257759090047329664e-05 1.523304490547161549e-05 1.648087163630407304e-06 1.703662974250619300e-06 1.551106834085658193e-06 3.972248237005260307e-07 3.152161696107214084e-07 8.666536928103596438e-07 8.639827910883468576e-07 6.776165264454903081e-07 3.516441324791230727e-07 2.183758624596521258e-05 2.162553937523625791e-05 1.469575272494694218e-05 1.449034016332007013e-06 1.703662974250619300e-06 1.551106834085658193e-06 3.972248237005260307e-07 3.152161696107214084e-07 8.666536928103596438e-07 8.639827910883468576e-07 6.776165264454903081e-07 3.516441324791230727e-07
1.610000000000000000e+03 2.394094008195679635e-05 3.210108116036280990e-05 1.504388001194456592e-05 1.627196866138547193e-06 1.677819795986579265e-06 1.546904968563467264e-06 3.974553806074254680e-07 3.078748420648480533e-07 8.577891890126920771e-07 8.714525279174267780e-07 6.643082315349602140e-07 3.570522437712497776e-07 2.161181328119710088e-05 2.127641892002429813e-05 1.452500146115198731e-05 1.428779228263010737e-06 1.677819795986579265e-06 1.546904968563467264e-06 3.974553806074254680e-07 3.078748420648480533e-07 8.577891890126920771e-07 8.714525279174267780e-07 6.643082315349602140e-07 3.570522437712497776e-07
1.620000000000000000e+03 2.368567947996780276e-05 3.163300061714835465e-05 1.485847951698815450e-05 1.606701289347256534e-06 1.652166133681021165e-06 1.541794858894718345e-06 3.976496429913822794e-07 3.008360351941519184e-07 8.490059144605766051e-07 8.785980867287435103e-07 6.514094934573222417e-07 3.621911446316516958e-07 2.138807394658215344e-05 2.093291186611168087e-05 1.435749163647415116e-05 1.408923935741768219e-06 1.652166133681021165e-06 1.541794858894718345e-06 3.976496429913822794e-07 3.008360351941519184e-07 8.490059144605766051e-07 8.785980867287435103e-07 6.514094934573222417e-07 3.621911446316516958e-07
1.630000000000000000e+03 2.343159758311230689e-05 3.117334563285112381e-05 1.467682523070834577e-05 1.586595544722513296e-06 1.625495542612043209e-06 1.537010803076555021e-06 3.978235838530963520e-07 2.938508032457320951e-07 8.403371793974656612e-07 8.854261182023037691e-07 6.401343739526055288e-07 3.671162289720086847e-07 2.116595896950457245e-05 2.059485632344149053e-05 1.419304135197307914e-05 1.389465865031525027e-06 1.625495542612043209e-06 1.537010803076555021e-06 3.978235838530963520e-07 2.938508032457320951e-07 8.403371793974656612e-07 8.854261182023037691e-07 6.401343739526055288e-07 3.671162289720086847e-07
1.640000000000000000e+03 2.317927828698884696e-05 3.072182153118774295e-05 1.449876072001643479e-05 1.566873720548755955e-06 1.598482981535198633e-06 1.532215605948294979e-06 3.979330358561128378e-07 2.871812796456651995e-07 8.317871333929360844e-07 8.919410561247786973e-07 6.299406436482968275e-07 3.716642709150619339e-07 2.094624687742907554e-05 2.026229776674881577e-05 1.403167880198452622e-05 1.370396034872101154e-06 1.598482981535198633e-06 1.532215605948294979e-06 3.979330358561128378e-07 2.871812796456651995e-07 8.317871333929360844e-07 8.919410561247786973e-07 6.299406436482968275e-07 3.716642709150619339e-07
1.650000000000000000e+03 2.291935379616916180e-05 3.028016544703859836e-05 1.432582666893722489e-05 1.547564124848577194e-06 1.561622070767043624e-06 1.526857204225962050e-06 3.981883480719261570e-07 2.792777138438395923e-07 8.233143944380572066e-07 8.980729262475506403e-07 6.407889827642065939e-07 3.765230758290272206e-07 2.073461473628412932e-05 1.993624027818441391e-05 1.387462452839827165e-05 1.351752416667295620e-06 1.561622070767043624e-06 1.526857204225962050e-06 3.981883480719261570e-07 2.792777138438395923e-07 8.233143944380572066e-07 8.980729262475506403e-07 6.407889827642065939e-07 3.765230758290272206e-07
1.660000000000000000e+03 2.318870429007802159e-05 2.988272717630024999e-05 1.419319141859887168e-05 1.529295332147739828e-06 1.500348162153386511e-06 1.517963028163649142e-06 4.015247156985424226e-07 2.481940555298933759e-07 8.161771347658941522e-07 9.027465921462862752e-07 1.119504986490937881e-06 3.940010344649635954e-07 2.135710928996559232e-05 1.963810609595384449e-05 1.375202191411517560e-05 1.334312742073961999e-06 1.500348162153386511e-06 1.517963028163649142e-06 4.015247156985424226e-07 2.481940555298933759e-07 8.161771347658941522e-07 9.027465921462862752e-07 1.119504986490937881e-06 3.940010344649635954e-07
1.670000000000000000e+03 4.603456472977995872e-04 3.096691943937912583e-05 1.849685395427513868e-05 1.528822508589655627e-06 1.036829999065957963e-04 3.070926368309301324e-06 4.989861963622388430e-07 6.029618475622555707e-07 8.685335046720865648e-07 8.785524983068171423e-07 6.340121035464107990e-05 1.358907638859818690e-06 4.716021358035504818e-04 2.047599264187738299e-05 1.792945295164827257e-05 1.338559741270728409e-06 1.036829999065957963e-04 3.070926368309301324e-06 4.989861963622388430e-07 6.029618475622555707e-07 8.685335046720865648e-07 8.785524983068171423e-07 6.340121035464107990e-05 1.358907638859818690e-06
1.680000000000000000e+03 1.898797345347702503e-03 2.963257247756700963e-05 2.675720497791189700e-05 1.452785795663658064e-06 4.528073768597096205e-04 1.036297089740401134e-05 4.091135110684263054e-07 5.611693268292583525e-06 9.167852113023400307e-07 9.818830903896014206e-07 1.933234452735632658e-04 2.575185817477176897e-06 1.903846976347267628e-03 2.000121094170026481e-05 2.663518353074323386e-05 1.236687012351467274e-06 4.528073768597096205e-04 1.036297089740401134e-05 4.091135110684263054e-07 5.611693268292583525e-06 9.167852113023400307e-07 9.818830903896014206e-07 1.933234452735632658e-04 2.575185817477176897e-06
1.690000000000000000e+03 1.136235659942030907e-03 2.907566158683039248e-05 2.202338328061159700e-05 1.436805860066669993e-06 2.680731413420289755e-04 6.529406618938082829e-06 3.189161361660808325e-07 4.988072305422974750e-06 9.195736083711381070e-07 1.077160391105280723e-06 1.090682999347336590e-04 1.570098675074405037e-06 1.136459992267191410e-03 1.886924110294785351e-05 2.173956636397633702e-05 1.219048954226309434e-06 2.680731413420289755e-04 6.529406618938082829e-06 3.189161361660808325e-07 4.988072305422974750e-06 9.195736083711381070e-07 1.077160391105280723e-06 1.090682999347336590e-04 1.570098675074405037e-06
1.700000000000000000e+03 1.315119443461298943e-04 3.039860530407167971e-05 1.545506893307901919e-05 1.460334601688373368e-06 2.785051583487074822e-05 1.941249138326384127e-06 4.490853768857050454e-07 1.754749945348521578e-07 8.158324931173410732e-07 1.026142740556679200e-06 2.016828693740535527e-05 6.038707738298398908e-07 1.344642514595761895e-04 1.940934271260630339e-05 1.507209799456177279e-05 1.259204736925312318e-06 2.785051583487074822e-05 1.941249138326384127e-06 4.490853768857050454e-07 1.754749945348521578e-07 8.158324931173410732e-07 1.026142740556679200e-06 2.016828693740535527e-05 6.038707738298398908e-07
1.710000000000000000e+03 5.545884050661697984e-05 2.976159885292872787e-05 1.409837477694964036e-05 1.438890762983646709e-06 8.570752470404841006e-06 1.528391294414177537e-06 3.839759017409960506e-07 1.349658731442104909e-07 7.840494049560220446e-07 1.010214305097179022e-06 7.527258730988251045e-06 4.841522809329035226e-07 5.599649739451706409e-05 1.908727790578268468e-05 1.371489179291529581e-05 1.231866349371557590e-06 8.570752470404841006e-06 1.528391294414177537e-06 3.839759017409960506e-07 1.349658731442104909e-07 7.840494049560220446e-07 1.010214305097179022e-06 7.527258730988251045e-06 4.841522809329035226e-07
1.720000000000000000e+03 7.147305586840957403e-05 2.869828131224494427e-05 1.345837881672196090e-05 1.410783283972705249e-06 1.493402942287502810e-05 1.798392304408480413e-06 3.833645223494386300e-07 5.518936632142867893e-07 7.474142762475821655e-07 9.687009878689423203e-07 3.175367282892693765e-06 2.802148912905977340e-07 6.751839828211814165e-05 1.844915277615655214e-05 1.315865119977388531e-05 1.206524075314518996e-06 1.493402942287502810e-05 1.798392304408480413e-06 3.833645223494386300e-07 5.518936632142867893e-07 7.474142762475821655e-07 9.687009878689423203e-07 3.175367282892693765e-06 2.802148912905977340e-07
1.730000000000000000e+03 2.165028126910328865e-05 2.847881660272832960e-05 1.321001946053002030e-05 1.402274392603430897e-06 1.330956365563906729e-06 1.563531327519740444e-06 4.245380011980159907e-07 2.387463666764233494e-07 7.400615231745177880e-07 9.249098980035341810e-07 1.213072778227797244e-06 3.237894361518556252e-07 2.002140536205843091e-05 1.821834302973002195e-05 1.288823204959044233e-05 1.209015294989512768e-06 1.330956365563906729e-06 1.563531327519740444e-06 4.245380011980159907e-07 2.387463666764233494e-07 7.400615231745177880e-07 9.249098980035341810e-07 1.213072778227797244e-06 3.237894361518556252e-07
1.740000000000000000e+03 2.440879688947461545e-05 2.806610063998959959e-05 1.309781509917229414e-05 1.389282601849117782e-06 1.843801555878599174e-06 1.588651116435357835e-06 4.288922070827538846e-07 1.954119710489976569e-07 7.355475872827810235e-07 9.258346835849806666e-07 1.948315457411808893e-06 3.473134597697935533e-07 2.315539495612028986e-05 1.798391349439043552e-05 1.278418858419172466e-05 1.197697656607488170e-06 1.843801555878599174e-06 1.588651116435357835e-06 4.288922070827538846e-07 1.954119710489976569e-07 7.355475872827810235e-07 9.258346835849806666e-07 1.948315457411808893e-06 3.473134597697935533e-07
1.750000000000000000e+03 2.115562529070302844e-05 2.749063787632621825e-05 1.280257765756687149e-05 1.373530039927572943e-06 1.678171656749327667e-06 1.577687157805485185e-06 4.031172409213468200e-07 3.004736868206236977e-07 7.282858973667316604e-07 9.438145980311674066e-07 1.930480664213973796e-07 3.075583379086310742e-07 1.883569166238885373e-05 1.764967237249948084e-05 1.251335652341367677e-05 1.180183517135446891e-06 1.678171656749327667e-06 1.577687157805485185e-06 4.031172409213468200e-07 3.004736868206236977e-07 7.282858973667316604e-07 9.438145980311674066e-07 1.930480664213973796e-07 3.075583379086310742e-07
1.760000000000000000e+03 2.066735760308802128e-05 2.707337625906802714e-05 1.269354197575012222e-05 1.360284272777789738e-06 1.560664941280265339e-06 1.557068912916292902e-06 3.964583470406068955e-07 2.755172090473934077e-07 7.244279345286486205e-07 9.548093657940626144e-07 2.216214340933220228e-07 3.147812321913079359e-07 1.844874714151956141e-05 1.737027741910424083e-05 1.240949495695531368e-05 1.166947527053707745e-06 1.560664941280265339e-06 1.557068912916292902e-06 3.964583470406068955e-07 2.755172090473934077e-07 7.244279345286486205e-07 9.548093657940626144e-07 2.216214340933220228e-07 3.147812321913079359e-07
1.770000000000000000e+03 1.980571505555417389e-05 2.668893830559682101e-05 1.261089983017882332e-05 1.347193688161496539e-06 1.181726361210166942e-06 1.530795998405665159e-06 3.961190202517173020e-07 2.383763586522036348e-07 7.246771929203532636e-07 9.619843694963492453e-07 5.323892651176720392e-07 3.349605322000570595e-07 1.795940988813526928e-05 1.708487252471968532e-05 1.232944759976817295e-05 1.154107053480402101e-06 1.181726361210166942e-06 1.530795998405665159e-06 3.961190202517173020e-07 2.383763586522036348e-07 7.246771929203532636e-07 9.619843694963492453e-07 5.323892651176720392e-07 3.349605322000570595e-07
1.780000000000000000e+03 1.965997580555267632e-05 2.627833418955560774e-05 1.249380238732555881e-05 1.333340946985117625e-06 1.154184928964241408e-06 1.516383463240345009e-06 3.944472268813115079e-07 2.304658295315675787e-07 7.235568659780255985e-07 9.696840379547211342e-07 5.693363505088200327e-07 3.429317132486175979e-07 1.788175904948730022e-05 1.678112494118977338e-05 1.221984166477341205e-05 1.140204972216452006e-06 1.154184928964241408e-06 1.516383463240345009e-06 3.944472268813115079e-07 2.304658295315675787e-07 7.235568659780255985e-07 9.696840379547211342e-07 5.693363505088200327e-07 3.429317132486175979e-07
1.790000000000000000e+03 1.944296127476263791e-05 2.586610207799822092e-05 1.236125262948917225e-05 1.319402940680447500e-06 1.169948404822207522e-06 1.508740979261347093e-06 3.905711309926118702e-07 2.369725820017265505e-07 7.192727480287430808e-07 9.764563628777978010e-07 4.539866438335593557e-07 3.433551114540023264e-07 1.761194835125934333e-05 1.648085890337824821e-05 1.209588299388997257e-05 1.126514234783826396e-06 1.169948404822207522e-06 1.508740979261347093e-06 3.905711309926118702e-07 2.369725820017265505e-07 7.192727480287430808e-07 9.764563628777978010e-07 4.539866438335593557e-07 3.433551114540023264e-07
1.800000000000000000e+03 1.928986239363439381e-05 2.547282929299399257e-05 1.223307117470540106e-05 1.305754153690941166e-06 1.183144945571257267e-06 1.501634528722206596e-06 3.881296777308307355e-07 2.373770229269211995e-07 7.139309445847175084e-07 9.816174042498460039e-07 3.945408479921752587e-07 3.454201475960871903e-07 1.744297151162754744e-05 1.619589238543994725e-05 1.197508299810579047e-05 1.113244707084959373e-06 1.183144945571257267e-06 1.501634528722206596e-06 3.881296777308307355e-07 2.373770229269211995e-07 7.139309445847175084e-07 9.816174042498460039e-07 3.945408479921752587e-07 3.454201475960871903e-07
1.810000000000000000e+03 1.911608887894544750e-05 2.509550540708005428e-05 1.210917889693519101e-05 1.292349111281509977e-06 1.168564949693973176e-06 1.495256810812861659e-06 3.866686313358513871e-07 2.347949248360237107e-07 7.084347544150659814e-07 9.856119049800327048e-07 3.821881762178236386e-07 3.490374638204229996e-07 1.729423820506781340e-05 1.592257103766314685e-05 1.185807286674389616e-05 1.100332838177564554e-06 1.168564949693973176e-06 1.495256810812861659e-06 3.866686313358513871e-07 2.347949248360237107e-07 7.084347544150659814e-07 9.856119049800327048e-07 3.821881762178236386e-07 3.490374638204229996e-07
1.820000000000000000e+03 1.893224361992906779e-05 2.472845699230674654e-05 1.198747668240685016e-05 1.279127218367648311e-06 1.145761757470609155e-06 1.489502210461068898e-06 3.855917327655333793e-07 2.310770952362872777e-07 7.025981858532759361e-07 9.890603678286424838e-07 3.830276114058506209e-07 3.525699412421090528e-07 1.714479549264069647e-05 1.565609636600129306e-05 1.174308818008285016e-05 1.087769078367273323e-06 1.145761757470609155e-06 1.489502210461068898e-06 3.855917327655333793e-07 2.310770952362872777e-07 7.025981858532759361e-07 9.890603678286424838e-07 3.830276114058506209e-07 3.525699412421090528e-07
1.830000000000000000e+03 1.875105954241007566e-05 2.436984868836589158e-05 1.186736335512250662e-05 1.266070853489509318e-06 1.123271090364141855e-06 1.483555024606175721e-06 3.844641582873009611e-07 2.279723787523835199e-07 6.967072181396360975e-07 9.921395758283324540e-07 3.827552461643790593e-07 3.556790204584103776e-07 1.699613858363591135e-05 1.539514414616860449e-05 1.162970511359162629e-05 1.075446334652951919e-06 1.123271090364141855e-06 1.483555024606175721e-06 3.844641582873009611e-07 2.279723787523835199e-07 6.967072181396360975e-07 9.921395758283324540e-07 3.827552461643790593e-07 3.556790204584103776e-07
1.840000000000000000e+03 1.857281313277781010e-05 2.401877645752392709e-05 1.174893532152054831e-05 1.253185928362654522e-06 1.103762201637437101e-06 1.477524619986070320e-06 3.834761628240812570e-07 2.250518491564434953e-07 6.908656473569863010e-07 9.948170145435142331e-07 3.793738869717344642e-07 3.583509737836720888e-07 1.684630660747643560e-05 1.513920506113208830e-05 1.151787637354573235e-05 1.063315266947029158e-06 1.103762201637437101e-06 1.477524619986070320e-06 3.834761628240812570e-07 2.250518491564434953e-07 6.908656473569863010e-07 9.948170145435142331e-07 3.793738869717344642e-07 3.583509737836720888e-07
1.850000000000000000e+03 1.839694959926418960e-05 2.367472916375845671e-05 1.163243905466515571e-05 1.240477445207943674e-06 1.085925418919941876e-06 1.470907477596483659e-06 3.825360295195423532e-07 2.225278024070576066e-07 6.850256681900646072e-07 9.970491419153404422e-07 3.739478984243760351e-07 3.605681513363379054e-07 1.669594712438993156e-05 1.488776888436404988e-05 1.140785570896696299e-05 1.051407366503553931e-06 1.085925418919941876e-06 1.470907477596483659e-06 3.825360295195423532e-07 2.225278024070576066e-07 6.850256681900646072e-07 9.970491419153404422e-07 3.739478984243760351e-07 3.605681513363379054e-07
1.860000000000000000e+03 1.822265039663761854e-05 2.333746851945761591e-05 1.151768992713186890e-05 1.227946540893753991e-06 1.068942424353735987e-06 1.464576030230091419e-06 3.816522280430945102e-07 2.202523319283500314e-07 6.791603937017498538e-07 9.988862075260840356e-07 3.677219524433894549e-07 3.623865438839857234e-07 1.654567859077360481e-05 1.464065917389234528e-05 1.129946213040966541e-05 1.039712742567644455e-06 1.068942424353735987e-06 1.464576030230091419e-06 3.816522280430945102e-07 2.202523319283500314e-07 6.791603937017498538e-07 9.988862075260840356e-07 3.677219524433894549e-07 3.623865438839857234e-07
1.870000000000000000e+03 1.804935527616180480e-05 2.300695450685452670e-05 1.140466429205844179e-05 1.215600946125050541e-06 1.052248649102693889e-06 1.457860548725875560e-06 3.808348481015855214e-07 2.181265443823576788e-07 6.734297812727163546e-07 1.000371412374079227e-06 3.615239450027729617e-07 3.639353849393955898e-07 1.639588481339160353e-05 1.439810603187652305e-05 1.119265834859106690e-05 1.028226506605278701e-06 1.052248649102693889e-06 1.457860548725875560e-06 3.808348481015855214e-07 2.181265443823576788e-07 6.734297812727163546e-07 1.000371412374079227e-06 3.615239450027729617e-07 3.639353849393955898e-07
1.880000000000000000e+03 1.787752808013465255e-05 2.268262323923408985e-05 1.129337488237069920e-05 1.203439524033456109e-06 1.035799300552753266e-06 1.451229763915762305e-06 3.800273304932488827e-07 2.162111911729880376e-07 6.677106512142927386e-07 1.001525788524304517e-06 3.548959455201838864e-07 3.651228155376884388e-07 1.624621108931023628e-05 1.416004397469805554e-05 1.108733795263106003e-05 1.016943087961408310e-06 1.035799300552753266e-06 1.451229763915762305e-06 3.800273304932488827e-07 2.162111911729880376e-07 6.677106512142927386e-07 1.001525788524304517e-06 3.548959455201838864e-07 3.651228155376884388e-07
1.890000000000000000e+03 1.770656308508478105e-05 2.236463660665322095e-05 1.118381624110043049e-05 1.191467049466155004e-06 1.019872797769494355e-06 1.444812028239539359e-06 3.792497125232330291e-07 2.144250288438342977e-07 6.619845862587681040e-07 1.002356611934374087e-06 3.485070010356139392e-07 3.660438494534901110e-07 1.609733408258762211e-05 1.392653757648076862e-05 1.098358279705280438e-05 1.005862600322871003e-06 1.019872797769494355e-06 1.444812028239539359e-06 3.792497125232330291e-07 2.144250288438342977e-07 6.619845862587681040e-07 1.002356611934374087e-06 3.485070010356139392e-07 3.660438494534901110e-07
1.900000000000000000e+03 1.753691685735248029e-05 2.205269265687093139e-05 1.107589923776686192e-05 1.179678520202287473e-06 1.003993020276539028e-06 1.437930222891736776e-06 3.784705029374890728e-07 2.126849523165219580e-07 6.562432872669887729e-07 1.002907652036810759e-06 3.423057819418318104e-07 3.667898624826193554e-07 1.594933019077870995e-05 1.369734764011809602e-05 1.088124645320931450e-05 9.949758350558113307e-07 1.003993020276539028e-06 1.437930222891736776e-06 3.784705029374890728e-07 2.126849523165219580e-07 6.562432872669887729e-07 1.002907652036810759e-06 3.423057819418318104e-07 3.667898624826193554e-07
1.910000000000000000e+03 1.736874037305824459e-05 2.174653127440251410e-05 1.096966389013687149e-05 1.168072230939287692e-06 9.882461426968802698e-07 1.431360601600317750e-06 3.776907249175565084e-07 2.110840569002903067e-07 6.505793521682790015e-07 1.003200395643943921e-06 3.360654829975828761e-07 3.671296724405692657e-07 1.580230127729009837e-05 1.347230318060610443e-05 1.078037439583567902e-05 9.842769941315054893e-07 9.882461426968802698e-07 1.431360601600317750e-06 3.776907249175565084e-07 2.110840569002903067e-07 6.505793521682790015e-07 1.003200395643943921e-06 3.360654829975828761e-07 3.671296724405692657e-07
1.920000000000000000e+03 1.720170439512003213e-05 2.144601967302151024e-05 1.086503925762372091e-05 1.156649091171857435e-06 9.729183148010633886e-07 1.424395009053114336e-06 3.768857936847780365e-07 2.096266484841180500e-07 6.448925660151871853e-07 1.003246552500058897e-06 3.298294757314579329e-07 3.674078072890551994e-07 1.565601451147813350e-05 1.325128414464415982e-05 1.068089477485045791e-05 9.737671007314929739e-07 9.729183148010633886e-07 1.424395009053114336e-06 3.768857936847780365e-07 2.096266484841180500e-07 6.448925660151871853e-07 1.003246552500058897e-06 3.298294757314579329e-07 3.674078072890551994e-07
1.930000000000000000e+03 1.703599991742521524e-05 2.115081770170945674e-05 1.076210537576116621e-05 1.145405576608027332e-06 9.576044703862862661e-07 1.417298221895180177e-06 3.760933111607300816e-07 2.083035752775685978e-07 6.392559726009494625e-07 1.003064994620217476e-06 3.237056205307453638e-07 3.674046240575989941e-07 1.551052082504611462e-05 1.303415865550050512e-05 1.058288580679800361e-05 9.634391062718350440e-07 9.576044703862862661e-07 1.417298221895180177e-06 3.760933111607300816e-07 2.083035752775685978e-07 6.392559726009494625e-07 1.003064994620217476e-06 3.237056205307453638e-07 3.674046240575989941e-07
1.940000000000000000e+03 1.687202347966376692e-05 2.086082531604915857e-05 1.066058757714927197e-05 1.134338162955828011e-06 9.430483487449237145e-07 1.410070467500190716e-06 3.752593329409137368e-07 2.072459466262444039e-07 6.336260298667184543e-07 1.002695739771297667e-06 3.169508886458061170e-07 3.671812009997665882e-07 1.536563831905368716e-05 1.282086486753541976e-05 1.048609919962473214e-05 9.532877811579965055e-07 9.430483487449237145e-07 1.410070467500190716e-06 3.752593329409137368e-07 2.072459466262444039e-07 6.336260298667184543e-07 1.002695739771297667e-06 3.169508886458061170e-07 3.671812009997665882e-07
1.950000000000000000e+03 1.670891833782661706e-05 2.057607161987107247e-05 1.056076598615618423e-05 1.123447304962610360e-06 9.283590998165891506e-07 1.403115106768382248e-06 3.744109164927067468e-07 2.061310198087085155e-07 6.280628213062300347e-07 1.002108547254465520e-06 3.110875468337326311e-07 3.667665566808864241e-07 1.522234560979995877e-05 1.261149009224027395e-05 1.039072958519682288e-05 9.433169907424598932e-07 9.283590998165891506e-07 1.403115106768382248e-06 3.744109164927067468e-07 2.061310198087085155e-07 6.280628213062300347e-07 1.002108547254465520e-06 3.110875468337326311e-07 3.667665566808864241e-07
1.960000000000000000e+03 1.654704101383686066e-05 2.029644019785337150e-05 1.046248962666140869e-05 1.112730387831106782e-06 9.133312346421007533e-07 1.395904860146401916e-06 3.735493123713240493e-07 2.050750822490954306e-07 6.224948947419761680e-07 1.001331042971287388e-06 3.057425033148319926e-07 3.663107008833321743e-07 1.508038894826313481e-05 1.240581241290783510e-05 1.029679879138711840e-05 9.335187769465846941e-07 9.133312346421007533e-07 1.395904860146401916e-06 3.735493123713240493e-07 2.050750822490954306e-07 6.224948947419761680e-07 1.001331042971287388e-06 3.057425033148319926e-07 3.663107008833321743e-07
1.970000000000000000e+03 1.638726280361879617e-05 2.002132896450348198e-05 1.036558205669280142e-05 1.102179794543189928e-06 8.997894838103093207e-07 1.388482246511557605e-06 3.726404429471585900e-07 2.043092877102026250e-07 6.169316861814877484e-07 1.000373913484509103e-06 2.988965377426211489e-07 3.655180194073182065e-07 1.493847503297729418e-05 1.220366266352357343e-05 1.020395120576722547e-05 9.238871712113905232e-07 8.997894838103093207e-07 1.388482246511557605e-06 3.726404429471585900e-07 2.043092877102026250e-07 6.169316861814877484e-07 1.000373913484509103e-06 2.988965377426211489e-07 3.655180194073182065e-07
1.980000000000000000e+03 1.622801755729597062e-05 1.975115446839481592e-05 1.027030521072447300e-05 1.091800413632881828e-06 8.852134101289266255e-07 1.381126935484644491e-06 3.717469780895044096e-07 2.035013153545150999e-07 6.114769917076046113e-07 9.992386367230210453e-07 2.939503929155762307e-07 3.646767936515971087e-07 1.479872753407107666e-05 1.200516453536693007e-05 1.011251242744037881e-05 9.144288242168840952e-07 8.852134101289266255e-07 1.381126935484644491e-06 3.717469780895044096e-07 2.035013153545150999e-07 6.114769917076046113e-07 9.992386367230210453e-07 2.939503929155762307e-07 3.646767936515971087e-07
1.990000000000000000e+03 1.607026752026285976e-05 1.948563112819101661e-05 1.017643171508098021e-05 1.081585878637270071e-06 8.711083978596434463e-07 1.373558347950165626e-06 3.708331632878980599e-07 2.028209564741700888e-07 6.060289479137281887e-07 9.979248716263100505e-07 2.885420258280646522e-07 3.635976497662340989e-07 1.465955665480578318e-05 1.181004427053267136e-05 1.002225963020464405e-05 9.051350389199797064e-07 8.711083978596434463e-07 1.373558347950165626e-06 3.708331632878980599e-07 2.028209564741700888e-07 6.060289479137281887e-07 9.979248716263100505e-07 2.885420258280646522e-07 3.635976497662340989e-07
2.000000000000000000e+03 1.591445470694452524e-05 1.922438605106435716e-05 1.008383424050407484e-05 1.071530164153955411e-06 8.578417691751383245e-07 1.366125957247277256e-06 3.698552575315261493e-07 2.023536609385701013e-07 6.005847126289154403e-07 9.964667242456926033e-07 2.824161526859825244e-07 3.623625559612264624e-07 1.452125707146478817e-05 1.161824184237048030e-05 9.933134606399107724e-06 8.959966635302407667e-07 8.578417691751383245e-07 1.366125957247277256e-06 3.698552575315261493e-07 2.023536609385701013e-07 6.005847126289154403e-07 9.964667242456926033e-07 2.824161526859825244e-07 3.623625559612264624e-07
2.010000000000000000e+03 1.575967326061800122e-05 1.896762478281743824e-05 9.992754712584428489e-06 1.061637021848582663e-06 8.442415833087579813e-07 1.358264853479340672e-06 3.689086156555276830e-07 2.018402227577098529e-07 5.951829962214105763e-07 9.948300885298522189e-07 2.771338074580853572e-07 3.610680323617998511e-07 1.438433719158638269e-05 1.142986729973927140e-05 9.845254680840298533e-06 8.870226224644284230e-07 8.442415833087579813e-07 1.358264853479340672e-06 3.689086156555276830e-07 2.018402227577098529e-07 5.951829962214105763e-07 9.948300885298522189e-07 2.771338074580853572e-07 3.610680323617998511e-07
2.020000000000000000e+03 1.560641976539045572e-05 1.871503991424106061e-05 9.902966667141299695e-06 1.051897015713620931e-06 8.311791930282197427e-07 1.350594402538263239e-06 3.678926532302284613e-07 2.015255233800417045e-07 5.898557446926133707e-07 9.930575970429345034e-07 2.717228539950156119e-07 3.596234989799995674e-07 1.424836409569252282e-05 1.124458322010468692e-05 9.758529813552740961e-06 8.782009217611630447e-07 8.311791930282197427e-07 1.350594402538263239e-06 3.678926532302284613e-07 2.015255233800417045e-07 5.898557446926133707e-07 9.930575970429345034e-07 2.717228539950156119e-07 3.596234989799995674e-07
2.030000000000000000e+03 1.545453596918378025e-05 1.846657141868490726e-05 9.814599252422340214e-06 1.042312078425311483e-06 8.180597319551452529e-07 1.342832661066495348e-06 3.668934880352026084e-07 2.012461379763408331e-07 5.845059831699472852e-07 9.911092320180614479e-07 2.664834539700677851e-07 3.581000953545299126e-07 1.411405082762939855e-05 1.106250510929385200e-05 9.672985470388084650e-06 8.695350288689951412e-07 8.180597319551452529e-07 1.342832661066495348e-06 3.668934880352026084e-07 2.012461379763408331e-07 5.845059831699472852e-07 9.911092320180614479e-07 2.664834539700677851e-07 3.581000953545299126e-07
2.040000000000000000e+03 1.530383087811060250e-05 1.822228659875690937e-05 9.727536053105723113e-06 1.032878913065360393e-06 8.049443067648098804e-07 1.335170168204058427e-06 3.658802256722992752e-07 2.009943500524968840e-07 5.792389288217236754e-07 9.890383125821244903e-07 2.617560426187992562e-07 3.564397275113151409e-07 1.398062977386871353e-05 1.088355475076241419e-05 9.588598913978785276e-06 8.610177815171482507e-07 8.049443067648098804e-07 1.335170168204058427e-06 3.658802256722992752e-07 2.009943500524968840e-07 5.792389288217236754e-07 9.890383125821244903e-07 2.617560426187992562e-07 3.564397275113151409e-07
2.050000000000000000e+03 1.515396706963656470e-05 1.798216544557362795e-05 9.641932592785451561e-06 1.023597178573254496e-06 7.909993655630387366e-07 1.327051336375006940e-06 3.648609094852872659e-07 2.006768511364498409e-07 5.740023993894283194e-07 9.868125516732106917e-07 2.586767493539809948e-07 3.548245217643852811e-07 1.384986353514250368e-05 1.070791313395602629e-05 9.505452908342704177e-06 8.526548072040895931e-07 7.909993655630387366e-07 1.327051336375006940e-06 3.648609094852872659e-07 2.006768511364498409e-07 5.740023993894283194e-07 9.868125516732106917e-07 2.586767493539809948e-07 3.548245217643852811e-07
2.060000000000000000e+03 1.500774214946432039e-05 1.774922020558733493e-05 9.560300895827822387e-06 1.014508825392113067e-06 7.633237260051828343e-07 1.317851115345547441e-06 3.641892760697373888e-07 1.973108680886070943e-07 5.688473265763605013e-07 9.843007546805893071e-07 2.802342464747198392e-07 3.547517621882434469e-07 1.375180272589204833e-05 1.053747928381199017e-05 9.425571079191286117e-06 8.445003913948312402e-07 7.633237260051828343e-07 1.317851115345547441e-06 3.641892760697373888e-07 1.973108680886070943e-07 5.688473265763605013e-07 9.843007546805893071e-07 2.802342464747198392e-07 3.547517621882434469e-07
2.070000000000000000e+03 1.812604568840470165e-05 1.757992504280991852e-05 9.554313692206051201e-06 1.006404886538803112e-06 1.275079512197407894e-06 1.305324076383840293e-06 3.700458819366758689e-07 1.488077430167322746e-07 5.649939680552051868e-07 9.788187753656529821e-07 1.098886968975421041e-06 3.903960248408111511e-07 1.746506859490182251e-05 1.041308041749289259e-05 9.412028703081887215e-06 8.376248388231033459e-07 1.275079512197407894e-06 1.305324076383840293e-06 3.700458819366758689e-07 1.488077430167322746e-07 5.649939680552051868e-07 9.788187753656529821e-07 1.098886968975421041e-06 3.903960248408111511e-07
2.080000000000000000e+03 1.689608907327055931e-03 2.080464400933124125e-05 2.468162892910186201e-05 1.020056743072927929e-06 4.001224006060510874e-04 8.595598956162575632e-06 5.779751859336101916e-07 2.873779976653167978e-06 7.046915015962440521e-07 9.106285574489447754e-07 2.078484685625880957e-04 4.130612524022581056e-06 1.721169566735625267e-03 1.330114537267945707e-05 2.429288542771246284e-05 8.585843715991359204e-07 4.001224006060510874e-04 8.595598956162575632e-06 5.779751859336101916e-07 2.873779976653167978e-06 7.046915015962440521e-07 9.106285574489447754e-07 2.078484685625880957e-04 4.130612524022581056e-06
2.090000000000000000e+03 2.434181515127420425e-03 1.862485260062385350e-05 2.804447831294964999e-05 9.638785058996290900e-07 5.787659320048987865e-04 1.465963487135013565e-05 3.458145840795623371e-07 7.573735729238251224e-06 7.174547249633178581e-07 1.091514718609687407e-06 2.659670135471969843e-04 3.892725544574204832e-06 2.448419341817498207e-03 1.187568068417022005e-05 2.812493403325788677e-05 7.722775308138807304e-07 5.787659320048987865e-04 1.465963487135013565e-05 3.458145840795623371e-07 7.573735729238251224e-06 7.174547249633178581e-07 1.091514718609687407e-06 2.659670135471969843e-04 3.892725544574204832e-06
2.100000000000000000e+03 1.506186981714563444e-05 1.750178125803358853e-05 9.424452400708105415e-06 9.752461664902511984e-07 7.973671927175018936e-07 1.255193978977331426e-06 3.646738093721069163e-07 3.708722999817837263e-07 6.250494379855808802e-07 1.100888766814023256e-06 2.793721307625673944e-07 2.613969058984366711e-07 1.356673692498588935e-05 9.951419087883550674e-06 9.335327376902569085e-06 7.954510010677040555e-07 7.973671927175018936e-07 1.255193978977331426e-06 3.646738093721069163e-07 3.708722999817837263e-07 6.250494379855808802e-07 1.100888766814023256e-06 2.793721307625673944e-07 2.613969058984366711e-07
2.110000000000000000e+03 3.188345581293106079e-04 1.856416383816394955e-05 1.270095799554837868e-05 9.816495776249212213e-07 7.321224984480068088e-05 2.673302105904440396e-06 4.175419405783031834e-07 3.971201181229844224e-07 5.772736813014489599e-07 1.049950583364989143e-06 4.062500011059455574e-05 1.121103764489816967e-06 3.262047248426824808e-04 1.083860661310609430e-05 1.253836308023892343e-05 8.053611963987350464e-07 7.321224984480068088e-05 2.673302105904440396e-06 4.175419405783031834e-07 3.971201181229844224e-07 5.772736813014489599e-07 1.049950583364989143e-06 4.062500011059455574e-05 1.121103764489816967e-06
2.120000000000000000e+03 3.034653127542696893e-05 1.728551796986721456e-05 9.238687198376283050e-06 9.614495866117067635e-07 5.138150299899280071e-06 1.385901327921601478e-06 3.351395037043403136e-07 3.663523386876477161e-07 5.404579610512882937e-07 1.043002271217119414e-06 1.256634732271777466e-06 2.339403266660156078e-07 2.817651693476364017e-05 9.921640412358101457e-06 9.145048352365847677e-06 7.800810521985113155e-07 5.138150299899280071e-06 1.385901327921601478e-06 3.351395037043403136e-07 3.663523386876477161e-07 5.404579610512882937e-07 1.043002271217119414e-06 1.256634732271777466e-06 2.339403266660156078e-07
2.130000000000000000e+03 3.875089532812125981e-05 1.699048880254849792e-05 9.132413651968818158e-06 9.529783255857182667e-07 7.423449460475239903e-06 1.487368535890709609e-06 3.610292083067179192e-07 5.334966317604994401e-07 5.158362341717293020e-07 9.797830671232077293e-07 2.112146148647298105e-06 2.353285850631436915e-07 3.640217619249597192e-05 9.736870197230018675e-06 9.044828402693383396e-06 7.818613312338129617e-07 7.423449460475239903e-06 1.487368535890709609e-06 3.610292083067179192e-07 5.334966317604994401e-07 5.158362341717293020e-07 9.797830671232077293e-07 2.112146148647298105e-06 2.353285850631436915e-07
2.140000000000000000e+03 2.041184416157193482e-05 1.697198604233562946e-05 9.133700586971826851e-06 9.500335522716341075e-07 1.868122126325033605e-06 1.355543076897447463e-06 3.883766055423620855e-07 2.190817554037494119e-07 5.103191824673558585e-07 9.499032671556051355e-07 1.554988557472825050e-06 3.075515451200772077e-07 1.998250627366360277e-05 9.751866855367552489e-06 9.017915544973220676e-06 7.835792530386243016e-07 1.868122126325033605e-06 1.355543076897447463e-06 3.883766055423620855e-07 2.190817554037494119e-07 5.103191824673558585e-07 9.499032671556051355e-07 1.554988557472825050e-06 3.075515451200772077e-07
2.150000000000000000e+03 1.569818414282053709e-05 1.668736877036280930e-05 8.972932846518233418e-06 9.431262810721818823e-07 9.023562483889691066e-07 1.317695819125219714e-06 3.727878095105552347e-07 2.514145762688713148e-07 5.099317945678194519e-07 9.574559953762218356e-07 7.344247023866046220e-07 2.940049341759731760e-07 1.492391220381250605e-05 9.604492333892267197e-06 8.861120477376971394e-06 7.761813662909844425e-07 9.023562483889691066e-07 1.317695819125219714e-06 3.727878095105552347e-07 2.514145762688713148e-07 5.099317945678194519e-07 9.574559953762218356e-07 7.344247023866046220e-07 2.940049341759731760e-07
2.160000000000000000e+03 1.421773140464210883e-05 1.636309571040328592e-05 8.841792805469594896e-06 9.355580345982161816e-07 9.709402775115449913e-07 1.311246137447596993e-06 3.542330375694291433e-07 3.181240231242554728e-07 5.076548177385120653e-07 9.705263437354005873e-07 1.463568111148561002e-07 2.567027479472017149e-07 1.278381841984810308e-05 9.390942977915983647e-06 8.737729331187438220e-06 7.685213745389773976e-07 9.709402775115449913e-07 1.311246137447596993e-06 3.542330375694291433e-07 3.181240231242554728e-07 5.076548177385120653e-07 9.705263437354005873e-07 1.463568111148561002e-07 2.567027479472017149e-07
2.170000000000000000e+03 1.382193568133516237e-05 1.612644700799137354e-05 8.791506843408569694e-06 9.287374496125266887e-07 8.570604563828965183e-07 1.289372448809444904e-06 3.493181850444670999e-07 3.040188403247157112e-07 5.102670002088416368e-07 9.752925507200416178e-07 1.441890162823256105e-07 2.619510155454918277e-07 1.246567808266263455e-05 9.220685569744091481e-06 8.685618013259954751e-06 7.619099164912768174e-07 8.570604563828965183e-07 1.289372448809444904e-06 3.493181850444670999e-07 3.040188403247157112e-07 5.102670002088416368e-07 9.752925507200416178e-07 1.441890162823256105e-07 2.619510155454918277e-07
2.180000000000000000e+03 1.322358457400696352e-05 1.591640102560631931e-05 8.747915671847295016e-06 9.219669436788535677e-07 6.057345558474480640e-07 1.263565877707151230e-06 3.492806399663095362e-07 2.668000433914130554e-07 5.120178343531733844e-07 9.769325970410136506e-07 2.085933061835021363e-07 2.760578468041785527e-07 1.208853336720494553e-05 9.068446161109022796e-06 8.637743121653329581e-06 7.556913033113232814e-07 6.057345558474480640e-07 1.263565877707151230e-06 3.492806399663095362e-07 2.668000433914130554e-07 5.120178343531733844e-07 9.769325970410136506e-07 2.085933061835021363e-07 2.760578468041785527e-07
2.190000000000000000e+03 1.318118574999971315e-05 1.569879168528132141e-05 8.689530659466981888e-06 9.149819675258186180e-07 5.756493806075013708e-07 1.251789058187569026e-06 3.461460948983585695e-07 2.559154097525606630e-07 5.100309294903127011e-07 9.772177236300194636e-07 2.441115611873101443e-07 2.807906298585294280e-07 1.212459392263554037e-05 8.914297723094932735e-06 8.576960681239143014e-06 7.495696650039462838e-07 5.756493806075013708e-07 1.251789058187569026e-06 3.461460948983585695e-07 2.559154097525606630e-07 5.100309294903127011e-07 9.772177236300194636e-07 2.441115611873101443e-07 2.807906298585294280e-07
2.200000000000000000e+03 1.303734916291432455e-05 1.548102773085702211e-05 8.619374057161621749e-06 9.079390110855456442e-07 5.761664283454592805e-07 1.245088242285419255e-06 3.434226698573183967e-07 2.540514003612770466e-07 5.066254971097805537e-07 9.767230721990927123e-07 2.196138666477054358e-07 2.799378364670701558e-07 1.196826542582130060e-05 8.761543540458660573e-06 8.505413461534772068e-06 7.433598625539161731e-07 5.761664283454592805e-07 1.245088242285419255e-06 3.434226698573183967e-07 2.540514003612770466e-07 5.066254971097805537e-07 9.767230721990927123e-07 2.196138666477054358e-07 2.799378364670701558e-07
2.210000000000000000e+03 1.291182070417562500e-05 1.527024869574233890e-05 8.548584446543827653e-06 9.009238510770956054e-07 5.822236062158481218e-07 1.239901394001208246e-06 3.414435525428416440e-07 2.545064319292578148e-07 5.027383735978219192e-07 9.751954621606273577e-07 1.971774850062502082e-07 2.788619042348727817e-07 1.182741198135772720e-05 8.614747457613702863e-06 8.433581569988746196e-06 7.373586754511052277e-07 5.822236062158481218e-07 1.239901394001208246e-06 3.414435525428416440e-07 2.545064319292578148e-07 5.027383735978219192e-07 9.751954621606273577e-07 1.971774850062502082e-07 2.788619042348727817e-07
2.220000000000000000e+03 1.280490596400341019e-05 1.506656826677499339e-05 8.480333235638681799e-06 8.939650797401554883e-07 5.821531203764607199e-07 1.233927832799963653e-06 3.395845453724177787e-07 2.540383832183579216e-07 4.984237875760300085e-07 9.731149930303217843e-07 1.874829962389412685e-07 2.780448653538769577e-07 1.172144675365416333e-05 8.472926310787443072e-06 8.364256245840806514e-06 7.314989716178388335e-07 5.821531203764607199e-07 1.233927832799963653e-06 3.395845453724177787e-07 2.540383832183579216e-07 4.984237875760300085e-07 9.731149930303217843e-07 1.874829962389412685e-07 2.780448653538769577e-07
2.230000000000000000e+03 1.269912627321900800e-05 1.486898509028833359e-05 8.414449439442250878e-06 8.870758847479010001e-07 5.759685564044048078e-07 1.227159373229369521e-06 3.381669273494480876e-07 2.524595288377895486e-07 4.943306066707009450e-07 9.705845513963140547e-07 1.840689378695969936e-07 2.778590726393304067e-07 1.162718490377301350e-05 8.335487109434325248e-06 8.297291969938669354e-06 7.257092988766089547e-07 5.759685564044048078e-07 1.227159373229369521e-06 3.381669273494480876e-07 2.524595288377895486e-07 4.943306066707009450e-07 9.705845513963140547e-07 1.840689378695969936e-07 2.778590726393304067e-07
2.240000000000000000e+03 1.259314103663200513e-05 1.467606671212706715e-05 8.350140888069290668e-06 8.802554702924680896e-07 5.676998284798173700e-07 1.219648538608453237e-06 3.368307659457059344e-07 2.505050531453889562e-07 4.903573653791681863e-07 9.677488606030237861e-07 1.826221023293328471e-07 2.777174472612387035e-07 1.153586435975739732e-05 8.200659976864699274e-06 8.231937499658670276e-06 7.199931815193849616e-07 5.676998284798173700e-07 1.219648538608453237e-06 3.368307659457059344e-07 2.505050531453889562e-07 4.903573653791681863e-07 9.677488606030237861e-07 1.826221023293328471e-07 2.777174472612387035e-07
2.250000000000000000e+03 1.248719399882247671e-05 1.448703187634237111e-05 8.287029231723863631e-06 8.735100891499314457e-07 5.593183800556289498e-07 1.212145775753015187e-06 3.356862805503624259e-07 2.487109611593041336e-07 4.864538709625776391e-07 9.645285672377212904e-07 1.814707104585977504e-07 2.773204244022053899e-07 1.144465932156890631e-05 8.068490387813653797e-06 8.167816304194275290e-06 7.143480615923181176e-07 5.593183800556289498e-07 1.212145775753015187e-06 3.356862805503624259e-07 2.487109611593041336e-07 4.864538709625776391e-07 9.645285672377212904e-07 1.814707104585977504e-07 2.773204244022053899e-07
2.260000000000000000e+03 1.238185632246313617e-05 1.430172687832964584e-05 8.224594239436555654e-06 8.668395707900344860e-07 5.512665097739954945e-07 1.204350269290443975e-06 3.345381855979212560e-07 2.471967661676899297e-07 4.826731583307264373e-07 9.610265578885446303e-07 1.803234397357300622e-07 2.767220337318576640e-07 1.135375714511610568e-05 7.939039278426207602e-06 8.104463631752878428e-06 7.087659241733490489e-07 5.512665097739954945e-07 1.204350269290443975e-06 3.345381855979212560e-07 2.471967661676899297e-07 4.826731583307264373e-07 9.610265578885446303e-07 1.803234397357300622e-07 2.767220337318576640e-07
2.270000000000000000e+03 1.227721440955065191e-05 1.412021993019152433e-05 8.162829544744454324e-06 8.602473826613277197e-07 5.434047807284514420e-07 1.196569769490452018e-06 3.334606049065769184e-07 2.460078292187972693e-07 4.788415708389948122e-07 9.572664794177399017e-07 1.790704260429265560e-07 2.759153403530945070e-07 1.126260849559912458e-05 7.812309377186466008e-06 8.041751243581529707e-06 7.032575695120613091e-07 5.434047807284514420e-07 1.196569769490452018e-06 3.334606049065769184e-07 2.460078292187972693e-07 4.788415708389948122e-07 9.572664794177399017e-07 1.790704260429265560e-07 2.759153403530945070e-07
2.280000000000000000e+03 1.217302724398905411e-05 1.394212176819564775e-05 8.101763341983314604e-06 8.537373901162936818e-07 5.359358397072355729e-07 1.188864303003356326e-06 3.324201713894581189e-07 2.450364036121754907e-07 4.750153266286361031e-07 9.532803346701257396e-07 1.778156502041383646e-07 2.749540044533205219e-07 1.117151441576424986e-05 7.688192454224918038e-06 7.979790098033845425e-06 6.978202122809307184e-07 5.359358397072355729e-07 1.188864303003356326e-06 3.324201713894581189e-07 2.450364036121754907e-07 4.750153266286361031e-07 9.532803346701257396e-07 1.778156502041383646e-07 2.749540044533205219e-07
2.290000000000000000e+03 1.206938850373262540e-05 1.376739783154334873e-05 8.041334695008117706e-06 8.473091384075814858e-07 5.291369120641320478e-07 1.180992171612160746e-06 3.313673175853182329e-07 2.443116500217001885e-07 4.711280325864208862e-07 9.491450327914208174e-07 1.762842458674640511e-07 2.737765214533283142e-07 1.108000287786126137e-05 7.566586191387614235e-06 7.918423762021120638e-06 6.924513513695274014e-07 5.291369120641320478e-07 1.180992171612160746e-06 3.313673175853182329e-07 2.443116500217001885e-07 4.711280325864208862e-07 9.491450327914208174e-07 1.762842458674640511e-07 2.737765214533283142e-07
2.300000000000000000e+03 1.196630364574957639e-05 1.359595444228034467e-05 7.981574526638723910e-06 8.409625706917722709e-07 5.223554921940376516e-07 1.173403688881080598e-06 3.303527762454905314e-07 2.437658963572175708e-07 4.672625095736293588e-07 9.448565947423048783e-07 1.746972060345797217e-07 2.724890748595498735e-07 1.098847042158013210e-05 7.447349162248428911e-06 7.857735909055918455e-06 6.871511573081079405e-07 5.223554921940376516e-07 1.173403688881080598e-06 3.303527762454905314e-07 2.437658963572175708e-07 4.672625095736293588e-07 9.448565947423048783e-07 1.746972060345797217e-07 2.724890748595498735e-07
2.310000000000000000e+03 1.186383451567962766e-05 1.342773884971393272e-05 7.922461918496992439e-06 8.346978006557037588e-07 5.157990585757943336e-07 1.165513253909011837e-06 3.293122574632434407e-07 2.433733641282742610e-07 4.633550645394279854e-07 9.404665206602658145e-07 1.732668266640757793e-07 2.710551711970765609e-07 1.089752458938164636e-05 7.330561402341118082e-06 7.797636499162763357e-06 6.819232112320605665e-07 5.157990585757943336e-07 1.165513253909011837e-06 3.293122574632434407e-07 2.433733641282742610e-07 4.633550645394279854e-07 9.404665206602658145e-07 1.732668266640757793e-07 2.710551711970765609e-07
2.320000000000000000e+03 1.176191562990425155e-05 1.326250912825344130e-05 7.864030521886888891e-06 8.285143735520250630e-07 5.094088919577188790e-07 1.157809379037644248e-06 3.283143996668513864e-07 2.431236509892187314e-07 4.594647577960131457e-07 9.359631576444371603e-07 1.717634177111904137e-07 2.695006173780711833e-07 1.080666334019042552e-05 7.216052836156450212e-06 7.738243766652885824e-06 6.767620561731746420e-07 5.094088919577188790e-07 1.157809379037644248e-06 3.283143996668513864e-07 2.431236509892187314e-07 4.594647577960131457e-07 9.359631576444371603e-07 1.717634177111904137e-07 2.695006173780711833e-07
2.330000000000000000e+03 1.166069341707043350e-05 1.310026254941476509e-05 7.806310350133571774e-06 8.224113230426155496e-07 5.030175316278473474e-07 1.149904960584535729e-06 3.272536730491992785e-07 2.429516143820364960e-07 4.555917314519319916e-07 9.313832833868218586e-07 1.703966034938275698e-07 2.679391286619647872e-07 1.071645601768977940e-05 7.103791631379863247e-06 7.679499503865372390e-06 6.716694542774348520e-07 5.030175316278473474e-07 1.149904960584535729e-06 3.272536730491992785e-07 2.429516143820364960e-07 4.555917314519319916e-07 9.313832833868218586e-07 1.703966034938275698e-07 2.679391286619647872e-07
2.340000000000000000e+03 1.156008329417090863e-05 1.294090361625421792e-05 7.749248652544338256e-06 8.163902407432033215e-07 4.967345716977433767e-07 1.141810912486107554e-06 3.262405243731336668e-07 2.428780589980306104e-07 4.516912781582504977e-07 9.267237146559637040e-07 1.691492030886365683e-07 2.662650047113856999e-07 1.062668798113008961e-05 6.993746410444146022e-06 7.621353233844274655e-06 6.666467129434749950e-07 4.967345716977433767e-07 1.141810912486107554e-06 3.262405243731336668e-07 2.428780589980306104e-07 4.516912781582504977e-07 9.267237146559637040e-07 1.691492030886365683e-07 2.662650047113856999e-07
2.350000000000000000e+03 1.146018530562287197e-05 1.278421768802218139e-05 7.692851795582100749e-06 8.104489097604528069e-07 4.903808985545765609e-07 1.133986188506241888e-06 3.251779787660780130e-07 2.428676282306696521e-07 4.477961397242324892e-07 9.220011065735889133e-07 1.678936882854031865e-07 2.645440702053747373e-07 1.053751293511595577e-05 6.885673428769223392e-06 7.563846793345874175e-06 6.616903078793257009e-07 4.903808985545765609e-07 1.133986188506241888e-06 3.251779787660780130e-07 2.428676282306696521e-07 4.477961397242324892e-07 9.220011065735889133e-07 1.678936882854031865e-07 2.645440702053747373e-07
2.360000000000000000e+03 1.136098126153228804e-05 1.263024932995904237e-05 7.637031558260787278e-06 8.045855679483793210e-07 4.842963221562968101e-07 1.125841095017676707e-06 3.241364083805819973e-07 2.429790981750556966e-07 4.438809355633566156e-07 9.172096611109736841e-07 1.667273465955076972e-07 2.626691184559604153e-07 1.044879991241032258e-05 6.779753221053397283e-06 7.506857855332782492e-06 6.568041612808883656e-07 4.842963221562968101e-07 1.125841095017676707e-06 3.241364083805819973e-07 2.429790981750556966e-07 4.438809355633566156e-07 9.172096611109736841e-07 1.667273465955076972e-07 2.626691184559604153e-07
2.370000000000000000e+03 1.126233655668329448e-05 1.247884756594430655e-05 7.581907539133680984e-06 7.988014658621978015e-07 4.781963411915057804e-07 1.117731017075129785e-06 3.230906315820902819e-07 2.430748793358361581e-07 4.399977058255899465e-07 9.123558584178681485e-07 1.656817261164178490e-07 2.608956890526314965e-07 1.036078992910915986e-05 6.675739768979838118e-06 7.450576049450319260e-06 6.519835551443975419e-07 4.781963411915057804e-07 1.117731017075129785e-06 3.230906315820902819e-07 2.430748793358361581e-07 4.399977058255899465e-07 9.123558584178681485e-07 1.656817261164178490e-07 2.608956890526314965e-07
2.380000000000000000e+03 1.116450039262417704e-05 1.232991235156077892e-05 7.527331035817041993e-06 7.930915444376296364e-07 4.724934967725857859e-07 1.109726554204826243e-06 3.220209805476770271e-07 2.433396275591803715e-07 4.361234005045844242e-07 9.074600484382244758e-07 1.644911407083782251e-07 2.590020926618308295e-07 1.027254620566964149e-05 6.573692644451512024e-06 7.394764907076023519e-06 6.472278073488269001e-07 4.724934967725857859e-07 1.109726554204826243e-06 3.220209805476770271e-07 2.433396275591803715e-07 4.361234005045844242e-07 9.074600484382244758e-07 1.644911407083782251e-07 2.590020926618308295e-07
2.390000000000000000e+03 1.106730178435100242e-05 1.218346005771309137e-05 7.473409823433030397e-06 7.874585321587801445e-07 4.665494088840205222e-07 1.101824068427958991e-06 3.209514432001014939e-07 2.435833721392555162e-07 4.322185986893600784e-07 9.025085319080972113e-07 1.636291244722087868e-07 2.571206039192475146e-07 1.018571219901787117e-05 6.473508619819767773e-06 7.339548574236687273e-06 6.425401011256326456e-07 4.665494088840205222e-07 1.101824068427958991e-06 3.209514432001014939e-07 2.435833721392555162e-07 4.322185986893600784e-07 9.025085319080972113e-07 1.636291244722087868e-07 2.571206039192475146e-07
2.400000000000000000e+03 1.097082804335514084e-05 1.203930605697678402e-05 7.420081601594574749e-06 7.818999279152194504e-07 4.609612176409427775e-07 1.093440801014367025e-06 3.198854301444953308e-07 2.438636954593675910e-07 4.283785983716370538e-07 8.974988645604753401e-07 1.625796812732005492e-07 2.551902582581533352e-07 1.009895549941575155e-05 6.375126758939586580e-06 7.284899766091257334e-06 6.379144679158343934e-07 4.609612176409427775e-07 1.093440801014367025e-06 3.198854301444953308e-07 2.438636954593675910e-07 4.283785983716370538e-07 8.974988645604753401e-07 1.625796812732005492e-07 2.551902582581533352e-07
2.410000000000000000e+03 1.087499094865052029e-05 1.189755312225315720e-05 7.367364560195710510e-06 7.764148790556646418e-07 4.551895642634917749e-07 1.085696567315608263e-06 3.188009145560499746e-07 2.442145898839953588e-07 4.244949423082289286e-07 8.924573648982914165e-07 1.617657687802420696e-07 2.531638756408938207e-07 1.001304826786508784e-05 6.278689852479146793e-06 7.230817573145031929e-06 6.333540909508883487e-07 4.551895642634917749e-07 1.085696567315608263e-06 3.188009145560499746e-07 2.442145898839953588e-07 4.244949423082289286e-07 8.924573648982914165e-07 1.617657687802420696e-07 2.531638756408938207e-07
2.420000000000000000e+03 1.077982142305700108e-05 1.175806573883164674e-05 7.315159564313944429e-06 7.710010549999424256e-07 4.497967438510386273e-07 1.077431420526409056e-06 3.177250107455620309e-07 2.446254256938118488e-07 4.205927837119816104e-07 8.873896035765937995e-07 1.608719628620747244e-07 2.511069965294154827e-07 9.927316568791866302e-06 6.183931418490828946e-06 7.177219231380149722e-06 6.288540248533536214e-07 4.497967438510386273e-07 1.077431420526409056e-06 3.177250107455620309e-07 2.446254256938118488e-07 4.205927837119816104e-07 8.873896035765937995e-07 1.608719628620747244e-07 2.511069965294154827e-07
2.430000000000000000e+03 1.068545589077984914e-05 1.162078388006193563e-05 7.263615316333016381e-06 7.656587968085659668e-07 4.442425165507302154e-07 1.069384211405122187e-06 3.166399551446374971e-07 2.449478699872997822e-07 4.167649194641853683e-07 8.822816539577615913e-07 1.601822106067629647e-07 2.491615020971948979e-07 9.842633517109788954e-06 6.090822807891527191e-06 7.124238436517771333e-06 6.244152928047697060e-07 4.442425165507302154e-07 1.069384211405122187e-06 3.166399551446374971e-07 2.449478699872997822e-07 4.167649194641853683e-07 8.822816539577615913e-07 1.601822106067629647e-07 2.491615020971948979e-07
2.440000000000000000e+03 1.059169153450056911e-05 1.148561659647384658e-05 7.212611762952292338e-06 7.603858307447808329e-07 4.390494723338633776e-07 1.061192619999928866e-06 3.155456056447292212e-07 2.454216314617951866e-07 4.129136073061090428e-07 8.771205557422945276e-07 1.593949292555407737e-07 2.470867457304848358e-07 9.758078704180661589e-06 5.999446329951751977e-06 7.071749678289052099e-06 6.200405664458230603e-07 4.390494723338633776e-07 1.061192619999928866e-06 3.155456056447292212e-07 2.454216314617951866e-07 4.129136073061090428e-07 8.771205557422945276e-07 1.593949292555407737e-07 2.470867457304848358e-07
2.450000000000000000e+03 1.049877391778863966e-05 1.135256479756208137e-05 7.162180281738983467e-06 7.551823841822624672e-07 4.338517953783593839e-07 1.053256028171745129e-06 3.144619142858573468e-07 2.458453991494025104e-07 4.090802292466833023e-07 8.719417792235617526e-07 1.587706748296113801e-07 2.450246370244713034e-07 9.674477041698992252e-06 5.909704668738413602e-06 7.019789336482062936e-06 6.157239909043710213e-07 4.338517953783593839e-07 1.053256028171745129e-06 3.144619142858573468e-07 2.458453991494025104e-07 4.090802292466833023e-07 8.719417792235617526e-07 1.587706748296113801e-07 2.450246370244713034e-07
2.460000000000000000e+03 1.040645383909577504e-05 1.122152752941474319e-05 7.112272214726544917e-06 7.500458991671621334e-07 4.286531805064441869e-07 1.045269073074450716e-06 3.133687300760357175e-07 2.462804786773631349e-07 4.052666042753116926e-07 8.667325346323195845e-07 1.581362027991417563e-07 2.429564460726396646e-07 9.591359230398666114e-06 5.821606009703828022e-06 6.968310117372311652e-06 6.114685788816132117e-07 4.286531805064441869e-07 1.045269073074450716e-06 3.133687300760357175e-07 2.462804786773631349e-07 4.052666042753116926e-07 8.667325346323195845e-07 1.581362027991417563e-07 2.429564460726396646e-07
2.470000000000000000e+03 1.031503870763117447e-05 1.109250479203183204e-05 7.062976692395750433e-06 7.449775125678570475e-07 4.232881281041045440e-07 1.037128072312043514e-06 3.122804344002361177e-07 2.466723856286989758e-07 4.014646890482254094e-07 8.614977105025900528e-07 1.577265322794119129e-07 2.408907562312379014e-07 9.509468327451031655e-06 5.735064860346028581e-06 6.917436621733941138e-06 6.072706355553236790e-07 4.232881281041045440e-07 1.037128072312043514e-06 3.122804344002361177e-07 2.466723856286989758e-07 4.014646890482254094e-07 8.614977105025900528e-07 1.577265322794119129e-07 2.408907562312379014e-07
2.480000000000000000e+03 1.022874857881106436e-05 1.096646155929192901e-05 7.015222308837110177e-06 7.399858645840140525e-07 4.130977231397992000e-07 1.028785959533706773e-06 3.113260902409820119e-07 2.457323944327072240e-07 3.976897744450980099e-07 8.561503364035161212e-07 1.596499856759692193e-07 2.393844056314264890e-07 9.442139344173483551e-06 5.650887487718136981e-06 6.867844604130368680e-06 6.031481802892812993e-07 4.130977231397992000e-07 1.028785959533706773e-06 3.113260902409820119e-07 2.457323944327072240e-07 3.976897744450980099e-07 8.561503364035161212e-07 1.596499856759692193e-07 2.393844056314264890e-07
2.490000000000000000e+03 1.107257867261068895e-05 1.086339671019231901e-05 6.996257980063091964e-06 7.353024216172343586e-07 4.991692890143895056e-07 1.015729026221379172e-06 3.131898722585901851e-07 2.189513850225921487e-07 3.941673583085503196e-07 8.492874599141941871e-07 3.058713389236800140e-07 2.527081619518867228e-07 1.051846538757672533e-05 5.585371582128573209e-06 6.843567007308593020e-06 5.994493790240085218e-07 4.991692890143895056e-07 1.015729026221379172e-06 3.131898722585901851e-07 2.189513850225921487e-07 3.941673583085503196e-07 8.492874599141941871e-07 3.058713389236800140e-07 2.527081619518867228e-07
2.500000000000000000e+03 6.899983272887766361e-04 1.222743503603851423e-05 1.341584356850944459e-05 7.384886657746392302e-07 1.606222504051402211e-04 4.260244622855680063e-06 4.127674912979273358e-07 1.105931346501165535e-06 4.418148193963133963e-07 8.007099268070305698e-07 8.074966899584978819e-05 2.032563998000114225e-06 7.036716560833156109e-04 6.877097803226206452e-06 1.313674329139757901e-05 6.069060418667504564e-07 1.606222504051402211e-04 4.260244622855680063e-06 4.127674912979273358e-07 1.105931346501165535e-06 4.418148193963133963e-07 8.007099268070305698e-07 8.074966899584978819e-05 2.032563998000114225e-06
2.510000000000000000e+03 3.728128504008054733e-03 1.457877988286782056e-05 3.706667121150530875e-05 7.117380391719052568e-07 8.877558866515755653e-04 2.329667950107250363e-05 3.087937443524424452e-07 1.104026887333020568e-05 6.056274060028954409e-07 9.700210057417280041e-07 4.255286476109176874e-04 6.972858045628527179e-06 3.759314538910984993e-03 9.607537322153802961e-06 3.709386510308831930e-05 5.550262471842870582e-07 8.877558866515755653e-04 2.329667950107250363e-05 3.087937443524424452e-07 1.104026887333020568e-05 6.056274060028954409e-07 9.700210057417280041e-07 4.255286476109176874e-04 6.972858045628527179e-06
2.520000000000000000e+03 2.315300662303343415e-04 1.076125590770971030e-05 8.632277058495674282e-06 7.145673066588642541e-07 5.176557533559389412e-05 2.197488129240809940e-06 2.758187065410311334e-07 1.829475991144136060e-06 4.806017841474385932e-07 1.008393041956878733e-06 2.352191768295597285e-05 4.615870352608908433e-07 2.303881337866187096e-04 5.307814262778265402e-06 8.508043720212299377e-06 5.646809313475387171e-07 5.176557533559389412e-05 2.197488129240809940e-06 2.758187065410311334e-07 1.829475991144136060e-06 4.806017841474385932e-07 1.008393041956878733e-06 2.352191768295597285e-05 4.615870352608908433e-07
2.530000000000000000e+03 4.086272092536091805e-04 1.205575881613185629e-05 1.127071936934953555e-05 7.273094411175407004e-07 9.595328447176143527e-05 3.211520152035518549e-06 3.780498332162096631e-07 6.409086381609085947e-07 4.271863645044504665e-07 9.105015692512097303e-07 4.777332287630997598e-05 1.251165031135315076e-06 4.169575404375791550e-04 6.272272457863437012e-06 1.110051198338624090e-05 5.817204851155111101e-07 9.595328447176143527e-05 3.211520152035518549e-06 3.780498332162096631e-07 6.409086381609085947e-07 4.271863645044504665e-07 9.105015692512097303e-07 4.777332287630997598e-05 1.251165031135315076e-06
2.540000000000000000e+03 1.416754384990781546e-04 1.090441492124227807e-05 7.739985449006780982e-06 7.122884539967344608e-07 3.328240563860163093e-05 1.853958906394836958e-06 2.890468522309674881e-07 9.955869018085650168e-07 3.880469137129693991e-07 9.205633091369236354e-07 1.498672281741164625e-05 3.102808818766789045e-07 1.400223263772204518e-04 5.422904905572067946e-06 7.625949365319684148e-06 5.624202685794443823e-07 3.328240563860163093e-05 1.853958906394836958e-06 2.890468522309674881e-07 9.955869018085650168e-07 3.880469137129693991e-07 9.205633091369236354e-07 1.498672281741164625e-05 3.102808818766789045e-07
2.550000000000000000e+03 2.607506939966697246e-05 1.098727170756319538e-05 7.047233339108061045e-06 7.124297667360224295e-07 3.777491656364873052e-06 1.125794710787886288e-06 3.449983694281399949e-07 2.804163727887498681e-07 3.601286380217061378e-07 8.241990485657879617e-07 2.128695768988109194e-06 2.353925481202168157e-07 2.635486453073099256e-05 5.472877546708332375e-06 6.894049420225201175e-06 5.744410032093583141e-07 3.777491656364873052e-06 1.125794710787886288e-06 3.449983694281399949e-07 2.804163727887498681e-07 3.601286380217061378e-07 8.241990485657879617e-07 2.128695768988109194e-06 2.353925481202168157e-07
2.560000000000000000e+03 9.716723980091046542e-06 1.072956274583702907e-05 6.730504992447094992e-06 7.073475671859341674e-07 3.823026020199904451e-07 1.046473357746435795e-06 3.348042980633181287e-07 4.211416353427921422e-07 3.473221852345886873e-07 8.156302442330343183e-07 2.120407458505724207e-07 1.686843091874834499e-07 9.002345905173569918e-06 5.340073130355449393e-06 6.579656655958388001e-06 5.700445626644068398e-07 3.823026020199904451e-07 1.046473357746435795e-06 3.348042980633181287e-07 4.211416353427921422e-07 3.473221852345886873e-07 8.156302442330343183e-07 2.120407458505724207e-07 1.686843091874834499e-07
2.570000000000000000e+03 1.323856668022926897e-05 1.053384403348900378e-05 6.662240593868773431e-06 7.031396194179251324e-07 1.619402610231190920e-06 1.057296003637020476e-06 3.109257136202359106e-07 5.301240548760688398e-07 3.490653739390836563e-07 8.285203421110054478e-07 6.642937364631507080e-07 1.579410309204831719e-07 1.204379896080354229e-05 5.237067853158805519e-06 6.513300377264386043e-06 5.660908186655433383e-07 1.619402610231190920e-06 1.057296003637020476e-06 3.109257136202359106e-07 5.301240548760688398e-07 3.490653739390836563e-07 8.285203421110054478e-07 6.642937364631507080e-07 1.579410309204831719e-07
2.580000000000000000e+03 1.170927862403914332e-05 1.047093701345147565e-05 6.721651061525335535e-06 7.005701263551600277e-07 7.055911623865540605e-07 9.962030844690161757e-07 3.111399280442128656e-07 3.359637048561125994e-07 3.531289678448956693e-07 8.323384577124670614e-07 4.137554583394376095e-07 1.955831550048969802e-07 1.129858355852775276e-05 5.204011813475517556e-06 6.561031113960780203e-06 5.641389861921197735e-07 7.055911623865540605e-07 9.962030844690161757e-07 3.111399280442128656e-07 3.359637048561125994e-07 3.531289678448956693e-07 8.323384577124670614e-07 4.137554583394376095e-07 1.955831550048969802e-07
2.590000000000000000e+03 9.300230885855853558e-06 1.028494170896010473e-05 6.622568889724789187e-06 6.961911367397988215e-07 4.169800433828640962e-07 9.769049711394472979e-07 3.019580105956265470e-07 3.818283005330158630e-07 3.581063765523140319e-07 8.402911362281884067e-07 1.835690710549897631e-07 1.750785685317168827e-07 8.489869287586770952e-06 5.076856268715346232e-06 6.462562851083930582e-06 5.599237624664965551e-07 4.169800433828640962e-07 9.769049711394472979e-07 3.019580105956265470e-07 3.818283005330158630e-07 3.581063765523140319e-07 8.402911362281884067e-07 1.835690710549897631e-07 1.750785685317168827e-07
2.600000000000000000e+03 9.325079190602991730e-06 1.014704139379318804e-05 6.579143700946588069e-06 6.921231374690250959e-07 4.543001637102861423e-07 9.679694130682037212e-07 2.961996869998984039e-07 3.760233937555312878e-07 3.591125334878597641e-07 8.418170978075067978e-07 1.987998388131018146e-07 1.756327066004814696e-07 8.493339009874034673e-06 4.987619377061491832e-06 6.415513325919164345e-06 5.567889616031607147e-07 4.543001637102861423e-07 9.679694130682037212e-07 2.961996869998984039e-07 3.760233937555312878e-07 3.591125334878597641e-07 8.418170978075067978e-07 1.987998388131018146e-07 1.756327066004814696e-07
2.610000000000000000e+03 9.253884854842908680e-06 1.003842226054985076e-05 6.555240361194591969e-06 6.883028618176467717e-07 3.389689879895740887e-07 9.563181038174661808e-07 2.954418505396461114e-07 3.365275063060835237e-07 3.570769422367447987e-07 8.386874696952872910e-07 1.755987568685668521e-07 1.851393278684554389e-07 8.583243470638990402e-06 4.921654181089252234e-06 6.385176675394177437e-06 5.541247674045735039e-07 3.389689879895740887e-07 9.563181038174661808e-07 2.954418505396461114e-07 3.365275063060835237e-07 3.570769422367447987e-07 8.386874696952872910e-07 1.755987568685668521e-07 1.851393278684554389e-07
2.620000000000000000e+03 9.099029739445541054e-06 9.916127055475953966e-06 6.504195880552288145e-06 6.842672632956237067e-07 3.435538360463397112e-07 9.536477705296420027e-07 2.927855291545711225e-07 3.342517800319910748e-07 3.543274544881569454e-07 8.362333687728096265e-07 1.696910914006366511e-07 1.839712666651394102e-07 8.395481017942074686e-06 4.845103831030428410e-06 6.330483302008360624e-06 5.512616212399734650e-07 3.435538360463397112e-07 9.536477705296420027e-07 2.927855291545711225e-07 3.342517800319910748e-07 3.543274544881569454e-07 8.362333687728096265e-07 1.696910914006366511e-07 1.839712666651394102e-07
2.630000000000000000e+03 9.015727300720755011e-06 9.798525752557907254e-06 6.455754373746458441e-06 6.802254688409448136e-07 3.651129532045160886e-07 9.512315273241256364e-07 2.909703198383795097e-07 3.335002816129417624e-07 3.507144015202356968e-07 8.326265401592536364e-07 1.725837677213348798e-07 1.820630899374009459e-07 8.280829206341877580e-06 4.771826297655934468e-06 6.278781256696674973e-06 5.483702807396184653e-07 3.651129532045160886e-07 9.512315273241256364e-07 2.909703198383795097e-07 3.335002816129417624e-07 3.507144015202356968e-07 8.326265401592536364e-07 1.725837677213348798e-07 1.820630899374009459e-07
2.640000000000000000e+03 8.950012670538853854e-06 9.689415492175612599e-06 6.415396910597337410e-06 6.762338102817011531e-07 3.491586539894342422e-07 9.449419735574338119e-07 2.897958779612963554e-07 3.251864768571977038e-07 3.474329162145295413e-07 8.282231078737822827e-07 1.689429183215906960e-07 1.834678329259986640e-07 8.239498129114508629e-06 4.704853381554130465e-06 6.234783995751058683e-06 5.455139557852817234e-07 3.491586539894342422e-07 9.449419735574338119e-07 2.897958779612963554e-07 3.251864768571977038e-07 3.474329162145295413e-07 8.282231078737822827e-07 1.689429183215906960e-07 1.834678329259986640e-07
2.650000000000000000e+03 8.892672667570877820e-06 9.582331585988868028e-06 6.375984412443358451e-06 6.722601710862363689e-07 3.376764254880981753e-07 9.379386369801068213e-07 2.888376968712691450e-07 3.178639360612578457e-07 3.445590266437648097e-07 8.235547852564195637e-07 1.667250870696079801e-07 1.846720039111460210e-07 8.203743163903709501e-06 4.638880000129574910e-06 6.192072760313749313e-06 5.426053348855930381e-07 3.376764254880981753e-07 9.379386369801068213e-07 2.888376968712691450e-07 3.178639360612578457e-07 3.445590266437648097e-07 8.235547852564195637e-07 1.667250870696079801e-07 1.846720039111460210e-07
2.660000000000000000e+03 8.825601071293931454e-06 9.475885235588066280e-06 6.335628313536290079e-06 6.683073365820746403e-07 3.353636088831990492e-07 9.315911597695958335e-07 2.878771852010686416e-07 3.133585551040596329e-07 3.418695087020751089e-07 8.186286777345230803e-07 1.660843480522089521e-07 1.845048132054216694e-07 8.142531441990286112e-06 4.572797934088157490e-06 6.148889497126219794e-06 5.396493634179932997e-07 3.353636088831990492e-07 9.315911597695958335e-07 2.878771852010686416e-07 3.133585551040596329e-07 3.418695087020751089e-07 8.186286777345230803e-07 1.660843480522089521e-07 1.845048132054216694e-07
2.670000000000000000e+03 8.756886018090881407e-06 9.371306077810004354e-06 6.295203547779237852e-06 6.643869028266635723e-07 3.348985160300799180e-07 9.253118378182989545e-07 2.868506214781518793e-07 3.099683851814916125e-07 3.393080021396599477e-07 8.134597919706720859e-07 1.659079629234838649e-07 1.840661525420728140e-07 8.076799531409051269e-06 4.508038273343117908e-06 6.105893135099904612e-06 5.366854338717530482e-07 3.348985160300799180e-07 9.253118378182989545e-07 2.868506214781518793e-07 3.099683851814916125e-07 3.393080021396599477e-07 8.134597919706720859e-07 1.659079629234838649e-07 1.840661525420728140e-07
2.680000000000000000e+03 8.690321919857524335e-06 9.269133443012833595e-06 6.255563675949815661e-06 6.605080784538586158e-07 3.328695754589716671e-07 9.189488423544389661e-07 2.860027734641334973e-07 3.065473777041916037e-07 3.367154022271279246e-07 8.079601911958889104e-07 1.656149635209658300e-07 1.835740022215759382e-07 8.015889761736616492e-06 4.444945261639077216e-06 6.063705768610816449e-06 5.337331572263792623e-07 3.328695754589716671e-07 9.189488423544389661e-07 2.860027734641334973e-07 3.065473777041916037e-07 3.367154022271279246e-07 8.079601911958889104e-07 1.656149635209658300e-07 1.835740022215759382e-07
2.690000000000000000e+03 8.624851034255698323e-06 9.169210898107849061e-06 6.216421297722263262e-06 6.566687034137430601e-07 3.299977890947047854e-07 9.123650102083047386e-07 2.851811302662099479e-07 3.033285054243606282e-07 3.340985017530329060e-07 8.022972792787186336e-07 1.652098262638901360e-07 1.830422888815519400e-07 7.957756679388694465e-06 4.383487066661473364e-06 6.022145043971249834e-06 5.307969672685430851e-07 3.299977890947047854e-07 9.123650102083047386e-07 2.851811302662099479e-07 3.033285054243606282e-07 3.340985017530329060e-07 8.022972792787186336e-07 1.652098262638901360e-07 1.830422888815519400e-07
2.700000000000000000e+03 8.559421075915452093e-06 9.071359272638801485e-06 6.177690920594613999e-06 6.528693461405055132e-07 3.268542911882832414e-07 9.061876085070252884e-07 2.844043081040581455e-07 3.004391828653751872e-07 3.314118259822862456e-07 7.965338113535835873e-07 1.648334801984674414e-07 1.824310515985416714e-07 7.899810952949337661e-06 4.323394477978581563e-06 5.981035428703762591e-06 5.278771482153388206e-07 3.268542911882832414e-07 9.061876085070252884e-07 2.844043081040581455e-07 3.004391828653751872e-07 3.314118259822862456e-07 7.965338113535835873e-07 1.648334801984674414e-07 1.824310515985416714e-07
2.710000000000000000e+03 8.494002031511627138e-06 8.975425771495793015e-06 6.139250217529479414e-06 6.491092676697007846e-07 3.240561170514411060e-07 8.993542337520921137e-07 2.836240184933558339e-07 2.979071496156393550e-07 3.286563128312991466e-07 7.907315762167854700e-07 1.645544926986985956e-07 1.816808463672714424e-07 7.841370461392216384e-06 4.264557901478838176e-06 5.940339633525582030e-06 5.249723358247138094e-07 3.240561170514411060e-07 8.993542337520921137e-07 2.836240184933558339e-07 2.979071496156393550e-07 3.286563128312991466e-07 7.907315762167854700e-07 1.645544926986985956e-07 1.816808463672714424e-07
2.720000000000000000e+03 8.428457476838957518e-06 8.881157555151730776e-06 6.101146936998702586e-06 6.453882406276534311e-07 3.214683772512216819e-07 8.926331247494090348e-07 2.828382719144428847e-07 2.956776654627901735e-07 3.258555238971894141e-07 7.849039889151754323e-07 1.643668241513296380e-07 1.808755882848345209e-07 7.782523425703402609e-06 4.206979610898997635e-06 5.900013093196321279e-06 5.220852585807733703e-07 3.214683772512216819e-07 8.926331247494090348e-07 2.828382719144428847e-07 2.956776654627901735e-07 3.258555238971894141e-07 7.849039889151754323e-07 1.643668241513296380e-07 1.808755882848345209e-07
2.730000000000000000e+03 8.362967491848394275e-06 8.788494596956297755e-06 6.063349701435072348e-06 6.417046165552164894e-07 3.188794721609156113e-07 8.860291131895792205e-07 2.820481483922776533e-07 2.937285898951813579e-07 3.230694289868552005e-07 7.790569043208961375e-07 1.642475098151408019e-07 1.799379987232896383e-07 7.723477210674900562e-06 4.150541371927829459e-06 5.860122200829209760e-06 5.192154617361666169e-07 3.188794721609156113e-07 8.860291131895792205e-07 2.820481483922776533e-07 2.937285898951813579e-07 3.230694289868552005e-07 7.790569043208961375e-07 1.642475098151408019e-07 1.799379987232896383e-07
2.740000000000000000e+03 8.297689419123344123e-06 8.697450539330020547e-06 6.025843504176009446e-06 6.380598165378614794e-07 3.164796851251594489e-07 8.791313348410767503e-07 2.812405739405221539e-07 2.920330075539823156e-07 3.202398488610924687e-07 7.732095923529413994e-07 1.641878384361916687e-07 1.789484969094701228e-07 7.664452823519241065e-06 4.095252734259702265e-06 5.820550541102420539e-06 5.163660716789308935e-07 3.164796851251594489e-07 8.791313348410767503e-07 2.812405739405221539e-07 2.920330075539823156e-07 3.202398488610924687e-07 7.732095923529413994e-07 1.641878384361916687e-07 1.789484969094701228e-07
2.750000000000000000e+03 8.232678737840615213e-06 8.608002644905354828e-06 5.988698831060901284e-06 6.344534426716563758e-07 3.137090800464648055e-07 8.725269253773149103e-07 2.804504504183569225e-07 2.904018003846431384e-07 3.174122866766992956e-07 7.673505137972824741e-07 1.641168552168892347e-07 1.779238800736493431e-07 7.606020517414435744e-06 4.041001830046297982e-06 5.781388608738780022e-06 5.135378842169302516e-07 3.137090800464648055e-07 8.725269253773149103e-07 2.804504504183569225e-07 2.904018003846431384e-07 3.174122866766992956e-07 7.673505137972824741e-07 1.641168552168892347e-07 1.779238800736493431e-07
2.760000000000000000e+03 8.167451596818864346e-06 8.519955372321419418e-06 5.951821094640763476e-06 6.308840170277107973e-07 3.116331015462492360e-07 8.658926162752322853e-07 2.796418527850619284e-07 2.890464543270354625e-07 3.145608786780940136e-07 7.614929700139327906e-07 1.641819835640490055e-07 1.768128612411601353e-07 7.546731467300560325e-06 3.987820946349529549e-06 5.742524081142619252e-06 5.107307856633269694e-07 3.116331015462492360e-07 8.658926162752322853e-07 2.796418527850619284e-07 2.890464543270354625e-07 3.145608786780940136e-07 7.614929700139327906e-07 1.641819835640490055e-07 1.768128612411601353e-07
2.770000000000000000e+03 8.102771062112879008e-06 8.433280527242459357e-06 5.915288056712597609e-06 6.273508574849984143e-07 3.091946894073771546e-07 8.590470201852440368e-07 2.788186463931197068e-07 2.877523854749597376e-07 3.117004325758898631e-07 7.556561740784673020e-07 1.642442413185563055e-07 1.756931879981493694e-07 7.487975381081923842e-06 3.935635049856500700e-06 5.704039267584448680e-06 5.079447191747021861e-07 3.091946894073771546e-07 8.590470201852440368e-07 2.788186463931197068e-07 2.877523854749597376e-07 3.117004325758898631e-07 7.556561740784673020e-07 1.642442413185563055e-07 1.756931879981493694e-07
2.780000000000000000e+03 8.038259693421423435e-06 8.347964467247948050e-06 5.879008313058875501e-06 6.238536798264249228e-07 3.069657452670071507e-07 8.525090606781304814e-07 2.780202237318007974e-07 2.866241004539915593e-07 3.088225355440954445e-07 7.498194349864206742e-07 1.643360434400165104e-07 1.745472815173343406e-07 7.429405286529799923e-06 3.884366378770209849e-06 5.665844582836143672e-06 5.051813900536217261e-07 3.069657452670071507e-07 8.525090606781304814e-07 2.780202237318007974e-07 2.866241004539915593e-07 3.088225355440954445e-07 7.498194349864206742e-07 1.643360434400165104e-07 1.745472815173343406e-07
2.790000000000000000e+03 7.974000254762358963e-06 8.263878953584935516e-06 5.843088729307055473e-06 6.203927682690846268e-07 3.047280756618420128e-07 8.454824751424894203e-07 2.771641050003381679e-07 2.855543641544500133e-07 3.059506639147002716e-07 7.439941214215650689e-07 1.644807809952908428e-07 1.733490506694579381e-07 7.370821549557149410e-06 3.833994469459867105e-06 5.628035069094039500e-06 5.024407983000855893e-07 3.047280756618420128e-07 8.454824751424894203e-07 2.771641050003381679e-07 2.855543641544500133e-07 3.059506639147002716e-07 7.439941214215650689e-07 1.644807809952908428e-07 1.733490506694579381e-07
2.800000000000000000e+03 7.910079148132354021e-06 8.181062185030896217e-06 5.807438355986960232e-06 6.169655080157099292e-07 3.024493651082593715e-07 8.388498144995537587e-07 2.763564737051638076e-07 2.845861786227033008e-07 3.030939694781409344e-07 7.381592013189219870e-07 1.646072007588372799e-07 1.721534914622679935e-07 7.312779416679404676e-06 3.784597765843500383e-06 5.590548880718415603e-06 4.997236260351201054e-07 3.024493651082593715e-07 8.388498144995537587e-07 2.763564737051638076e-07 2.845861786227033008e-07 3.030939694781409344e-07 7.381592013189219870e-07 1.646072007588372799e-07 1.721534914622679935e-07
2.810000000000000000e+03 7.846389053156599402e-06 8.099508704617619514e-06 5.772008080384694040e-06 6.135736612122855149e-07 3.002063522217213176e-07 8.320470783473865595e-07 2.755191417236346751e-07 2.836626435964717530e-07 3.001862864948634524e-07 7.323772592826571781e-07 1.647515261993248714e-07 1.708813783807272557e-07 7.254780939547345042e-06 3.736065309567493387e-06 5.553295977733796462e-06 4.970272016180388164e-07 3.002063522217213176e-07 8.320470783473865595e-07 2.755191417236346751e-07 2.836626435964717530e-07 3.001862864948634524e-07 7.323772592826571781e-07 1.647515261993248714e-07 1.708813783807272557e-07
2.820000000000000000e+03 7.782937245792709291e-06 8.019103916012682021e-06 5.736914772569434717e-06 6.102144993747060653e-07 2.980338820179895265e-07 8.254578460764605552e-07 2.746774043771438301e-07 2.828183482961321715e-07 2.973071104861446656e-07 7.265778094733832404e-07 1.649511602863640292e-07 1.696787563787438557e-07 7.196950264187762514e-06 3.688328661155537702e-06 5.516389137483201921e-06 4.943537419421772938e-07 2.980338820179895265e-07 8.254578460764605552e-07 2.746774043771438301e-07 2.828183482961321715e-07 2.973071104861446656e-07 7.265778094733832404e-07 1.649511602863640292e-07 1.696787563787438557e-07
2.830000000000000000e+03 7.719841050857212394e-06 7.939725037431344390e-06 5.702092494175303727e-06 6.068892162147676572e-07 2.958774416583764832e-07 8.185315891751088202e-07 2.738475188834854634e-07 2.820312374751665629e-07 2.944522918824077351e-07 7.208109877865354065e-07 1.651174272865318926e-07 1.684367134657804854e-07 7.139339231798658147e-06 3.641443299784441479e-06 5.479776064021280035e-06 4.917026217299280688e-07 2.958774416583764832e-07 8.185315891751088202e-07 2.738475188834854634e-07 2.820312374751665629e-07 2.944522918824077351e-07 7.208109877865354065e-07 1.651174272865318926e-07 1.684367134657804854e-07
2.840000000000000000e+03 7.657030437258072197e-06 7.861540325393434614e-06 5.667597179126460105e-06 6.035944011273386423e-07 2.937990473128593294e-07 8.119536119011172559e-07 2.730083110691339243e-07 2.812830359744111774e-07 2.915425341143418336e-07 7.150598548832931556e-07 1.653402108559021144e-07 1.672036233912876924e-07 7.081822786858538166e-06 3.595341013351571746e-06 5.443515874503646046e-06 4.890741251983854454e-07 2.937990473128593294e-07 8.119536119011172559e-07 2.730083110691339243e-07 2.812830359744111774e-07 2.915425341143418336e-07 7.150598548832931556e-07 1.653402108559021144e-07 1.672036233912876924e-07
2.850000000000000000e+03 7.594583621539641172e-06 7.784424269630108029e-06 5.633323326037498191e-06 6.003326689096866176e-07 2.916524408647092059e-07 8.053569331423204858e-07 2.721575071973347804e-07 2.805392398386175046e-07 2.886627044063061476e-07 7.093394742696546018e-07 1.655314747495140182e-07 1.659518886754085543e-07 7.024926162557676435e-06 3.550049541445332579e-06 5.407459866546560079e-06 4.864676839133608155e-07 2.916524408647092059e-07 8.053569331423204858e-07 2.721575071973347804e-07 2.805392398386175046e-07 2.886627044063061476e-07 7.093394742696546018e-07 1.655314747495140182e-07 1.659518886754085543e-07
2.860000000000000000e+03 7.532305971835739911e-06 7.708325938438065350e-06 5.599328687821980566e-06 5.971016889816382900e-07 2.898015338814730057e-07 7.988361403477028944e-07 2.712934303872316377e-07 2.799141043396957684e-07 2.857911169940052787e-07 7.036330202936369460e-07 1.658049484376533655e-07 1.646746028427514830e-07 6.967714853090001270e-06 3.505504309941898100e-06 5.371708994061918929e-06 4.838823315367335454e-07 2.898015338814730057e-07 7.988361403477028944e-07 2.712934303872316377e-07 2.799141043396957684e-07 2.857911169940052787e-07 7.036330202936369460e-07 1.658049484376533655e-07 1.646746028427514830e-07
2.870000000000000000e+03 7.470633136108517647e-06 7.633348104718606919e-06 5.565649644267978147e-06 5.939005518484918866e-07 2.875495397347549442e-07 7.922585041342244949e-07 2.704775283746130299e-07 2.791854285533190705e-07 2.829161473982821917e-07 6.979414592933608219e-07 1.659479096360882977e-07 1.634675470540969400e-07 6.911642230988945812e-06 3.461756250544567592e-06 5.336316007742425427e-06 4.813186933461111039e-07 2.875495397347549442e-07 7.922585041342244949e-07 2.704775283746130299e-07 2.791854285533190705e-07 2.829161473982821917e-07 6.979414592933608219e-07 1.659479096360882977e-07 1.634675470540969400e-07
2.880000000000000000e+03 7.408908913930645213e-06 7.559214282082393765e-06 5.532202067115576938e-06 5.907282911721267737e-07 2.857249796761607286e-07 7.856396564420720097e-07 2.696132526125438744e-07 2.785991739528981270e-07 2.800570939598401310e-07 6.922908255546644796e-07 1.662463802176716854e-07 1.622154570668499218e-07 6.854838375147664919e-06 3.418619144213153049e-06 5.301167220750357956e-06 4.787758598467917182e-07 2.857249796761607286e-07 7.856396564420720097e-07 2.696132526125438744e-07 2.785991739528981270e-07 2.800570939598401310e-07 6.922908255546644796e-07 1.662463802176716854e-07 1.622154570668499218e-07
2.890000000000000000e+03 7.347821792791364715e-06 7.486167760362150148e-06 5.499065991898532957e-06 5.875864417248521931e-07 2.836774228853755631e-07 7.790882818881073035e-07 2.687814060209348099e-07 2.779281942366651492e-07 2.771741947071859613e-07 6.866614512546220794e-07 1.664617599317352870e-07 1.609264046464886633e-07 6.798949016229016706e-06 3.376314452907536179e-06 5.266316748020472005e-06 4.762543994729639962e-07 2.836774228853755631e-07 7.790882818881073035e-07 2.687814060209348099e-07 2.779281942366651492e-07 2.771741947071859613e-07 6.866614512546220794e-07 1.664617599317352870e-07 1.609264046464886633e-07
2.900000000000000000e+03 7.286958407348720357e-06 7.414017545670503750e-06 5.466185029945336282e-06 5.844727297699137125e-07 2.817268693888763664e-07 7.726035846644663252e-07 2.679495594293257454e-07 2.772952711893594824e-07 2.743614686551154591e-07 6.810532227063958999e-07 1.666746669570784434e-07 1.597133234554348746e-07 6.743286576238460839e-06 3.334666871523950249e-06 5.231761861068662256e-06 4.737542553812090773e-07 2.817268693888763664e-07 7.726035846644663252e-07 2.679495594293257454e-07 2.772952711893594824e-07 2.743614686551154591e-07 6.810532227063958999e-07 1.666746669570784434e-07 1.597133234554348746e-07
2.910000000000000000e+03 7.226227808132534847e-06 7.342785011132946238e-06 5.433499154605669901e-06 5.813863026560284197e-07 2.799436344957939582e-07 7.662213761250313837e-07 2.670833225693058921e-07 2.767364435385388788e-07 2.715021025778696639e-07 6.754739843017887324e-07 1.669864104769658297e-07 1.585219564503859146e-07 6.687322638754267246e-06 3.293648887847666629e-06 5.197407062951242551e-06 4.712727275091310730e-07 2.799436344957939582e-07 7.662213761250313837e-07 2.670833225693058921e-07 2.767364435385388788e-07 2.715021025778696639e-07 6.754739843017887324e-07 1.669864104769658297e-07 1.585219564503859146e-07
2.920000000000000000e+03 7.165925580920884386e-06 7.272463790286565199e-06 5.401117050496395677e-06 5.783277288173849229e-07 2.780928411993954796e-07 7.598796400998253375e-07 2.662686711119022220e-07 2.761209998425329104e-07 2.686889502001577057e-07 6.699025334455654956e-07 1.672043765665875981e-07 1.572906143110230914e-07 6.632017630181508139e-06 3.253354861953994259e-06 5.163367859495338053e-06 4.688124022322881501e-07 2.780928411993954796e-07 7.598796400998253375e-07 2.662686711119022220e-07 2.761209998425329104e-07 2.686889502001577057e-07 6.699025334455654956e-07 1.672043765665875981e-07 1.572906143110230914e-07
2.930000000000000000e+03 7.106149496394209564e-06 7.203055702120764181e-06 5.369026894186390564e-06 5.752961556027003098e-07 2.762172357506642584e-07 7.534021619903796818e-07 2.654273600910528330e-07 2.754919989911286393e-07 2.659067490640154574e-07 6.643485335189325269e-07 1.674024474596080836e-07 1.560930087407541578e-07 6.577316526090726256e-06 3.213748868802213110e-06 5.129613327881088480e-06 4.663724268993973965e-07 2.762172357506642584e-07 7.534021619903796818e-07 2.654273600910528330e-07 2.754919989911286393e-07 2.659067490640154574e-07 6.643485335189325269e-07 1.674024474596080836e-07 1.560930087407541578e-07
2.940000000000000000e+03 7.046403879940044135e-06 7.134492989280261099e-06 5.337121820048196241e-06 5.722891387449635658e-07 2.745195217812579358e-07 7.470674177056935150e-07 2.645901702180708526e-07 2.749269469859427772e-07 2.631097402172599686e-07 6.588418273167917505e-07 1.677162089208650286e-07 1.548844466014998034e-07 6.522043804579880089e-06 3.174693802066030912e-06 5.096119366498896852e-06 4.639495898572931765e-07 2.745195217812579358e-07 7.470674177056935150e-07 2.645901702180708526e-07 2.749269469859427772e-07 2.631097402172599686e-07 6.588418273167917505e-07 1.677162089208650286e-07 1.548844466014998034e-07
2.950000000000000000e+03 6.985870641074143350e-06 7.066682883305475116e-06 5.305304057401372120e-06 5.693066782441746909e-07 2.736801150149403838e-07 7.408493729599285871e-07 2.637445106756786117e-07 2.745445897289755521e-07 2.603079849450296024e-07 6.533861665047879796e-07 1.684967401160974987e-07 1.536124329959420720e-07 6.465001206379383802e-06 3.136186933261342347e-06 5.062685886514373124e-06 4.615438626842660597e-07 2.736801150149403838e-07 7.408493729599285871e-07 2.637445106756786117e-07 2.745445897289755521e-07 2.603079849450296024e-07 6.533861665047879796e-07 1.684967401160974987e-07 1.536124329959420720e-07
2.960000000000000000e+03 6.920198302395874634e-06 6.998609478614525869e-06 5.272196176520083100e-06 5.663390538757084869e-07 2.824694149694551015e-07 7.353850719482579734e-07 2.627612616379337851e-07 2.764659825515991542e-07 2.575285122929926729e-07 6.480489105342712719e-07 1.753059848397242604e-07 1.516316388006089255e-07 6.390536327671725303e-06 3.097253284067846835e-06 5.028199666412547231e-06 4.591389028973935638e-07 2.824694149694551015e-07 7.353850719482579734e-07 2.627612616379337851e-07 2.764659825515991542e-07 2.575285122929926729e-07 6.480489105342712719e-07 1.753059848397242604e-07 1.516316388006089255e-07
2.970000000000000000e+03 8.024580893106758595e-06 6.917129667272092775e-06 5.227549536357400939e-06 5.632453508042090107e-07 7.340849492720735725e-07 7.457423976120480802e-07 2.594200338990049204e-07 3.154571288632723736e-07 2.548374311572842998e-07 6.444472546718316153e-07 4.169331475623039296e-07 1.418023884980357252e-07 7.321711564145516604e-06 3.044716095246258192e-06 4.984746738045942038e-06 4.564921027849777602e-07 7.340849492720735725e-07 7.457423976120480802e-07 2.594200338990049204e-07 3.154571288632723736e-07 2.548374311572842998e-07 6.444472546718316153e-07 4.169331475623039296e-07 1.418023884980357252e-07
2.980000000000000000e+03 4.884066293016076088e-04 7.284900675585959107e-06 9.077202776097692549e-06 5.577712727244943380e-07 1.195440636365674436e-04 3.730895059561589733e-06 2.187058925073870341e-07 2.369190269746468402e-06 2.817152733314287616e-07 6.745030418642272707e-07 5.803156091133132577e-05 1.055336838362563867e-06 4.899671766906976700e-04 3.438492285567917861e-06 8.862293725542258471e-06 4.492032985581317917e-07 1.195440636365674436e-04 3.730895059561589733e-06 2.187058925073870341e-07 2.369190269746468402e-06 2.817152733314287616e-07 6.745030418642272707e-07 5.803156091133132577e-05 1.055336838362563867e-06
2.990000000000000000e+03 8.984527084976434708e-04 8.996477845357730985e-06 1.480725859437370673e-05 5.627197765534219798e-07 2.163196913897991180e-04 5.759212399425450712e-06 5.521227990357147064e-07 2.349874648643890396e-06 3.973745492658053990e-07 5.942810048509272747e-07 1.011952626868151128e-04 3.114353148703230545e-06 9.139851317740976810e-04 5.080195478512905538e-06 1.439385778212454170e-05 4.534898607744253241e-07 2.163196913897991180e-04 5.759212399425450712e-06 5.521227990357147064e-07 2.349874648643890396e-06 3.973745492658053990e-07 5.942810048509272747e-07 1.011952626868151128e-04 3.114353148703230545e-06
3.000000000000000000e+03 8.481238037347793579e-04 8.648332368466071784e-06 1.346612953057046980e-05 5.626741881314956117e-07 2.034439530689269304e-04 6.037761522748041898e-06 3.493835549761570292e-07 1.528377424619975500e-06 3.549137375102873193e-07 6.736033810739172623e-07 9.589437104295939207e-05 2.532644657549099065e-06 8.624455076642334461e-04 4.543435807136120275e-06 1.317933492828160524e-05 4.524862617927283281e-07 2.034439530689269304e-04 6.037761522748041898e-06 3.493835549761570292e-07 1.528377424619975500e-06 3.549137375102873193e-07 6.736033810739172623e-07 9.589437104295939207e-05 2.532644657549099065e-06
3.010000000000000000e+03 1.427028764737769961e-04 7.406479653582209721e-06 6.783883236494148150e-06 5.582152198257972486e-07 3.229276262572966516e-05 1.495300466558546759e-06 3.065540283841983182e-07 2.965092846807237947e-07 2.789365680655464530e-07 6.838432113909220789e-07 1.474241707910550758e-05 5.172158807908999734e-07 1.457487960578873754e-04 3.322386874060612172e-06 6.537414265039842576e-06 4.433898652678180952e-07 3.229276262572966516e-05 1.495300466558546759e-06 3.065540283841983182e-07 2.965092846807237947e-07 2.789365680655464530e-07 6.838432113909220789e-07 1.474241707910550758e-05 5.172158807908999734e-07
3.020000000000000000e+03 7.493985322071239352e-05 6.953177489776862785e-06 5.587316991295665503e-06 5.522006745195540134e-07 1.744109431456308812e-05 1.231327019013406243e-06 2.847004907380323857e-07 8.159632898241397925e-07 2.504460496766114375e-07 6.783120056752522942e-07 8.844173862598836422e-06 2.389045903328224085e-07 7.386750803561881185e-05 2.954346200567670166e-06 5.346692887542303652e-06 4.383574037092330400e-07 1.744109431456308812e-05 1.231327019013406243e-06 2.847004907380323857e-07 8.159632898241397925e-07 2.504460496766114375e-07 6.783120056752522942e-07 8.844173862598836422e-06 2.389045903328224085e-07
3.030000000000000000e+03 2.526254502299707383e-05 6.879083230160176754e-06 5.184891051612794399e-06 5.497755637406953610e-07 5.342106305761262774e-06 8.838648568598728161e-07 2.755408274879300734e-07 7.011897764641616959e-07 2.273372814443064271e-07 6.375225325427891221e-07 2.911096089519560337e-06 1.489835312895593233e-07 2.421204590064007789e-05 2.918343852797988802e-06 4.933493073622230440e-06 4.395291171022108756e-07 5.342106305761262774e-06 8.838648568598728161e-07 2.755408274879300734e-07 7.011897764641616959e-07 2.273372814443064271e-07 6.375225325427891221e-07 2.911096089519560337e-06 1.489835312895593233e-07
3.040000000000000000e+03 1.335255274170776829e-05 6.915041467436822131e-06 5.223374955676263198e-06 5.484189955495821778e-07 1.564490275995922275e-06 7.588906782984849997e-07 2.863147017251321813e-07 3.527956380366958911e-07 2.257392139881631010e-07 6.204689952937769704e-07 6.402227654689340852e-07 1.538089549057986005e-07 1.333349882770562544e-05 2.993491534653003328e-06 4.963033916283166036e-06 4.399873034799384186e-07 1.564490275995922275e-06 7.588906782984849997e-07 2.863147017251321813e-07 3.527956380366958911e-07 2.257392139881631010e-07 6.204689952937769704e-07 6.402227654689340852e-07 1.538089549057986005e-07
3.050000000000000000e+03 1.114233964472077787e-05 6.820793714723549783e-06 5.183018402021843940e-06 5.461337764245399740e-07 1.085085614249692298e-06 7.245719757520419080e-07 2.745275082816078793e-07 3.373862682565231808e-07 2.271002159659474273e-07 6.283812581386882812e-07 4.464961591565952403e-07 1.488426875084769563e-07 1.102984060707967728e-05 2.937193585239583626e-06 4.920351784676313400e-06 4.381213614124135347e-07 1.085085614249692298e-06 7.245719757520419080e-07 2.745275082816078793e-07 3.373862682565231808e-07 2.271002159659474273e-07 6.283812581386882812e-07 4.464961591565952403e-07 1.488426875084769563e-07
3.060000000000000000e+03 6.441034201998263597e-06 6.698477591271512210e-06 5.065231107437284663e-06 5.435155685518111568e-07 2.945151891253772192e-07 6.912000003467255738e-07 2.617073846522544045e-07 3.877468941482220544e-07 2.301818966543578426e-07 6.375324801410897635e-07 2.327644779143156484e-07 1.245006870931320009e-07 5.907912509428570047e-06 2.852189936675131321e-06 4.802360308531206101e-06 4.357232796792231966e-07 2.945151891253772192e-07 6.912000003467255738e-07 2.617073846522544045e-07 3.877468941482220544e-07 2.301818966543578426e-07 6.375324801410897635e-07 2.327644779143156484e-07 1.245006870931320009e-07
3.070000000000000000e+03 6.825300260970834643e-06 6.616452992602717131e-06 5.025847258366411552e-06 5.409953018897795118e-07 4.885123416897840798e-07 6.898574724800710101e-07 2.568101820088486420e-07 3.922455960037041223e-07 2.315176601541679702e-07 6.396458047674968839e-07 3.689441143706062576e-07 1.226839145829217159e-07 6.199635663506342098e-06 2.804390987876104191e-06 4.760167485073907301e-06 4.339683243870240403e-07 4.885123416897840798e-07 6.898574724800710101e-07 2.568101820088486420e-07 3.922455960037041223e-07 2.315176601541679702e-07 6.396458047674968839e-07 3.689441143706062576e-07 1.226839145829217159e-07
3.080000000000000000e+03 6.455881703004706651e-06 6.554591891472227871e-06 4.999780230718897656e-06 5.385501253840629943e-07 3.491166751246055355e-07 6.825047194070066325e-07 2.547353403770102886e-07 3.656128342299780343e-07 2.294786014545024955e-07 6.360058932841639034e-07 2.787884056942857569e-07 1.254276469353499124e-07 5.890948614251101390e-06 2.774347422018763609e-06 4.730035925604170188e-06 4.325103759583726060e-07 3.491166751246055355e-07 6.825047194070066325e-07 2.547353403770102886e-07 3.656128342299780343e-07 2.294786014545024955e-07 6.360058932841639034e-07 2.787884056942857569e-07 1.254276469353499124e-07
3.090000000000000000e+03 6.323569778032833710e-06 6.497662525362102315e-06 4.974971034243935719e-06 5.360884074434579816e-07 2.678655732779589016e-07 6.772690426259941887e-07 2.531964184981916333e-07 3.403160633297375171e-07 2.271145547183550661e-07 6.317692964330490213e-07 2.132705247959165717e-07 1.293243201416771626e-07 5.823067567689577118e-06 2.748287442955188453e-06 4.701145826402353123e-06 4.310326460199576104e-07 2.678655732779589016e-07 6.772690426259941887e-07 2.531964184981916333e-07 3.403160633297375171e-07 2.271145547183550661e-07 6.317692964330490213e-07 2.132705247959165717e-07 1.293243201416771626e-07
3.100000000000000000e+03 6.311450306384358555e-06 6.440153356379596516e-06 4.948078185407212004e-06 5.335808168638322968e-07 2.506374983113346389e-07 6.737575972692866344e-07 2.524685100979695562e-07 3.258877541156834923e-07 2.241750962639343925e-07 6.266339482863259036e-07 1.938533387146890163e-07 1.310382913288776763e-07 5.839597633894300088e-06 2.720351176321855746e-06 4.670905582315754145e-06 4.293846416203450644e-07 2.506374983113346389e-07 6.737575972692866344e-07 2.524685100979695562e-07 3.258877541156834923e-07 2.241750962639343925e-07 6.266339482863259036e-07 1.938533387146890163e-07 1.310382913288776763e-07
3.110000000000000000e+03 6.271714482863899320e-06 6.381737421179423109e-06 4.918854756397195160e-06 5.310300821292912588e-07 2.470273727794847218e-07 6.694028229503601324e-07 2.514246091323002474e-07 3.184784702625620412e-07 2.216886940686890739e-07 6.215337862158776261e-07 1.904259931961860275e-07 1.315650735023154994e-07 5.806787612527841702e-06 2.691079771466320381e-06 4.639037342712981626e-06 4.276058973573526600e-07 2.470273727794847218e-07 6.694028229503601324e-07 2.514246091323002474e-07 3.184784702625620412e-07 2.216886940686890739e-07 6.215337862158776261e-07 1.904259931961860275e-07 1.315650735023154994e-07
3.120000000000000000e+03 6.218298494786722586e-06 6.323496108961990103e-06 4.889478077529929578e-06 5.284707640385022387e-07 2.463159489707322791e-07 6.648876365034084301e-07 2.504842200323764700e-07 3.135200472570431884e-07 2.197364779021881986e-07 6.162955514810164459e-07 1.909373850139672868e-07 1.315185755856873584e-07 5.753955520049203187e-06 2.661563939909683540e-06 4.607573828252498060e-06 4.257169337051891489e-07 2.463159489707322791e-07 6.648876365034084301e-07 2.504842200323764700e-07 3.135200472570431884e-07 2.197364779021881986e-07 6.162955514810164459e-07 1.909373850139672868e-07 1.315185755856873584e-07
3.130000000000000000e+03 6.166168986965203658e-06 6.266182026593014598e-06 4.861112302023684606e-06 5.259217346065270249e-07 2.461330836922570597e-07 6.601543418582878076e-07 2.497564253189921146e-07 3.084737727476749569e-07 2.178926905571643147e-07 6.107537160460196901e-07 1.916078531394305173e-07 1.312662334385095164e-07 5.702804628526791930e-06 2.632343012010096572e-06 4.577327217702986673e-06 4.237990367528254865e-07 2.461330836922570597e-07 6.601543418582878076e-07 2.497564253189921146e-07 3.084737727476749569e-07 2.178926905571643147e-07 6.107537160460196901e-07 1.916078531394305173e-07 1.312662334385095164e-07
3.140000000000000000e+03 6.116757504059933126e-06 6.209907496668165550e-06 4.833088496525306255e-06 5.233809474702866282e-07 2.457659888932539616e-07 6.554745937137340661e-07 2.490083375050744507e-07 3.037906139979895670e-07 2.162060468435811345e-07 6.050773890819982626e-07 1.917135250550927594e-07 1.309452670739119640e-07 5.655422683048527688e-06 2.603855818961164914e-06 4.547572189039783552e-06 4.218468632188887568e-07 2.457659888932539616e-07 6.554745937137340661e-07 2.490083375050744507e-07 3.037906139979895670e-07 2.162060468435811345e-07 6.050773890819982626e-07 1.917135250550927594e-07 1.309452670739119640e-07
3.150000000000000000e+03 6.068656148272566497e-06 6.154743459774181247e-06 4.805374373972881585e-06 5.208453330851625651e-07 2.449453972985793371e-07 6.508606134048022795e-07 2.483141940956556937e-07 2.997002468418941135e-07 2.144185913266483112e-07 5.992335445625940338e-07 1.914455367568734800e-07 1.305297274711847422e-07 5.610204880213132128e-06 2.576019596745027229e-06 4.518287823884747922e-06 4.198880958483641734e-07 2.449453972985793371e-07 6.508606134048022795e-07 2.483141940956556937e-07 2.997002468418941135e-07 2.144185913266483112e-07 5.992335445625940338e-07 1.914455367568734800e-07 1.305297274711847422e-07
3.160000000000000000e+03 6.021073204465210438e-06 6.100678092479938641e-06 4.777994945470709354e-06 5.183170515010715462e-07 2.441189224100526189e-07 6.461798989221279044e-07 2.477007967627287144e-07 2.959679079594934592e-07 2.125481302073239931e-07 5.933647457823099103e-07 1.910024849394176272e-07 1.300265211057194392e-07 5.565958872466580942e-06 2.548824568293639459e-06 4.489456387091195211e-06 4.179165671303053387e-07 2.441189224100526189e-07 6.461798989221279044e-07 2.477007967627287144e-07 2.959679079594934592e-07 2.125481302073239931e-07 5.933647457823099103e-07 1.910024849394176272e-07 1.300265211057194392e-07
3.170000000000000000e+03 5.973720362817402929e-06 6.047595434210961685e-06 4.750838797917822376e-06 5.157979217074171174e-07 2.430317351809208049e-07 6.413892492673767265e-07 2.470700053436303278e-07 2.926175284301280044e-07 2.106013141656148946e-07 5.875393753740354441e-07 1.904887483306083595e-07 1.294159091003166395e-07 5.521961611520964652e-06 2.522241402402869426e-06 4.460933723748894408e-06 4.159375919243757380e-07 2.430317351809208049e-07 6.413892492673767265e-07 2.470700053436303278e-07 2.926175284301280044e-07 2.106013141656148946e-07 5.875393753740354441e-07 1.904887483306083595e-07 1.294159091003166395e-07
3.180000000000000000e+03 5.926486210228176787e-06 5.995352694299072027e-06 4.723965503217186779e-06 5.132873184265918098e-07 2.420125611024559475e-07 6.364182922879990656e-07 2.464401802626525750e-07 2.895517923207080457e-07 2.085982089283788810e-07 5.817847750222426839e-07 1.898716419646007125e-07 1.287799165083924890e-07 5.478472758113639429e-06 2.496114802852389403e-06 4.432807600096566603e-06 4.139508007483527763e-07 2.420125611024559475e-07 6.364182922879990656e-07 2.464401802626525750e-07 2.895517923207080457e-07 2.085982089283788810e-07 5.817847750222426839e-07 1.898716419646007125e-07 1.287799165083924890e-07
3.190000000000000000e+03 5.879276613995898515e-06 5.943848009337671101e-06 4.697270924225449562e-06 5.107858669362030923e-07 2.408584691693249624e-07 6.315628411357465666e-07 2.458054950693622231e-07 2.868148101242695702e-07 2.065776527615525993e-07 5.760985004599206150e-07 1.894033090366065153e-07 1.281380264117615297e-07 5.434804279502714053e-06 2.470393837938900106e-06 4.404948413139209151e-06 4.119580125916399993e-07 2.408584691693249624e-07 6.315628411357465666e-07 2.458054950693622231e-07 2.868148101242695702e-07 2.065776527615525993e-07 5.760985004599206150e-07 1.894033090366065153e-07 1.281380264117615297e-07
3.200000000000000000e+03 5.832737315358826891e-06 5.893120032851584256e-06 4.670879206969402730e-06 5.082948177914659027e-07 2.394309319697640603e-07 6.265146339501370676e-07 2.451825196203571977e-07 2.842156732185685541e-07 2.045710658649113611e-07 5.704404202333535068e-07 1.885756688579931506e-07 1.274545411433791742e-07 5.392395905801095068e-06 2.445126938255270943e-06 4.377464392746333033e-06 4.099641728316782974e-07 2.394309319697640603e-07 6.265146339501370676e-07 2.451825196203571977e-07 2.842156732185685541e-07 2.045710658649113611e-07 5.704404202333535068e-07 1.885756688579931506e-07 1.274545411433791742e-07
3.210000000000000000e+03 5.786305791843915358e-06 5.842944119649473578e-06 4.644657110475236550e-06 5.058130909674218856e-07 2.380647430300086853e-07 6.214423819983494468e-07 2.445363804781663930e-07 2.817917277297965484e-07 2.025345793299493380e-07 5.648470846608688589e-07 1.878125459597868030e-07 1.267458316078773350e-07 5.349854291125666350e-06 2.420236569378175773e-06 4.350192284618970007e-06 4.079684572388941888e-07 2.380647430300086853e-07 6.214423819983494468e-07 2.445363804781663930e-07 2.817917277297965484e-07 2.025345793299493380e-07 5.648470846608688589e-07 1.878125459597868030e-07 1.267458316078773350e-07
3.220000000000000000e+03 5.739783773606177419e-06 5.793458058178657666e-06 4.618585080606862903e-06 5.033418801758671179e-07 2.368208242842229083e-07 6.164155479382316116e-07 2.438919182168319821e-07 2.795674731714825612e-07 2.005073866939710570e-07 5.593173568740894552e-07 1.871797934427377186e-07 1.260102635569637641e-07 5.307218998495955020e-06 2.395693854850833304e-06 4.323166194808436558e-06 4.059736795625212835e-07 2.368208242842229083e-07 6.164155479382316116e-07 2.438919182168319821e-07 2.795674731714825612e-07 2.005073866939710570e-07 5.593173568740894552e-07 1.871797934427377186e-07 1.260102635569637641e-07
3.230000000000000000e+03 5.693286766472738236e-06 5.744532245444133878e-06 4.592654477164614946e-06 5.008813559470581822e-07 2.354961310402359231e-07 6.114543680268980097e-07 2.432379631045478163e-07 2.775097129870118806e-07 1.984813593480794225e-07 5.538253162740147673e-07 1.865820564717068919e-07 1.252288797104483820e-07 5.264486389933153987e-06 2.371533128098235466e-06 4.296287443139590323e-06 4.039802945499104680e-07 2.354961310402359231e-07 6.114543680268980097e-07 2.432379631045478163e-07 2.775097129870118806e-07 1.984813593480794225e-07 5.538253162740147673e-07 1.865820564717068919e-07 1.252288797104483820e-07
3.240000000000000000e+03 5.646655608870787546e-06 5.696151674783322960e-06 4.566852112475316972e-06 4.984316888112516608e-07 2.344387439734418876e-07 6.066217110856086947e-07 2.425811942430300405e-07 2.756427761596569326e-07 1.964089477723973687e-07 5.483809104589454364e-07 1.861693306182132801e-07 1.244273022393826977e-07 5.221429546509170905e-06 2.347655481571564451e-06 4.269632881914731115e-06 4.019894674911483889e-07 2.344387439734418876e-07 6.066217110856086947e-07 2.425811942430300405e-07 2.756427761596569326e-07 1.964089477723973687e-07 5.483809104589454364e-07 1.861693306182132801e-07 1.244273022393826977e-07
3.250000000000000000e+03 5.600430540653178468e-06 5.648289061355171725e-06 4.541281214187620208e-06 4.959920261171646416e-07 2.330602910660672933e-07 6.016070983605459332e-07 2.419325255686999299e-07 2.738046305239549838e-07 1.943926832836950780e-07 5.429994871519738808e-07 1.856412126244322280e-07 1.236331712561877794e-07 5.178961146157234907e-06 2.324144361409707926e-06 4.243182047503069043e-06 4.000026478934159968e-07 2.330602910660672933e-07 6.016070983605459332e-07 2.419325255686999299e-07 2.738046305239549838e-07 1.943926832836950780e-07 5.429994871519738808e-07 1.856412126244322280e-07 1.236331712561877794e-07
3.260000000000000000e+03 5.554052222578320652e-06 5.601006705546751618e-06 4.515813998295925558e-06 4.935640731673629489e-07 2.319907252967823297e-07 5.966227263343171217e-07 2.412675428331567673e-07 2.721131693306233501e-07 1.923075529930429184e-07 5.376905392040498555e-07 1.852355921982962172e-07 1.228890340598809416e-07 5.136193976795766503e-06 2.300901996932225302e-06 4.216920842736726627e-06 3.980195799613284180e-07 2.319907252967823297e-07 5.966227263343171217e-07 2.412675428331567673e-07 2.721131693306233501e-07 1.923075529930429184e-07 5.376905392040498555e-07 1.852355921982962172e-07 1.228890340598809416e-07
3.270000000000000000e+03 5.508127742359647527e-06 5.554188192036235705e-06 4.490543688007164747e-06 4.911475457447522786e-07 2.307372568566279369e-07 5.916974714637035504e-07 2.405996326615422731e-07 2.704949793042032979e-07 1.902609341186689562e-07 5.324232574821508024e-07 1.847375159513831022e-07 1.221084886537937564e-07 5.093829258839832619e-06 2.277994781252346002e-06 4.190867457509739324e-06 3.960428500704438193e-07 2.307372568566279369e-07 5.916974714637035504e-07 2.405996326615422731e-07 2.704949793042032979e-07 1.902609341186689562e-07 5.324232574821508024e-07 1.847375159513831022e-07 1.221084886537937564e-07
3.280000000000000000e+03 5.462236913444940001e-06 5.507931291504064575e-06 4.465410711418371648e-06 4.887414775112119969e-07 2.297466608069953509e-07 5.867096888323430903e-07 2.399450238499412080e-07 2.689097300390130840e-07 1.882043818568490678e-07 5.272151497592858505e-07 1.843335724061034853e-07 1.213051774584528175e-07 5.051375865150475875e-06 2.255338131362805143e-06 4.164988240518141538e-06 3.940695307846908690e-07 2.297466608069953509e-07 5.867096888323430903e-07 2.399450238499412080e-07 2.689097300390130840e-07 1.882043818568490678e-07 5.272151497592858505e-07 1.843335724061034853e-07 1.213051774584528175e-07
3.290000000000000000e+03 5.416412477643461898e-06 5.462114586407551542e-06 4.440393240656703711e-06 4.863462663706741296e-07 2.285690499093107064e-07 5.820928095090494025e-07 2.392938256434717914e-07 2.674401855529140448e-07 1.861463516661387985e-07 5.220700245445186738e-07 1.839558052552092704e-07 1.205021362693514675e-07 5.009036158298840746e-06 2.233035729659604840e-06 4.139249540457967669e-06 3.921030611309106462e-07 2.285690499093107064e-07 5.820928095090494025e-07 2.392938256434717914e-07 2.674401855529140448e-07 1.861463516661387985e-07 5.220700245445186738e-07 1.839558052552092704e-07 1.205021362693514675e-07
3.300000000000000000e+03 5.370913640945218503e-06 5.416752628661924973e-06 4.415560852066846564e-06 4.839616281060443725e-07 2.274177148819944705e-07 5.772253075519984122e-07 2.386334472248563543e-07 2.659619440237293020e-07 1.840694210386573104e-07 5.169674182070593815e-07 1.835244773928934592e-07 1.197467724978196202e-07 4.966979304299456999e-06 2.210991169704357162e-06 4.113722297915956005e-06 3.901414515894430224e-07 2.274177148819944705e-07 5.772253075519984122e-07 2.386334472248563543e-07 2.659619440237293020e-07 1.840694210386573104e-07 5.169674182070593815e-07 1.835244773928934592e-07 1.197467724978196202e-07
3.310000000000000000e+03 5.325463916960870847e-06 5.371840416046325117e-06 4.390860794956097379e-06 4.815883016817679163e-07 2.263131904101101100e-07 5.725347023144422565e-07 2.379744046265841462e-07 2.645622032559913350e-07 1.820347961256629787e-07 5.119287607158184983e-07 1.831655538353516022e-07 1.189257403666488244e-07 4.924901077174581587e-06 2.189239012295729481e-06 4.088336936547420919e-06 3.881858390286652138e-07 2.263131904101101100e-07 5.725347023144422565e-07 2.379744046265841462e-07 2.645622032559913350e-07 1.820347961256629787e-07 5.119287607158184983e-07 1.831655538353516022e-07 1.189257403666488244e-07
3.320000000000000000e+03 5.280284312902949750e-06 5.327431608748156577e-06 4.366307621239684522e-06 4.792263439412636217e-07 2.251486392879087362e-07 5.676215550920460373e-07 2.373229079921657103e-07 2.631770996686100261e-07 1.799822655357274925e-07 5.069300073046179023e-07 1.827376649998768698e-07 1.181527338189880538e-07 4.883200290350941941e-06 2.167774482586537488e-06 4.063130745635135099e-06 3.862371897866978543e-07 2.251486392879087362e-07 5.676215550920460373e-07 2.373229079921657103e-07 2.631770996686100261e-07 1.799822655357274925e-07 5.069300073046179023e-07 1.827376649998768698e-07 1.181527338189880538e-07
3.330000000000000000e+03 5.235389380686683580e-06 5.283422979118768126e-06 4.341910880611976609e-06 4.768742201122222468e-07 2.241378069811617024e-07 5.630153623314981814e-07 2.366507345641366555e-07 2.618850203361944295e-07 1.779476406227331609e-07 5.019959417040809058e-07 1.822917710114779766e-07 1.173973913637382793e-07 4.841631835006410256e-06 2.146573024219833314e-06 4.038092811242677271e-06 3.842951628030277789e-07 2.241378069811617024e-07 5.630153623314981814e-07 2.366507345641366555e-07 2.618850203361944295e-07 1.779476406227331609e-07 5.019959417040809058e-07 1.822917710114779766e-07 1.173973913637382793e-07
3.340000000000000000e+03 5.191342552279820666e-06 5.239845449978020042e-06 4.317762886785203591e-06 4.745338912925944896e-07 2.226426261131564388e-07 5.583601705438923091e-07 2.360207247420476051e-07 2.604207338663400151e-07 1.759271412993257400e-07 4.971068960912816692e-07 1.814896677387878299e-07 1.166986507428191544e-07 4.801409431820502505e-06 2.125640094163827598e-06 4.013319539808435366e-06 3.823601559815870132e-07 2.226426261131564388e-07 5.583601705438923091e-07 2.360207247420476051e-07 2.604207338663400151e-07 1.759271412993257400e-07 4.971068960912816692e-07 1.814896677387878299e-07 1.166986507428191544e-07
3.350000000000000000e+03 5.149943717697169632e-06 5.196875008550705388e-06 4.293941856303717941e-06 4.722043627225502860e-07 2.202302056275584619e-07 5.535645755117002409e-07 2.353921644271395053e-07 2.587505321116623236e-07 1.739045245585657540e-07 4.922449647892790381e-07 1.794967658952373313e-07 1.160566469593504735e-07 4.765032826981041580e-06 2.105148723785532638e-06 3.988890512118814513e-06 3.804343862157111289e-07 2.202302056275584619e-07 5.535645755117002409e-07 2.353921644271395053e-07 2.587505321116623236e-07 1.739045245585657540e-07 4.922449647892790381e-07 1.794967658952373313e-07 1.160566469593504735e-07
3.360000000000000000e+03 5.139162567502353340e-06 5.155396138434298337e-06 4.272200385457836092e-06 4.698925977209000848e-07 2.116956210329590249e-07 5.485023280016321223e-07 2.348931360529604717e-07 2.545063750858389540e-07 1.718984350418395479e-07 4.873127750215644483e-07 1.683527415252683568e-07 1.160293550128699280e-07 4.771250587509712204e-06 2.086243739540805109e-06 3.966430995205882937e-06 3.785280568990856409e-07 2.116956210329590249e-07 5.485023280016321223e-07 2.348931360529604717e-07 2.545063750858389540e-07 1.718984350418395479e-07 4.873127750215644483e-07 1.683527415252683568e-07 1.160293550128699280e-07
3.370000000000000000e+03 6.652142019447637722e-06 5.128743396198842674e-06 4.284180704416939989e-06 4.676790297253319295e-07 4.100837145415425766e-07 5.460476586449658498e-07 2.359074500191127299e-07 2.239703036366336164e-07 1.699368112895172089e-07 4.809579650100204162e-07 1.829808127240539761e-07 1.270218348281559884e-07 6.454151844081934541e-06 2.084342668240424246e-06 3.976248990511521697e-06 3.767958958178496687e-07 4.100837145415425766e-07 5.460476586449658498e-07 2.359074500191127299e-07 2.239703036366336164e-07 1.699368112895172089e-07 4.809579650100204162e-07 1.829808127240539761e-07 1.270218348281559884e-07
3.380000000000000000e+03 2.984672901220619678e-04 5.744581358158029616e-06 7.274496965692378581e-06 4.671199462791264523e-07 6.778381066396832466e-05 2.260673909404431470e-06 2.647630594765360001e-07 6.363085844895977061e-07 1.831784572914330056e-07 4.521846221905434504e-07 3.105658470303751528e-05 9.984329381040879525e-07 3.041434974875301123e-04 2.757428774202708155e-06 6.921285148564493284e-06 3.778499149120762013e-07 6.778381066396832466e-05 2.260673909404431470e-06 2.647630594765360001e-07 6.363085844895977061e-07 1.831784572914330056e-07 4.521846221905434504e-07 3.105658470303751528e-05 9.984329381040879525e-07
3.390000000000000000e+03 7.732061203569173813e-05 5.389177658798871562e-06 5.375187356548849493e-06 4.634050014828972053e-07 1.757322570483665913e-05 8.560296009818557650e-07 3.966035535540868295e-07 3.348952191117859911e-07 2.007247559276947868e-07 4.663658330628095428e-07 7.273012215591734275e-06 4.713157863989181351e-07 7.897031173342838883e-05 2.359557356612640433e-06 5.034257355873705819e-06 3.694328256642620545e-07 1.757322570483665913e-05 8.560296009818557650e-07 3.966035535540868295e-07 3.348952191117859911e-07 2.007247559276947868e-07 4.663658330628095428e-07 7.273012215591734275e-06 4.713157863989181351e-07
3.400000000000000000e+03 3.442528759478591383e-05 5.207003141549648717e-06 4.635563527699559927e-06 4.633327250758156879e-07 7.244824701047036797e-06 6.964494332351023331e-07 2.719507392612285912e-07 2.216370091900898842e-07 2.076798324424089515e-07 5.411578740677214228e-07 2.920678298323764466e-06 2.066045112769643310e-07 3.500465390970930457e-05 2.079210844385670498e-06 4.339208317105658352e-06 3.674048798529838677e-07 7.244824701047036797e-06 6.964494332351023331e-07 2.719507392612285912e-07 2.216370091900898842e-07 2.076798324424089515e-07 5.411578740677214228e-07 2.920678298323764466e-06 2.066045112769643310e-07
3.410000000000000000e+03 9.725565905682742596e-05 5.155297458259155974e-06 4.888309376838151366e-06 4.615311297584412387e-07 2.276610030094161630e-05 1.172705538010632154e-06 2.573001722794288071e-07 1.050747641784255393e-06 1.945115712942424580e-07 5.486967324941360857e-07 1.222550599777605385e-05 3.182954344538302394e-07 9.668799611972644925e-05 2.002286237257067114e-06 4.573363639792660251e-06 3.620925781433470547e-07 2.276610030094161630e-05 1.172705538010632154e-06 2.573001722794288071e-07 1.050747641784255393e-06 1.945115712942424580e-07 5.486967324941360857e-07 1.222550599777605385e-05 3.182954344538302394e-07
3.420000000000000000e+03 1.118561267503537238e-04 5.174378202355001122e-06 4.960105798090808094e-06 4.594935205659567146e-07 2.678445707715582103e-05 1.339120331067533698e-06 2.662627593963406980e-07 1.070800976776808966e-06 1.710858157366601517e-07 5.176465833756083157e-07 1.404408249072730541e-05 3.737963538696931209e-07 1.113606122089549899e-04 2.026037464020191692e-06 4.635850473277969286e-06 3.631336085163638927e-07 2.678445707715582103e-05 1.339120331067533698e-06 2.662627593963406980e-07 1.070800976776808966e-06 1.710858157366601517e-07 5.176465833756083157e-07 1.404408249072730541e-05 3.737963538696931209e-07
3.430000000000000000e+03 1.873611836344935000e-05 5.071246960142161697e-06 4.211693067190935835e-06 4.575843206566787558e-07 4.058892500324873254e-06 6.612726224375364836e-07 2.539919421451486414e-07 6.000190637678315397e-07 1.525896351495248382e-07 4.884138888883171603e-07 2.514096422601141967e-06 1.313304665018222295e-07 1.796664400899317116e-05 1.954309482243843377e-06 3.889479557983577251e-06 3.630288176736939931e-07 4.058892500324873254e-06 6.612726224375364836e-07 2.539919421451486414e-07 6.000190637678315397e-07 1.525896351495248382e-07 4.884138888883171603e-07 2.514096422601141967e-06 1.313304665018222295e-07
3.440000000000000000e+03 5.510793926077894866e-06 5.062134277977747843e-06 4.175261437922017649e-06 4.557671218208270147e-07 2.962809162454504985e-07 5.448029014587518759e-07 2.519111319543299032e-07 3.651726387943199370e-07 1.528020874275171082e-07 4.785256351169664413e-07 1.759454164584894897e-07 1.050984934636289836e-07 5.216266345087205991e-06 1.985413291549775749e-06 3.853709131362847984e-06 3.628794331689277897e-07 2.962809162454504985e-07 5.448029014587518759e-07 2.519111319543299032e-07 3.651726387943199370e-07 1.528020874275171082e-07 4.785256351169664413e-07 1.759454164584894897e-07 1.050984934636289836e-07
3.450000000000000000e+03 8.377317499252967536e-06 5.028445684729376808e-06 4.219191851007053629e-06 4.539917597412568284e-07 8.184017019630118739e-07 5.407196681517234538e-07 2.440410469262133120e-07 2.982939122375682928e-07 1.516104219945191289e-07 4.821964125767408404e-07 2.877415568036667537e-07 1.191025944535795134e-07 8.272724699054379016e-06 1.977417241505463608e-06 3.896418547810753807e-06 3.615341483964584768e-07 8.184017019630118739e-07 5.407196681517234538e-07 2.440410469262133120e-07 2.982939122375682928e-07 1.516104219945191289e-07 4.821964125767408404e-07 2.877415568036667537e-07 1.191025944535795134e-07
3.460000000000000000e+03 6.882014531583990902e-06 4.970759164280025288e-06 4.175467438471969217e-06 4.520265406426915433e-07 5.222905201662797481e-07 5.208373181631031912e-07 2.390825102338567376e-07 2.883317051782796625e-07 1.538570302273001289e-07 4.855421593674691394e-07 2.056210774981082068e-07 1.180804574119065364e-07 6.703800863760989159e-06 1.948121052919304930e-06 3.850243501801742241e-06 3.603198592827538960e-07 5.222905201662797481e-07 5.208373181631031912e-07 2.390825102338567376e-07 2.883317051782796625e-07 1.538570302273001289e-07 4.855421593674691394e-07 2.056210774981082068e-07 1.180804574119065364e-07
3.470000000000000000e+03 5.504153250512899831e-06 4.913679276796756312e-06 4.121512574783992022e-06 4.499731005580542842e-07 2.820562201577558881e-07 5.124130666445125826e-07 2.332064070742490003e-07 2.935098848411143990e-07 1.531207658445055131e-07 4.854476856053224765e-07 1.664112545540774590e-07 1.117881396339726052e-07 5.231132035987684503e-06 1.916573410198907368e-06 3.793813675656565465e-06 3.589416053273453144e-07 2.820562201577558881e-07 5.124130666445125826e-07 2.332064070742490003e-07 2.935098848411143990e-07 1.531207658445055131e-07 4.854476856053224765e-07 1.664112545540774590e-07 1.117881396339726052e-07
3.480000000000000000e+03 4.983469352737301961e-06 4.866761173616396263e-06 4.081598035554634407e-06 4.479024084957927698e-07 2.187652654583871481e-07 5.107536367177090142e-07 2.311934679255500669e-07 2.933733753707201686e-07 1.512100169520635973e-07 4.822519485969678499e-07 1.785111720664644963e-07 1.091943033770803595e-07 4.657269528252072632e-06 1.893423132059979253e-06 3.751468966584070586e-06 3.576425910978286993e-07 2.187652654583871481e-07 5.107536367177090142e-07 2.311934679255500669e-07 2.933733753707201686e-07 1.512100169520635973e-07 4.822519485969678499e-07 1.785111720664644963e-07 1.091943033770803595e-07
3.490000000000000000e+03 4.810943664779188111e-06 4.825793439522385597e-06 4.051141786476364359e-06 4.458196940504421946e-07 2.091425557182446937e-07 5.094018433737801388e-07 2.300514552189270034e-07 2.892069801418983843e-07 1.488991898668245994e-07 4.777313051818055101e-07 1.920813019751221873e-07 1.084217657876251906e-07 4.463357072381768376e-06 1.875346470114891417e-06 3.719133246704586782e-06 3.561900143722596113e-07 2.091425557182446937e-07 5.094018433737801388e-07 2.300514552189270034e-07 2.892069801418983843e-07 1.488991898668245994e-07 4.777313051818055101e-07 1.920813019751221873e-07 1.084217657876251906e-07
3.500000000000000000e+03 4.736957635032013059e-06 4.786595582118025050e-06 4.024788267997791991e-06 4.437139295987435617e-07 2.080561074535580701e-07 5.070322117717296351e-07 2.285486147002302459e-07 2.847934297278698068e-07 1.469753385663352674e-07 4.730713101253058994e-07 1.974948702354595298e-07 1.080261213814992516e-07 4.382683982839807868e-06 1.858773998719698284e-06 3.691469601108110510e-06 3.546427649325778475e-07 2.080561074535580701e-07 5.070322117717296351e-07 2.285486147002302459e-07 2.847934297278698068e-07 1.469753385663352674e-07 4.730713101253058994e-07 1.974948702354595298e-07 1.080261213814992516e-07
3.510000000000000000e+03 4.686786724050762132e-06 4.748569153889548033e-06 4.001244178652996197e-06 4.415914816036092816e-07 2.075179139637839398e-07 5.037259143136907369e-07 2.278655273357799160e-07 2.796555520490073832e-07 1.455859433008299675e-07 4.679590688283497002e-07 1.990165117149444995e-07 1.078954312561108964e-07 4.331028321757912636e-06 1.843321683736576233e-06 3.666909378807758912e-06 3.529961247750179609e-07 2.075179139637839398e-07 5.037259143136907369e-07 2.278655273357799160e-07 2.796555520490073832e-07 1.455859433008299675e-07 4.679590688283497002e-07 1.990165117149444995e-07 1.078954312561108964e-07
3.520000000000000000e+03 4.642517069441964850e-06 4.710988832812290639e-06 3.978537733928533271e-06 4.394664188112074044e-07 2.073926026469052886e-07 5.001996896680793725e-07 2.272021504268195713e-07 2.748359975157654844e-07 1.443729331640497549e-07 4.626961640497029293e-07 1.994218052914220607e-07 1.075043840614853252e-07 4.286760031391168013e-06 1.827840037549322005e-06 3.643543777798186056e-06 3.513119395393005107e-07 2.073926026469052886e-07 5.001996896680793725e-07 2.272021504268195713e-07 2.748359975157654844e-07 1.443729331640497549e-07 4.626961640497029293e-07 1.994218052914220607e-07 1.075043840614853252e-07
3.530000000000000000e+03 4.599131898430641741e-06 4.674008323490852490e-06 3.956107775593409315e-06 4.373361548459797632e-07 2.077376848319545388e-07 4.967020572621549945e-07 2.265264100742570008e-07 2.704799442199146142e-07 1.432475613682981930e-07 4.573578564759372966e-07 2.003356485147378407e-07 1.070362500854571408e-07 4.243357125233160332e-06 1.812673644963069819e-06 3.620579718699445948e-06 3.495920850582479034e-07 2.077376848319545388e-07 4.967020572621549945e-07 2.265264100742570008e-07 2.704799442199146142e-07 1.432475613682981930e-07 4.573578564759372966e-07 2.003356485147378407e-07 1.070362500854571408e-07
3.540000000000000000e+03 4.556797648547217250e-06 4.637683105102041736e-06 3.933853804483078420e-06 4.351983875494624954e-07 2.083813654962796136e-07 4.933710329169116449e-07 2.259231450807419606e-07 2.669314085324003827e-07 1.420133486362828990e-07 4.519189360507880338e-07 2.013582189874796313e-07 1.063872616668959381e-07 4.201277079118881375e-06 1.797756567611941136e-06 3.598014700401108712e-06 3.478572807580349036e-07 2.083813654962796136e-07 4.933710329169116449e-07 2.259231450807419606e-07 2.669314085324003827e-07 1.420133486362828990e-07 4.519189360507880338e-07 2.013582189874796313e-07 1.063872616668959381e-07
3.550000000000000000e+03 4.516635272011626512e-06 4.602085937222000211e-06 3.911980456905439496e-06 4.330565275267872494e-07 2.087065666955822962e-07 4.899653731627040543e-07 2.253716075983902556e-07 2.636010094647645019e-07 1.406539382742266753e-07 4.465526899366523139e-07 2.016609954580417252e-07 1.058204261994433182e-07 4.162176992394961417e-06 1.783197035365446936e-06 3.575893515517236665e-06 3.461071287347294856e-07 2.087065666955822962e-07 4.899653731627040543e-07 2.253716075983902556e-07 2.636010094647645019e-07 1.406539382742266753e-07 4.465526899366523139e-07 2.016609954580417252e-07 1.058204261994433182e-07
3.560000000000000000e+03 4.479545623325975612e-06 4.567183623294113204e-06 3.890581410814775154e-06 4.309134737923159264e-07 2.078098333413436194e-07 4.862943683292542119e-07 2.248227701784344390e-07 2.603333086881320924e-07 1.392464525906689232e-07 4.412804059938935097e-07 2.001527974471173366e-07 1.051584632705271360e-07 4.127894499106332660e-06 1.769077243807259947e-06 3.554334170985384844e-06 3.443436185079917777e-07 2.078098333413436194e-07 4.862943683292542119e-07 2.248227701784344390e-07 2.603333086881320924e-07 1.392464525906689232e-07 4.412804059938935097e-07 2.001527974471173366e-07 1.051584632705271360e-07
3.570000000000000000e+03 4.444641490408685058e-06 4.532925231615081429e-06 3.869572083203820512e-06 4.287701642624597298e-07 2.059685328958948958e-07 4.827263069273612928e-07 2.242713463829204557e-07 2.570849630956217879e-07 1.378004839125424041e-07 4.361237984085164499e-07 1.973363623619661666e-07 1.045997919391083997e-07 4.096921657037455589e-06 1.755228595357039012e-06 3.533253220666665584e-06 3.425698480441496940e-07 2.059685328958948958e-07 4.827263069273612928e-07 2.242713463829204557e-07 2.570849630956217879e-07 1.378004839125424041e-07 4.361237984085164499e-07 1.973363623619661666e-07 1.045997919391083997e-07
3.580000000000000000e+03 4.409001576277660206e-06 4.498851012613158673e-06 3.848653250315692276e-06 4.266260305030300515e-07 2.043628057890600758e-07 4.788124101651192177e-07 2.237356966361403465e-07 2.542342940614616964e-07 1.363344495075580198e-07 4.310646772864856757e-07 1.950034231867903145e-07 1.040063537516289216e-07 4.064982931595295668e-06 1.741463961479894351e-06 3.512337798383668996e-06 3.407864994642295642e-07 2.043628057890600758e-07 4.788124101651192177e-07 2.237356966361403465e-07 2.542342940614616964e-07 1.363344495075580198e-07 4.310646772864856757e-07 1.950034231867903145e-07 1.040063537516289216e-07
3.590000000000000000e+03 4.371344857645453885e-06 4.465053734747925773e-06 3.827678483503405005e-06 4.244826925514644245e-07 2.037692468093155185e-07 4.751463791308196960e-07 2.231593327906011837e-07 2.518159192277380498e-07 1.348987268556811614e-07 4.260986941062583355e-07 1.940281748602501466e-07 1.032673253575921990e-07 4.029674983030417934e-06 1.727711492094385903e-06 3.491439883873681538e-06 3.389964433608838590e-07 2.037692468093155185e-07 4.751463791308196960e-07 2.231593327906011837e-07 2.518159192277380498e-07 1.348987268556811614e-07 4.260986941062583355e-07 1.940281748602501466e-07 1.032673253575921990e-07
3.600000000000000000e+03 4.334128789196256548e-06 4.431645265867700800e-06 3.806856284427340142e-06 4.223431631089624716e-07 2.027906731427719933e-07 4.714177634923544247e-07 2.225930160193456686e-07 2.496013564723398304e-07 1.334358614712982671e-07 4.212303394979244331e-07 1.928572572751363623e-07 1.025788023412133043e-07 3.995185124949784949e-06 1.714071913738735020e-06 3.470746833045268431e-06 3.372029482306970749e-07 2.027906731427719933e-07 4.714177634923544247e-07 2.225930160193456686e-07 2.496013564723398304e-07 1.334358614712982671e-07 4.212303394979244331e-07 1.928572572751363623e-07 1.025788023412133043e-07
3.610000000000000000e+03 4.298140083847101778e-06 4.398494183988077566e-06 3.786248953474569134e-06 4.202065326808224199e-07 2.015085556195117533e-07 4.677694960264489055e-07 2.220128010321786860e-07 2.473925917456654133e-07 1.319820768230783870e-07 4.164173503795609577e-07 1.910682527750395820e-07 1.019006745650585799e-07 3.962398295698221773e-06 1.700597181297780480e-06 3.450287522355210967e-06 3.354091688834159868e-07 2.015085556195117533e-07 4.677694960264489055e-07 2.220128010321786860e-07 2.473925917456654133e-07 1.319820768230783870e-07 4.164173503795609577e-07 1.910682527750395820e-07 1.019006745650585799e-07
3.620000000000000000e+03 4.261038611730327830e-06 4.365595486888196319e-06 3.765652309084543958e-06 4.180739381354214856e-07 2.006741937066180981e-07 4.640537270006461767e-07 2.214454042359648156e-07 2.454572722854209132e-07 1.305264447637455305e-07 4.116891716421378078e-07 1.899773707236818154e-07 1.011853640875415294e-07 3.927929355995729566e-06 1.687135522843163926e-06 3.429862090342794545e-06 3.336149916322028730e-07 2.006741937066180981e-07 4.640537270006461767e-07 2.214454042359648156e-07 2.454572722854209132e-07 1.305264447637455305e-07 4.116891716421378078e-07 1.899773707236818154e-07 1.011853640875415294e-07
3.630000000000000000e+03 4.224415988574037328e-06 4.332997832534601912e-06 3.745205049199284986e-06 4.159461184372048592e-07 1.997014891230719513e-07 4.603034540195949376e-07 2.208665108582863468e-07 2.436220256640808657e-07 1.290527791297790827e-07 4.070500949637789745e-07 1.887296861013965099e-07 1.004811949201211974e-07 3.894093424605671316e-06 1.673789483902510256e-06 3.409624014238943346e-06 3.318221217796235578e-07 1.997014891230719513e-07 4.603034540195949376e-07 2.208665108582863468e-07 2.436220256640808657e-07 1.290527791297790827e-07 4.070500949637789745e-07 1.887296861013965099e-07 1.004811949201211974e-07
3.640000000000000000e+03 4.187761533103184775e-06 4.300628006603801623e-06 3.724852376763010398e-06 4.138242104545497568e-07 1.988047841905427049e-07 4.566293796415266115e-07 2.202904028081320575e-07 2.418441340523713734e-07 1.275698053859741776e-07 4.024961413051642012e-07 1.876056501259881770e-07 9.977514991987845860e-08 3.860131982946768403e-06 1.660547468418371864e-06 3.389488711036392488e-06 3.300305593256780412e-07 1.988047841905427049e-07 4.566293796415266115e-07 2.202904028081320575e-07 2.418441340523713734e-07 1.275698053859741776e-07 4.024961413051642012e-07 1.876056501259881770e-07 9.977514991987845860e-08
3.650000000000000000e+03 4.151960183662595227e-06 4.268550128472270444e-06 3.704606797327869572e-06 4.117088678867730778e-07 1.975976431367598707e-07 4.529607053882500622e-07 2.197261466108102468e-07 2.401271785856806673e-07 1.260838047301149345e-07 3.980017027060966939e-07 1.860948231069414760e-07 9.911201459544827230e-08 3.827238742815097794e-06 1.647408339522371534e-06 3.369510523043572903e-06 3.282433738149848068e-07 1.975976431367598707e-07 4.529607053882500622e-07 2.197261466108102468e-07 2.401271785856806673e-07 1.260838047301149345e-07 3.980017027060966939e-07 1.860948231069414760e-07 9.911201459544827230e-08
3.660000000000000000e+03 4.115052888664649799e-06 4.236593213136075065e-06 3.684388275360106491e-06 4.095987264918221626e-07 1.969247023225761950e-07 4.493669791827414883e-07 2.191532786355310236e-07 2.385933726145594846e-07 1.246082206307619344e-07 3.935981283120781882e-07 1.853440210197732085e-07 9.845388859730519471e-08 3.792732513829832897e-06 1.634316276977187954e-06 3.349555527165648527e-06 3.264578367634385359e-07 1.969247023225761950e-07 4.493669791827414883e-07 2.191532786355310236e-07 2.385933726145594846e-07 1.246082206307619344e-07 3.935981283120781882e-07 1.853440210197732085e-07 9.845388859730519471e-08
3.670000000000000000e+03 4.079362042830325663e-06 4.205001459922641516e-06 3.664356427179882303e-06 4.074957757893571397e-07 1.958039064220429282e-07 4.458949831587233348e-07 2.185861376347020268e-07 2.370157687892060494e-07 1.231351518526935251e-07 3.892603217536816373e-07 1.839759846689048572e-07 9.778080567457436700e-08 3.759838818950811401e-06 1.621382352823275141e-06 3.329791297801421024e-06 3.246784103794198018e-07 1.958039064220429282e-07 4.458949831587233348e-07 2.185861376347020268e-07 2.370157687892060494e-07 1.231351518526935251e-07 3.892603217536816373e-07 1.839759846689048572e-07 9.778080567457436700e-08
3.680000000000000000e+03 4.043568878842052072e-06 4.173602519585983828e-06 3.644432808869169094e-06 4.053998452491214266e-07 1.948831851450449903e-07 4.422261667968996335e-07 2.180158134024168248e-07 2.354644124125115923e-07 1.216580329810312833e-07 3.849981737857888220e-07 1.827822870836826041e-07 9.713937743072165176e-08 3.726715249285916798e-06 1.608538241271162406e-06 3.310166675873915665e-06 3.229027925044647418e-07 1.948831851450449903e-07 4.422261667968996335e-07 2.180158134024168248e-07 2.354644124125115923e-07 1.216580329810312833e-07 3.849981737857888220e-07 1.827822870836826041e-07 9.713937743072165176e-08
3.690000000000000000e+03 4.007096322311554104e-06 4.142370926274452358e-06 3.624481678343727253e-06 4.033099969547038199e-07 1.941970566576856072e-07 4.387501633118517930e-07 2.174482034433822264e-07 2.341450198173333774e-07 1.201771624437242281e-07 3.808075064171134727e-07 1.820519628381589428e-07 9.646583265521257999e-08 3.692540303745772690e-06 1.595733124304388184e-06 3.290519089205190539e-06 3.211323473806260154e-07 1.941970566576856072e-07 4.387501633118517930e-07 2.174482034433822264e-07 2.341450198173333774e-07 1.201771624437242281e-07 3.808075064171134727e-07 1.820519628381589428e-07 9.646583265521257999e-08
3.700000000000000000e+03 3.971111254941206425e-06 4.111438101972453296e-06 3.604710627769236453e-06 4.012283056908927392e-07 1.934195381636527600e-07 4.351734048668731702e-07 2.168835209204189596e-07 2.327367099042021437e-07 1.187200666663557058e-07 3.766632516999379732e-07 1.811671950235904660e-07 9.588011806727081421e-08 3.659056346805300564e-06 1.583033395036181901e-06 3.271065679655293934e-06 3.193677002855110914e-07 1.934195381636527600e-07 4.351734048668731702e-07 2.168835209204189596e-07 2.327367099042021437e-07 1.187200666663557058e-07 3.766632516999379732e-07 1.811671950235904660e-07 9.588011806727081421e-08
3.710000000000000000e+03 3.935708264179993421e-06 4.080716280441265553e-06 3.585008926165755838e-06 3.991531229985412210e-07 1.924868655578393373e-07 4.318607409459218616e-07 2.163362040619176696e-07 2.313444156243349425e-07 1.172625161416362971e-07 3.725868964465917088e-07 1.800773077320627635e-07 9.519613541897342657e-08 3.626131046985392459e-06 1.570533072481339332e-06 3.251673888371442445e-06 3.176087091105728177e-07 1.924868655578393373e-07 4.318607409459218616e-07 2.163362040619176696e-07 2.313444156243349425e-07 1.172625161416362971e-07 3.725868964465917088e-07 1.800773077320627635e-07 9.519613541897342657e-08
3.720000000000000000e+03 3.899577677657362074e-06 4.050152710988186300e-06 3.565404313121689484e-06 3.970849320467095822e-07 1.919398044947229209e-07 4.284233625639899401e-07 2.157837855065736221e-07 2.301107144830893958e-07 1.158314546501060249e-07 3.685839544687041780e-07 1.794701489643557579e-07 9.463442296464563697e-08 3.592196890167542733e-06 1.557959194542490877e-06 3.232396238672663458e-06 3.158539527703396743e-07 1.919398044947229209e-07 4.284233625639899401e-07 2.157837855065736221e-07 2.301107144830893958e-07 1.158314546501060249e-07 3.685839544687041780e-07 1.794701489643557579e-07 9.463442296464563697e-08
3.730000000000000000e+03 3.854687747661955655e-06 4.019261723442468792e-06 3.544916580722201616e-06 3.950213169900962384e-07 1.972256171711705974e-07 4.253070073900744319e-07 2.151723492715973407e-07 2.303048489693537704e-07 1.143752967891487060e-07 3.647089670266723260e-07 1.861156988525181077e-07 9.374583243015877088e-08 3.543772436387371272e-06 1.544856900181912351e-06 3.212247975170612335e-06 3.140999069728422910e-07 1.972256171711705974e-07 4.253070073900744319e-07 2.151723492715973407e-07 2.303048489693537704e-07 1.143752967891487060e-07 3.647089670266723260e-07 1.861156988525181077e-07 9.374583243015877088e-08
3.740000000000000000e+03 4.262847596692154184e-06 3.981808731623459607e-06 3.516147671689395793e-06 3.929211516151553951e-07 4.293259792120807106e-07 4.291473487683106214e-07 2.139051105132239172e-07 2.541607102557463804e-07 1.130227005319284217e-07 3.618823427586903563e-07 3.678805171603016788e-07 9.042881288223725278e-08 3.872381967084947973e-06 1.521957756267511286e-06 3.183949502272298560e-06 3.122631540009024320e-07 4.293259792120807106e-07 4.291473487683106214e-07 2.139051105132239172e-07 2.541607102557463804e-07 1.130227005319284217e-07 3.618823427586903563e-07 3.678805171603016788e-07 9.042881288223725278e-08
3.750000000000000000e+03 2.685810031834989786e-04 4.256260126567212865e-06 5.739068910770583898e-06 3.901579361809126567e-07 6.631951691815629601e-05 2.314126277269679122e-06 2.006494668194136466e-07 1.684227640907920431e-06 1.254413461992953671e-07 3.806291601904376876e-07 3.303633639006875455e-05 7.523659064645471517e-07 2.696956216823309660e-04 1.739420213198172860e-06 5.384665200836025178e-06 3.087419599978602491e-07 6.631951691815629601e-05 2.314126277269679122e-06 2.006494668194136466e-07 1.684227640907920431e-06 1.254413461992953671e-07 3.806291601904376876e-07 3.303633639006875455e-05 7.523659064645471517e-07
3.760000000000000000e+03 4.522153176367282867e-05 4.206935045658610761e-06 4.424715825734892860e-06 3.895300437761761714e-07 1.026579957397188991e-05 6.093229671932931524e-07 4.107837412448134273e-07 3.059863331600354286e-07 1.408051701901058550e-07 3.545545723682153039e-07 3.718562538779224269e-06 3.701651962728647050e-07 4.617478407453745604e-05 1.754946651999489404e-06 4.071182047482579947e-06 3.049147210276714759e-07 1.026579957397188991e-05 6.093229671932931524e-07 4.107837412448134273e-07 3.059863331600354286e-07 1.408051701901058550e-07 3.545545723682153039e-07 3.718562538779224269e-06 3.701651962728647050e-07
3.770000000000000000e+03 6.030282238498330116e-04 5.209201844991184771e-06 9.922120625560637563e-06 3.953000486944802105e-07 1.441924541722983122e-04 4.989586159354075789e-06 3.000573940425965702e-07 1.511591790404054336e-06 1.749068445633383817e-07 4.103810624656034634e-07 6.405930616892874241e-05 2.004116822718060575e-06 6.127313245087862015e-04 2.619166934891836718e-06 9.587819477019365877e-06 3.098468255302577745e-07 1.441924541722983122e-04 4.989586159354075789e-06 3.000573940425965702e-07 1.511591790404054336e-06 1.749068445633383817e-07 4.103810624656034634e-07 6.405930616892874241e-05 2.004116822718060575e-06
3.780000000000000000e+03 1.890606072265654802e-04 4.619084847945487127e-06 5.574574515776475891e-06 3.934314065645594383e-07 4.410291512613184750e-05 1.845284600676677655e-06 2.847185953669395531e-07 4.650984806175983977e-07 1.323045495382757508e-07 4.046219430620112689e-07 1.845572296588215977e-05 7.245553774737345520e-07 1.925938413478434086e-04 2.009972831729101017e-06 5.252702067082282156e-06 3.047842369596764911e-07 4.410291512613184750e-05 1.845284600676677655e-06 2.847185953669395531e-07 4.650984806175983977e-07 1.323045495382757508e-07 4.046219430620112689e-07 1.845572296588215977e-05 7.245553774737345520e-07
3.790000000000000000e+03 1.035667519317939878e-04 4.132398771616863087e-06 4.279906988813308999e-06 3.886368915573257254e-07 2.476515692251268774e-05 1.223739900524378754e-06 2.664175156041892478e-07 1.180487174679001328e-06 1.185980309514889086e-07 4.083838405222195433e-07 1.351163245999487117e-05 4.351824145487626083e-07 1.032692598528228700e-04 1.513726033408602234e-06 3.895620466209948063e-06 3.017659935267147375e-07 2.476515692251268774e-05 1.223739900524378754e-06 2.664175156041892478e-07 1.180487174679001328e-06 1.185980309514889086e-07 4.083838405222195433e-07 1.351163245999487117e-05 4.351824145487626083e-07
3.800000000000000000e+03 5.963609055470442399e-06 4.029296633234480396e-06 3.498332262097392231e-06 3.860846220504754456e-07 9.593045433575753123e-07 4.772704755851009395e-07 2.480167609064665157e-07 4.589112450048560277e-07 1.020009747776384756e-07 3.862207051952282200e-07 8.635346375740482472e-07 9.876942641540154000e-08 5.445728675113059580e-06 1.447719341740594245e-06 3.136322902719257399e-06 3.009280078458687058e-07 9.593045433575753123e-07 4.772704755851009395e-07 2.480167609064665157e-07 4.589112450048560277e-07 1.020009747776384756e-07 3.862207051952282200e-07 8.635346375740482472e-07 9.876942641540154000e-08
3.810000000000000000e+03 2.144564678019378334e-05 4.085559794475557283e-06 3.762690084840869531e-06 3.839485316348145716e-07 3.900085175700951368e-06 5.667320124302932527e-07 2.407167301043955376e-07 2.702934125409228727e-07 1.018377346895249502e-07 3.771344836422940716e-07 1.292843194278248120e-06 1.584005957511180895e-07 2.183522519771941006e-05 1.549950297885516193e-06 3.410432327655144036e-06 3.004658708505303366e-07 3.900085175700951368e-06 5.667320124302932527e-07 2.407167301043955376e-07 2.702934125409228727e-07 1.018377346895249502e-07 3.771344836422940716e-07 1.292843194278248120e-06 1.584005957511180895e-07
3.820000000000000000e+03 3.739126441359985620e-06 3.957032731705112383e-06 3.487260983092710376e-06 3.819446021680050762e-07 2.421850808786984999e-07 4.121419863167830044e-07 2.251735367053697701e-07 3.478263010947557632e-07 1.010487693520190078e-07 3.907052530394139467e-07 3.025882620022457559e-07 9.126191002906125505e-08 3.387387778275297023e-06 1.433502575309830718e-06 3.127798436253215186e-06 2.990841494465712458e-07 2.421850808786984999e-07 4.121419863167830044e-07 2.251735367053697701e-07 3.478263010947557632e-07 1.010487693520190078e-07 3.907052530394139467e-07 3.025882620022457559e-07 9.126191002906125505e-08
3.830000000000000000e+03 5.420375600806437433e-06 3.907221525878412649e-06 3.453274757703184150e-06 3.802218486725905677e-07 8.267477937806688715e-07 4.268563031928351847e-07 2.208902998290795949e-07 3.690716710025299108e-07 1.024717093400795420e-07 3.952795850636903197e-07 7.721880024291749578e-07 9.426168645632060361e-08 4.940378403262002394e-06 1.404258682669023983e-06 3.090587597398553044e-06 2.980112867589923553e-07 8.267477937806688715e-07 4.268563031928351847e-07 2.208902998290795949e-07 3.690716710025299108e-07 1.024717093400795420e-07 3.952795850636903197e-07 7.721880024291749578e-07 9.426168645632060361e-08
3.840000000000000000e+03 3.708988060679985210e-06 3.886063495883718133e-06 3.440437012613983825e-06 3.785384592447371688e-07 2.128935676637411234e-07 4.078441691035550321e-07 2.182254092986113392e-07 2.964904410873714369e-07 1.006876502174236521e-07 3.897891645010531647e-07 2.633041447097639320e-07 9.438110737391980365e-08 3.378134351805783808e-06 1.410980871696665417e-06 3.077735755141475238e-06 2.973450250465248246e-07 2.128935676637411234e-07 4.078441691035550321e-07 2.182254092986113392e-07 2.964904410873714369e-07 1.006876502174236521e-07 3.897891645010531647e-07 2.633041447097639320e-07 9.438110737391980365e-08
3.850000000000000000e+03 4.067088866577250883e-06 3.863084202748723328e-06 3.430463493714341894e-06 3.767666783005552134e-07 2.136847854217194254e-07 4.084169802354153944e-07 2.154818048438755795e-07 2.634450595451198751e-07 9.942564105358542292e-08 3.848550136353878770e-07 1.749823468344402499e-07 9.872972839275462320e-08 3.811510623563663103e-06 1.412169808645558078e-06 3.066078079427825287e-06 2.961833729386853520e-07 2.136847854217194254e-07 4.084169802354153944e-07 2.154818048438755795e-07 2.634450595451198751e-07 9.942564105358542292e-08 3.848550136353878770e-07 1.749823468344402499e-07 9.872972839275462320e-08
3.860000000000000000e+03 3.784005684792646207e-06 3.831059984804596752e-06 3.400688456167699769e-06 3.749192387658695225e-07 1.882384879081655527e-07 4.070841157499671681e-07 2.140930064342683181e-07 2.619574104301136686e-07 9.794485578140665893e-08 3.799370915658073500e-07 1.982552078061416978e-07 9.681013324325249414e-08 3.496814997561159544e-06 1.399463940288114827e-06 3.035414920304901898e-06 2.948626729448733386e-07 1.882384879081655527e-07 4.070841157499671681e-07 2.140930064342683181e-07 2.619574104301136686e-07 9.794485578140665893e-08 3.799370915658073500e-07 1.982552078061416978e-07 9.681013324325249414e-08
3.870000000000000000e+03 3.645693823273177259e-06 3.800829517786041833e-06 3.374268999323248863e-06 3.730426954007270979e-07 1.985647486435482278e-07 4.053345037391409278e-07 2.132719458813880919e-07 2.619002259507396957e-07 9.694313263253206969e-08 3.750400878743676003e-07 2.348199501511771814e-07 9.516197252423808095e-08 3.329784931338508613e-06 1.388367536492296495e-06 3.008725343534024432e-06 2.933809639671380864e-07 1.985647486435482278e-07 4.053345037391409278e-07 2.132719458813880919e-07 2.619002259507396957e-07 9.694313263253206969e-08 3.750400878743676003e-07 2.348199501511771814e-07 9.516197252423808095e-08
3.880000000000000000e+03 3.614319894040818326e-06 3.772925992961972952e-06 3.354161663082777523e-06 3.711568012931820704e-07 2.024930410016168025e-07 4.029975571029353887e-07 2.122281301808470744e-07 2.569038883848406840e-07 9.633038899892198970e-08 3.698031889598496491e-07 2.389611495345889125e-07 9.449392024407643476e-08 3.295722081020358019e-06 1.380036223963543307e-06 2.988789447044837289e-06 2.918514780958503252e-07 2.024930410016168025e-07 4.029975571029353887e-07 2.122281301808470744e-07 2.569038883848406840e-07 9.633038899892198970e-08 3.698031889598496491e-07 2.389611495345889125e-07 9.449392024407643476e-08
3.890000000000000000e+03 3.592195980672840960e-06 3.746751417565974407e-06 3.336718691571149975e-06 3.692550194500654470e-07 1.953112871433404507e-07 4.002248203960334649e-07 2.116071584623568924e-07 2.494235502581432229e-07 9.578873516602470772e-08 3.641751789018599084e-07 2.265583987082209205e-07 9.410432255663181422e-08 3.281470071669900790e-06 1.373338250232336577e-06 2.971711410282296129e-06 2.902915809954720316e-07 1.953112871433404507e-07 4.002248203960334649e-07 2.116071584623568924e-07 2.494235502581432229e-07 9.578873516602470772e-08 3.641751789018599084e-07 2.265583987082209205e-07 9.410432255663181422e-08
3.900000000000000000e+03 3.572229843484819867e-06 3.721259190569981001e-06 3.319587676742230542e-06 3.673357014122302644e-07 1.893416907705613994e-07 3.974370486048428575e-07 2.110317893766477937e-07 2.426319554160727421e-07 9.507701292932324577e-08 3.585259378269256558e-07 2.150858762206553365e-07 9.358100783174450044e-08 3.269331500632688403e-06 1.366770106869807933e-06 2.955159061457379721e-06 2.886948209379625041e-07 1.893416907705613994e-07 3.974370486048428575e-07 2.110317893766477937e-07 2.426319554160727421e-07 9.507701292932324577e-08 3.585259378269256558e-07 2.150858762206553365e-07 9.358100783174450044e-08
3.910000000000000000e+03 3.548741688064183109e-06 3.695989562402246520e-06 3.302132881799479946e-06 3.653994156138651306e-07 1.860255451902048662e-07 3.946595938941754866e-07 2.104437015759685892e-07 2.375929994968828396e-07 9.429237479707808234e-08 3.530509786742186407e-07 2.080769689882799867e-07 9.292466529586818069e-08 3.251045654906192794e-06 1.359922293886484113e-06 2.938430952781345695e-06 2.870741013794031460e-07 1.860255451902048662e-07 3.946595938941754866e-07 2.104437015759685892e-07 2.375929994968828396e-07 9.429237479707808234e-08 3.530509786742186407e-07 2.080769689882799867e-07 9.292466529586818069e-08
3.920000000000000000e+03 3.521814278428792022e-06 3.671158083307091147e-06 3.284555305071990006e-06 3.634516474448901135e-07 1.840630687865996151e-07 3.920023630143987248e-07 2.098642255532467971e-07 2.336606144126562867e-07 9.334802797411612119e-08 3.478045869087509345e-07 2.037728421555584646e-07 9.210867801812128164e-08 3.227695287932874635e-06 1.353009565718821250e-06 2.921718532888917252e-06 2.854281717645790195e-07 1.840630687865996151e-07 3.920023630143987248e-07 2.098642255532467971e-07 2.336606144126562867e-07 9.334802797411612119e-08 3.478045869087509345e-07 2.037728421555584646e-07 9.210867801812128164e-08
3.930000000000000000e+03 3.492901441859430633e-06 3.646555114755756222e-06 3.267052534283720888e-06 3.614959496189840138e-07 1.827988711511352449e-07 3.889952893132431200e-07 2.092865116765096900e-07 2.303777364431880414e-07 9.239533937943633646e-08 3.427699084568303078e-07 2.007567019290945609e-07 9.122339150735570001e-08 3.201550953235710040e-06 1.345943474007071927e-06 2.905162546085193753e-06 2.837659565102512715e-07 1.827988711511352449e-07 3.889952893132431200e-07 2.092865116765096900e-07 2.303777364431880414e-07 9.239533937943633646e-08 3.427699084568303078e-07 2.007567019290945609e-07 9.122339150735570001e-08
3.940000000000000000e+03 3.463588882368640043e-06 3.622143140091793612e-06 3.249650490033673123e-06 3.595342263906786684e-07 1.816520551756184432e-07 3.861849222630553413e-07 2.087115262838779017e-07 2.275165513765387004e-07 9.144695667373525794e-08 3.378891619831847493e-07 1.980935167011921294e-07 9.027723990584490821e-08 3.174858875354402699e-06 1.338831680186558515e-06 2.888798462663544342e-06 2.820907525347138289e-07 1.816520551756184432e-07 3.861849222630553413e-07 2.087115262838779017e-07 2.275165513765387004e-07 9.144695667373525794e-08 3.378891619831847493e-07 1.980935167011921294e-07 9.027723990584490821e-08
3.950000000000000000e+03 3.434034624660853297e-06 3.597859404180780984e-06 3.232365770600154065e-06 3.575697462565585738e-07 1.807098186645816895e-07 3.832869879261124879e-07 2.081438736922791577e-07 2.249908561680058483e-07 9.049473703726107487e-08 3.331353468638553750e-07 1.957000108632200863e-07 8.936866890962846810e-08 3.147791630908614025e-06 1.331628482148516923e-06 2.872593086067354307e-06 2.804084431318187853e-07 1.807098186645816895e-07 3.832869879261124879e-07 2.081438736922791577e-07 2.249908561680058483e-07 9.049473703726107487e-08 3.331353468638553750e-07 1.957000108632200863e-07 8.936866890962846810e-08
3.960000000000000000e+03 3.404877361390390433e-06 3.573833964765071869e-06 3.215191782146575861e-06 3.556046976882498711e-07 1.796160375988620217e-07 3.803013157721579773e-07 2.075418450431243400e-07 2.227004927135567414e-07 8.951950292157562217e-08 3.285108221007249085e-07 1.932228457235396490e-07 8.848863330968015362e-08 3.121188910881755874e-06 1.324366280641697813e-06 2.856541186702088453e-06 2.787222399547317764e-07 1.796160375988620217e-07 3.803013157721579773e-07 2.075418450431243400e-07 2.227004927135567414e-07 8.951950292157562217e-08 3.285108221007249085e-07 1.932228457235396490e-07 8.848863330968015362e-08
3.970000000000000000e+03 3.375372671143850312e-06 3.549914026734768413e-06 3.198058038833551109e-06 3.536419797001144616e-07 1.786549717053276254e-07 3.775437562580918893e-07 2.069608200372385909e-07 2.206117102332427748e-07 8.854843258632172365e-08 3.240067769638699247e-07 1.910469933363856399e-07 8.755009162086935248e-08 3.094155090366257355e-06 1.317075088991259690e-06 2.840553406713297591e-06 2.770362073079013498e-07 1.786549717053276254e-07 3.775437562580918893e-07 2.069608200372385909e-07 2.206117102332427748e-07 8.854843258632172365e-08 3.240067769638699247e-07 1.910469933363856399e-07 8.755009162086935248e-08
3.980000000000000000e+03 3.345743834870518185e-06 3.526103682816028595e-06 3.181022975695668720e-06 3.516821607263409533e-07 1.777820841653010575e-07 3.745300887203484308e-07 2.063693784748465987e-07 2.187714756018976914e-07 8.754851421599596506e-08 3.196313116404780885e-07 1.890297056661438546e-07 8.669579898423762643e-08 3.066913222937728278e-06 1.309625076828524470e-06 2.824665216394350864e-06 2.753506294084218098e-07 1.777820841653010575e-07 3.745300887203484308e-07 2.063693784748465987e-07 2.187714756018976914e-07 8.754851421599596506e-08 3.196313116404780885e-07 1.890297056661438546e-07 8.669579898423762643e-08
3.990000000000000000e+03 3.316367610750603490e-06 3.502415211187326349e-06 3.164069312333595008e-06 3.497264629004348535e-07 1.768868713725169073e-07 3.715428817940846784e-07 2.058066996823981754e-07 2.169704913512759958e-07 8.655705840965310927e-08 3.153716079395962879e-07 1.870280073035246460e-07 8.584515143184034969e-08 3.039889179490273818e-06 1.302174041484249756e-06 2.808865247061476111e-06 2.736684336923644878e-07 1.768868713725169073e-07 3.715428817940846784e-07 2.058066996823981754e-07 2.169704913512759958e-07 8.655705840965310927e-08 3.153716079395962879e-07 1.870280073035246460e-07 8.584515143184034969e-08
4.000000000000000000e+03 3.286809715064009652e-06 3.478861344774486497e-06 3.147088136756792665e-06 3.477771315374411643e-07 1.760598848932204419e-07 3.688541880819684593e-07 2.052303642585684429e-07 2.153311839947491535e-07 8.554192731935472693e-08 3.112157287432637531e-07 1.852783100275701145e-07 8.498791004285521922e-08 3.012444494743249379e-06 1.294684921049338300e-06 2.793032308545662090e-06 2.719908991366537521e-07 1.760598848932204419e-07 3.688541880819684593e-07 2.052303642585684429e-07 2.153311839947491535e-07 8.554192731935472693e-08 3.112157287432637531e-07 1.852783100275701145e-07 8.498791004285521922e-08
4.010000000000000000e+03 3.257508069509640336e-06 3.455390015005832538e-06 3.130227469227975234e-06 3.458336266248807078e-07 1.752743656879829359e-07 3.660072991351626115e-07 2.046563594149120036e-07 2.138650359029270476e-07 8.453645250483532436e-08 3.071546359478816157e-07 1.834794716160104144e-07 8.417614338895873516e-08 2.985462060678401031e-06 1.287086661250214092e-06 2.777338977466570213e-06 2.703191910313762492e-07 1.752743656879829359e-07 3.660072991351626115e-07 2.046563594149120036e-07 2.138650359029270476e-07 8.453645250483532436e-08 3.071546359478816157e-07 1.834794716160104144e-07 8.417614338895873516e-08
4.020000000000000000e+03 3.228302830393658951e-06 3.431983486734679900e-06 3.113437060164869763e-06 3.438967439706175355e-07 1.744715518725570291e-07 3.633051619544858113e-07 2.041020792376002646e-07 2.123795468378375517e-07 8.352774472086821334e-08 3.032159554550162284e-07 1.817374055690379464e-07 8.342485813273015083e-08 2.958420736831612885e-06 1.279487150895874947e-06 2.761707946774549782e-06 2.686530820028565358e-07 1.744715518725570291e-07 3.633051619544858113e-07 2.041020792376002646e-07 2.123795468378375517e-07 8.352774472086821334e-08 3.032159554550162284e-07 1.817374055690379464e-07 8.342485813273015083e-08
4.030000000000000000e+03 3.199209686499671079e-06 3.408765905987820588e-06 3.096697128057712689e-06 3.419670520088402554e-07 1.736152199782736716e-07 3.603812217534141382e-07 2.035578319237174583e-07 2.109965606678088079e-07 8.248793648135688272e-08 2.993724592670332640e-07 1.800545987862278707e-07 8.265392636985779973e-08 2.931492872448870912e-06 1.271899236598983407e-06 2.746117843344109133e-06 2.669939078714378411e-07 1.736152199782736716e-07 3.603812217534141382e-07 2.035578319237174583e-07 2.109965606678088079e-07 8.248793648135688272e-08 2.993724592670332640e-07 1.800545987862278707e-07 8.265392636985779973e-08
4.040000000000000000e+03 3.170350964865065180e-06 3.385647460163454525e-06 3.080045416936627589e-06 3.400459149816015270e-07 1.728124061628477648e-07 3.577770826268533710e-07 2.029972421269121696e-07 2.096418967312274617e-07 8.146322727498045424e-08 2.956330149572750088e-07 1.783402723276594770e-07 8.195144118872121908e-08 2.904866050812415779e-06 1.264239585907489527e-06 2.730607320700073615e-06 2.653428055054973811e-07 1.728124061628477648e-07 3.577770826268533710e-07 2.029972421269121696e-07 2.096418967312274617e-07 8.146322727498045424e-08 2.956330149572750088e-07 1.783402723276594770e-07 8.195144118872121908e-08
4.050000000000000000e+03 3.141452680210932158e-06 3.362536290296702646e-06 3.063433041461394168e-06 3.381322244422335643e-07 1.720650715242300066e-07 3.550109965999581618e-07 2.024762437713434338e-07 2.083857850720960414e-07 8.045401500567095354e-08 2.919766757258912548e-07 1.767706692135107005e-07 8.124928285724308807e-08 2.878041414078325033e-06 1.256546397598867770e-06 2.715132268349407241e-06 2.636996043747785734e-07 1.720650715242300066e-07 3.550109965999581618e-07 2.024762437713434338e-07 2.083857850720960414e-07 8.045401500567095354e-08 2.919766757258912548e-07 1.767706692135107005e-07 8.124928285724308807e-08
4.060000000000000000e+03 3.112921604042639956e-06 3.339651129863341339e-06 3.046910478587960824e-06 3.362269751505664317e-07 1.712749053695006296e-07 3.524050384839938488e-07 2.019502716166243772e-07 2.070980684720780118e-07 7.943218349737435346e-08 2.883948013732151594e-07 1.751246543335582828e-07 8.057050138177146437e-08 2.851639465006883256e-06 1.248921421392878983e-06 2.699727019717101939e-06 2.620649297568888869e-07 1.712749053695006296e-07 3.524050384839938488e-07 2.019502716166243772e-07 2.070980684720780118e-07 7.943218349737435346e-08 2.883948013732151594e-07 1.751246543335582828e-07 8.057050138177146437e-08
4.070000000000000000e+03 3.084468744418700226e-06 3.316802121844375506e-06 3.030464085895800963e-06 3.343299681546341162e-07 1.705569445675791940e-07 3.498097100873565068e-07 2.014169666608722764e-07 2.058704353657958563e-07 7.840834825856290990e-08 2.849014606454147724e-07 1.735887025233751046e-07 7.993880757339866250e-08 2.825171122822212055e-06 1.241249151462398004e-06 2.684379978745710105e-06 2.604394637728546513e-07 1.705569445675791940e-07 3.498097100873565068e-07 2.014169666608722764e-07 2.058704353657958563e-07 7.840834825856290990e-08 2.849014606454147724e-07 1.735887025233751046e-07 7.993880757339866250e-08
4.080000000000000000e+03 3.055986780964303762e-06 3.294042016932507977e-06 3.014084086316870525e-06 3.324413739846932003e-07 1.697859630667153397e-07 3.472474929822055856e-07 2.009085022791623487e-07 2.046933644805903896e-07 7.741098073665853008e-08 2.814886386204307200e-07 1.720801492410828359e-07 7.935676649140077643e-08 2.798829655148438178e-06 1.233548005075135734e-06 2.669106379471486434e-06 2.588217569154949160e-07 1.697859630667153397e-07 3.472474929822055856e-07 2.009085022791623487e-07 2.046933644805903896e-07 7.741098073665853008e-08 2.814886386204307200e-07 1.720801492410828359e-07 7.935676649140077643e-08
4.090000000000000000e+03 3.027687398571288213e-06 3.271465175203047693e-06 2.997752744704484940e-06 3.305610221104871016e-07 1.691519884161607479e-07 3.446450591582106426e-07 2.004054522330989130e-07 2.035007042877623462e-07 7.639675914106192067e-08 2.781491446057771100e-07 1.706415417856987915e-07 7.871997809161257464e-08 2.772426796582294628e-06 1.225953496941656340e-06 2.653892352100228891e-06 2.572132871137000620e-07 1.691519884161607479e-07 3.446450591582106426e-07 2.004054522330989130e-07 2.035007042877623462e-07 7.639675914106192067e-08 2.781491446057771100e-07 1.706415417856987915e-07 7.871997809161257464e-08
4.100000000000000000e+03 3.000030346811399795e-06 3.249011115258326754e-06 2.981541683766408823e-06 3.286897651832987322e-07 1.682698922422787291e-07 3.420779250973282615e-07 1.999051590928502264e-07 2.023128899963921867e-07 7.538400126350097707e-08 2.748704446275951341e-07 1.689135871174585191e-07 7.813405744627743843e-08 2.746889549598563462e-06 1.218367515321006067e-06 2.638742216731770895e-06 2.556139691023417981e-07 1.682698922422787291e-07 3.420779250973282615e-07 1.999051590928502264e-07 2.023128899963921867e-07 7.538400126350097707e-08 2.748704446275951341e-07 1.689135871174585191e-07 7.813405744627743843e-08
4.110000000000000000e+03 2.971843514387728646e-06 3.226597982575185597e-06 2.965360636153491214e-06 3.268269779255206231e-07 1.677082082096603699e-07 3.395919065951602533e-07 1.994219758216786431e-07 2.012155562169937184e-07 7.440063143349107122e-08 2.716621168019628385e-07 1.676347807233469211e-07 7.757852671375076170e-08 2.720573320402763784e-06 1.210744017043907661e-06 2.623662112455349416e-06 2.540231207603937946e-07 1.677082082096603699e-07 3.395919065951602533e-07 1.994219758216786431e-07 2.012155562169937184e-07 7.440063143349107122e-08 2.716621168019628385e-07 1.676347807233469211e-07 7.757852671375076170e-08
4.120000000000000000e+03 2.944263997051166371e-06 3.204324684702442028e-06 2.949268719021347351e-06 3.249723476983490400e-07 1.669035611939762020e-07 3.371384309502900578e-07 1.989257043533143587e-07 2.000672481017318205e-07 7.341204621980068623e-08 2.685301581095700385e-07 1.660960720073489938e-07 7.705362747856270289e-08 2.695017883524997160e-06 1.203134729621524457e-06 2.608650902402587235e-06 2.524412821003352292e-07 1.669035611939762020e-07 3.371384309502900578e-07 1.989257043533143587e-07 2.000672481017318205e-07 7.341204621980068623e-08 2.685301581095700385e-07 1.660960720073489938e-07 7.705362747856270289e-08
4.130000000000000000e+03 2.917125584644963965e-06 3.182198724971385673e-06 2.933299356300267391e-06 3.231266987313574646e-07 1.660143311710271519e-07 3.347301742451236350e-07 1.984485606953967363e-07 1.989311044781061355e-07 7.243588129313138779e-08 2.654650188560481183e-07 1.644502276576531585e-07 7.654504230458769598e-08 2.669903096830239519e-06 1.195619233840261586e-06 2.593735871414537542e-06 2.508676857360114809e-07 1.660143311710271519e-07 3.347301742451236350e-07 1.984485606953967363e-07 1.989311044781061355e-07 7.243588129313138779e-08 2.654650188560481183e-07 1.644502276576531585e-07 7.654504230458769598e-08
4.140000000000000000e+03 2.888990138671942987e-06 3.160110964017803781e-06 2.917319307016441599e-06 3.212888373127498198e-07 1.656755870271808817e-07 3.323104067476378987e-07 1.979803272433855454e-07 1.979174442112707766e-07 7.147011160668625962e-08 2.624575188292510575e-07 1.634412285511643859e-07 7.605627416751303826e-08 2.643461812112946063e-06 1.188031205856532324e-06 2.578813337095198222e-06 2.493033548489620443e-07 1.656755870271808817e-07 3.323104067476378987e-07 1.979803272433855454e-07 1.979174442112707766e-07 7.147011160668625962e-08 2.624575188292510575e-07 1.634412285511643859e-07 7.605627416751303826e-08
4.150000000000000000e+03 2.862634346456616186e-06 3.138283318548928946e-06 2.901525931520154700e-06 3.194601845279976260e-07 1.646337324245905620e-07 3.299126376532512950e-07 1.975098911088934983e-07 1.967359111176847364e-07 7.048348038551921491e-08 2.595036789898585994e-07 1.615709095403872197e-07 7.555278358495343127e-08 2.619269707793137059e-06 1.180631784336583223e-06 2.564073156463564374e-06 2.477476925832888810e-07 1.646337324245905620e-07 3.299126376532512950e-07 1.975098911088934983e-07 1.967359111176847364e-07 7.048348038551921491e-08 2.595036789898585994e-07 1.615709095403872197e-07 7.555278358495343127e-08
4.160000000000000000e+03 2.841327386704506353e-06 3.116726929874857888e-06 2.886091579057392664e-06 3.176404561600065790e-07 1.618709433159892797e-07 3.275247308920370415e-07 1.970535379314242164e-07 1.950866703737119678e-07 6.952372899604597478e-08 2.565797103670774959e-07 1.572223311541165458e-07 7.513849453744114726e-08 2.601883579700370319e-06 1.173528630715736654e-06 2.549720875322236679e-06 2.462016368554031942e-07 1.618709433159892797e-07 3.275247308920370415e-07 1.970535379314242164e-07 1.950866703737119678e-07 6.952372899604597478e-08 2.565797103670774959e-07 1.572223311541165458e-07 7.513849453744114726e-08
4.170000000000000000e+03 2.918297923315549269e-06 3.097241915384074673e-06 2.874510300898691639e-06 3.158378092393832048e-07 1.512994458607863635e-07 3.249917881475994363e-07 1.967006966197004658e-07 1.883075384512267192e-07 6.854850198578787968e-08 2.534723080316325650e-07 1.307364385638720705e-07 7.574689675493573304e-08 2.702033498280798085e-06 1.169538904832734261e-06 2.539405159041052684e-06 2.446826101731858216e-07 1.512994458607863635e-07 3.249917881475994363e-07 1.967006966197004658e-07 1.883075384512267192e-07 6.854850198578787968e-08 2.534723080316325650e-07 1.307364385638720705e-07 7.574689675493573304e-08
4.180000000000000000e+03 1.323354990745428950e-05 3.123368969681905583e-06 3.005067128469818272e-06 3.141791751204436878e-07 2.125672153852065094e-06 3.904251570929773152e-07 1.977035282152428408e-07 1.424092772595031420e-07 6.769732863176614046e-08 2.469853370712371543e-07 7.635346150891564321e-07 1.189803882084561337e-07 1.343351777904899791e-05 1.226884592142596375e-06 2.673068593139760196e-06 2.434310033549991203e-07 2.125672153852065094e-06 3.904251570929773152e-07 1.977035282152428408e-07 1.424092772595031420e-07 6.769732863176614046e-08 2.469853370712371543e-07 7.635346150891564321e-07 1.189803882084561337e-07
4.190000000000000000e+03 2.575586549937725067e-03 7.979958354553673416e-06 2.912649324571248144e-05 3.168195519265282201e-07 6.066759233362972736e-04 2.015111385844647884e-05 2.540221828439825913e-07 9.320296157966367900e-06 1.623374430437252158e-07 1.882559814703199663e-07 2.780509239528328180e-04 8.734827133594080806e-06 2.613086486235260963e-03 6.266896889428608119e-06 2.850537384802009910e-05 2.480121850112482207e-07 6.066759233362972736e-04 2.015111385844647884e-05 2.540221828439825913e-07 9.320296157966367900e-06 1.623374430437252158e-07 1.882559814703199663e-07 2.780509239528328180e-04 8.734827133594080806e-06
4.200000000000000000e+03 7.306805928237736225e-04 4.100554178876336664e-06 1.025311212288215756e-05 3.112016884188051336e-07 1.745593763189390302e-04 7.337964689213549718e-06 2.392775115822587395e-07 4.538650046015391126e-06 1.131572631152266695e-07 3.702342610267805867e-07 8.595263352617621422e-05 2.520327370802988298e-06 7.371280225925147533e-04 2.028435801548766904e-06 9.734245395520702004e-06 2.326239609828917310e-07 1.745593763189390302e-04 7.337964689213549718e-06 2.392775115822587395e-07 4.538650046015391126e-06 1.131572631152266695e-07 3.702342610267805867e-07 8.595263352617621422e-05 2.520327370802988298e-06
4.210000000000000000e+03 3.002742005264735781e-06 3.161075028401683085e-06 2.936136525022448041e-06 3.134850885544437915e-07 1.913092404492999776e-07 2.872909306006476982e-07 2.941422110325220274e-07 2.871743163268547505e-07 8.153015329526169808e-08 3.118494475984334713e-07 3.493809970223082928e-07 7.293653681017531198e-08 2.665005695234867744e-06 1.128027975028089713e-06 2.600819243525620550e-06 2.356929371671867557e-07 1.913092404492999776e-07 2.872909306006476982e-07 2.941422110325220274e-07 2.871743163268547505e-07 8.153015329526169808e-08 3.118494475984334713e-07 3.493809970223082928e-07 7.293653681017531198e-08
4.220000000000000000e+03 1.680327113717794418e-04 3.569715772755444050e-06 4.791550509253283963e-06 3.130977290766168153e-07 3.907135760528035462e-05 1.947811597347026691e-06 2.632318683026824147e-07 5.819346142743597738e-07 8.024740338896663161e-08 2.824621390118409181e-07 1.615870132809504867e-05 7.258585128511185758e-07 1.710693613858893514e-04 1.571362076902005356e-06 4.456083388504339382e-06 2.380606360929959919e-07 3.907135760528035462e-05 1.947811597347026691e-06 2.632318683026824147e-07 5.819346142743597738e-07 8.024740338896663161e-08 2.824621390118409181e-07 1.615870132809504867e-05 7.258585128511185758e-07
4.230000000000000000e+03 3.827791078947484493e-05 3.235883923480287194e-06 3.308595069029252045e-06 3.095476017733744811e-07 8.030071512621361762e-06 7.502316634599992540e-07 2.283001805380990845e-07 2.345592378105720854e-07 6.577423050657671411e-08 2.758580137651733821e-07 2.896092382798087783e-06 1.977151669052545913e-07 3.905281846527941525e-05 1.235568674928799737e-06 2.962747203127946705e-06 2.351740278072611545e-07 8.030071512621361762e-06 7.502316634599992540e-07 2.283001805380990845e-07 2.345592378105720854e-07 6.577423050657671411e-08 2.758580137651733821e-07 2.896092382798087783e-06 1.977151669052545913e-07
4.240000000000000000e+03 6.546634722326416522e-06 3.067320449190447107e-06 2.861190750991227105e-06 3.069532112931483425e-07 1.375508304590766784e-06 3.812148463566700229e-07 2.136295336185867200e-07 4.106204869458451867e-07 6.417408826564496849e-08 2.845882534074917203e-07 1.177442982225329615e-06 9.247252563682195614e-08 6.100155133026419207e-06 1.056840801538783126e-06 2.487988012944697402e-06 2.336585396278678672e-07 1.375508304590766784e-06 3.812148463566700229e-07 2.136295336185867200e-07 4.106204869458451867e-07 6.417408826564496849e-08 2.845882534074917203e-07 1.177442982225329615e-06 9.247252563682195614e-08
4.250000000000000000e+03 1.070895632437895983e-05 3.036941052414476871e-06 2.872288632715935819e-06 3.054237822652794421e-07 2.508114221200230531e-06 4.090163372438837541e-07 2.040709290440645418e-07 4.243525211222731741e-07 6.147495668074043351e-08 2.916076766723563196e-07 1.812372715903620701e-06 1.092300863092532381e-07 1.022965443553403020e-05 1.039386575030221138e-06 2.496923798389616422e-06 2.329601045403251192e-07 2.508114221200230531e-06 4.090163372438837541e-07 2.040709290440645418e-07 4.243525211222731741e-07 6.147495668074043351e-08 2.916076766723563196e-07 1.812372715903620701e-06 1.092300863092532381e-07
4.260000000000000000e+03 3.552853740984573960e-06 3.016896243934752420e-06 2.815486595864058472e-06 3.041618015231506433e-07 5.178284823159629013e-07 3.311087368729204172e-07 2.033399226775145507e-07 2.938658099083113484e-07 6.165635113575262949e-08 2.902216635902732378e-07 5.578114041782100685e-07 8.183699407027233974e-08 3.189556309735053219e-06 1.048530293701332994e-06 2.447393399052089080e-06 2.323808132587146247e-07 5.178284823159629013e-07 3.311087368729204172e-07 2.033399226775145507e-07 2.938658099083113484e-07 6.165635113575262949e-08 2.902216635902732378e-07 5.578114041782100685e-07 8.183699407027233974e-08
4.270000000000000000e+03 2.892650854846579023e-06 3.004231075465213507e-06 2.809174930007429793e-06 3.027982131698081503e-07 1.745324738067211001e-07 3.218158326490083709e-07 2.001404908469339716e-07 2.322104393215340679e-07 5.987697448972539860e-08 2.851992064734076848e-07 1.907407778389824671e-07 8.294335884784231894e-08 2.657731783983763307e-06 1.061272428160009440e-06 2.443619678160757758e-06 2.317701586207476794e-07 1.745324738067211001e-07 3.218158326490083709e-07 2.001404908469339716e-07 2.322104393215340679e-07 5.987697448972539860e-08 2.851992064734076848e-07 1.907407778389824671e-07 8.294335884784231894e-08
4.280000000000000000e+03 3.149631538690300658e-06 2.985318360515520908e-06 2.794938382066902705e-06 3.012756621956214076e-07 1.944463576819543960e-07 3.239674413180182455e-07 1.972656065163391759e-07 2.130031049318859004e-07 5.931095259370522399e-08 2.806416716794046806e-07 1.543476741971971933e-07 8.535635487305626157e-08 2.948739847852266394e-06 1.062660885509103537e-06 2.429130518066813238e-06 2.306730237933152239e-07 1.944463576819543960e-07 3.239674413180182455e-07 1.972656065163391759e-07 2.130031049318859004e-07 5.931095259370522399e-08 2.806416716794046806e-07 1.543476741971971933e-07 8.535635487305626157e-08
4.290000000000000000e+03 2.979566488647833467e-06 2.963031420222250745e-06 2.773515234366641380e-06 2.996810053446097299e-07 1.727972716025760747e-07 3.226736851047462551e-07 1.961813325124239782e-07 2.092694870725608780e-07 5.859182650169714179e-08 2.756852666152553866e-07 1.594509342339733848e-07 8.380844462863024091e-08 2.766521674857358448e-06 1.057244730873208027e-06 2.407837428108905442e-06 2.294233070188056445e-07 1.727972716025760747e-07 3.226736851047462551e-07 1.961813325124239782e-07 2.092694870725608780e-07 5.859182650169714179e-08 2.756852666152553866e-07 1.594509342339733848e-07 8.380844462863024091e-08
4.300000000000000000e+03 2.819078872562386096e-06 2.941749698948115110e-06 2.753511125774821267e-06 2.980637532346008811e-07 1.611423812164503033e-07 3.200970866146235494e-07 1.957774458105632220e-07 2.073471989660902182e-07 5.817256720774821588e-08 2.710405624384293333e-07 1.722649898283634684e-07 8.212758473291614791e-08 2.590685880932142027e-06 1.052097900355875026e-06 2.388436541878036223e-06 2.281319950725446688e-07 1.611423812164503033e-07 3.200970866146235494e-07 1.957774458105632220e-07 2.073471989660902182e-07 5.817256720774821588e-08 2.710405624384293333e-07 1.722649898283634684e-07 8.212758473291614791e-08
4.310000000000000000e+03 2.739782985372585244e-06 2.921364512076252140e-06 2.736052238105912693e-06 2.964237637570477091e-07 1.601156753849863890e-07 3.180054761742212577e-07 1.949039898363480461e-07 2.049684013627484092e-07 5.783825685057308874e-08 2.664453120360121829e-07 1.806364338108323864e-07 8.059245715230645146e-08 2.503414179955143481e-06 1.047659679898060858e-06 2.372089284108369611e-06 2.267556880042320699e-07 1.601156753849863890e-07 3.180054761742212577e-07 1.949039898363480461e-07 2.049684013627484092e-07 5.783825685057308874e-08 2.664453120360121829e-07 1.806364338108323864e-07 8.059245715230645146e-08
4.320000000000000000e+03 2.696671117519144900e-06 2.902246933444985189e-06 2.720397105804295279e-06 2.947507482531364076e-07 1.605867510079406202e-07 3.159326524837524630e-07 1.943080718547207653e-07 2.021737657287303591e-07 5.749816267552887439e-08 2.616109782138664741e-07 1.834374359077628469e-07 7.934535517506446922e-08 2.457884420437039807e-06 1.044490772983408533e-06 2.357836592636886053e-06 2.253415658515223186e-07 1.605867510079406202e-07 3.159326524837524630e-07 1.943080718547207653e-07 2.021737657287303591e-07 5.749816267552887439e-08 2.616109782138664741e-07 1.834374359077628469e-07 7.934535517506446922e-08
4.330000000000000000e+03 2.666511136339977384e-06 2.883920615204260685e-06 2.705603947106283158e-06 2.930571554315974936e-07 1.604114601150286035e-07 3.139345778890856309e-07 1.936858069484514999e-07 1.992477507428702665e-07 5.699118332813668530e-08 2.568155252902215580e-07 1.827808375765016535e-07 7.810925239937205333e-08 2.428069365123519674e-06 1.041697373693750706e-06 2.344593667658045888e-06 2.239089695876828046e-07 1.604114601150286035e-07 3.139345778890856309e-07 1.936858069484514999e-07 1.992477507428702665e-07 5.699118332813668530e-08 2.568155252902215580e-07 1.827808375765016535e-07 7.810925239937205333e-08
4.340000000000000000e+03 2.640163529576966539e-06 2.866132263079634868e-06 2.691162308110506274e-06 2.913499486112414161e-07 1.600619299324534950e-07 3.118144320524152135e-07 1.931081641259879689e-07 1.964502160944903153e-07 5.639767408638363122e-08 2.523117643704608781e-07 1.806670582027436467e-07 7.691908621154652792e-08 2.403082817181712016e-06 1.039024709825753234e-06 2.331797077204100788e-06 2.224490742719353875e-07 1.600619299324534950e-07 3.118144320524152135e-07 1.931081641259879689e-07 1.964502160944903153e-07 5.639767408638363122e-08 2.523117643704608781e-07 1.806670582027436467e-07 7.691908621154652792e-08
4.350000000000000000e+03 2.614489403640618548e-06 2.848601525329286233e-06 2.676961685210699216e-06 2.896323110235243803e-07 1.596179828311505844e-07 3.094966984917846275e-07 1.925368451338727027e-07 1.941533867011457914e-07 5.574208472580721718e-08 2.480402088167465990e-07 1.785904544249206083e-07 7.579433969340243493e-08 2.378909812250640243e-06 1.036190042214002460e-06 2.319332907063653693e-06 2.209771281513894792e-07 1.596179828311505844e-07 3.094966984917846275e-07 1.925368451338727027e-07 1.941533867011457914e-07 5.574208472580721718e-08 2.480402088167465990e-07 1.785904544249206083e-07 7.579433969340243493e-08
4.360000000000000000e+03 2.588646566437091678e-06 2.831198344210861251e-06 2.662858832991332747e-06 2.879069143091328442e-07 1.593359684193274006e-07 3.072234449064126238e-07 1.919806038586102659e-07 1.922511643215329968e-07 5.511147094239277067e-08 2.439832087475224398e-07 1.768201087770648883e-07 7.464035434168181382e-08 2.354530579395941459e-06 1.033209628076292574e-06 2.307024942638236098e-06 2.194948365286109038e-07 1.593359684193274006e-07 3.072234449064126238e-07 1.919806038586102659e-07 1.922511643215329968e-07 5.511147094239277067e-08 2.439832087475224398e-07 1.768201087770648883e-07 7.464035434168181382e-08
4.370000000000000000e+03 2.563493808338535018e-06 2.813919081745552830e-06 2.648881718414486386e-06 2.861783912067039637e-07 1.589354354791794321e-07 3.048691894491639687e-07 1.914067269126462634e-07 1.905727913253940642e-07 5.448763218396379671e-08 2.400819880676863249e-07 1.749396005834569223e-07 7.353369113616281538e-08 2.330873712708125822e-06 1.030102453114523087e-06 2.294826572324382141e-06 2.180050842071068473e-07 1.589354354791794321e-07 3.048691894491639687e-07 1.914067269126462634e-07 1.905727913253940642e-07 5.448763218396379671e-08 2.400819880676863249e-07 1.749396005834569223e-07 7.353369113616281538e-08
4.380000000000000000e+03 2.538954731789999641e-06 2.796754415612667799e-06 2.635004193507484160e-06 2.844507775989768561e-07 1.583822637485354790e-07 3.025290595815022243e-07 1.908465918631918612e-07 1.890060303821883281e-07 5.385081536246616452e-08 2.362981916803619242e-07 1.728335092820998398e-07 7.249705902268033242e-08 2.308101784365135245e-06 1.026835775519430172e-06 2.282759851368609816e-06 2.165165255973988678e-07 1.583822637485354790e-07 3.025290595815022243e-07 1.908465918631918612e-07 1.890060303821883281e-07 5.385081536246616452e-08 2.362981916803619242e-07 1.728335092820998398e-07 7.249705902268033242e-08
4.390000000000000000e+03 2.515319692975026555e-06 2.779624992399476469e-06 2.621177145556430332e-06 2.827260914273210801e-07 1.575593131519781309e-07 3.000706669809005689e-07 1.902988344681944000e-07 1.875484088031953434e-07 5.321350116105350025e-08 2.326542301034351112e-07 1.703686223208933370e-07 7.151215442036118475e-08 2.286469225509790704e-06 1.023447453007975128e-06 2.270728828079882078e-06 2.150310649540188024e-07 1.575593131519781309e-07 3.000706669809005689e-07 1.902988344681944000e-07 1.875484088031953434e-07 5.321350116105350025e-08 2.326542301034351112e-07 1.703686223208933370e-07 7.151215442036118475e-08
4.400000000000000000e+03 2.492600287951063365e-06 2.762587428151164204e-06 2.607442183943931013e-06 2.810064074765250552e-07 1.564467169146155356e-07 2.978189570512768114e-07 1.897429768860092736e-07 1.860840086465032073e-07 5.256466195646680717e-08 2.291296539169707103e-07 1.675117005106585566e-07 7.058218187694365042e-08 2.266056299049523659e-06 1.019988644657132681e-06 2.258785116282524541e-06 2.135497396693608607e-07 1.564467169146155356e-07 2.978189570512768114e-07 1.897429768860092736e-07 1.860840086465032073e-07 5.256466195646680717e-08 2.291296539169707103e-07 1.675117005106585566e-07 7.058218187694365042e-08
4.410000000000000000e+03 2.469391120030195452e-06 2.745585788943571970e-06 2.593703811726300046e-06 2.792932889406074537e-07 1.556543764991147327e-07 2.956145408461452462e-07 1.892000511816149810e-07 1.848166562012920622e-07 5.189966145735525060e-08 2.257320801390960696e-07 1.650834491329078446e-07 6.968159738107715384e-08 2.244931920358794741e-06 1.016338728732080199e-06 2.246796839244780131e-06 2.120754629686416592e-07 1.556543764991147327e-07 2.956145408461452462e-07 1.892000511816149810e-07 1.848166562012920622e-07 5.189966145735525060e-08 2.257320801390960696e-07 1.650834491329078446e-07 6.968159738107715384e-08
4.420000000000000000e+03 2.445978225296130404e-06 2.728624394876533188e-06 2.579973397587309591e-06 2.775877590011077700e-07 1.549605599393544253e-07 2.933512348590738839e-07 1.886663056893667090e-07 1.836285150602634531e-07 5.123623481040340266e-08 2.224639814585316344e-07 1.629904886613076087e-07 6.882337544311667443e-08 2.223319825134240091e-06 1.012540565170638729e-06 2.234801740996772423e-06 2.106093575093836989e-07 1.549605599393544253e-07 2.933512348590738839e-07 1.886663056893667090e-07 1.836285150602634531e-07 5.123623481040340266e-08 2.224639814585316344e-07 1.629904886613076087e-07 6.882337544311667443e-08
4.430000000000000000e+03 2.422365469101350754e-06 2.711641172936651856e-06 2.566208422649651766e-06 2.758901302968297387e-07 1.544471217584941769e-07 2.911845626840658952e-07 1.881553401972269057e-07 1.825937943067401648e-07 5.057318475110150757e-08 2.193083901147474535e-07 1.611412585589278024e-07 6.801435148418022436e-08 2.201341658292221837e-06 1.008609956443251576e-06 2.222752527814009227e-06 2.091525459491094807e-07 1.544471217584941769e-07 2.911845626840658952e-07 1.881553401972269057e-07 1.825937943067401648e-07 5.057318475110150757e-08 2.193083901147474535e-07 1.611412585589278024e-07 6.801435148418022436e-08
4.440000000000000000e+03 2.399493268967489712e-06 2.694791874091606587e-06 2.552532578192767687e-06 2.742018239132448798e-07 1.536757565645530121e-07 2.890617452067090198e-07 1.876449005067115650e-07 1.814971710700774565e-07 4.990322111098066671e-08 2.162509105119170272e-07 1.590240543691834318e-07 6.727084667090821313e-08 2.180408955609891564e-06 1.004630121315130964e-06 2.210784714407054707e-06 2.077049146009812830e-07 1.536757565645530121e-07 2.890617452067090198e-07 1.876449005067115650e-07 1.814971710700774565e-07 4.990322111098066671e-08 2.162509105119170272e-07 1.590240543691834318e-07 6.727084667090821313e-08
4.450000000000000000e+03 2.376351631028228439e-06 2.677876182133331895e-06 2.538885155445314012e-06 2.725224987898400286e-07 1.530826239104499109e-07 2.869961406304355478e-07 1.871535886266428861e-07 1.805327514148302726e-07 4.923040819448942784e-08 2.132883452077294351e-07 1.572230843294164515e-07 6.658176943119542557e-08 2.158928737117093988e-06 1.000445422505435999e-06 2.198791889895801432e-06 2.062683535086762276e-07 1.530826239104499109e-07 2.869961406304355478e-07 1.871535886266428861e-07 1.805327514148302726e-07 4.923040819448942784e-08 2.132883452077294351e-07 1.572230843294164515e-07 6.658176943119542557e-08
4.460000000000000000e+03 2.353806621613330208e-06 2.661076223375857808e-06 2.525265699659939855e-06 2.708530075778980972e-07 1.523509922662924509e-07 2.848324243132083211e-07 1.866496148750229622e-07 1.795118720337995910e-07 4.856851631984682172e-08 2.104195431229527458e-07 1.551795207888062578e-07 6.589577594695583684e-08 2.138194304279750213e-06 9.962825515685835853e-07 2.186803840231732465e-06 2.048425642442452954e-07 1.523509922662924509e-07 2.848324243132083211e-07 1.866496148750229622e-07 1.795118720337995910e-07 4.856851631984682172e-08 2.104195431229527458e-07 1.551795207888062578e-07 6.589577594695583684e-08
4.470000000000000000e+03 2.330384631932247430e-06 2.644284904818050563e-06 2.511619186407187954e-06 2.691928955300681992e-07 1.520264589771613828e-07 2.828811886956827948e-07 1.861712632944545476e-07 1.786488894595095189e-07 4.788571672520447464e-08 2.076463516686999355e-07 1.537768667958516744e-07 6.520578921254127636e-08 2.116259793183417059e-06 9.920624961523571983e-07 2.174759856643504463e-06 2.034268078432432958e-07 1.520264589771613828e-07 2.828811886956827948e-07 1.861712632944545476e-07 1.786488894595095189e-07 4.788571672520447464e-08 2.076463516686999355e-07 1.537768667958516744e-07 6.520578921254127636e-08
4.480000000000000000e+03 2.308321882082964294e-06 2.627543381095165387e-06 2.498098638170631602e-06 2.675427879239578033e-07 1.512784564283720101e-07 2.808193357850541361e-07 1.857109310776650091e-07 1.776876956682826858e-07 4.723499102965433849e-08 2.049488614375150064e-07 1.517610996870644158e-07 6.460576429390130215e-08 2.095986019412521273e-06 9.877430784399621189e-07 2.162842065445147455e-06 2.020223632825945970e-07 1.512784564283720101e-07 2.808193357850541361e-07 1.857109310776650091e-07 1.776876956682826858e-07 4.723499102965433849e-08 2.049488614375150064e-07 1.517610996870644158e-07 6.460576429390130215e-08
4.490000000000000000e+03 2.286270728291128762e-06 2.610829824334359728e-06 2.484618562448304147e-06 2.659022300122160232e-07 1.506056861444449169e-07 2.788100630368717248e-07 1.852575906013953499e-07 1.767413095876690932e-07 4.658295083004304615e-08 2.023302698717088788e-07 1.498417248058103723e-07 6.405046093505006866e-08 2.075662905554054305e-06 9.833873946263338439e-07 2.150914497178746387e-06 2.006291737188803381e-07 1.506056861444449169e-07 2.788100630368717248e-07 1.852575906013953499e-07 1.767413095876690932e-07 4.658295083004304615e-08 2.023302698717088788e-07 1.498417248058103723e-07 6.405046093505006866e-08
4.500000000000000000e+03 2.263604528707219288e-06 2.594190391391748562e-06 2.471107109158765525e-06 2.642715060119371628e-07 1.501644391055378946e-07 2.769340028407896170e-07 1.848081012667535106e-07 1.759156162961517111e-07 4.593039903966200654e-08 1.997937886244471883e-07 1.484361575876391726e-07 6.346815695223995135e-08 2.054435753962025046e-06 9.789636123969103210e-07 2.138955778718809597e-06 1.992466280853477656e-07 1.501644391055378946e-07 2.769340028407896170e-07 1.848081012667535106e-07 1.759156162961517111e-07 4.593039903966200654e-08 1.997937886244471883e-07 1.484361575876391726e-07 6.346815695223995135e-08
4.510000000000000000e+03 2.241013362436206080e-06 2.577543000370496884e-06 2.457684104228974320e-06 2.626501895974797662e-07 1.498063113558600890e-07 2.749791860878758598e-07 1.843653620881013921e-07 1.750995437532765209e-07 4.529385222440396319e-08 1.973196219751116587e-07 1.470932318170525832e-07 6.296027521557334694e-08 2.033271584878093563e-06 9.744366025188355707e-07 2.127055950040812604e-06 1.978747974362704554e-07 1.498063113558600890e-07 2.749791860878758598e-07 1.843653620881013921e-07 1.750995437532765209e-07 4.529385222440396319e-08 1.973196219751116587e-07 1.470932318170525832e-07 6.296027521557334694e-08
4.520000000000000000e+03 2.218808958787121810e-06 2.561071596574038267e-06 2.444265419399016537e-06 2.610392471069644671e-07 1.494106953714435804e-07 2.732153063789155567e-07 1.839235039824416162e-07 1.742607906862758682e-07 4.463537450760668435e-08 1.949172627746520448e-07 1.456569833635512623e-07 6.243696049068603315e-08 2.012514642046880908e-06 9.700130476630874909e-07 2.115135430358350277e-06 1.965134686088276794e-07 1.494106953714435804e-07 2.732153063789155567e-07 1.839235039824416162e-07 1.742607906862758682e-07 4.463537450760668435e-08 1.949172627746520448e-07 1.456569833635512623e-07 6.243696049068603315e-08
4.530000000000000000e+03 2.196850800828542560e-06 2.544599738030228764e-06 2.430945642117876559e-06 2.594376553588517709e-07 1.489535748078196775e-07 2.713919400321174180e-07 1.835018110796227120e-07 1.734564989419595804e-07 4.400507691570965108e-08 1.925792503243428655e-07 1.442203938495367765e-07 6.197090840487362584e-08 1.991984845517436042e-06 9.654684163251658902e-07 2.103293127220240422e-06 1.951624142293439945e-07 1.489535748078196775e-07 2.713919400321174180e-07 1.835018110796227120e-07 1.734564989419595804e-07 4.400507691570965108e-08 1.925792503243428655e-07 1.442203938495367765e-07 6.197090840487362584e-08
4.540000000000000000e+03 2.171321057176101021e-06 2.528022832848364487e-06 2.417460564174689353e-06 2.578449596057907911e-07 1.503353246334881987e-07 2.695448131362354616e-07 1.830731974905575044e-07 1.730802949850840378e-07 4.337866243986354675e-08 1.903158590721432120e-07 1.452593352269104798e-07 6.145975106619516737e-08 1.966318677659728564e-06 9.606418416296946816e-07 2.091229134748573415e-06 1.938209095442289254e-07 1.503353246334881987e-07 2.695448131362354616e-07 1.830731974905575044e-07 1.730802949850840378e-07 4.337866243986354675e-08 1.903158590721432120e-07 1.452593352269104798e-07 6.145975106619516737e-08
4.550000000000000000e+03 2.139106527465628460e-06 2.510575313863228075e-06 2.402568952675210312e-06 2.562578629294876009e-07 1.683796710949536646e-07 2.680079660422052257e-07 1.826406048621720402e-07 1.758267273999081226e-07 4.276271070580150990e-08 1.882454654378307168e-07 1.641158178244950250e-07 6.067205049475887790e-08 1.924695425259415060e-06 9.540766541249467991e-07 2.077541466860566288e-06 1.924813517462098389e-07 1.683796710949536646e-07 2.680079660422052257e-07 1.826406048621720402e-07 1.758267273999081226e-07 4.276271070580150990e-08 1.882454654378307168e-07 1.641158178244950250e-07 6.067205049475887790e-08
4.560000000000000000e+03 3.927096713596256450e-06 2.485789309503161348e-06 2.392013129792758264e-06 2.546333632835739991e-07 8.239171620516572148e-07 2.874185156542807817e-07 1.820029353893914958e-07 2.219901205080532236e-07 4.237215733837729204e-08 1.877066040378849721e-07 5.910632694394735154e-07 6.392770757202015375e-08 3.622499434641213156e-06 9.314533713222772349e-07 2.065101398329716176e-06 1.910630800239232485e-07 8.239171620516572148e-07 2.874185156542807817e-07 1.820029353893914958e-07 2.219901205080532236e-07 4.237215733837729204e-08 1.877066040378849721e-07 5.910632694394735154e-07 6.392770757202015375e-08
4.570000000000000000e+03 4.199664108455181122e-04 3.131043058601790108e-06 6.494100489362608641e-06 2.526656999179976992e-07 1.031640567816793919e-04 4.187900685792556033e-06 1.817802086634401348e-07 2.679409135453170165e-06 6.017696563276331290e-08 2.097451812232975499e-07 4.975960473529994488e-05 1.638645699131302536e-06 4.233436193317174911e-04 1.431094005965860561e-06 6.059630322852171957e-06 1.886062221956308349e-07 1.031640567816793919e-04 4.187900685792556033e-06 1.817802086634401348e-07 2.679409135453170165e-06 6.017696563276331290e-08 2.097451812232975499e-07 4.975960473529994488e-05 1.638645699131302536e-06
4.580000000000000000e+03 1.751766103552654386e-04 3.018486040673451498e-06 4.982594418834196404e-06 2.524572266793256858e-07 4.084988177055492997e-05 1.927155381054035388e-06 3.019904397660866380e-07 7.809308613104803953e-07 6.371701033458521124e-08 1.937184208600228885e-07 1.665057061472907662e-05 1.024461880660965107e-06 1.784104824764654040e-04 1.512375092715956271e-06 4.671143869927618653e-06 1.858210794125625398e-07 4.084988177055492997e-05 1.927155381054035388e-06 3.019904397660866380e-07 7.809308613104803953e-07 6.371701033458521124e-08 1.937184208600228885e-07 1.665057061472907662e-05 1.024461880660965107e-06
4.590000000000000000e+03 3.090349855483509600e-05 2.656913466125843115e-06 2.990916073031257838e-06 2.537902616950304946e-07 6.951365776330931112e-06 5.474554995998914819e-07 2.716417384363012388e-07 1.820082502490549814e-07 4.389947960703466379e-08 2.424739307116396958e-07 2.460853465890977532e-06 1.980376680421613855e-07 3.144852234981954098e-05 1.035362629409064539e-06 2.692720954655669630e-06 1.851765034643904073e-07 6.951365776330931112e-06 5.474554995998914819e-07 2.716417384363012388e-07 1.820082502490549814e-07 4.389947960703466379e-08 2.424739307116396958e-07 2.460853465890977532e-06 1.980376680421613855e-07
4.600000000000000000e+03 1.273059024242684245e-04 2.850929604392149486e-06 3.877789822581689805e-06 2.530812253098702058e-07 2.945803680631797761e-05 1.772876203176565468e-06 2.287114142518476001e-07 4.366319217297132127e-07 6.457970869178097928e-08 2.257646087855391670e-07 1.198569952975958586e-05 6.707213628942554351e-07 1.295715337619185448e-04 1.254829157915082760e-06 3.566397026588674635e-06 1.860330769432039233e-07 2.945803680631797761e-05 1.772876203176565468e-06 2.287114142518476001e-07 4.366319217297132127e-07 6.457970869178097928e-08 2.257646087855391670e-07 1.198569952975958586e-05 6.707213628942554351e-07
4.610000000000000000e+03 8.716133743291720748e-05 2.769162620097631589e-06 3.431063760217512026e-06 2.505319969259289792e-07 1.942852941283490509e-05 1.380968456032860558e-06 2.081179957258427748e-07 2.973415007545554545e-07 4.162015798669926880e-08 2.063706858734803973e-07 7.597172043460886925e-06 4.568976521568401949e-07 8.885930583346635103e-05 1.177332705992739648e-06 3.110719944743323140e-06 1.847244135433356860e-07 1.942852941283490509e-05 1.380968456032860558e-06 2.081179957258427748e-07 2.973415007545554545e-07 4.162015798669926880e-08 2.063706858734803973e-07 7.597172043460886925e-06 4.568976521568401949e-07
4.620000000000000000e+03 1.907765908981673419e-05 2.573558276708354242e-06 2.649249609021353535e-06 2.484818253378762165e-07 3.670955038614920340e-06 4.815955207959632389e-07 1.952469119714805856e-07 1.816924282138643321e-07 4.150571442096406827e-08 2.117413799851419753e-07 1.176645810119225644e-06 1.510046274688647827e-07 1.944053838087711483e-05 9.740189170770463534e-07 2.310868694621603936e-06 1.836355778550569084e-07 3.670955038614920340e-06 4.815955207959632389e-07 1.952469119714805856e-07 1.816924282138643321e-07 4.150571442096406827e-08 2.117413799851419753e-07 1.176645810119225644e-06 1.510046274688647827e-07
4.630000000000000000e+03 2.649364205353776924e-06 2.478796432114904746e-06 2.406407020316692069e-06 2.471625464295357233e-07 2.225465607352816733e-07 2.712788784720032709e-07 1.879166404705756577e-07 2.132662046960831503e-07 3.767604539461899549e-08 2.212020291381122661e-07 1.493977777045074617e-07 7.172270244382161763e-08 2.476577492416254245e-06 8.759783440837054513e-07 2.055149025181890465e-06 1.829952651632993366e-07 2.225465607352816733e-07 2.712788784720032709e-07 1.879166404705756577e-07 2.132662046960831503e-07 3.767604539461899549e-08 2.212020291381122661e-07 1.493977777045074617e-07 7.172270244382161763e-08
4.640000000000000000e+03 2.403717417109874077e-06 2.445132622597157024e-06 2.364258079978753813e-06 2.461411838794447249e-07 3.215889137209160253e-07 2.716418805448483909e-07 1.878265436516812770e-07 2.375077059468821972e-07 3.775171464326376736e-08 2.227290423206795822e-07 3.782943451824394288e-07 6.984173239743540762e-08 2.120734279742464423e-06 8.508420137331995647e-07 2.008047204071772285e-06 1.824127906502326368e-07 3.215889137209160253e-07 2.716418805448483909e-07 1.878265436516812770e-07 2.375077059468821972e-07 3.775171464326376736e-08 2.227290423206795822e-07 3.782943451824394288e-07 6.984173239743540762e-08
4.650000000000000000e+03 2.522903514545760117e-06 2.425760385449393652e-06 2.342543211852898821e-06 2.450341298754210584e-07 3.630277376487356378e-07 2.773525125121523160e-07 1.855470941336534452e-07 2.305947930381080369e-07 3.649610036404737912e-08 2.187846206425092532e-07 4.020163260065601207e-07 6.996634738243301399e-08 2.236601858385256492e-06 8.466716394650575239e-07 1.986639517781441100e-06 1.817587644836748950e-07 3.630277376487356378e-07 2.773525125121523160e-07 1.855470941336534452e-07 2.305947930381080369e-07 3.649610036404737912e-08 2.187846206425092532e-07 4.020163260065601207e-07 6.996634738243301399e-08
4.660000000000000000e+03 2.299858351761940867e-06 2.410233037153375335e-06 2.326069989067036659e-06 2.437523107801098377e-07 2.837676618128170958e-07 2.752239822711999295e-07 1.827884688054837170e-07 2.130488923057782813e-07 3.644380797140911454e-08 2.141884039019714692e-07 3.242378170398296788e-07 6.867947632827053894e-08 2.033074906648835167e-06 8.496090231346897781e-07 1.971568735825712793e-06 1.808258787150407443e-07 2.837676618128170958e-07 2.752239822711999295e-07 1.827884688054837170e-07 2.130488923057782813e-07 3.644380797140911454e-08 2.141884039019714692e-07 3.242378170398296788e-07 6.867947632827053894e-08
4.670000000000000000e+03 2.151058652088977396e-06 2.396643594693159685e-06 2.312963033546111546e-06 2.424087597319157794e-07 2.187632190953081590e-07 2.720195766414690297e-07 1.816071062421542592e-07 1.999342487124522449e-07 3.603171805366400804e-08 2.092111373031002586e-07 2.573862616372935008e-07 6.774166649847757071e-08 1.904892769744037651e-06 8.532229003321845084e-07 1.960189138117129914e-06 1.797366167011205107e-07 2.187632190953081590e-07 2.720195766414690297e-07 1.816071062421542592e-07 1.999342487124522449e-07 3.603171805366400804e-08 2.092111373031002586e-07 2.573862616372935008e-07 6.774166649847757071e-08
4.680000000000000000e+03 2.091347369059803896e-06 2.383475930400891230e-06 2.301886979694245383e-06 2.410421018339548027e-07 1.826755351430620067e-07 2.691440101898479043e-07 1.814663050936360378e-07 1.894556476145226043e-07 3.600970188699648133e-08 2.045737943490166799e-07 2.146062456631625537e-07 6.692955878406792181e-08 1.861675855252542533e-06 8.558665740565629676e-07 1.950980959009029903e-06 1.786092695965635357e-07 1.826755351430620067e-07 2.691440101898479043e-07 1.814663050936360378e-07 1.894556476145226043e-07 3.600970188699648133e-08 2.045737943490166799e-07 2.146062456631625537e-07 6.692955878406792181e-08
4.690000000000000000e+03 2.071074504783609882e-06 2.370371021243045107e-06 2.291033069923287258e-06 2.396340335053537274e-07 1.644923486310290173e-07 2.667420346824656008e-07 1.809494136750799953e-07 1.819149986204138258e-07 3.581012464337618439e-08 2.001725079026073217e-07 1.875016124586181832e-07 6.608733116308940225e-08 1.853532353379705455e-06 8.577912353757710662e-07 1.942165908985771239e-06 1.774365472329009208e-07 1.644923486310290173e-07 2.667420346824656008e-07 1.809494136750799953e-07 1.819149986204138258e-07 3.581012464337618439e-08 2.001725079026073217e-07 1.875016124586181832e-07 6.608733116308940225e-08
4.700000000000000000e+03 2.063204192381817847e-06 2.357347511861007661e-06 2.280172793689416721e-06 2.381862032052595168e-07 1.546646188899103436e-07 2.645718666371976724e-07 1.802765439151698956e-07 1.764218495736713521e-07 3.556122507575310010e-08 1.958149482561566401e-07 1.703658796259333030e-07 6.516734885053665494e-08 1.854723905125865713e-06 8.594116138738172594e-07 1.933413614096934907e-06 1.762047787678966415e-07 1.546646188899103436e-07 2.645718666371976724e-07 1.802765439151698956e-07 1.764218495736713521e-07 3.556122507575310010e-08 1.958149482561566401e-07 1.703658796259333030e-07 6.516734885053665494e-08
4.710000000000000000e+03 2.054646301985485479e-06 2.344575250390334986e-06 2.268903926960774697e-06 2.367175397921528202e-07 1.494844639182701940e-07 2.625819490731373662e-07 1.796617965510449721e-07 1.727496226067160023e-07 3.515412672072670830e-08 1.916967420356741059e-07 1.600052002004304086e-07 6.409546671193311340e-08 1.852215632425213698e-06 8.604917525190103333e-07 1.924311845868942328e-06 1.749510971649215207e-07 1.494844639182701940e-07 2.625819490731373662e-07 1.796617965510449721e-07 1.727496226067160023e-07 3.515412672072670830e-08 1.916967420356741059e-07 1.600052002004304086e-07 6.409546671193311340e-08
4.720000000000000000e+03 2.039028686340316199e-06 2.331686800971510820e-06 2.257271717098774388e-06 2.352375076952739619e-07 1.471876203140709549e-07 2.606000180094270036e-07 1.790379400290476042e-07 1.703620142734507681e-07 3.473123655339804827e-08 1.879942601590300910e-07 1.547824126646446530e-07 6.292630416737665655e-08 1.839788524193863850e-06 8.607525501247437205e-07 1.914813992698327638e-06 1.736884769343305379e-07 1.471876203140709549e-07 2.606000180094270036e-07 1.790379400290476042e-07 1.703620142734507681e-07 3.473123655339804827e-08 1.879942601590300910e-07 1.547824126646446530e-07 6.292630416737665655e-08
4.730000000000000000e+03 2.016528696913155727e-06 2.318691940672579221e-06 2.245386667709681205e-06 2.337463911317172460e-07 1.470033055284147849e-07 2.585020126844028709e-07 1.784514438440965023e-07 1.690514039864865481e-07 3.431026840416961932e-08 1.845745316586544504e-07 1.531328450710134348e-07 6.171173083657777170e-08 1.818332293623825535e-06 8.603210517321713269e-07 1.905085355247138068e-06 1.724127542956921388e-07 1.470033055284147849e-07 2.585020126844028709e-07 1.784514438440965023e-07 1.690514039864865481e-07 3.431026840416961932e-08 1.845745316586544504e-07 1.531328450710134348e-07 6.171173083657777170e-08
4.740000000000000000e+03 1.992538045669789426e-06 2.305717771378112957e-06 2.233473651358508505e-06 2.322509971008912544e-07 1.476184934290358797e-07 2.564576391250739107e-07 1.778975615707167890e-07 1.681084995652781799e-07 3.391011205167160369e-08 1.813171053299811319e-07 1.528211868162543396e-07 6.048889389376199688e-08 1.794749323380528949e-06 8.596478551226027776e-07 1.895299874377087690e-06 1.711294714823452523e-07 1.476184934290358797e-07 2.564576391250739107e-07 1.778975615707167890e-07 1.681084995652781799e-07 3.391011205167160369e-08 1.813171053299811319e-07 1.528211868162543396e-07 6.048889389376199688e-08
4.750000000000000000e+03 1.971934125322150066e-06 2.292889803356956691e-06 2.221728891527163796e-06 2.307568820469896309e-07 1.471845791911619017e-07 2.544061032949684886e-07 1.773524616055510705e-07 1.669880020926939324e-07 3.350006494429180748e-08 1.781828871116886148e-07 1.508815614670311334e-07 5.940449909758171998e-08 1.775539431037032045e-06 8.588604600845428649e-07 1.885687765934562776e-06 1.698493150570357102e-07 1.471845791911619017e-07 2.544061032949684886e-07 1.773524616055510705e-07 1.669880020926939324e-07 3.350006494429180748e-08 1.781828871116886148e-07 1.508815614670311334e-07 5.940449909758171998e-08
4.760000000000000000e+03 1.954424305949942209e-06 2.280181888636434451e-06 2.210170578109682538e-06 2.292681386961703538e-07 1.457586904507479630e-07 2.525237903228116920e-07 1.768251962630529306e-07 1.656923274140353897e-07 3.308440099658582767e-08 1.751631657498364802e-07 1.472323560847144108e-07 5.840820094249465910e-08 1.760404984452179633e-06 8.580305461691750679e-07 1.876247893051186111e-06 1.685766761738705100e-07 1.457586904507479630e-07 2.525237903228116920e-07 1.768251962630529306e-07 1.656923274140353897e-07 3.308440099658582767e-08 1.751631657498364802e-07 1.472323560847144108e-07 5.840820094249465910e-08
4.770000000000000000e+03 1.935858563228975981e-06 2.267419404233805835e-06 2.198534275521524251e-06 2.277840849274070933e-07 1.446812660788054927e-07 2.505227882920735283e-07 1.762999346510696341e-07 1.646397009835709468e-07 3.266318060468620388e-08 1.722895319744566223e-07 1.444614525780707481e-07 5.750222697997742216e-08 1.743775555951287970e-06 8.568983957957243547e-07 1.866693423835386056e-06 1.673099063737026881e-07 1.446812660788054927e-07 2.505227882920735283e-07 1.762999346510696341e-07 1.646397009835709468e-07 3.266318060468620388e-08 1.722895319744566223e-07 1.444614525780707481e-07 5.750222697997742216e-08
4.780000000000000000e+03 1.916019982672878541e-06 2.254587116112816148e-06 2.186818846894311719e-06 2.263085718823276693e-07 1.443481352225717274e-07 2.486325740846950794e-07 1.757919250167105929e-07 1.637779689644958125e-07 3.222743671926764364e-08 1.695492244380147895e-07 1.426249127689516172e-07 5.663769186980971426e-08 1.725341121527890209e-06 8.554468422516947612e-07 1.856996959759271704e-06 1.660520183577318676e-07 1.443481352225717274e-07 2.486325740846950794e-07 1.757919250167105929e-07 1.637779689644958125e-07 3.222743671926764364e-08 1.695492244380147895e-07 1.426249127689516172e-07 5.663769186980971426e-08
4.790000000000000000e+03 1.897254378491197713e-06 2.241799620605888776e-06 2.175160943806986324e-06 2.248411590244359104e-07 1.435968499663431430e-07 2.465995123657194199e-07 1.752955256506538717e-07 1.628971944001023076e-07 3.179314944645739160e-08 1.669275775384448934e-07 1.403328440119366860e-07 5.584029239003029943e-08 1.708295371827261988e-06 8.538692100046318956e-07 1.847332441684557125e-06 1.648052005975841894e-07 1.435968499663431430e-07 2.465995123657194199e-07 1.752955256506538717e-07 1.628971944001023076e-07 3.179314944645739160e-08 1.669275775384448934e-07 1.403328440119366860e-07 5.584029239003029943e-08
4.800000000000000000e+03 1.878412490441405680e-06 2.228975745310890488e-06 2.163464614568511024e-06 2.233831963849297608e-07 1.429417864073911915e-07 2.448934708354499890e-07 1.748066438267414924e-07 1.621075256252879626e-07 3.134915971259033540e-08 1.644124978383842972e-07 1.382863956678193063e-07 5.509843248319157283e-08 1.690931298981013242e-06 8.520878509443718940e-07 1.837590161812840961e-06 1.635700783708671224e-07 1.429417864073911915e-07 2.448934708354499890e-07 1.748066438267414924e-07 1.621075256252879626e-07 3.134915971259033540e-08 1.644124978383842972e-07 1.382863956678193063e-07 5.509843248319157283e-08
4.810000000000000000e+03 1.860256929830939043e-06 2.216157554357778281e-06 2.151797616534167901e-06 2.219358634647505824e-07 1.421346524921318633e-07 2.431544032788224285e-07 1.743417499255883740e-07 1.612811644235989661e-07 3.090887190637658932e-08 1.619875007463633665e-07 1.360225638791234815e-07 5.441478023726631363e-08 1.674517420724441763e-06 8.502055948156339582e-07 1.827852770475146826e-06 1.623470211598032620e-07 1.421346524921318633e-07 2.431544032788224285e-07 1.743417499255883740e-07 1.612811644235989661e-07 3.090887190637658932e-08 1.619875007463633665e-07 1.360225638791234815e-07 5.441478023726631363e-08
4.820000000000000000e+03 1.841847165451326873e-06 2.203373242082307115e-06 2.140110154869034886e-06 2.204983502451796085e-07 1.415138939364624093e-07 2.413763695585657842e-07 1.738967938536006841e-07 1.605191073394962586e-07 3.047685481760709081e-08 1.596658023572672391e-07 1.340617075129557634e-07 5.375504130711306061e-08 1.657578422964434139e-06 8.481890176881279331e-07 1.818044665924389847e-06 1.611359863318284624e-07 1.415138939364624093e-07 2.413763695585657842e-07 1.738967938536006841e-07 1.605191073394962586e-07 3.047685481760709081e-08 1.596658023572672391e-07 1.340617075129557634e-07 5.375504130711306061e-08
4.830000000000000000e+03 1.822959234232257586e-06 2.190514578614966013e-06 2.128435880877077579e-06 2.190705430393791175e-07 1.411260655004298314e-07 2.396234037860267563e-07 1.734563284117029980e-07 1.598289856019619037e-07 3.004429416364473582e-08 1.574365029455293552e-07 1.325090579484822229e-07 5.318030815715246717e-08 1.639939682718249969e-06 8.459562081952753942e-07 1.808196316233079415e-06 1.599367465132672805e-07 1.411260655004298314e-07 2.396234037860267563e-07 1.734563284117029980e-07 1.598289856019619037e-07 3.004429416364473582e-08 1.574365029455293552e-07 1.325090579484822229e-07 5.318030815715246717e-08
4.840000000000000000e+03 1.804641328817524482e-06 2.177737542297109030e-06 2.116787072736769915e-06 2.176539197762394906e-07 1.406872343068243936e-07 2.380098607090985752e-07 1.730329444171729847e-07 1.591065768025146099e-07 2.960612022206987604e-08 1.552896122802849277e-07 1.308026043034260510e-07 5.259582636085724516e-08 1.623009893592097796e-06 8.436849725512729492e-07 1.798354674065194558e-06 1.587495717103593051e-07 1.406872343068243936e-07 2.380098607090985752e-07 1.730329444171729847e-07 1.591065768025146099e-07 2.960612022206987604e-08 1.552896122802849277e-07 1.308026043034260510e-07 5.259582636085724516e-08
4.850000000000000000e+03 1.785903236850572284e-06 2.164959141737199388e-06 2.105133262375602499e-06 2.162470735811439226e-07 1.404995657594554359e-07 2.363700417618019856e-07 1.726191385387210175e-07 1.584934494758272194e-07 2.916695507337863091e-08 1.532214071175985737e-07 1.294443308097470435e-07 5.206857167650014162e-08 1.605345573807426263e-06 8.412735041929408908e-07 1.788473582564620301e-06 1.575741208625913714e-07 1.404995657594554359e-07 2.363700417618019856e-07 1.726191385387210175e-07 1.584934494758272194e-07 2.916695507337863091e-08 1.532214071175985737e-07 1.294443308097470435e-07 5.206857167650014162e-08
4.860000000000000000e+03 1.768248239386593923e-06 2.152136175936902873e-06 2.093556304316734895e-06 2.148507149968281738e-07 1.398659037477045786e-07 2.347922247736278223e-07 1.722174687301958329e-07 1.577709269895422040e-07 2.876081950375919405e-08 1.512231762035298743e-07 1.276411865092086373e-07 5.160484661814734864e-08 1.589161684023565613e-06 8.387715979552012868e-07 1.778649107109231409e-06 1.564111187235539546e-07 1.398659037477045786e-07 2.347922247736278223e-07 1.722174687301958329e-07 1.577709269895422040e-07 2.876081950375919405e-08 1.512231762035298743e-07 1.276411865092086373e-07 5.160484661814734864e-08
4.870000000000000000e+03 1.750128944877360482e-06 2.139417574653634802e-06 2.081974571410682984e-06 2.134641050588470534e-07 1.394967199530583457e-07 2.332175483843457187e-07 1.718165805186799844e-07 1.571397802990759374e-07 2.832936729646462481e-08 1.492922336865376565e-07 1.262151698711022618e-07 5.112844903010227426e-08 1.572257474435900804e-06 8.362404742001672275e-07 1.768791548784065526e-06 1.552588742015359458e-07 1.394967199530583457e-07 2.332175483843457187e-07 1.718165805186799844e-07 1.571397802990759374e-07 2.832936729646462481e-08 1.492922336865376565e-07 1.262151698711022618e-07 5.112844903010227426e-08
4.880000000000000000e+03 1.732948817334545311e-06 2.126715799022349529e-06 2.070485606964211911e-06 2.120877837796797394e-07 1.388022923265452846e-07 2.316296843218879076e-07 1.714345927439353545e-07 1.564255143193804543e-07 2.790988418155393447e-08 1.474325017625233158e-07 1.243977862941392232e-07 5.071236586218219600e-08 1.556463530505425297e-06 8.336459131896845065e-07 1.758980943122878671e-06 1.541177283570505097e-07 1.388022923265452846e-07 2.316296843218879076e-07 1.714345927439353545e-07 1.564255143193804543e-07 2.790988418155393447e-08 1.474325017625233158e-07 1.243977862941392232e-07 5.071236586218219600e-08
4.890000000000000000e+03 1.713560436655825470e-06 2.113990603902493604e-06 2.058892278000712395e-06 2.107213816771036363e-07 1.393505471014577779e-07 2.301995181142046931e-07 1.710509707208984764e-07 1.559798192829475738e-07 2.748487837322954874e-08 1.456316027770299115e-07 1.240082951881049667e-07 5.027653315892166574e-08 1.537585603728075512e-06 8.308263659273507074e-07 1.749026637298811693e-06 1.529871269667637534e-07 1.393505471014577779e-07 2.301995181142046931e-07 1.710509707208984764e-07 1.559798192829475738e-07 2.748487837322954874e-08 1.456316027770299115e-07 1.240082951881049667e-07 5.027653315892166574e-08
4.900000000000000000e+03 1.685526740402565338e-06 2.100747906297328882e-06 2.046637746389023960e-06 2.093621560561587103e-07 1.479553901617691736e-07 2.286858915567790973e-07 1.706892902575418702e-07 1.572514491954279947e-07 2.707753488095931971e-08 1.439575072481602547e-07 1.325750957903437666e-07 4.973361100724105199e-08 1.505206796537095215e-06 8.269441877928329632e-07 1.738223772917990573e-06 1.518635457387063070e-07 1.479553901617691736e-07 2.286858915567790973e-07 1.706892902575418702e-07 1.572514491954279947e-07 2.707753488095931971e-08 1.439575072481602547e-07 1.325750957903437666e-07 4.973361100724105199e-08
4.910000000000000000e+03 2.205198597948765382e-06 2.082738092212821357e-06 2.033640157605987042e-06 2.079882079897288349e-07 4.049083202062320197e-07 2.353789625431090826e-07 1.703069756331387907e-07 1.811580006005897303e-07 2.679701616159491095e-08 1.431614293778693536e-07 3.145609355215128744e-07 5.049917817245841434e-08 1.972686504814191721e-06 8.126422699206159450e-07 1.724270532577065751e-06 1.507081890395056689e-07 4.049083202062320197e-07 2.353789625431090826e-07 1.703069756331387907e-07 1.811580006005897303e-07 2.679701616159491095e-08 1.431614293778693536e-07 3.145609355215128744e-07 5.049917817245841434e-08
4.920000000000000000e+03 1.627529854886233807e-04 2.291041937496629544e-06 3.661739583549206145e-06 2.063527517748298123e-07 4.061965955770574510e-05 2.011476226471131667e-06 1.713057002916684723e-07 1.325586254097288474e-06 3.398431047685335216e-08 1.557551172481907997e-07 1.976565181394107640e-05 7.750856525490235072e-07 1.636648230487480760e-04 9.263671358894498553e-07 3.285885668447008356e-06 1.489950562927333522e-07 4.061965955770574510e-05 2.011476226471131667e-06 1.713057002916684723e-07 1.325586254097288474e-06 3.398431047685335216e-08 1.557551172481907997e-07 1.976565181394107640e-05 7.750856525490235072e-07
4.930000000000000000e+03 7.503599044866859913e-04 3.065713144678738900e-06 8.947731657826807350e-06 2.056168995068219374e-07 1.794148265616968274e-04 1.238270488101989031e-05 3.076779364619142143e-07 3.996675786765990779e-06 9.337001216636053869e-08 1.861470906305839890e-07 8.684230851940810680e-05 4.890322088613174856e-06 7.573753828182816505e-04 1.583274865879502613e-06 8.438944860245101154e-06 1.447685349376115482e-07 1.794148265616968274e-04 1.238270488101989031e-05 3.076779364619142143e-07 3.996675786765990779e-06 9.337001216636053869e-08 1.861470906305839890e-07 8.684230851940810680e-05 4.890322088613174856e-06
4.940000000000000000e+03 2.683904313016682863e-04 2.552410705902730115e-06 4.590614935295889154e-06 2.074043834454641910e-07 6.394786760210990906e-05 3.979243956564459950e-06 2.422850684524746612e-07 2.003628878810559399e-06 4.530615171915997053e-08 2.494798252428154228e-07 3.173395089106634259e-05 1.723612740534008481e-06 2.704348589759320021e-04 1.106449985854851548e-06 4.137930318393046036e-06 1.436527412579380325e-07 6.394786760210990906e-05 3.979243956564459950e-06 2.422850684524746612e-07 2.003628878810559399e-06 4.530615171915997053e-08 2.494798252428154228e-07 3.173395089106634259e-05 1.723612740534008481e-06
4.950000000000000000e+03 1.644351868890225887e-05 2.201120423706015572e-06 2.284120000695111230e-06 2.070527500563912326e-07 3.511104978315415792e-06 4.566375935155519983e-07 2.036256319115636870e-07 1.864958534270044765e-07 3.632288070321010309e-08 2.030369330441317288e-07 1.142750647886714432e-06 1.332205954440723872e-07 1.666416937950998545e-05 8.382003215956501663e-07 1.971103301912080497e-06 1.460447407453102642e-07 3.511104978315415792e-06 4.566375935155519983e-07 2.036256319115636870e-07 1.864958534270044765e-07 3.632288070321010309e-08 2.030369330441317288e-07 1.142750647886714432e-06 1.332205954440723872e-07
4.960000000000000000e+03 9.592183778295293450e-05 2.394798912064288743e-06 3.258599235778092407e-06 2.051034044825428282e-07 2.160215262847486883e-05 1.784961568773724139e-06 1.908831563923740759e-07 3.308890654807328247e-07 2.794808295902839745e-08 1.679020300571210100e-07 8.441953468718566000e-06 6.131291456767939962e-07 9.773950296221300960e-05 1.069649442797526717e-06 2.960024175990838557e-06 1.460444707390706753e-07 2.160215262847486883e-05 1.784961568773724139e-06 1.908831563923740759e-07 3.308890654807328247e-07 2.794808295902839745e-08 1.679020300571210100e-07 8.441953468718566000e-06 6.131291456767939962e-07
4.970000000000000000e+03 2.298677100043278188e-05 2.188797679991694167e-06 2.397275693510891870e-06 2.032925152661846369e-07 4.654280928662046790e-06 6.071205689295311458e-07 1.793463582089316333e-07 1.702909173673106125e-07 2.881388105890891893e-08 1.752976004354422912e-07 1.523863375041401014e-06 2.139116332955381949e-07 2.344426866329740733e-05 8.480635074192832690e-07 2.076920054605579935e-06 1.448846518314894638e-07 4.654280928662046790e-06 6.071205689295311458e-07 1.793463582089316333e-07 1.702909173673106125e-07 2.881388105890891893e-08 1.752976004354422912e-07 1.523863375041401014e-06 2.139116332955381949e-07
4.980000000000000000e+03 1.823400566536292899e-06 2.079677869915030897e-06 2.058110339930863120e-06 2.022853635708088404e-07 2.560923917371837888e-07 2.330504997871685191e-07 1.745785169759983546e-07 2.256918776311067631e-07 2.306738799973118148e-08 1.875090305247795186e-07 3.030735626907699043e-07 6.231161364667059388e-08 1.579646777827292681e-06 7.262277677000383846e-07 1.712219955152249895e-06 1.444572177433656179e-07 2.560923917371837888e-07 2.330504997871685191e-07 1.745785169759983546e-07 2.256918776311067631e-07 2.306738799973118148e-08 1.875090305247795186e-07 3.030735626907699043e-07 6.231161364667059388e-08
4.990000000000000000e+03 4.342989996075630188e-06 2.053585831163218245e-06 2.044681650659185834e-06 2.016704598872820497e-07 1.007157379717682488e-06 2.798630873712681932e-07 1.758016168196263607e-07 2.664546912001242163e-07 2.273192833968096238e-08 1.871343897619226482e-07 8.326945248882111628e-07 7.580739946888570557e-08 4.025291673315223306e-06 7.037028240119980182e-07 1.692373871264862828e-06 1.442907660020864569e-07 1.007157379717682488e-06 2.798630873712681932e-07 1.758016168196263607e-07 2.664546912001242163e-07 2.273192833968096238e-08 1.871343897619226482e-07 8.326945248882111628e-07 7.580739946888570557e-08
5.000000000000000000e+03 3.018148845512769185e-06 2.040823801507940516e-06 2.015202881011646241e-06 2.008935950925661018e-07 6.348298029479337856e-07 2.623677062274509808e-07 1.749956055618895334e-07 2.304334714153810637e-07 2.230508755474147620e-08 1.804221057000177098e-07 5.718828219869465102e-07 6.716422973340741009e-08 2.730314463406102732e-06 7.091617248988768551e-07 1.667424044171639252e-06 1.438250194496504264e-07 6.348298029479337856e-07 2.623677062274509808e-07 1.749956055618895334e-07 2.304334714153810637e-07 2.230508755474147620e-08 1.804221057000177098e-07 5.718828219869465102e-07 6.716422973340741009e-08
