# step, loss_train, loss_test, metrics_test
0.000000000000000000e+00 1.034426875412464142e-02 4.273557662963867188e-01 7.753126788884401321e-03 6.314413622021675110e-05 5.912627559155225754e-03 9.218313097953796387e-01 6.263828836381435394e-04 6.717751268297433853e-03 4.654307384043931961e-03 4.515693217399530113e-05 1.805340987630188465e-03 5.213890671730041504e-01 9.841828607022762299e-03 4.179351925849914551e-01 7.013842463493347168e-03 5.960104681435041130e-05 5.912627559155225754e-03 9.218313097953796387e-01 6.263828836381435394e-04 6.717751268297433853e-03 4.654307384043931961e-03 4.515693217399530113e-05 1.805340987630188465e-03 5.213890671730041504e-01
1.000000000000000000e+01 4.640134051442146301e-03 2.583496272563934326e-02 1.575777656398713589e-03 3.757722151931375265e-05 1.960317371413111687e-03 1.766503751277923584e-01 1.299581490457057953e-03 7.465691305696964264e-04 2.584706526249647141e-03 5.878456431673839688e-05 5.231055547483265400e-04 4.512228816747665405e-02 4.023467656224966049e-03 2.350516058504581451e-02 1.601920695975422859e-03 3.589767584344372153e-05 1.960317371413111687e-03 1.766503751277923584e-01 1.299581490457057953e-03 7.465691305696964264e-04 2.584706526249647141e-03 5.878456431673839688e-05 5.231055547483265400e-04 4.512228816747665405e-02
2.000000000000000000e+01 2.697568619623780251e-03 1.329542510211467743e-02 4.915305180475115776e-04 4.348882430349476635e-05 1.626205048523843288e-03 4.753118380904197693e-02 6.947570946067571640e-04 1.550763729028403759e-03 2.592756878584623337e-03 4.813301347894594073e-05 2.431162283755838871e-04 4.005794599652290344e-02 2.130038803443312645e-03 1.042638625949621201e-02 4.443703801371157169e-04 4.160080789006315172e-05 1.626205048523843288e-03 4.753118380904197693e-02 6.947570946067571640e-04 1.550763729028403759e-03 2.592756878584623337e-03 4.813301347894594073e-05 2.431162283755838871e-04 4.005794599652290344e-02
3.000000000000000000e+01 2.035501645877957344e-03 9.030594490468502045e-03 2.757306210696697235e-04 3.353171268827281892e-05 1.546756247989833355e-03 1.169738546013832092e-02 1.458792015910148621e-03 6.364121800288558006e-04 2.306228037923574448e-03 5.172153760213404894e-05 7.618252129759639502e-05 4.375903401523828506e-03 1.690508215688169003e-03 6.057013757526874542e-03 2.659946912899613380e-04 3.275098788435570896e-05 1.546756247989833355e-03 1.169738546013832092e-02 1.458792015910148621e-03 6.364121800288558006e-04 2.306228037923574448e-03 5.172153760213404894e-05 7.618252129759639502e-05 4.375903401523828506e-03
4.000000000000000000e+01 2.448583254590630531e-03 1.004991028457880020e-02 1.199930047732777894e-04 2.503047289792448282e-05 1.199120539240539074e-03 2.290226053446531296e-03 1.193791278637945652e-03 2.216210559708997607e-04 1.974982675164937973e-03 5.199313454795628786e-05 5.435857747215777636e-05 9.412527288077399135e-05 1.916137174703180790e-03 6.950065027922391891e-03 1.087935597752220929e-04 2.447988117637578398e-05 1.199120539240539074e-03 2.290226053446531296e-03 1.193791278637945652e-03 2.216210559708997607e-04 1.974982675164937973e-03 5.199313454795628786e-05 5.435857747215777636e-05 9.412527288077399135e-05
5.000000000000000000e+01 1.851147157140076160e-03 8.809955790638923645e-03 1.738118444336578250e-04 1.645069642108865082e-05 1.224119449034333229e-03 1.661026501096785069e-03 9.875860996544361115e-04 7.648380124010145664e-04 2.568873576819896698e-03 5.026163125876337290e-05 5.045696070737903938e-06 3.427021147217601538e-04 1.482157153077423573e-03 5.903786513954401016e-03 1.650410849833860993e-04 1.617618727323133498e-05 1.224119449034333229e-03 1.661026501096785069e-03 9.875860996544361115e-04 7.648380124010145664e-04 2.568873576819896698e-03 5.026163125876337290e-05 5.045696070737903938e-06 3.427021147217601538e-04
6.000000000000000000e+01 2.036561258137226105e-03 8.686361834406852722e-03 2.282759814988821745e-04 9.986972145270556211e-06 1.034032320603728294e-03 1.782402046956121922e-03 8.427986758761107922e-04 4.268769116606563330e-04 1.859982847236096859e-03 5.046750447945669293e-05 4.720509969047270715e-05 2.518859400879591703e-04 1.554517890326678753e-03 5.618170369416475296e-03 2.211826358688995242e-04 9.778031198948156089e-06 1.034032320603728294e-03 1.782402046956121922e-03 8.427986758761107922e-04 4.268769116606563330e-04 1.859982847236096859e-03 5.046750447945669293e-05 4.720509969047270715e-05 2.518859400879591703e-04
7.000000000000000000e+01 1.842672470957040787e-03 9.385263547301292419e-03 1.849646505434066057e-04 6.974517873459262773e-06 9.727761498652398586e-04 1.008716993965208530e-03 7.151748286560177803e-04 6.291451281867921352e-04 1.081676222383975983e-03 4.807653749594464898e-05 4.189225364825688303e-06 1.868654944701120257e-04 1.425881520844995975e-03 6.109845824539661407e-03 1.779181184247136116e-04 6.796920388296712190e-06 9.727761498652398586e-04 1.008716993965208530e-03 7.151748286560177803e-04 6.291451281867921352e-04 1.081676222383975983e-03 4.807653749594464898e-05 4.189225364825688303e-06 1.868654944701120257e-04
8.000000000000000000e+01 1.901026116684079170e-03 8.542383089661598206e-03 2.385377738391980529e-04 5.333650278771528974e-06 8.529053884558379650e-04 8.911972981877624989e-04 6.619472987949848175e-04 4.322756140027195215e-04 1.315257279202342033e-03 4.958339195582084358e-05 1.721793523756787181e-05 1.373519044136628509e-04 1.439673011191189289e-03 5.376518703997135162e-03 2.340254432056099176e-04 5.117701221024617553e-06 8.529053884558379650e-04 8.911972981877624989e-04 6.619472987949848175e-04 4.322756140027195215e-04 1.315257279202342033e-03 4.958339195582084358e-05 1.721793523756787181e-05 1.373519044136628509e-04
9.000000000000000000e+01 1.769186346791684628e-03 8.453814312815666199e-03 2.165842161048203707e-04 4.653332780435448512e-06 7.927807164378464222e-04 6.154229631647467613e-04 5.697283777408301830e-04 4.919393104501068592e-04 1.198410755023360252e-03 4.850343975704163313e-05 6.951954674150329083e-06 8.138839621096849442e-05 1.323412172496318817e-03 5.280962213873863220e-03 2.131222427124157548e-04 4.403799721330869943e-06 7.927807164378464222e-04 6.154229631647467613e-04 5.697283777408301830e-04 4.919393104501068592e-04 1.198410755023360252e-03 4.850343975704163313e-05 6.951954674150329083e-06 8.138839621096849442e-05
1.000000000000000000e+02 1.737794955261051655e-03 8.192112669348716736e-03 2.364284446230158210e-04 4.409119810588890687e-06 7.051398279145359993e-04 5.095549277029931545e-04 5.123215960338711739e-04 3.919474838767200708e-04 1.101988949812948704e-03 4.834032733924686909e-05 1.227859866048675030e-05 1.191343471873551607e-04 1.265460858121514320e-03 5.014223977923393250e-03 2.336878242203965783e-04 4.117815933568635955e-06 7.051398279145359993e-04 5.095549277029931545e-04 5.123215960338711739e-04 3.919474838767200708e-04 1.101988949812948704e-03 4.834032733924686909e-05 1.227859866048675030e-05 1.191343471873551607e-04
1.100000000000000000e+02 1.665765070356428623e-03 7.970185950398445129e-03 2.372081071371212602e-04 4.423442533152410761e-06 6.294283084571361542e-04 4.498048801906406879e-04 4.573295882437378168e-04 3.760125255212187767e-04 1.024316181428730488e-03 4.800377428182400763e-05 6.874126029288163409e-06 7.900059426901862025e-05 1.200991100631654263e-03 4.802330862730741501e-03 2.349412243347615004e-04 4.106571395823266357e-06 6.294283084571361542e-04 4.498048801906406879e-04 4.573295882437378168e-04 3.760125255212187767e-04 1.024316181428730488e-03 4.800377428182400763e-05 6.874126029288163409e-06 7.900059426901862025e-05
1.200000000000000000e+02 1.596142887137830257e-03 7.714375387877225876e-03 2.434361376799643040e-04 4.607652954291552305e-06 5.567719344981014729e-04 3.998992906417697668e-04 4.043345979880541563e-04 3.318471717648208141e-04 9.514363482594490051e-04 4.782794349011965096e-05 7.960402399476151913e-06 8.951713971327990294e-05 1.122385379858314991e-03 4.558684770017862320e-03 2.408819418633356690e-04 4.264133167453110218e-06 5.567719344981014729e-04 3.998992906417697668e-04 4.043345979880541563e-04 3.318471717648208141e-04 9.514363482594490051e-04 4.782794349011965096e-05 7.960402399476151913e-06 8.951713971327990294e-05
1.300000000000000000e+02 1.514873816631734371e-03 7.481933105736970901e-03 2.362502273172140121e-04 4.867811185249593109e-06 4.901753854937851429e-04 3.539291501510888338e-04 3.558552998583763838e-04 3.063323674723505974e-04 8.748588734306395054e-04 4.786701174452900887e-05 6.588682936126133427e-06 8.037613588385283947e-05 1.040685689076781273e-03 4.341364372521638870e-03 2.331427676836028695e-04 4.508714937401236966e-06 4.901753854937851429e-04 3.539291501510888338e-04 3.558552998583763838e-04 3.063323674723505974e-04 8.748588734306395054e-04 4.786701174452900887e-05 6.588682936126133427e-06 8.037613588385283947e-05
1.400000000000000000e+02 1.437390921637415886e-03 7.186761125922203064e-03 2.309619740117341280e-04 5.199481165618635714e-06 4.240646958351135254e-04 3.162770590279251337e-04 3.164717927575111389e-04 2.733775763772428036e-04 8.357312763109803200e-04 4.858581814914941788e-05 5.317348950484301895e-06 7.552283932454884052e-05 9.641813812777400017e-04 4.082997329533100128e-03 2.266174560645595193e-04 4.832407739741029218e-06 4.240646958351135254e-04 3.162770590279251337e-04 3.164717927575111389e-04 2.733775763772428036e-04 8.357312763109803200e-04 4.858581814914941788e-05 5.317348950484301895e-06 7.552283932454884052e-05
1.500000000000000000e+02 1.359229907393455505e-03 6.889518816024065018e-03 2.221680333605036139e-04 5.605776550510199741e-06 3.615016466937959194e-04 2.756623434834182262e-04 2.802328381221741438e-04 2.418204385321587324e-04 7.883124053478240967e-04 4.976326454197987914e-05 4.400577836349839345e-06 7.222861313493922353e-05 8.872550679370760918e-04 3.825670806691050529e-03 2.159478026442229748e-04 5.233739102550316602e-06 3.615016466937959194e-04 2.756623434834182262e-04 2.802328381221741438e-04 2.418204385321587324e-04 7.883124053478240967e-04 4.976326454197987914e-05 4.400577836349839345e-06 7.222861313493922353e-05
1.600000000000000000e+02 1.282814773730933666e-03 6.576132960617542267e-03 2.099762496072798967e-04 6.098976427892921492e-06 3.029794024769216776e-04 2.390153968008235097e-04 2.471276966389268637e-04 2.159996511181816459e-04 7.412148406729102135e-04 5.143433008925057948e-05 3.256507170590339229e-06 6.308524461928755045e-05 8.162606973201036453e-04 3.561028977856040001e-03 2.013758639805018902e-04 5.724227776227053255e-06 3.029794024769216776e-04 2.390153968008235097e-04 2.471276966389268637e-04 2.159996511181816459e-04 7.412148406729102135e-04 5.143433008925057948e-05 3.256507170590339229e-06 6.308524461928755045e-05
1.700000000000000000e+02 1.213062321767210960e-03 6.236020475625991821e-03 1.986720890272408724e-04 6.702464361296733841e-06 2.485530858393758535e-04 2.033897471847012639e-04 2.177129063056781888e-04 1.889680715976282954e-04 6.996793090365827084e-04 5.363266245694831014e-05 2.514544576115440577e-06 5.733700527343899012e-05 7.539290818385779858e-04 3.281720681115984917e-03 1.868735125754028559e-04 6.325739832391263917e-06 2.485530858393758535e-04 2.033897471847012639e-04 2.177129063056781888e-04 1.889680715976282954e-04 6.996793090365827084e-04 5.363266245694831014e-05 2.514544576115440577e-06 5.733700527343899012e-05
1.800000000000000000e+02 1.152120763435959816e-03 5.884450860321521759e-03 1.855540322139859200e-04 7.432321126543683931e-06 2.001519314944744110e-04 1.706248731352388859e-04 1.906595425680279732e-04 1.641489798203110695e-04 6.562865455634891987e-04 5.622001845040358603e-05 1.965654973901109770e-06 5.002928082831203938e-05 7.039678166620433331e-04 3.000351134687662125e-03 1.698761770967394114e-04 7.053497029119171202e-06 2.001519314944744110e-04 1.706248731352388859e-04 1.906595425680279732e-04 1.641489798203110695e-04 6.562865455634891987e-04 5.622001845040358603e-05 1.965654973901109770e-06 5.002928082831203938e-05
1.900000000000000000e+02 1.102707115933299065e-03 5.518082994967699051e-03 1.729478244669735432e-04 8.307925781991798431e-06 1.593297347426414490e-04 1.418753381585702300e-04 1.661970018176361918e-04 1.409317919751629233e-04 6.157216266728937626e-04 5.912230335525237024e-05 1.751641320879571140e-06 4.338717189966700971e-05 6.697497447021305561e-04 2.716396935284137726e-03 1.526529667899012566e-04 7.925968930067028850e-06 1.593297347426414490e-04 1.418753381585702300e-04 1.661970018176361918e-04 1.409317919751629233e-04 6.157216266728937626e-04 5.912230335525237024e-05 1.751641320879571140e-06 4.338717189966700971e-05
2.000000000000000000e+02 1.067614648491144180e-03 5.148735828697681427e-03 1.611430488992482424e-04 9.336041330243460834e-06 1.275524991797283292e-04 1.171557014458812773e-04 1.443093206034973264e-04 1.192807831102982163e-04 5.751247517764568329e-04 6.216382462298497558e-05 1.900021288747666404e-06 3.757096055778674781e-05 6.540890317410230637e-04 2.439874224364757538e-03 1.355427230009809136e-04 8.948996764956973493e-06 1.275524991797283292e-04 1.171557014458812773e-04 1.443093206034973264e-04 1.192807831102982163e-04 5.751247517764568329e-04 6.216382462298497558e-05 1.900021288747666404e-06 3.757096055778674781e-05
2.100000000000000000e+02 1.048122532665729523e-03 4.785832483321428299e-03 1.504375541117042303e-04 1.050169430527603254e-05 1.057930057868361473e-04 9.751748439157381654e-05 1.251744106411933899e-04 1.001263881335034966e-04 5.352672887966036797e-04 6.512506661238148808e-05 2.363267185501172207e-06 3.203207234037108719e-05 6.583838257938623428e-04 2.179339760914444923e-03 1.190628900076262653e-04 1.010662708722520620e-05 1.057930057868361473e-04 9.751748439157381654e-05 1.251744106411933899e-04 1.001263881335034966e-04 5.352672887966036797e-04 6.512506661238148808e-05 2.363267185501172207e-06 3.203207234037108719e-05
2.200000000000000000e+02 1.075522042810916901e-03 4.440884105861186981e-03 1.472656149417161942e-04 1.183063795906491578e-05 8.079728286247700453e-05 8.233591506723314524e-05 1.094387989724054933e-04 8.230065577663481236e-05 4.974585026502609253e-04 6.780541298212483525e-05 1.955952711796271615e-06 2.769595448626205325e-05 7.157728541642427444e-04 1.943139941431581974e-03 1.096197593142278492e-04 1.142272139986744151e-05 8.079728286247700453e-05 8.233591506723314524e-05 1.094387989724054933e-04 8.230065577663481236e-05 4.974585026502609253e-04 6.780541298212483525e-05 1.955952711796271615e-06 2.769595448626205325e-05
2.300000000000000000e+02 2.199986483901739120e-03 4.129934590309858322e-03 9.509718802291899920e-05 1.226122276420937851e-05 5.441090906970202923e-04 7.908430416136980057e-05 9.515613055555149913e-05 8.808819984551519156e-05 4.592545446939766407e-04 6.919384031789377332e-05 1.649623009143397212e-04 2.075550219160504639e-05 1.862295088358223438e-03 1.752017647959291935e-03 5.587069608736783266e-05 1.184813390864292160e-05 5.441090906970202923e-04 7.908430416136980057e-05 9.515613055555149913e-05 8.808819984551519156e-05 4.592545446939766407e-04 6.919384031789377332e-05 1.649623009143397212e-04 2.075550219160504639e-05
2.400000000000000000e+02 1.529172877781093121e-03 3.878636984154582024e-03 1.564017584314569831e-04 1.437590253772214055e-05 1.125444541685283184e-04 6.408468470908701420e-05 9.011802467284724116e-05 5.816296470584347844e-05 4.323378670960664749e-04 7.129527512006461620e-05 2.247288102807942778e-05 2.189738006563857198e-05 1.246721134521067142e-03 1.585244201123714447e-03 1.075289255823008716e-04 1.393167895002989098e-05 1.125444541685283184e-04 6.408468470908701420e-05 9.011802467284724116e-05 5.816296470584347844e-05 4.323378670960664749e-04 7.129527512006461620e-05 2.247288102807942778e-05 2.189738006563857198e-05
2.500000000000000000e+02 1.131686731241643429e-03 3.649147227406501770e-03 1.152520126197487116e-04 1.454714765714015812e-05 1.691514917183667421e-04 6.442175072152167559e-05 8.310842531500384212e-05 6.247257988434284925e-05 4.045790410600602627e-04 7.125403499230742455e-05 3.252001624787226319e-05 1.653281469771172851e-05 8.423866238445043564e-04 1.462759682908654213e-03 6.589708937099203467e-05 1.408362822985509411e-05 1.691514917183667421e-04 6.442175072152167559e-05 8.310842531500384212e-05 6.247257988434284925e-05 4.045790410600602627e-04 7.125403499230742455e-05 3.252001624787226319e-05 1.653281469771172851e-05
2.600000000000000000e+02 1.077529042959213257e-03 3.445587120950222015e-03 1.305049372604116797e-04 1.561277349537704140e-05 8.946767047746106982e-05 5.953655272605828941e-05 8.076295489445328712e-05 5.368255006032995880e-05 3.821749705821275711e-04 7.120158261386677623e-05 1.479354523326037452e-06 1.555799462948925793e-05 8.240892202593386173e-04 1.346973818726837635e-03 7.649476174265146255e-05 1.511429127276642248e-05 8.946767047746106982e-05 5.953655272605828941e-05 8.076295489445328712e-05 5.368255006032995880e-05 3.821749705821275711e-04 7.120158261386677623e-05 1.479354523326037452e-06 1.555799462948925793e-05
2.700000000000000000e+02 9.913566755130887032e-04 3.264986444264650345e-03 1.221465063281357288e-04 1.589334533491637558e-05 1.028434635372832417e-04 6.000127177685499191e-05 7.927072874736040831e-05 5.349086859496310353e-05 3.610928833950310946e-04 7.026607636362314224e-05 5.135012997925514355e-06 1.301861993852071464e-05 7.481456268578767776e-04 1.256065093912184238e-03 6.667687557637691498e-05 1.536704803584143519e-05 1.028434635372832417e-04 6.000127177685499191e-05 7.927072874736040831e-05 5.349086859496310353e-05 3.610928833950310946e-04 7.026607636362314224e-05 5.135012997925514355e-06 1.301861993852071464e-05
2.800000000000000000e+02 9.489282965660095215e-04 3.100219648331403732e-03 1.187110028695315123e-04 1.602569318492896855e-05 1.104506591218523681e-04 6.072484029573388398e-05 7.951094448799267411e-05 5.370603685150854290e-05 3.416630788706243038e-04 6.908457726240158081e-05 7.285300398507388309e-06 1.108504784497199580e-05 7.179832900874316692e-04 1.174874603748321533e-03 6.202485383255407214e-05 1.547668580315075815e-05 1.104506591218523681e-04 6.072484029573388398e-05 7.951094448799267411e-05 5.370603685150854290e-05 3.416630788706243038e-04 6.908457726240158081e-05 7.285300398507388309e-06 1.108504784497199580e-05
2.900000000000000000e+02 8.994343806989490986e-04 2.945106243714690208e-03 1.199194521177560091e-04 1.606329351488966495e-05 1.026921599986962974e-04 6.083141852286644280e-05 8.098600665107369423e-05 5.345421595848165452e-05 3.241951926611363888e-04 6.782079435652121902e-05 2.946056383734685369e-06 9.712129212857689708e-06 6.842092843726277351e-04 1.098546897992491722e-03 6.184462108649313450e-05 1.549796979816164821e-05 1.026921599986962974e-04 6.083141852286644280e-05 8.098600665107369423e-05 5.345421595848165452e-05 3.241951926611363888e-04 6.782079435652121902e-05 2.946056383734685369e-06 9.712129212857689708e-06
3.000000000000000000e+02 8.457093499600887299e-04 2.799717010930180550e-03 1.191532792290672660e-04 1.586430516908876598e-05 1.020779236569069326e-04 6.148471584310755134e-05 8.268924284493550658e-05 5.419412264018319547e-05 3.070586535613983870e-04 6.638767081312835217e-05 1.964732518899836577e-06 8.409904694417491555e-06 6.431417423300445080e-04 1.029706560075283051e-03 6.033368845237419009e-05 1.528842767584137619e-05 1.020779236569069326e-04 6.148471584310755134e-05 8.268924284493550658e-05 5.419412264018319547e-05 3.070586535613983870e-04 6.638767081312835217e-05 1.964732518899836577e-06 8.409904694417491555e-06
3.100000000000000000e+02 7.878148462623357773e-04 2.661723410710692406e-03 1.175886718556284904e-04 1.550496199342887849e-05 1.025123783620074391e-04 6.226562982192263007e-05 8.420028461841866374e-05 5.529602276510559022e-05 2.903012791648507118e-04 6.478695286205038428e-05 1.656260337767889723e-06 7.219820417958544567e-06 5.969791091047227383e-04 9.665293619036674500e-04 5.846620479132980108e-05 1.491971488576382399e-05 1.025123783620074391e-04 6.226562982192263007e-05 8.420028461841866374e-05 5.529602276510559022e-05 2.903012791648507118e-04 6.478695286205038428e-05 1.656260337767889723e-06 7.219820417958544567e-06
3.200000000000000000e+02 7.309135398827493191e-04 2.530300524085760117e-03 1.156875150627456605e-04 1.503184921602951363e-05 1.028315382427535951e-04 6.296459469012916088e-05 8.526330202585086226e-05 5.636975038214586675e-05 2.737161703407764435e-04 6.297666550381109118e-05 1.438736831005371641e-06 6.184059202496428043e-06 5.517414538189768791e-04 9.082151227630674839e-04 5.658446025336161256e-05 1.443463042960502207e-05 1.028315382427535951e-04 6.296459469012916088e-05 8.526330202585086226e-05 5.636975038214586675e-05 2.737161703407764435e-04 6.297666550381109118e-05 1.438736831005371641e-06 6.184059202496428043e-06
3.300000000000000000e+02 6.765746511518955231e-04 2.404978498816490173e-03 1.134661870310083032e-04 1.446628266421612352e-05 1.028778860927559435e-04 6.347859743982553482e-05 8.575540414312854409e-05 5.732149293180555105e-05 2.574258542153984308e-04 6.092002877267077565e-05 1.244419422619102988e-06 5.291627076076110825e-06 5.090009071864187717e-04 8.543769363313913345e-04 5.468430754262953997e-05 1.385282212140737101e-05 1.028778860927559435e-04 6.347859743982553482e-05 8.575540414312854409e-05 5.732149293180555105e-05 2.574258542153984308e-04 6.092002877267077565e-05 1.244419422619102988e-06 5.291627076076110825e-06
3.400000000000000000e+02 6.260134978219866753e-04 2.285340102389454842e-03 1.112683312385343015e-04 1.383277685818029568e-05 1.017857939586974680e-04 6.364078581100329757e-05 8.568241901230067015e-05 5.797275662189349532e-05 2.414650516584515572e-04 5.861158570041880012e-05 8.328204899044067133e-07 4.555962277663638815e-06 4.703423182945698500e-04 8.042851113714277744e-04 5.302096542436629534e-05 1.319918828812660649e-05 1.017857939586974680e-04 6.364078581100329757e-05 8.568241901230067015e-05 5.797275662189349532e-05 2.414650516584515572e-04 5.861158570041880012e-05 8.328204899044067133e-07 4.555962277663638815e-06
3.500000000000000000e+02 5.782510852441191673e-04 2.171559259295463562e-03 1.085036201402544975e-04 1.312743006565142423e-05 1.005510130198672414e-04 6.355799996526911855e-05 8.501692354911938310e-05 5.857045835000462830e-05 2.258700842503458261e-04 5.605357364402152598e-05 5.991574312247394118e-07 3.918497895938344300e-06 4.337713762652128935e-04 7.582009420730173588e-04 5.112829239806160331e-05 1.247198179044062272e-05 1.005510130198672414e-04 6.355799996526911855e-05 8.501692354911938310e-05 5.857045835000462830e-05 2.258700842503458261e-04 5.605357364402152598e-05 5.991574312247394118e-07 3.918497895938344300e-06
3.600000000000000000e+02 5.341998767107725143e-04 2.063194522634148598e-03 1.054809326888062060e-04 1.237390824826434255e-05 9.857268742052838206e-05 6.311502511380240321e-05 8.380997314816340804e-05 5.900434553041122854e-05 2.107168111251667142e-04 5.329064515535719693e-05 4.035518941236659884e-07 3.387699962331680581e-06 4.004997026640921831e-04 7.154297200031578541e-04 4.923074448015540838e-05 1.169706683867843822e-05 9.857268742052838206e-05 6.311502511380240321e-05 8.380997314816340804e-05 5.900434553041122854e-05 2.107168111251667142e-04 5.329064515535719693e-05 4.035518941236659884e-07 3.387699962331680581e-06
3.700000000000000000e+02 4.952498129568994045e-04 1.959786983206868172e-03 1.024304074235260487e-04 1.159478961199056357e-05 9.566797234583646059e-05 6.222064985195174813e-05 8.210627129301428795e-05 5.918194437981583178e-05 1.960899971891194582e-04 5.037753726355731487e-05 3.888248727434984175e-07 2.965774910990148783e-06 3.721804241649806499e-04 6.753578200004994869e-04 4.747384082293137908e-05 1.089904799300711602e-05 9.566797234583646059e-05 6.222064985195174813e-05 8.210627129301428795e-05 5.918194437981583178e-05 1.960899971891194582e-04 5.037753726355731487e-05 3.888248727434984175e-07 2.965774910990148783e-06
3.800000000000000000e+02 9.548708912916481495e-04 1.852303044870495796e-03 1.113979742513038218e-04 1.104167586163384840e-05 1.854231668403372169e-04 5.834648618474602699e-05 8.085931040113791823e-05 5.507376044988632202e-05 1.829659595387056470e-04 4.762310345540754497e-05 4.704676757683046162e-05 3.532411483320174739e-06 8.661778992973268032e-04 6.246257107704877853e-04 5.508355388883501291e-05 1.032454747473821044e-05 1.854231668403372169e-04 5.834648618474602699e-05 8.085931040113791823e-05 5.507376044988632202e-05 1.829659595387056470e-04 4.762310345540754497e-05 4.704676757683046162e-05 3.532411483320174739e-06
3.900000000000000000e+02 1.615737681277096272e-03 1.799851772375404835e-03 8.369273564312607050e-05 9.562012564856559038e-06 4.134608607273548841e-04 6.677130295429378748e-05 7.442103378707543015e-05 7.094393367879092693e-05 1.667338365223258734e-04 4.362584877526387572e-05 1.136961436714045703e-04 1.415190354236983694e-06 1.498351339250802994e-03 6.339855608530342579e-04 3.795410157181322575e-05 8.851301572576630861e-06 4.134608607273548841e-04 6.677130295429378748e-05 7.442103378707543015e-05 7.094393367879092693e-05 1.667338365223258734e-04 4.362584877526387572e-05 1.136961436714045703e-04 1.415190354236983694e-06
4.000000000000000000e+02 4.375466669443994761e-04 1.709127100184559822e-03 8.597616397310048342e-05 9.024745850183535367e-06 1.044596210704185069e-04 5.620492083835415542e-05 7.294290844583883882e-05 6.269904406508430839e-05 1.561776152811944485e-04 4.107379572815261781e-05 3.755716761588701047e-06 1.898651817100471817e-06 3.319040115457028151e-04 5.827182321809232235e-04 3.838611155515536666e-05 8.295752195408567786e-06 1.044596210704185069e-04 5.620492083835415542e-05 7.294290844583883882e-05 6.269904406508430839e-05 1.561776152811944485e-04 4.107379572815261781e-05 3.755716761588701047e-06 1.898651817100471817e-06
4.100000000000000000e+02 4.642905259970575571e-04 1.629846286959946156e-03 8.972322393674403429e-05 8.443611477559898049e-06 9.126377699431031942e-05 5.113444058224558830e-05 7.000548066571354866e-05 5.811958180856890976e-05 1.453242875868454576e-04 3.840354838757775724e-05 1.074550164048559964e-05 2.330329380129114725e-06 3.780801780521869659e-04 5.449350574053823948e-04 4.169038220425136387e-05 7.708631528657861054e-06 9.126377699431031942e-05 5.113444058224558830e-05 7.000548066571354866e-05 5.811958180856890976e-05 1.453242875868454576e-04 3.840354838757775724e-05 1.074550164048559964e-05 2.330329380129114725e-06
4.200000000000000000e+02 4.160531971137970686e-04 1.559642492793500423e-03 8.465316204819828272e-05 7.801220817782450467e-06 8.266036456916481256e-05 4.944534157402813435e-05 6.594976730411872268e-05 5.814942414872348309e-05 1.347712968708947301e-04 3.569658292690292001e-05 8.902833542379084975e-06 2.007968987527419813e-06 3.342294949106872082e-04 5.209778319112956524e-04 3.879538053297437727e-05 7.075931989675154909e-06 8.266036456916481256e-05 4.944534157402813435e-05 6.594976730411872268e-05 5.814942414872348309e-05 1.347712968708947301e-04 3.569658292690292001e-05 8.902833542379084975e-06 2.007968987527419813e-06
4.300000000000000000e+02 3.414767561480402946e-04 1.492573996074497700e-03 7.864055078243836761e-05 7.227642981888493523e-06 7.159975939430296421e-05 4.833364437217824161e-05 6.217574991751462221e-05 5.877462535863742232e-05 1.242621365236118436e-04 3.317512528155930340e-05 3.121735971944872290e-06 1.631111331334977876e-06 2.617709105834364891e-04 5.001195822842419147e-04 3.529553214320912957e-05 6.521575414808467031e-06 7.159975939430296421e-05 4.833364437217824161e-05 6.217574991751462221e-05 5.877462535863742232e-05 1.242621365236118436e-04 3.317512528155930340e-05 3.121735971944872290e-06 1.631111331334977876e-06
4.400000000000000000e+02 3.104444767814129591e-04 1.427054288797080517e-03 7.406483928207308054e-05 6.732816927979001775e-06 6.716560892527922988e-05 4.667347457143478096e-05 5.841735037392936647e-05 5.887812585569918156e-05 1.145373389590531588e-04 3.075028871535323560e-05 1.719387682896922342e-06 1.390308057125366759e-06 2.348032285226508975e-04 4.791538522113114595e-04 3.292137262178584933e-05 6.050002411939203739e-06 6.716560892527922988e-05 4.667347457143478096e-05 5.841735037392936647e-05 5.887812585569918156e-05 1.145373389590531588e-04 3.075028871535323560e-05 1.719387682896922342e-06 1.390308057125366759e-06
4.500000000000000000e+02 2.910751209128648043e-04 1.363931922242045403e-03 7.030053529888391495e-05 6.302064775809412822e-06 6.306362047325819731e-05 4.465889651328325272e-05 5.481841435539536178e-05 5.853658512933179736e-05 1.053316227626055479e-04 2.840997149178292602e-05 1.701201426840270869e-06 1.245871658284158912e-06 2.203887706855311990e-04 4.586406867019832134e-04 3.116886000498197973e-05 5.646008048643125221e-06 6.306362047325819731e-05 4.465889651328325272e-05 5.481841435539536178e-05 5.853658512933179736e-05 1.053316227626055479e-04 2.840997149178292602e-05 1.701201426840270869e-06 1.245871658284158912e-06
4.600000000000000000e+02 2.736966416705399752e-04 1.303793047554790974e-03 6.663367821602150798e-05 5.925842742726672441e-06 5.913491986575536430e-05 4.255853127688169479e-05 5.125522147864103317e-05 5.808678542962297797e-05 9.670349390944465995e-05 2.613308242871426046e-05 1.724523940538347233e-06 1.126001961893052794e-06 2.076466917060315609e-04 4.395321302581578493e-04 2.954871706606354564e-05 5.300211341818794608e-06 5.913491986575536430e-05 4.255853127688169479e-05 5.125522147864103317e-05 5.808678542962297797e-05 9.670349390944465995e-05 2.613308242871426046e-05 1.724523940538347233e-06 1.126001961893052794e-06
4.700000000000000000e+02 2.566890325397253036e-04 1.246865605935454369e-03 6.282352114794775844e-05 5.602519195235799998e-06 5.619690273306332529e-05 4.055794488522224128e-05 4.768593862536363304e-05 5.770265124738216400e-05 8.858348883222788572e-05 2.393252179899718612e-05 1.307220486523874570e-06 1.005271428766718600e-06 1.944709656527265906e-04 4.221705021336674690e-04 2.789941027003806084e-05 5.010963832319248468e-06 5.619690273306332529e-05 4.055794488522224128e-05 4.768593862536363304e-05 5.770265124738216400e-05 8.858348883222788572e-05 2.393252179899718612e-05 1.307220486523874570e-06 1.005271428766718600e-06
4.800000000000000000e+02 2.428847801638767123e-04 1.192593132145702839e-03 5.935581430094316602e-05 5.334550678526284173e-06 5.344370947568677366e-05 3.855488830595277250e-05 4.424587314133532345e-05 5.713058271794579923e-05 8.102758147288113832e-05 2.185101220675278455e-05 1.167964228443452157e-06 9.105526146413467359e-07 1.845466322265565395e-04 4.058900231029838324e-04 2.650849637575447559e-05 4.779822575073922053e-06 5.344370947568677366e-05 3.855488830595277250e-05 4.424587314133532345e-05 5.713058271794579923e-05 8.102758147288113832e-05 2.185101220675278455e-05 1.167964228443452157e-06 9.105526146413467359e-07
4.900000000000000000e+02 2.314548037247732282e-04 1.140591222792863846e-03 5.651677929563447833e-05 5.117728051118319854e-06 4.918751074001193047e-05 3.644768730737268925e-05 4.096065458725206554e-05 5.621397212962619960e-05 7.406800432363525033e-05 1.990106284210924059e-05 1.786203824849508237e-06 8.600073329034785274e-07 1.776603749021887779e-04 3.901543095707893372e-04 2.553390550019685179e-05 4.601067757903365418e-06 4.918751074001193047e-05 3.644768730737268925e-05 4.096065458725206554e-05 5.621397212962619960e-05 7.406800432363525033e-05 1.990106284210924059e-05 1.786203824849508237e-06 8.600073329034785274e-07
5.000000000000000000e+02 2.201907045673578978e-04 1.091837882995605469e-03 5.353582673706114292e-05 4.942620307701872662e-06 4.682781946030445397e-05 3.457266575424000621e-05 3.778647442231886089e-05 5.543688166653737426e-05 6.757168011972680688e-05 1.806600266718305647e-05 1.714615223136206623e-06 7.925382305984385312e-07 1.698999840300530195e-04 3.763074055314064026e-04 2.449861494824290276e-05 4.465140136744594201e-06 4.682781946030445397e-05 3.457266575424000621e-05 3.778647442231886089e-05 5.543688166653737426e-05 6.757168011972680688e-05 1.806600266718305647e-05 1.714615223136206623e-06 7.925382305984385312e-07
5.100000000000000000e+02 2.108052722178399563e-04 1.045560464262962341e-03 5.100624912302009761e-05 4.806253400602145121e-06 4.380377504276111722e-05 3.269756052759476006e-05 3.481412204564549029e-05 5.444994167191907763e-05 6.159365148050710559e-05 1.636350316402968019e-05 2.105328348989132792e-06 7.496593070754897781e-07 1.642846618779003620e-04 3.632740408647805452e-04 2.375413168920204043e-05 4.367342626210302114e-06 4.380377504276111722e-05 3.269756052759476006e-05 3.481412204564549029e-05 5.444994167191907763e-05 6.159365148050710559e-05 1.636350316402968019e-05 2.105328348989132792e-06 7.496593070754897781e-07
5.200000000000000000e+02 2.024213899858295918e-04 1.002013799734413624e-03 4.867241295869462192e-05 4.702372734755044803e-06 4.130068919039331377e-05 3.094160274486057460e-05 3.203530286555178463e-05 5.342101940186694264e-05 5.607845741906203330e-05 1.478629928897134960e-05 2.427197614451870322e-06 7.111765398803981952e-07 1.593525521457195282e-04 3.514362906571477652e-04 2.314065386599395424e-05 4.300959517422597855e-06 4.130068919039331377e-05 3.094160274486057460e-05 3.203530286555178463e-05 5.342101940186694264e-05 5.607845741906203330e-05 1.478629928897134960e-05 2.427197614451870322e-06 7.111765398803981952e-07
5.300000000000000000e+02 2.000979002332314849e-04 9.605861851014196873e-04 4.695995448855683208e-05 4.625615019904216751e-06 3.766496956814080477e-05 2.914827200584113598e-05 2.951338319689966738e-05 5.210166273172944784e-05 5.105443415232002735e-05 1.334539047093130648e-05 4.054864348290720955e-06 7.069860998853982892e-07 1.612683263374492526e-04 3.399689157959073782e-04 2.289857002324424684e-05 4.259440174791961908e-06 3.766496956814080477e-05 2.914827200584113598e-05 2.951338319689966738e-05 5.210166273172944784e-05 5.105443415232002735e-05 1.334539047093130648e-05 4.054864348290720955e-06 7.069860998853982892e-07
5.400000000000000000e+02 1.174886128865182400e-03 9.141601040028035641e-04 5.731996498070657253e-05 4.566264578897971660e-06 2.119792916346341372e-04 2.633649273775517941e-05 2.796037915686611086e-05 4.830543912248685956e-05 4.733342211693525314e-05 1.221377624460728839e-05 1.120445012929849327e-04 1.555028802613378502e-06 1.173742231912910938e-03 3.180333005730062723e-04 3.163765359204262495e-05 4.223531050229212269e-06 2.119792916346341372e-04 2.633649273775517941e-05 2.796037915686611086e-05 4.830543912248685956e-05 4.733342211693525314e-05 1.221377624460728839e-05 1.120445012929849327e-04 1.555028802613378502e-06
5.500000000000000000e+02 1.728513394482433796e-03 9.046303457580506802e-04 4.259428533259779215e-05 4.555547548079630360e-06 4.822294285986572504e-04 3.304411802673712373e-05 2.347068220842629671e-05 6.048275463399477303e-05 4.062829611939378083e-05 1.050347418640740216e-05 1.252692745765671134e-04 5.548141643885173835e-07 1.692986581474542618e-03 3.391052014194428921e-04 2.629676964716054499e-05 4.256713054928695783e-06 4.822294285986572504e-04 3.304411802673712373e-05 2.347068220842629671e-05 6.048275463399477303e-05 4.062829611939378083e-05 1.050347418640740216e-05 1.252692745765671134e-04 5.548141643885173835e-07
5.600000000000000000e+02 6.238498026505112648e-04 8.685925859026610851e-04 3.894042311003431678e-05 4.478460596146760508e-06 1.870937267085537314e-04 2.701883204281330109e-05 2.273446989420335740e-05 5.367066114558838308e-05 3.752063275896944106e-05 9.678107744548469782e-06 3.353172360220924020e-05 4.147005938648362644e-07 5.841857055202126503e-04 3.201312792953103781e-04 2.191669045714661479e-05 4.191352218185784295e-06 1.870937267085537314e-04 2.701883204281330109e-05 2.273446989420335740e-05 5.367066114558838308e-05 3.752063275896944106e-05 9.678107744548469782e-06 3.353172360220924020e-05 4.147005938648362644e-07
5.700000000000000000e+02 2.444887359160929918e-04 8.365156827494502068e-04 3.851551809930242598e-05 4.432793957676040009e-06 7.318128336919471622e-05 2.385431253060232848e-05 2.122692058037500829e-05 4.978957440471276641e-05 3.481544626993127167e-05 8.844770491123199463e-06 4.812716269952943549e-06 4.715809893696132349e-07 2.084161096718162298e-04 3.069965750910341740e-04 2.142318953701760620e-05 4.162018740316852927e-06 7.318128336919471622e-05 2.385431253060232848e-05 2.122692058037500829e-05 4.978957440471276641e-05 3.481544626993127167e-05 8.844770491123199463e-06 4.812716269952943549e-06 4.715809893696132349e-07
5.800000000000000000e+02 1.719888823572546244e-04 8.072471828199923038e-04 3.850808207062073052e-05 4.425793576956493780e-06 4.307533527025952935e-05 2.242903246951755136e-05 2.003263398364651948e-05 4.726885526906698942e-05 3.201021172571927309e-05 8.155350769811775535e-06 1.878002422017743811e-06 5.207676849749987014e-07 1.404639624524861574e-04 2.982041914947330952e-04 2.174220753659028560e-05 4.178554263489786536e-06 4.307533527025952935e-05 2.242903246951755136e-05 2.003263398364651948e-05 4.726885526906698942e-05 3.201021172571927309e-05 8.155350769811775535e-06 1.878002422017743811e-06 5.207676849749987014e-07
5.900000000000000000e+02 1.630796177778393030e-04 7.801273022778332233e-04 3.799902697210200131e-05 4.436699782672803849e-06 3.769071190617978573e-05 2.161056363547686487e-05 1.896376488730311394e-05 4.583694681059569120e-05 2.927646710304543376e-05 7.534707947343122214e-06 2.392087026237277314e-06 5.206372861721320078e-07 1.344670599792152643e-04 2.918406098615378141e-04 2.197447247453965247e-05 4.212582098261918873e-06 3.769071190617978573e-05 2.161056363547686487e-05 1.896376488730311394e-05 4.583694681059569120e-05 2.927646710304543376e-05 7.534707947343122214e-06 2.392087026237277314e-06 5.206372861721320078e-07
6.000000000000000000e+02 1.601057738298550248e-04 7.551487069576978683e-04 3.725412898347713053e-05 4.445599643077002838e-06 3.741208274732343853e-05 2.091286478389520198e-05 1.792280272638890892e-05 4.472358705243095756e-05 2.667939770617522299e-05 6.912089702382218093e-06 2.389225528531824239e-06 5.029876319895265624e-07 1.331208477495238185e-04 2.865098649635910988e-04 2.212687468272633851e-05 4.238284873281372711e-06 3.741208274732343853e-05 2.091286478389520198e-05 1.792280272638890892e-05 4.472358705243095756e-05 2.667939770617522299e-05 6.912089702382218093e-06 2.389225528531824239e-06 5.029876319895265624e-07
6.100000000000000000e+02 1.571990142110735178e-04 7.317314739339053631e-04 3.661036680568940938e-05 4.449133029993390664e-06 3.708649819600395858e-05 2.021912041527684778e-05 1.702495865174569190e-05 4.357458601589314640e-05 2.428955485811457038e-05 6.313396170298801735e-06 2.394507419012370519e-06 4.900629164694692008e-07 1.317112473770976067e-04 2.814219624269753695e-04 2.234038765891455114e-05 4.252904545865021646e-06 3.708649819600395858e-05 2.021912041527684778e-05 1.702495865174569190e-05 4.357458601589314640e-05 2.428955485811457038e-05 6.313396170298801735e-06 2.394507419012370519e-06 4.900629164694692008e-07
6.200000000000000000e+02 1.532403839519247413e-04 7.093251915648579597e-04 3.616150934249162674e-05 4.447629635251360014e-06 3.422101872274652123e-05 1.950880505319219083e-05 1.617855014046654105e-05 4.227327735861763358e-05 2.215825952589511871e-05 5.750498530687764287e-06 2.782562887659878470e-06 4.911419182462850586e-07 1.295546826440840960e-04 2.761388604994863272e-04 2.263237001898232847e-05 4.258896296960301697e-06 3.422101872274652123e-05 1.950880505319219083e-05 1.617855014046654105e-05 4.227327735861763358e-05 2.215825952589511871e-05 5.750498530687764287e-06 2.782562887659878470e-06 4.911419182462850586e-07
6.300000000000000000e+02 1.519136858405545354e-04 6.878435378894209862e-04 3.586043385439552367e-05 4.445695140020688996e-06 3.086490687564946711e-05 1.885290112113580108e-05 1.545213854114990681e-05 4.090397487743757665e-05 2.023558954533655196e-05 5.250064987194491550e-06 3.595415137169766240e-06 4.992935487280192319e-07 1.302334276260808110e-04 2.708895190153270960e-04 2.296817001479212195e-05 4.263304163032444194e-06 3.086490687564946711e-05 1.885290112113580108e-05 1.545213854114990681e-05 4.090397487743757665e-05 2.023558954533655196e-05 5.250064987194491550e-06 3.595415137169766240e-06 4.992935487280192319e-07
6.400000000000000000e+02 1.490205322625115514e-04 6.676506600342690945e-04 3.538564851623959839e-05 4.445603281055809930e-06 3.061604365939274430e-05 1.837729541875887662e-05 1.476159650337649509e-05 3.971776823163963854e-05 1.845127553679049015e-05 4.795354470843449235e-06 3.451480097282910720e-06 4.900483645542408340e-07 1.282828889088705182e-04 2.663248742464929819e-04 2.320691237400751561e-05 4.268911197868874297e-06 3.061604365939274430e-05 1.837729541875887662e-05 1.476159650337649509e-05 3.971776823163963854e-05 1.845127553679049015e-05 4.795354470843449235e-06 3.451480097282910720e-06 4.900483645542408340e-07
6.500000000000000000e+02 1.459148043068125844e-04 6.484561017714440823e-04 3.493279655231162906e-05 4.444748356036143377e-06 3.099218520219437778e-05 1.797070763132069260e-05 1.413335030520102009e-05 3.856852345052175224e-05 1.681706453382503241e-05 4.384787189337657765e-06 3.132163101327023469e-06 4.802969328920880798e-07 1.258278207387775183e-04 2.620326704345643520e-04 2.343852247577160597e-05 4.272435944585595280e-06 3.099218520219437778e-05 1.797070763132069260e-05 1.413335030520102009e-05 3.856852345052175224e-05 1.681706453382503241e-05 4.384787189337657765e-06 3.132163101327023469e-06 4.802969328920880798e-07
6.600000000000000000e+02 1.442551292711868882e-04 6.299773813225328922e-04 3.464774999883957207e-05 4.441179498826386407e-06 2.952854629256762564e-05 1.753667856974061579e-05 1.358531608275370672e-05 3.733352059498429298e-05 1.534859075036365539e-05 4.016530965600395575e-06 3.368657189639634453e-06 4.820855110665434040e-07 1.252756628673523664e-04 2.576285623945295811e-04 2.371543632762040943e-05 4.271685156709281728e-06 2.952854629256762564e-05 1.753667856974061579e-05 1.358531608275370672e-05 3.733352059498429298e-05 1.534859075036365539e-05 4.016530965600395575e-06 3.368657189639634453e-06 4.820855110665434040e-07
6.700000000000000000e+02 1.417343737557530403e-04 6.124417413957417011e-04 3.431782170082442462e-05 4.437468305695801973e-06 2.928209687524940819e-05 1.718095882097259164e-05 1.308015816903207451e-05 3.617790935095399618e-05 1.399631491949548945e-05 3.679167775771929882e-06 3.221263568775611930e-06 4.794194410351337865e-07 1.233962830156087875e-04 2.535588282626122236e-04 2.395830779278185219e-05 4.270000772521598265e-06 2.928209687524940819e-05 1.718095882097259164e-05 1.308015816903207451e-05 3.617790935095399618e-05 1.399631491949548945e-05 3.679167775771929882e-06 3.221263568775611930e-06 4.794194410351337865e-07
6.800000000000000000e+02 1.394333812640979886e-04 5.956614040769636631e-04 3.402470247237943113e-05 4.432810783328022808e-06 2.891124859161209315e-05 1.685069400991778821e-05 1.263014564756304026e-05 3.502970866975374520e-05 1.276710918318713084e-05 3.372321316419402137e-06 3.113440470770001411e-06 4.793218408849497791e-07 1.217014651047065854e-04 2.496048400644212961e-04 2.419505653961095959e-05 4.266809355613077059e-06 2.891124859161209315e-05 1.685069400991778821e-05 1.263014564756304026e-05 3.502970866975374520e-05 1.276710918318713084e-05 3.372321316419402137e-06 3.113440470770001411e-06 4.793218408849497791e-07
6.900000000000000000e+02 1.370720419799908996e-04 5.796335171908140182e-04 3.373430445208214223e-05 4.427491603564703837e-06 2.893291821237653494e-05 1.655949017731472850e-05 1.222093578689964488e-05 3.391585050849243999e-05 1.164626883110031486e-05 3.091182406933512539e-06 2.913209300459129736e-06 4.794546839548274875e-07 1.197699675685726106e-04 2.458256494719535112e-04 2.441547258058562875e-05 4.262670245225308463e-06 2.893291821237653494e-05 1.655949017731472850e-05 1.222093578689964488e-05 3.391585050849243999e-05 1.164626883110031486e-05 3.091182406933512539e-06 2.913209300459129736e-06 4.794546839548274875e-07
7.000000000000000000e+02 1.462083891965448856e-04 5.648350343108177185e-04 3.325198122183792293e-05 4.425729457580018789e-06 3.944198761018924415e-05 1.651151796977501363e-05 1.179068476631073281e-05 3.315896537969820201e-05 1.056100700225215405e-05 2.822244141498231329e-06 2.399993718427140266e-06 4.642070337013137760e-07 1.275704707950353622e-04 2.430516324238851666e-04 2.466095793351996690e-05 4.262604306859429926e-06 3.944198761018924415e-05 1.651151796977501363e-05 1.179068476631073281e-05 3.315896537969820201e-05 1.056100700225215405e-05 2.822244141498231329e-06 2.399993718427140266e-06 4.642070337013137760e-07
7.100000000000000000e+02 3.641726216301321983e-03 5.641787429340183735e-04 4.954179530614055693e-05 4.535223524726461619e-06 9.908954380080103874e-04 2.693094393180217594e-05 1.042311214405344799e-05 4.586722570820711553e-05 8.608730240666773170e-06 2.402392738076741807e-06 3.039653820451349020e-04 1.649976525186502840e-06 3.649886930361390114e-03 2.587397175375372171e-04 4.523526513366959989e-05 4.383907253213692456e-06 9.908954380080103874e-04 2.693094393180217594e-05 1.042311214405344799e-05 4.586722570820711553e-05 8.608730240666773170e-06 2.402392738076741807e-06 3.039653820451349020e-04 1.649976525186502840e-06
7.200000000000000000e+02 1.771002134773880243e-04 5.377851775847375393e-04 3.395382373128086329e-05 4.361620540294097736e-06 2.488156314939260483e-05 1.475046792620560154e-05 1.116675684897927567e-05 3.049445149372331798e-05 8.850262929627206177e-06 2.396339368715416640e-06 9.142054295807611197e-06 5.402948772825766355e-07 1.655175874475389719e-04 2.301289496244862676e-04 2.571523873484693468e-05 4.177432856522500515e-06 2.488156314939260483e-05 1.475046792620560154e-05 1.116675684897927567e-05 3.049445149372331798e-05 8.850262929627206177e-06 2.396339368715416640e-06 9.142054295807611197e-06 5.402948772825766355e-07
7.300000000000000000e+02 1.389285462209954858e-04 5.286228260956704617e-04 3.273885886301286519e-05 4.341066869528731331e-06 3.879474752466194332e-05 1.489483838668093085e-05 1.104731200030073524e-05 2.990318898810073733e-05 8.004740266187582165e-06 2.219144789705751464e-06 2.366082981097861193e-06 4.709021936832868960e-07 1.212916540680453181e-04 2.286820963490754366e-04 2.545312781876418740e-05 4.153550435148645192e-06 3.879474752466194332e-05 1.489483838668093085e-05 1.104731200030073524e-05 2.990318898810073733e-05 8.004740266187582165e-06 2.219144789705751464e-06 2.366082981097861193e-06 4.709021936832868960e-07
7.400000000000000000e+02 1.938207569764927030e-04 5.179205909371376038e-04 3.241992817493155599e-05 4.328309387346962467e-06 6.272294558584690094e-05 1.529394830868113786e-05 1.047353725880384445e-05 2.951858732558321208e-05 7.446312338288407773e-06 2.044792836386477575e-06 5.766316462540999055e-06 4.700335978213843191e-07 1.743713219184428453e-04 2.272472629556432366e-04 2.586288428574334830e-05 4.149142569076502696e-06 6.272294558584690094e-05 1.529394830868113786e-05 1.047353725880384445e-05 2.951858732558321208e-05 7.446312338288407773e-06 2.044792836386477575e-06 5.766316462540999055e-06 4.700335978213843191e-07
7.500000000000000000e+02 1.721402804832905531e-04 5.060791154392063618e-04 3.213597665308043361e-05 4.326791895437054336e-06 5.345277168089523911e-05 1.518792851129546762e-05 1.051338040269911289e-05 2.821897214744240046e-05 6.915434823895338923e-06 1.980509750865167007e-06 4.357253146736184135e-06 4.778751190315233544e-07 1.536348572699353099e-04 2.250424877274781466e-04 2.569560274423565716e-05 4.163643552601570264e-06 5.345277168089523911e-05 1.518792851129546762e-05 1.051338040269911289e-05 2.821897214744240046e-05 6.915434823895338923e-06 1.980509750865167007e-06 4.357253146736184135e-06 4.778751190315233544e-07
7.600000000000000000e+02 1.421041815774515271e-04 4.943999811075627804e-04 3.187491893186233938e-05 4.323264420236228034e-06 3.987811578554101288e-05 1.484835229348391294e-05 1.043631982611259446e-05 2.712564855755772442e-05 6.424569619412068278e-06 1.893958938126161229e-06 2.661422968230908737e-06 4.860845024268201087e-07 1.250722998520359397e-04 2.223230112576857209e-04 2.553422382334247231e-05 4.168668510828865692e-06 3.987811578554101288e-05 1.484835229348391294e-05 1.043631982611259446e-05 2.712564855755772442e-05 6.424569619412068278e-06 1.893958938126161229e-06 2.661422968230908737e-06 4.860845024268201087e-07
7.700000000000000000e+02 1.280065334867686033e-04 4.836249281652271748e-04 3.164801819366402924e-05 4.312717464927118272e-06 3.138204920105636120e-05 1.450405306968605146e-05 1.038397749653086066e-05 2.607379610708449036e-05 5.929439794272184372e-06 1.777170041350473184e-06 2.155462880182312801e-06 4.996162488168920390e-07 1.122640969697386026e-04 2.195777051383629441e-04 2.544119888625573367e-05 4.158053798164473847e-06 3.138204920105636120e-05 1.450405306968605146e-05 1.038397749653086066e-05 2.607379610708449036e-05 5.929439794272184372e-06 1.777170041350473184e-06 2.155462880182312801e-06 4.996162488168920390e-07
7.800000000000000000e+02 1.224399602506309748e-04 4.733563109766691923e-04 3.142229616059921682e-05 4.296408405934926122e-06 2.612810749269556254e-05 1.421565866621676832e-05 1.026691734296036884e-05 2.511324964871164411e-05 5.500208771991310641e-06 1.642252527744858526e-06 2.257419964735163376e-06 5.153638085175771266e-07 1.077724300557747483e-04 2.167244529118761420e-04 2.540278910601045936e-05 4.138043550483416766e-06 2.612810749269556254e-05 1.421565866621676832e-05 1.026691734296036884e-05 2.511324964871164411e-05 5.500208771991310641e-06 1.642252527744858526e-06 2.257419964735163376e-06 5.153638085175771266e-07
7.900000000000000000e+02 1.213490904774516821e-04 4.633835633285343647e-04 3.118996755802072585e-05 4.278819687897339463e-06 2.270870936627034098e-05 1.397598589392146096e-05 1.014252393360948190e-05 2.419070915493648499e-05 5.129661531100282446e-06 1.515984081379428972e-06 2.661457756403251551e-06 5.313501105774776079e-07 1.076207772712223232e-04 2.138816053047776222e-04 2.536632928240578622e-05 4.117996013519586995e-06 2.270870936627034098e-05 1.397598589392146096e-05 1.014252393360948190e-05 2.419070915493648499e-05 5.129661531100282446e-06 1.515984081379428972e-06 2.661457756403251551e-06 5.313501105774776079e-07
8.000000000000000000e+02 1.213002615259028971e-04 4.537504864856600761e-04 3.092920087510719895e-05 4.261460617271950468e-06 2.115147981385234743e-05 1.377116859657689929e-05 1.002812405204167590e-05 2.334965938644018024e-05 4.780533799930708483e-06 1.405251623509684578e-06 2.915139248216291890e-06 5.446473778647487052e-07 1.081692753359675407e-04 2.112196089001372457e-04 2.532391590648330748e-05 4.100194928469136357e-06 2.115147981385234743e-05 1.377116859657689929e-05 1.002812405204167590e-05 2.334965938644018024e-05 4.780533799930708483e-06 1.405251623509684578e-06 2.915139248216291890e-06 5.446473778647487052e-07
8.100000000000000000e+02 1.189013055409304798e-04 4.445590020623058081e-04 3.060884409933350980e-05 4.243848252372117713e-06 2.136976218025665730e-05 1.359602083539357409e-05 9.882950507744681090e-06 2.261623740196228027e-05 4.445046670298324898e-06 1.300458848163543735e-06 2.593576937215402722e-06 5.536788876270293258e-07 1.057027038768865168e-04 2.088427718263119459e-04 2.527704782551154494e-05 4.082661234861006960e-06 2.136976218025665730e-05 1.359602083539357409e-05 9.882950507744681090e-06 2.261623740196228027e-05 4.445046670298324898e-06 1.300458848163543735e-06 2.593576937215402722e-06 5.536788876270293258e-07
8.200000000000000000e+02 1.168932358268648386e-04 4.356886784080415964e-04 3.029169238288886845e-05 4.225328211759915575e-06 2.174043947889003903e-05 1.341170991508988664e-05 9.747414878802374005e-06 2.191356361436191946e-05 4.133224592806072906e-06 1.203174520014727022e-06 2.311791376996552572e-06 5.631146677842480130e-07 1.036076428135856986e-04 2.065395819954574108e-04 2.522190698073245585e-05 4.064280801685526967e-06 2.174043947889003903e-05 1.341170991508988664e-05 9.747414878802374005e-06 2.191356361436191946e-05 4.133224592806072906e-06 1.203174520014727022e-06 2.311791376996552572e-06 5.631146677842480130e-07
8.300000000000000000e+02 1.160577885457314551e-04 4.270101198926568031e-04 3.000464130309410393e-05 4.205607183394022286e-06 2.061776103801093996e-05 1.318974864261690527e-05 9.629991836845874786e-06 2.117701114912051708e-05 3.861645382130518556e-06 1.113362827709352132e-06 2.409057060503982939e-06 5.747656928178912494e-07 1.031440333463251591e-04 2.041217376245185733e-04 2.513623076083604246e-05 4.044884462928166613e-06 2.061776103801093996e-05 1.318974864261690527e-05 9.629991836845874786e-06 2.117701114912051708e-05 3.861645382130518556e-06 1.113362827709352132e-06 2.409057060503982939e-06 5.747656928178912494e-07
8.400000000000000000e+02 1.144862399087287486e-04 4.186657315585762262e-04 2.969372872030362487e-05 4.185899797448655590e-06 2.050552029686514288e-05 1.298818096984177828e-05 9.515511919744312763e-06 2.050634066108614206e-05 3.608388851716881618e-06 1.028166252581286244e-06 2.263855776618584059e-06 5.847504098710487597e-07 1.016311289276927710e-04 2.018822997342795134e-04 2.505069642211310565e-05 4.026268925372278318e-06 2.050552029686514288e-05 1.298818096984177828e-05 9.515511919744312763e-06 2.050634066108614206e-05 3.608388851716881618e-06 1.028166252581286244e-06 2.263855776618584059e-06 5.847504098710487597e-07
8.500000000000000000e+02 1.133729674620553851e-04 4.105569678358733654e-04 2.938835859822575003e-05 4.165457539784256369e-06 1.991552198887802660e-05 1.277454612136352807e-05 9.411775863554794341e-06 1.983805304917041212e-05 3.382439899723976851e-06 9.484550105298694689e-07 2.250818170068669133e-06 5.950187755843217019e-07 1.007321334327571094e-04 1.996502833208069205e-04 2.494591353752184659e-05 4.007438292319420725e-06 1.991552198887802660e-05 1.277454612136352807e-05 9.411775863554794341e-06 1.983805304917041212e-05 3.382439899723976851e-06 9.484550105298694689e-07 2.250818170068669133e-06 5.950187755843217019e-07
8.600000000000000000e+02 1.119649168686009943e-04 4.027359245810657740e-04 2.907195812440477312e-05 4.144562808505725116e-06 1.973031066881958395e-05 1.256790437764720991e-05 9.310187124356161803e-06 1.920691101986449212e-05 3.174529410898685455e-06 8.730366403142397758e-07 2.143058054571156390e-06 6.043887879059184343e-07 9.940777090378105640e-05 1.975306513486430049e-04 2.483565549482591450e-05 3.988617208960931748e-06 1.973031066881958395e-05 1.256790437764720991e-05 9.310187124356161803e-06 1.920691101986449212e-05 3.174529410898685455e-06 8.730366403142397758e-07 2.143058054571156390e-06 6.043887879059184343e-07
8.700000000000000000e+02 1.107115967897698283e-04 3.951585385948419571e-04 2.875454811146482825e-05 4.122944119444582611e-06 1.941826849360950291e-05 1.235485706274630502e-05 9.214890269504394382e-06 1.859062467701733112e-05 2.986816980410367250e-06 8.024794055927486625e-07 2.075800239254022017e-06 6.136178853921592236e-07 9.828194743022322655e-05 1.954593317350372672e-04 2.471217339916620404e-05 3.969332283304538578e-06 1.941826849360950291e-05 1.235485706274630502e-05 9.214890269504394382e-06 1.859062467701733112e-05 2.986816980410367250e-06 8.024794055927486625e-07 2.075800239254022017e-06 6.136178853921592236e-07
8.800000000000000000e+02 1.093604587367735803e-04 3.878384304698556662e-04 2.843193396984133869e-05 4.100741534784901887e-06 1.932328814291395247e-05 1.214329950016690418e-05 9.122938536165747792e-06 1.800340942281764001e-05 2.814415665852720849e-06 7.362355063378345221e-07 1.966622221516445279e-06 6.221977173481718637e-07 9.699311340227723122e-05 1.934705942403525114e-04 2.458268318150658160e-05 3.949654910684330389e-06 1.932328814291395247e-05 1.214329950016690418e-05 9.122938536165747792e-06 1.800340942281764001e-05 2.814415665852720849e-06 7.362355063378345221e-07 1.966622221516445279e-06 6.221977173481718637e-07
8.900000000000000000e+02 1.091524682124145329e-04 3.809015324804931879e-04 2.809900070133153349e-05 4.078976871824124828e-06 2.220283568021841347e-05 1.198103836941299960e-05 9.012112968775909394e-06 1.753935066517442465e-05 2.642098479554988444e-06 6.716651910210202914e-07 1.569858113725786097e-06 6.303520763140113559e-07 9.614191367290914059e-05 1.917966146720573306e-04 2.451335240039043128e-05 3.930716502509312704e-06 2.220283568021841347e-05 1.198103836941299960e-05 9.012112968775909394e-06 1.753935066517442465e-05 2.642098479554988444e-06 6.716651910210202914e-07 1.569858113725786097e-06 6.303520763140113559e-07
9.000000000000000000e+02 8.654485573060810566e-04 3.777261008508503437e-04 3.205423854524269700e-05 4.087445631739683449e-06 2.496538218110799789e-04 1.456005156796891242e-05 8.495661859342362732e-06 2.089793815684970468e-05 2.216858320025494322e-06 5.674742169503588229e-07 6.355113146128132939e-05 1.009770130622200668e-06 8.517379174008965492e-04 1.955255429493263364e-04 3.002296944032423198e-05 3.945639036828652024e-06 2.496538218110799789e-04 1.456005156796891242e-05 8.495661859342362732e-06 2.089793815684970468e-05 2.216858320025494322e-06 5.674742169503588229e-07 6.355113146128132939e-05 1.009770130622200668e-06
9.100000000000000000e+02 2.128860447555780411e-03 3.662911476567387581e-04 4.010472548543475568e-05 3.995557108282810077e-06 4.103238170500844717e-04 1.524504386907210574e-05 9.342000339529477060e-06 1.799573510652408004e-05 2.848040821845643222e-06 6.221023340913234279e-07 1.956976193469017744e-04 1.627192204978200607e-06 2.173674060031771660e-03 1.792718976503238082e-04 3.459209256106987596e-05 3.828341050393646583e-06 4.103238170500844717e-04 1.524504386907210574e-05 9.342000339529477060e-06 1.799573510652408004e-05 2.848040821845643222e-06 6.221023340913234279e-07 1.956976193469017744e-04 1.627192204978200607e-06
9.200000000000000000e+02 1.057475572451949120e-03 3.633186570368707180e-04 3.429561184020712972e-05 3.936094344680896029e-06 1.861553464550524950e-04 1.222282753587933257e-05 9.493161087448243052e-06 1.599641836946830153e-05 2.526713842598837800e-06 5.696488756257167552e-07 9.334916830994188786e-05 1.145582700701197609e-06 1.077387947589159012e-03 1.781410101102665067e-04 2.966738429677207023e-05 3.762932010431541130e-06 1.861553464550524950e-04 1.222282753587933257e-05 9.493161087448243052e-06 1.599641836946830153e-05 2.526713842598837800e-06 5.696488756257167552e-07 9.334916830994188786e-05 1.145582700701197609e-06
9.300000000000000000e+02 4.483847587835043669e-04 3.587717073969542980e-04 2.943668732768855989e-05 3.898803242918802425e-06 6.595427839783951640e-05 1.095922380045522004e-05 8.863241419021505862e-06 1.472971234761644155e-05 2.434539510431932285e-06 4.990418460693035740e-07 3.758182720048353076e-05 7.857509558562014718e-07 4.514807078521698713e-04 1.782403851393610239e-04 2.570640390331391245e-05 3.737518909474601969e-06 6.595427839783951640e-05 1.095922380045522004e-05 8.863241419021505862e-06 1.472971234761644155e-05 2.434539510431932285e-06 4.990418460693035740e-07 3.758182720048353076e-05 7.857509558562014718e-07
9.400000000000000000e+02 1.217375029227696359e-04 3.540419565979391336e-04 2.683085403987206519e-05 3.889950221491744742e-06 1.573743975313846022e-05 1.048934791469946504e-05 8.682966836204286665e-06 1.425421669409843162e-05 2.259198936371831223e-06 4.835765707866812591e-07 4.541881935438141227e-06 6.039140885150118265e-07 1.120800516218878329e-04 1.801155158318579197e-04 2.388739994785282761e-05 3.753998953470727429e-06 1.573743975313846022e-05 1.048934791469946504e-05 8.682966836204286665e-06 1.425421669409843162e-05 2.259198936371831223e-06 4.835765707866812591e-07 4.541881935438141227e-06 6.039140885150118265e-07
9.500000000000000000e+02 1.065987817128188908e-04 3.489683149382472038e-04 2.632614632602781057e-05 3.885079422616399825e-06 2.387209497101139277e-05 1.049682941811624914e-05 8.664816959935706109e-06 1.431226519343908876e-05 2.080016884065116756e-06 4.784394604939734563e-07 1.515570602350635454e-06 6.055115591152571142e-07 9.387329191667959094e-05 1.807921944418922067e-04 2.380054502282291651e-05 3.765336259675677866e-06 2.387209497101139277e-05 1.049682941811624914e-05 8.664816959935706109e-06 1.431226519343908876e-05 2.080016884065116756e-06 4.784394604939734563e-07 1.515570602350635454e-06 6.055115591152571142e-07
9.600000000000000000e+02 1.087713899323716760e-04 3.439268039073795080e-04 2.598950050014536828e-05 3.867414307023864239e-06 2.511296770535409451e-05 1.030660769174573943e-05 8.677256118971854448e-06 1.397854339302284643e-05 1.957918584594153799e-06 4.480561415221018251e-07 1.581882770551601425e-06 6.151279876576154493e-07 9.598626638762652874e-05 1.800478639779612422e-04 2.360343387408647686e-05 3.748821200133534148e-06 2.511296770535409451e-05 1.030660769174573943e-05 8.677256118971854448e-06 1.397854339302284643e-05 1.957918584594153799e-06 4.480561415221018251e-07 1.581882770551601425e-06 6.151279876576154493e-07
9.700000000000000000e+02 1.036311732605099678e-04 3.389467892702668905e-04 2.563974339864216745e-05 3.840435965685173869e-06 2.181660420319531113e-05 1.008200069918530062e-05 8.683915439178235829e-06 1.351532227999996394e-05 1.894087290565948933e-06 4.046862898121617036e-07 1.393072352584567852e-06 6.216958468030497897e-07 9.145276271738111973e-05 1.786603534128516912e-04 2.332874828425701708e-05 3.716707169587607495e-06 2.181660420319531113e-05 1.008200069918530062e-05 8.683915439178235829e-06 1.351532227999996394e-05 1.894087290565948933e-06 4.046862898121617036e-07 1.393072352584567852e-06 6.216958468030497897e-07
9.800000000000000000e+02 1.004121368168853223e-04 3.340024559292942286e-04 2.531916470616124570e-05 3.811323495028773323e-06 1.928636993397958577e-05 9.891513400361873209e-06 8.638159670226741582e-06 1.305718069488648325e-05 1.860585825852467678e-06 3.625307272159261629e-07 1.380661842631525360e-06 6.293043952609878033e-07 8.875026105670258403e-05 1.770948729244992137e-04 2.308648799953516573e-05 3.683218437799951062e-06 1.928636993397958577e-05 9.891513400361873209e-06 8.638159670226741582e-06 1.305718069488648325e-05 1.860585825852467678e-06 3.625307272159261629e-07 1.380661842631525360e-06 6.293043952609878033e-07
9.900000000000000000e+02 9.881136793410405517e-05 3.291257307864725590e-04 2.501493145246058702e-05 3.782349722314393148e-06 1.773580515873618424e-05 9.707579920359421521e-06 8.621694178145844489e-06 1.263018111785640940e-05 1.824650325943366624e-06 3.319644861221604515e-07 1.453193931411078665e-06 6.367043852151255123e-07 8.760307537158951163e-05 1.755784614942967892e-04 2.285351911268662661e-05 3.652261739262030460e-06 1.773580515873618424e-05 9.707579920359421521e-06 8.621694178145844489e-06 1.263018111785640940e-05 1.824650325943366624e-06 3.319644861221604515e-07 1.453193931411078665e-06 6.367043852151255123e-07
1.000000000000000000e+03 9.796125232242047787e-05 3.243845130782574415e-04 2.472126834618393332e-05 3.752970769710373133e-06 1.668295408308040351e-05 9.514161320112179965e-06 8.570397767471149564e-06 1.223566414410015568e-05 1.786544203241646755e-06 3.042200944491924020e-07 1.552916273794835433e-06 6.432487111851514783e-07 8.709543180884793401e-05 1.741040177876129746e-04 2.263486749143339694e-05 3.621027417466393672e-06 1.668295408308040351e-05 9.514161320112179965e-06 8.570397767471149564e-06 1.223566414410015568e-05 1.786544203241646755e-06 3.042200944491924020e-07 1.552916273794835433e-06 6.432487111851514783e-07
1.010000000000000000e+03 9.741140820551663637e-05 3.197834594175219536e-04 2.443405355734284967e-05 3.723160489244037308e-06 1.596858601260464638e-05 9.319804121332708746e-06 8.523647920810617507e-06 1.186576082545798272e-05 1.746319526318984572e-06 2.789726636365230661e-07 1.644581288928748108e-06 6.490959663096873555e-07 8.681530744070187211e-05 1.726791379041969776e-04 2.242161826870869845e-05 3.589414745874819346e-06 1.596858601260464638e-05 9.319804121332708746e-06 8.523647920810617507e-06 1.186576082545798272e-05 1.746319526318984572e-06 2.789726636365230661e-07 1.644581288928748108e-06 6.490959663096873555e-07
1.020000000000000000e+03 9.662983211455866694e-05 3.153046127408742905e-04 2.415363633190281689e-05 3.693558028317056596e-06 1.568163315823767334e-05 9.134714673564303666e-06 8.468780833936762065e-06 1.153271477960515767e-05 1.709097432467387989e-06 2.546166513184289215e-07 1.644529447730747052e-06 6.538335810546413995e-07 8.616013656137511134e-05 1.713038654997944832e-04 2.222477087343577296e-05 3.558637445166823454e-06 1.568163315823767334e-05 9.134714673564303666e-06 8.468780833936762065e-06 1.153271477960515767e-05 1.709097432467387989e-06 2.546166513184289215e-07 1.644529447730747052e-06 6.538335810546413995e-07
1.030000000000000000e+03 9.545681677991524339e-05 3.109420649707317352e-04 2.387938548054080456e-05 3.664335054054390639e-06 1.577092371007893234e-05 8.961008461483288556e-06 8.420207450399175286e-06 1.123102265410125256e-05 1.674983536759100389e-06 2.319517307114438154e-07 1.541917526992619969e-06 6.576156010851264000e-07 8.499193063471466303e-05 1.699959102552384138e-04 2.204158954555168748e-05 3.529278046698891558e-06 1.577092371007893234e-05 8.961008461483288556e-06 8.420207450399175286e-06 1.123102265410125256e-05 1.674983536759100389e-06 2.319517307114438154e-07 1.541917526992619969e-06 6.576156010851264000e-07
1.040000000000000000e+03 9.443447197554633021e-05 3.066749777644872665e-04 2.361083897994831204e-05 3.634975428212783299e-06 1.577117654960602522e-05 8.788930244918446988e-06 8.372569936909712851e-06 1.093554965336807072e-05 1.645434053898497950e-06 2.106055205786105944e-07 1.474462123951525427e-06 6.607323257412645034e-07 8.401276136282831430e-05 1.687030744506046176e-04 2.185732228099368513e-05 3.500435468595242128e-06 1.577117654960602522e-05 8.788930244918446988e-06 8.372569936909712851e-06 1.093554965336807072e-05 1.645434053898497950e-06 2.106055205786105944e-07 1.474462123951525427e-06 6.607323257412645034e-07
1.050000000000000000e+03 9.366177255287766457e-05 3.024924371857196093e-04 2.334613964194431901e-05 3.605182200772105716e-06 1.548282489238772541e-05 8.613427780801430345e-06 8.329370757564902306e-06 1.063512718246784061e-05 1.620300395188678522e-06 1.908579747578187380e-07 1.483908931732003111e-06 6.635021350120950956e-07 8.338439511135220528e-05 1.674078666837885976e-04 2.166311787732411176e-05 3.471480795269599184e-06 1.548282489238772541e-05 8.613427780801430345e-06 8.329370757564902306e-06 1.063512718246784061e-05 1.620300395188678522e-06 1.908579747578187380e-07 1.483908931732003111e-06 6.635021350120950956e-07
1.060000000000000000e+03 9.274096373701468110e-05 2.984225284308195114e-04 2.308689181518275291e-05 3.575379196263384074e-06 1.539253935334272683e-05 8.443529623036738485e-06 8.283442184620071203e-06 1.035250807035481557e-05 1.596508695911325049e-06 1.722800533343615825e-07 1.446675923943985254e-06 6.655905053776223212e-07 8.254420390585437417e-05 1.661608112044632435e-04 2.147783561667893082e-05 3.442670958975213580e-06 1.539253935334272683e-05 8.443529623036738485e-06 8.283442184620071203e-06 1.035250807035481557e-05 1.596508695911325049e-06 1.722800533343615825e-07 1.446675923943985254e-06 6.655905053776223212e-07
1.070000000000000000e+03 9.187430259771645069e-05 2.944428997579962015e-04 2.283239518874324858e-05 3.545336085153394379e-06 1.525632433185819536e-05 8.275140316982287914e-06 8.239346243499312550e-06 1.007645550998859107e-05 1.575948544996208511e-06 1.551432688984277775e-07 1.424539959771209396e-06 6.672207746305502951e-07 8.177936251740902662e-05 1.649317855481058359e-04 2.129186577803920954e-05 3.413667627683025785e-06 1.525632433185819536e-05 8.275140316982287914e-06 8.239346243499312550e-06 1.007645550998859107e-05 1.575948544996208511e-06 1.551432688984277775e-07 1.424539959771209396e-06 6.672207746305502951e-07
1.080000000000000000e+03 9.100025636143982410e-05 2.905571018345654011e-04 2.258310087199788541e-05 3.515111302476725541e-06 1.514449832029640675e-05 8.110816452244762331e-06 8.195466762117575854e-06 9.809945368033368140e-06 1.557773771310166921e-06 1.392529611621284857e-07 1.399449160999211017e-06 6.683177389277261682e-07 8.100160630419850349e-05 1.637249806663021445e-04 2.110837158397771418e-05 3.384461933819693513e-06 1.514449832029640675e-05 8.110816452244762331e-06 8.195466762117575854e-06 9.809945368033368140e-06 1.557773771310166921e-06 1.392529611621284857e-07 1.399449160999211017e-06 6.683177389277261682e-07
1.090000000000000000e+03 9.016251715365797281e-05 2.867583534680306911e-04 2.233841405541170388e-05 3.484655962893157266e-06 1.500184862379683182e-05 7.948874554131180048e-06 8.152860573318321258e-06 9.549978130962699652e-06 1.542422069178428501e-06 1.245995804310950916e-07 1.384781853630556725e-06 6.689897986689175013e-07 8.027325384318828583e-05 1.625336881261318922e-04 2.092511567752808332e-05 3.354982027303776704e-06 1.500184862379683182e-05 7.948874554131180048e-06 8.152860573318321258e-06 9.549978130962699652e-06 1.542422069178428501e-06 1.245995804310950916e-07 1.384781853630556725e-06 6.689897986689175013e-07
1.100000000000000000e+03 8.932075434131547809e-05 2.830476441886276007e-04 2.209887679782696068e-05 3.454036232142243534e-06 1.487709505454404280e-05 7.790468771418090910e-06 8.110572707664687186e-06 9.298346412833780050e-06 1.529123437649104744e-06 1.110973357754119206e-07 1.367847858091408852e-06 6.692467309221683536e-07 7.953678141348063946e-05 1.613617932889610529e-04 2.074407166219316423e-05 3.325279294585925527e-06 1.487709505454404280e-05 7.790468771418090910e-06 8.110572707664687186e-06 9.298346412833780050e-06 1.529123437649104744e-06 1.110973357754119206e-07 1.367847858091408852e-06 6.692467309221683536e-07
1.110000000000000000e+03 8.850601443555206060e-05 2.794199390336871147e-04 2.186397614423185587e-05 3.423223915888229385e-06 1.473411430197302252e-05 7.635090696567203850e-06 8.069123396126087755e-06 9.053142093762289733e-06 1.517910732218297198e-06 9.872130135590850841e-08 1.357872633889201097e-06 6.692191050206020009e-07 7.883505895733833313e-05 1.602043921593576670e-04 2.056377707049250603e-05 3.295314854767639190e-06 1.473411430197302252e-05 7.635090696567203850e-06 8.069123396126087755e-06 9.053142093762289733e-06 1.517910732218297198e-06 9.872130135590850841e-08 1.357872633889201097e-06 6.692191050206020009e-07
1.120000000000000000e+03 8.791566506261005998e-05 2.758599002845585346e-04 2.163231692975386977e-05 3.392025064385961741e-06 1.440432697563664988e-05 7.480273325199959800e-06 8.030846402107272297e-06 8.805368452158290893e-06 1.509742332927999087e-06 8.753197988653482753e-08 1.405773900842177682e-06 6.689780889246321749e-07 7.842644117772579193e-05 1.590402534930035472e-04 2.037613376160152256e-05 3.264858150942018256e-06 1.440432697563664988e-05 7.480273325199959800e-06 8.030846402107272297e-06 8.805368452158290893e-06 1.509742332927999087e-06 8.753197988653482753e-08 1.405773900842177682e-06 6.689780889246321749e-07
1.130000000000000000e+03 9.609615517547354102e-05 2.722031495068222284e-04 2.141464574378915131e-05 3.357556352057144977e-06 1.292780507355928421e-05 7.310004093596944585e-06 8.027886906347703189e-06 8.447478649031836540e-06 1.516843553872604389e-06 7.898436393816155032e-08 2.739922820182982832e-06 6.742208711330022197e-07 8.778207848081365228e-05 1.575900823809206486e-04 2.009875788644421846e-05 3.230758466088445857e-06 1.292780507355928421e-05 7.310004093596944585e-06 8.027886906347703189e-06 8.447478649031836540e-06 1.516843553872604389e-06 7.898436393816155032e-08 2.739922820182982832e-06 6.742208711330022197e-07
1.140000000000000000e+03 2.252226928249001503e-03 2.669103851076215506e-04 3.317728624097071588e-05 3.290150516477297060e-06 4.547125718090683222e-04 1.286359929508762434e-05 8.697376870259176940e-06 1.154231085820356384e-05 1.829867983360600192e-06 1.047778326324078080e-07 2.079065889120101929e-04 1.927859784700558521e-06 2.296975580975413322e-03 1.519883517175912857e-04 2.972676702484022826e-05 3.158360641464241780e-06 4.547125718090683222e-04 1.286359929508762434e-05 8.697376870259176940e-06 1.154231085820356384e-05 1.829867983360600192e-06 1.047778326324078080e-07 2.079065889120101929e-04 1.927859784700558521e-06
1.150000000000000000e+03 3.545444691553711891e-03 2.760457864496856928e-04 4.351279130787588656e-05 3.417712832742836326e-06 9.201417560689151287e-04 1.930938560690265149e-05 6.593616944883251563e-06 2.449176281515974551e-05 1.196841253658931237e-06 1.979566732757120917e-08 3.082589246332645416e-04 2.782840965664945543e-06 3.570498432964086533e-03 1.645326410653069615e-04 4.483244265429675579e-05 3.277905761933652684e-06 9.201417560689151287e-04 1.930938560690265149e-05 6.593616944883251563e-06 2.449176281515974551e-05 1.196841253658931237e-06 1.979566732757120917e-08 3.082589246332645416e-04 2.782840965664945543e-06
1.160000000000000000e+03 5.837765056639909744e-04 2.677909214980900288e-04 2.398824290139600635e-05 3.252935357522801496e-06 1.682391884969547391e-04 8.570549653086345643e-06 7.484522939193993807e-06 1.060770136973587796e-05 1.374562657474598382e-06 3.257365221998043125e-08 4.420792902237735689e-05 8.349303470822633244e-07 5.735843442380428314e-04 1.536168419988825917e-04 2.402829522907268256e-05 3.099438799836207181e-06 1.682391884969547391e-04 8.570549653086345643e-06 7.484522939193993807e-06 1.060770136973587796e-05 1.374562657474598382e-06 3.257365221998043125e-08 4.420792902237735689e-05 8.349303470822633244e-07
1.170000000000000000e+03 1.605487050255760550e-04 2.627474605105817318e-04 2.134712485712952912e-05 3.152343879264662974e-06 2.034296994679607451e-05 6.592973022634396330e-06 7.580980309285223484e-06 7.012252808635821566e-06 1.636744627830921672e-06 4.356571281505239313e-08 1.032150248647667468e-05 6.547073780893697403e-07 1.556626957608386874e-04 1.489571586716920137e-04 2.022246007982175797e-05 3.010435193573357537e-06 2.034296994679607451e-05 6.592973022634396330e-06 7.580980309285223484e-06 7.012252808635821566e-06 1.636744627830921672e-06 4.356571281505239313e-08 1.032150248647667468e-05 6.547073780893697403e-07
1.180000000000000000e+03 2.360952057642862201e-04 2.595802652649581432e-04 2.148738713003695011e-05 3.127454874629620463e-06 3.211650982848368585e-05 6.747086445102468133e-06 7.919884410512167960e-06 6.680586466245586053e-06 1.674072450441599358e-06 6.924356910076312488e-08 1.828708445827942342e-05 7.039831757538195234e-07 2.339141938136890531e-04 1.494280732003971934e-04 2.012377262872178108e-05 3.010136197190149687e-06 3.211650982848368585e-05 6.747086445102468133e-06 7.919884410512167960e-06 6.680586466245586053e-06 1.674072450441599358e-06 6.924356910076312488e-08 1.828708445827942342e-05 7.039831757538195234e-07
1.190000000000000000e+03 9.176760795526206493e-05 2.572115627117455006e-04 2.049805152637418360e-05 3.126466936009819619e-06 1.258538395632058382e-05 6.275287432799814269e-06 7.859855031711049378e-06 6.838703484390862286e-06 1.551772015773167368e-06 7.313707328648888506e-08 2.729677362367510796e-06 5.921768888583756052e-07 8.398658246733248234e-05 1.507348060840740800e-04 1.958432949322741479e-05 3.019349151145434007e-06 1.258538395632058382e-05 6.275287432799814269e-06 7.859855031711049378e-06 6.838703484390862286e-06 1.551772015773167368e-06 7.313707328648888506e-08 2.729677362367510796e-06 5.921768888583756052e-07
1.200000000000000000e+03 8.610379154561087489e-05 2.550547942519187927e-04 2.031320036621764302e-05 3.110000989181571640e-06 1.844142752815969288e-05 6.230127382877981290e-06 7.856221600377466530e-06 7.044848189252661541e-06 1.486748033130425029e-06 6.182985146097053075e-08 1.140243398367601912e-06 5.866954779776278883e-07 7.660689880140125751e-05 1.510543952463194728e-04 1.964041075552813709e-05 2.997769797730143182e-06 1.844142752815969288e-05 6.230127382877981290e-06 7.856221600377466530e-06 7.044848189252661541e-06 1.486748033130425029e-06 6.182985146097053075e-08 1.140243398367601912e-06 5.866954779776278883e-07
1.210000000000000000e+03 8.541344868717715144e-05 2.525639429222792387e-04 2.012311779253650457e-05 3.079631369473645464e-06 1.808619526855181903e-05 6.155044047773117200e-06 7.821449798939283937e-06 6.897177627251949161e-06 1.482838229094340932e-06 4.762049243822730205e-08 1.107519096876785625e-06 5.914276357543712948e-07 7.607219595229253173e-05 1.502655650256201625e-04 1.948918725247494876e-05 2.957838887596153654e-06 1.808619526855181903e-05 6.155044047773117200e-06 7.821449798939283937e-06 6.897177627251949161e-06 1.482838229094340932e-06 4.762049243822730205e-08 1.107519096876785625e-06 5.914276357543712948e-07
1.220000000000000000e+03 8.136060932883992791e-05 2.499082183931022882e-04 1.989670272450894117e-05 3.047374548259540461e-06 1.548624823044519871e-05 6.054376626707380638e-06 7.821586223144549876e-06 6.646282599831465632e-06 1.499289624007360544e-06 3.963318206956500944e-08 1.050581090566993225e-06 5.963408966636052355e-07 7.249225018313154578e-05 1.492303563281893730e-04 1.923466516018379480e-05 2.918598056567134336e-06 1.548624823044519871e-05 6.054376626707380638e-06 7.821586223144549876e-06 6.646282599831465632e-06 1.499289624007360544e-06 3.963318206956500944e-08 1.050581090566993225e-06 5.963408966636052355e-07
1.230000000000000000e+03 7.977722270879894495e-05 2.472773194313049316e-04 1.969811273738741875e-05 3.016247546838712879e-06 1.413450081599876285e-05 5.949373644398292527e-06 7.806650501152034849e-06 6.449723059631651267e-06 1.506434500697650947e-06 3.511867419092595810e-08 1.131332396653306205e-06 6.009174171595077496e-07 7.126711716409772635e-05 1.482319639762863517e-04 1.901749601529445499e-05 2.882061380660161376e-06 1.413450081599876285e-05 5.949373644398292527e-06 7.806650501152034849e-06 6.449723059631651267e-06 1.506434500697650947e-06 3.511867419092595810e-08 1.131332396653306205e-06 6.009174171595077496e-07
1.240000000000000000e+03 7.899825868662446737e-05 2.447254373691976070e-04 1.951721060322597623e-05 2.985596438520587981e-06 1.359683119517285377e-05 5.845158284500939772e-06 7.762764653307385743e-06 6.287879841693211347e-06 1.506603211964829825e-06 3.102862322634791781e-08 1.184048073810117785e-06 6.041846631887892727e-07 7.066407124511897564e-05 1.472730800742283463e-04 1.883459663076791912e-05 2.846070401574252173e-06 1.359683119517285377e-05 5.845158284500939772e-06 7.762764653307385743e-06 6.287879841693211347e-06 1.506603211964829825e-06 3.102862322634791781e-08 1.184048073810117785e-06 6.041846631887892727e-07
1.250000000000000000e+03 7.826588989701122046e-05 2.422146935714408755e-04 1.934611464093904942e-05 2.955377794933156110e-06 1.336672630714019760e-05 5.747789600718533620e-06 7.718818778812419623e-06 6.148211923573398963e-06 1.506395960859663319e-06 2.728389247863560740e-08 1.195913228002609685e-06 6.063205546524841338e-07 7.002594793448224664e-05 1.463204971514642239e-04 1.866768252511974424e-05 2.811488911902415566e-06 1.336672630714019760e-05 5.747789600718533620e-06 7.718818778812419623e-06 6.148211923573398963e-06 1.506395960859663319e-06 2.728389247863560740e-08 1.195913228002609685e-06 6.063205546524841338e-07
1.260000000000000000e+03 7.752001693006604910e-05 2.397188363829627633e-04 1.918274938361719251e-05 2.925758963101543486e-06 1.322684693150222301e-05 5.658433565258746967e-06 7.680289854761213064e-06 6.024160938977729529e-06 1.508911736891604960e-06 2.400369147892433830e-08 1.192187824017310049e-06 6.076000431676220614e-07 6.935631972737610340e-05 1.453649019822478294e-04 1.850946136983111501e-05 2.779243686745758168e-06 1.322684693150222301e-05 5.658433565258746967e-06 7.680289854761213064e-06 6.024160938977729529e-06 1.508911736891604960e-06 2.400369147892433830e-08 1.192187824017310049e-06 6.076000431676220614e-07
1.270000000000000000e+03 7.679121335968375206e-05 2.372511371504515409e-04 1.902340409287717193e-05 2.896502792282262817e-06 1.308234095631632954e-05 5.571701422013575211e-06 7.648047358088660985e-06 5.903320015931967646e-06 1.512569497208460234e-06 2.114401986830216629e-08 1.192377112602116540e-06 6.085200539018842392e-07 6.871203368064016104e-05 1.444189110770821571e-04 1.835320654208771884e-05 2.748758788584382273e-06 1.308234095631632954e-05 5.571701422013575211e-06 7.648047358088660985e-06 5.903320015931967646e-06 1.512569497208460234e-06 2.114401986830216629e-08 1.192377112602116540e-06 6.085200539018842392e-07
1.280000000000000000e+03 7.609862950630486012e-05 2.348221896681934595e-04 1.886723657662514597e-05 2.867411012630327605e-06 1.291242278966819867e-05 5.485633664648048580e-06 7.612197350681526586e-06 5.784035693068290129e-06 1.515966800980095286e-06 1.849221931138345099e-08 1.202804810418456327e-06 6.090350552767631598e-07 6.811224739067256451e-05 1.434855221305042505e-04 1.819958015403244644e-05 2.719086751312715933e-06 1.291242278966819867e-05 5.485633664648048580e-06 7.612197350681526586e-06 5.784035693068290129e-06 1.515966800980095286e-06 1.849221931138345099e-08 1.202804810418456327e-06 6.090350552767631598e-07
1.290000000000000000e+03 7.541764352936297655e-05 2.324330125702545047e-04 1.871478889370337129e-05 2.838521822923212312e-06 1.275408158107893541e-05 5.400675490818684921e-06 7.575180916319368407e-06 5.666424840455874801e-06 1.519546231065760367e-06 1.613766009711525840e-08 1.214169174090784509e-06 6.091163982091529761e-07 6.752365152351558208e-05 1.425700756954029202e-04 1.804932799132075161e-05 2.689892880880506709e-06 1.275408158107893541e-05 5.400675490818684921e-06 7.575180916319368407e-06 5.666424840455874801e-06 1.519546231065760367e-06 1.613766009711525840e-08 1.214169174090784509e-06 6.091163982091529761e-07
1.300000000000000000e+03 7.469086995115503669e-05 2.300823980476707220e-04 1.856784911069553345e-05 2.809966645145323128e-06 1.266172603209270164e-05 5.318338480719830841e-06 7.536319117207312956e-06 5.555305506277363747e-06 1.523426362837199122e-06 1.408381233858335690e-08 1.209368292620638385e-06 6.087889801165147219e-07 6.687377754133194685e-05 1.416737359249964356e-04 1.790683381841517985e-05 2.661179223650833592e-06 1.266172603209270164e-05 5.318338480719830841e-06 7.536319117207312956e-06 5.555305506277363747e-06 1.523426362837199122e-06 1.408381233858335690e-08 1.209368292620638385e-06 6.087889801165147219e-07
1.310000000000000000e+03 7.392907718895003200e-05 2.277686144225299358e-04 1.842577512434218079e-05 2.781720013445010409e-06 1.261763281945604831e-05 5.239249276201007888e-06 7.496935722883790731e-06 5.448816864372929558e-06 1.527646418253425509e-06 1.232739244017011515e-08 1.192400873151200358e-06 6.080514936002145987e-07 6.617632607230916619e-05 1.407911331625655293e-04 1.777050420059822500e-05 2.632858922879677266e-06 1.261763281945604831e-05 5.239249276201007888e-06 7.496935722883790731e-06 5.448816864372929558e-06 1.527646418253425509e-06 1.232739244017011515e-08 1.192400873151200358e-06 6.080514936002145987e-07
1.320000000000000000e+03 7.321055454667657614e-05 2.254868013551458716e-04 1.828605309128761292e-05 2.753632315943832509e-06 1.253332902706461027e-05 5.161840817891061306e-06 7.457450010406319052e-06 5.342437361832708120e-06 1.532384999336500186e-06 1.086475087674898532e-08 1.188102032756432891e-06 6.072265819057065528e-07 6.553564162459224463e-05 1.399109169142320752e-04 1.763432010193355381e-05 2.604724386401358061e-06 1.253332902706461027e-05 5.161840817891061306e-06 7.457450010406319052e-06 5.342437361832708120e-06 1.532384999336500186e-06 1.086475087674898532e-08 1.188102032756432891e-06 6.072265819057065528e-07
1.330000000000000000e+03 7.250704220496118069e-05 2.232374681625515223e-04 1.814931783883366734e-05 2.725767672018264420e-06 1.243925999006023630e-05 5.086072178528411314e-06 7.417890628858003765e-06 5.237624918663641438e-06 1.537569687570794486e-06 9.685612312182456662e-09 1.187729935736570042e-06 6.062203965484513901e-07 6.491271051345393062e-05 1.390365941915661097e-04 1.750006958900485188e-05 2.576831548140035011e-06 1.243925999006023630e-05 5.086072178528411314e-06 7.417890628858003765e-06 5.237624918663641438e-06 1.537569687570794486e-06 9.685612312182456662e-09 1.187729935736570042e-06 6.062203965484513901e-07
1.340000000000000000e+03 7.178681698860600591e-05 2.210224338341504335e-04 1.801649523258674890e-05 2.698185880944947712e-06 1.237107790075242519e-05 5.012264864490134642e-06 7.377487690973794088e-06 5.136524123372510076e-06 1.542934796816552989e-06 8.775481674661023135e-09 1.180760250463208649e-06 6.049744456504413392e-07 6.426656909752637148e-05 1.381712645525112748e-04 1.737041384330950677e-05 2.549220198488910682e-06 1.237107790075242519e-05 5.012264864490134642e-06 7.377487690973794088e-06 5.136524123372510076e-06 1.542934796816552989e-06 8.775481674661023135e-09 1.180760250463208649e-06 6.049744456504413392e-07
1.350000000000000000e+03 7.109211583156138659e-05 2.188381477026268840e-04 1.788622648746240884e-05 2.670795311132678762e-06 1.228062501468230039e-05 4.940085091220680624e-06 7.337283932429272681e-06 5.036059064877917990e-06 1.548617774460581131e-06 8.127265083146539837e-09 1.180555841528985184e-06 6.036431727807212155e-07 6.365140870912000537e-05 1.373092236462980509e-04 1.724152934912126511e-05 2.521768692531622946e-06 1.228062501468230039e-05 4.940085091220680624e-06 7.337283932429272681e-06 5.036059064877917990e-06 1.548617774460581131e-06 8.127265083146539837e-09 1.180555841528985184e-06 6.036431727807212155e-07
1.360000000000000000e+03 7.038751937216147780e-05 2.166866761399433017e-04 1.775948658178094774e-05 2.643657580847502686e-06 1.220801186718745157e-05 4.870117663813289255e-06 7.296573585335863754e-06 4.938532583764754236e-06 1.554541881887416821e-06 7.718062633443878440e-09 1.176115688394929748e-06 6.021766125741123687e-07 6.302191468421369791e-05 1.364548952551558614e-04 1.711647746560629457e-05 2.494538193786866032e-06 1.220801186718745157e-05 4.870117663813289255e-06 7.296573585335863754e-06 4.938532583764754236e-06 1.554541881887416821e-06 7.718062633443878440e-09 1.176115688394929748e-06 6.021766125741123687e-07
1.370000000000000000e+03 6.970168033149093390e-05 2.145649195881560445e-04 1.763525142450816929e-05 2.616711981318076141e-06 1.211959443025989458e-05 4.801461273018503562e-06 7.255904620251385495e-06 4.842286671191686764e-06 1.560794430588430259e-06 7.538596413780851435e-09 1.176713340100832283e-06 6.006475246067566331e-07 6.241522351047024131e-05 1.356034481432288885e-04 1.699253516562748700e-05 2.467462763888761401e-06 1.211959443025989458e-05 4.801461273018503562e-06 7.255904620251385495e-06 4.842286671191686764e-06 1.560794430588430259e-06 7.538596413780851435e-09 1.176713340100832283e-06 6.006475246067566331e-07
1.380000000000000000e+03 6.900644802954047918e-05 2.124746242770925164e-04 1.751433956087566912e-05 2.590016947578988038e-06 1.204726322612259537e-05 4.735146831080783159e-06 7.214825018309056759e-06 4.749079835164593533e-06 1.567191930007538758e-06 7.570950977253687597e-09 1.173162672785110772e-06 5.990149247736553662e-07 6.179448246257379651e-05 1.347587094642221928e-04 1.687227086222264916e-05 2.440600610498222522e-06 1.204726322612259537e-05 4.735146831080783159e-06 7.214825018309056759e-06 4.749079835164593533e-06 1.567191930007538758e-06 7.570950977253687597e-09 1.173162672785110772e-06 5.990149247736553662e-07
1.390000000000000000e+03 6.831179052824154496e-05 2.104145678458735347e-04 1.739652907417621464e-05 2.563555199230904691e-06 1.198063091578660533e-05 4.669918780564330518e-06 7.173398898885352537e-06 4.658160833059810102e-06 1.573741201355005614e-06 7.804644930331505748e-09 1.168562675957218744e-06 5.972383405605796725e-07 6.117236625868827105e-05 1.339182781521230936e-04 1.675464773143175989e-05 2.413937409073696472e-06 1.198063091578660533e-05 4.669918780564330518e-06 7.173398898885352537e-06 4.658160833059810102e-06 1.573741201355005614e-06 7.804644930331505748e-09 1.168562675957218744e-06 5.972383405605796725e-07
1.400000000000000000e+03 6.757883966201916337e-05 2.083870786009356380e-04 1.728344068396836519e-05 2.537419277359731495e-06 1.197082929138559848e-05 4.607952632795786485e-06 7.131004622351611033e-06 4.573013484332477674e-06 1.580224193276080769e-06 8.224802172662748490e-09 1.148850856225180905e-06 5.953047548246104270e-07 6.049806324881501496e-05 1.330887753283604980e-04 1.664397677814122289e-05 2.387564563832711428e-06 1.197082929138559848e-05 4.607952632795786485e-06 7.131004622351611033e-06 4.573013484332477674e-06 1.580224193276080769e-06 8.224802172662748490e-09 1.148850856225180905e-06 5.953047548246104270e-07
1.410000000000000000e+03 6.686341657768934965e-05 2.064281288767233491e-04 1.719644023978617042e-05 2.512601668058778159e-06 1.264623460883740336e-05 4.555238319881027564e-06 7.079499482642859221e-06 4.527601049630902708e-06 1.585456061548029538e-06 8.820659758157489705e-09 1.013398673421761487e-06 5.920652483837329783e-07 5.971327482257038355e-05 1.323299657087773085e-04 1.658572000451385975e-05 2.362538680245052092e-06 1.264623460883740336e-05 4.555238319881027564e-06 7.079499482642859221e-06 4.527601049630902708e-06 1.585456061548029538e-06 8.820659758157489705e-09 1.013398673421761487e-06 5.920652483837329783e-07
1.420000000000000000e+03 1.562442048452794552e-04 2.051951450994238257e-04 1.804349631129298359e-05 2.505885504433535971e-06 4.471345528145320714e-05 4.931883268000092357e-06 6.894014404679182917e-06 5.352313564799260348e-06 1.573265080878627487e-06 1.002121319260140808e-08 7.260443453560583293e-06 6.251492550291004591e-07 1.486402325099334121e-04 1.326710626017302275e-04 1.786080792953725904e-05 2.356568302275263704e-06 4.471345528145320714e-05 4.931883268000092357e-06 6.894014404679182917e-06 5.352313564799260348e-06 1.573265080878627487e-06 1.002121319260140808e-08 7.260443453560583293e-06 6.251492550291004591e-07
1.430000000000000000e+03 8.232773281633853912e-03 2.221700851805508137e-04 7.482683577109128237e-05 2.744657649600412697e-06 2.043531974777579308e-03 3.260310404584743083e-05 5.518818397831637412e-06 4.099463330931030214e-05 1.689103328317287378e-06 3.752629140763019677e-08 7.402533083222806454e-04 5.335880814527627081e-06 8.339109830558300018e-03 1.536289928480982780e-04 7.756921695545315742e-05 2.599743311293423176e-06 2.043531974777579308e-03 3.260310404584743083e-05 5.518818397831637412e-06 4.099463330931030214e-05 1.689103328317287378e-06 3.752629140763019677e-08 7.402533083222806454e-04 5.335880814527627081e-06
1.440000000000000000e+03 2.207361860200762749e-03 2.072408533422276378e-04 3.183536318829283118e-05 2.528837057980126701e-06 5.772442673332989216e-04 1.208899175253463909e-05 6.147063686512410641e-06 1.581592005095444620e-05 1.651606680752593093e-06 2.397081289018387906e-08 1.992234319914132357e-04 1.662674435465305578e-06 2.224210649728775024e-03 1.330069644609466195e-04 3.321406984468922019e-05 2.348972202526056208e-06 5.772442673332989216e-04 1.208899175253463909e-05 6.147063686512410641e-06 1.581592005095444620e-05 1.651606680752593093e-06 2.397081289018387906e-08 1.992234319914132357e-04 1.662674435465305578e-06
1.450000000000000000e+03 4.975167685188353062e-04 2.026472066063433886e-04 2.068120738840661943e-05 2.408838099654531106e-06 1.416889572283253074e-04 6.071723873901646584e-06 6.318949544947827235e-06 7.038343937892932445e-06 1.667326841925387271e-06 1.625050316533815931e-08 3.811567876255139709e-05 7.573430025331617799e-07 4.929818096570670605e-04 1.272035442525520921e-04 2.122435944329481572e-05 2.232009819636004977e-06 1.416889572283253074e-04 6.071723873901646584e-06 6.318949544947827235e-06 7.038343937892932445e-06 1.667326841925387271e-06 1.625050316533815931e-08 3.811567876255139709e-05 7.573430025331617799e-07
1.460000000000000000e+03 8.734616858419030905e-05 1.992860925383865833e-04 1.713652272883336991e-05 2.325495870536542498e-06 1.159363455371931195e-05 4.160870958003215492e-06 6.676574685116065666e-06 3.361596327522420324e-06 1.753077526700508315e-06 7.283477820863026864e-09 4.212327894492773339e-06 5.365003516999422573e-07 8.184433681890368462e-05 1.250648492714390159e-04 1.657136817811988294e-05 2.171447476939647458e-06 1.159363455371931195e-05 4.160870958003215492e-06 6.676574685116065666e-06 3.361596327522420324e-06 1.753077526700508315e-06 7.283477820863026864e-09 4.212327894492773339e-06 5.365003516999422573e-07
1.470000000000000000e+03 1.636062806937843561e-04 1.973358157556504011e-04 1.735344994813203812e-05 2.308933062522555701e-06 2.255053550470620394e-05 4.295435701351379976e-06 7.075444500515004620e-06 3.199785624019568786e-06 1.722641400192514993e-06 1.059871745923146591e-08 1.231869919138262048e-05 6.242374297471542377e-07 1.607699668966233730e-04 1.254732051165774465e-04 1.644324947847053409e-05 2.171971345887868665e-06 2.255053550470620394e-05 4.295435701351379976e-06 7.075444500515004620e-06 3.199785624019568786e-06 1.722641400192514993e-06 1.059871745923146591e-08 1.231869919138262048e-05 6.242374297471542377e-07
1.480000000000000000e+03 7.947065023472532630e-05 1.961153902811929584e-04 1.682785659795626998e-05 2.306913984284619801e-06 1.048815738613484427e-05 3.938104327971814200e-06 7.014904895186191425e-06 3.367586941749323159e-06 1.659740519244223833e-06 1.058447995916367290e-08 3.404878953006118536e-06 5.496668222804146353e-07 7.403303607134148479e-05 1.260843127965927124e-04 1.619940121599938720e-05 2.167034153899294324e-06 1.048815738613484427e-05 3.938104327971814200e-06 7.014904895186191425e-06 3.367586941749323159e-06 1.659740519244223833e-06 1.058447995916367290e-08 3.404878953006118536e-06 5.496668222804146353e-07
1.490000000000000000e+03 6.307862349785864353e-05 1.949273428181186318e-04 1.675310340942814946e-05 2.292918225066387095e-06 1.188793521578190848e-05 3.906188794644549489e-06 6.957692221476463601e-06 3.590124379115877673e-06 1.636479851185868029e-06 1.058824494748478173e-08 1.117076294576690998e-06 5.267231699690455571e-07 5.665555363520979881e-05 1.261277648154646158e-04 1.632938437978737056e-05 2.143073515981086530e-06 1.188793521578190848e-05 3.906188794644549489e-06 6.957692221476463601e-06 3.590124379115877673e-06 1.636479851185868029e-06 1.058824494748478173e-08 1.117076294576690998e-06 5.267231699690455571e-07
1.500000000000000000e+03 6.380464037647470832e-05 1.934713218361139297e-04 1.670701567491050810e-05 2.272281335535808466e-06 1.307698130403878167e-05 3.915090474038152024e-06 6.890616532473359257e-06 3.590493861338472925e-06 1.637556692912767176e-06 1.199055255085568206e-08 1.033273861139605287e-06 5.283628183860855643e-07 5.731748024118132889e-05 1.256083050975576043e-04 1.632330531720072031e-05 2.113583377649774775e-06 1.307698130403878167e-05 3.915090474038152024e-06 6.890616532473359257e-06 3.590493861338472925e-06 1.637556692912767176e-06 1.199055255085568206e-08 1.033273861139605287e-06 5.283628183860855643e-07
1.510000000000000000e+03 6.215769826667383313e-05 1.918779453262686729e-04 1.657358552620280534e-05 2.250251554869464599e-06 1.221865841216640547e-05 3.877304152410943061e-06 6.884657523187343031e-06 3.507160045046475716e-06 1.638468006603943650e-06 1.302170815620229405e-08 1.028214796860993374e-06 5.337716970643668901e-07 5.583902020589448512e-05 1.249229680979624391e-04 1.614879329281393439e-05 2.084956577164120972e-06 1.221865841216640547e-05 3.877304152410943061e-06 6.884657523187343031e-06 3.507160045046475716e-06 1.638468006603943650e-06 1.302170815620229405e-08 1.028214796860993374e-06 5.337716970643668901e-07
1.520000000000000000e+03 6.093397314543835819e-05 1.902872172649949789e-04 1.644034819037187845e-05 2.228013727290090173e-06 1.140633776230970398e-05 3.830763034784467891e-06 6.832976851001149043e-06 3.421879000597982667e-06 1.637362402107100934e-06 1.396601678749220810e-08 1.070000962499761954e-06 5.378631726671301294e-07 5.473227065522223711e-05 1.241703430423513055e-04 1.597539630893152207e-05 2.056245193671202287e-06 1.140633776230970398e-05 3.830763034784467891e-06 6.832976851001149043e-06 3.421879000597982667e-06 1.637362402107100934e-06 1.396601678749220810e-08 1.070000962499761954e-06 5.378631726671301294e-07
1.530000000000000000e+03 6.020955333951860666e-05 1.886996469693258405e-04 1.631780105526559055e-05 2.206173348895390518e-06 1.095889001589966938e-05 3.790746404774836265e-06 6.789461167500121519e-06 3.354677119205007330e-06 1.637118657527025789e-06 1.490136014581366908e-08 1.115357349590340164e-06 5.411583288150723092e-07 5.408809010987170041e-05 1.234057999681681395e-04 1.581807737238705158e-05 2.029679308179765940e-06 1.095889001589966938e-05 3.790746404774836265e-06 6.789461167500121519e-06 3.354677119205007330e-06 1.637118657527025789e-06 1.490136014581366908e-08 1.115357349590340164e-06 5.411583288150723092e-07
1.540000000000000000e+03 5.961485294392332435e-05 1.871033600764349103e-04 1.620767216081731021e-05 2.185074208682635799e-06 1.071766655513783917e-05 3.757503236556658521e-06 6.748922260157996789e-06 3.305098744021961465e-06 1.639053039070859086e-06 1.592179899034817936e-08 1.140118797593459021e-06 5.432605689748015720e-07 5.354944005375728011e-05 1.226279273396357894e-04 1.567996514495462179e-05 2.006355543926474638e-06 1.071766655513783917e-05 3.757503236556658521e-06 6.748922260157996789e-06 3.305098744021961465e-06 1.639053039070859086e-06 1.592179899034817936e-08 1.140118797593459021e-06 5.432605689748015720e-07
1.550000000000000000e+03 5.904427962377667427e-05 1.855140144471079111e-04 1.610322033229749650e-05 2.164439365515136160e-06 1.055612119671422988e-05 3.726571549123036675e-06 6.715221388731151819e-06 3.261651272623566911e-06 1.641552216824493371e-06 1.699482332639945525e-08 1.153044308921380434e-06 5.447303124128666241e-07 5.302912177285179496e-05 1.218606339534744620e-04 1.555021299282088876e-05 1.985240260182763450e-06 1.055612119671422988e-05 3.726571549123036675e-06 6.715221388731151819e-06 3.261651272623566911e-06 1.641552216824493371e-06 1.699482332639945525e-08 1.153044308921380434e-06 5.447303124128666241e-07
1.560000000000000000e+03 5.849257286172360182e-05 1.839439792092889547e-04 1.600246469024568796e-05 2.144045311069930904e-06 1.041416362568270415e-05 3.695533450809307396e-06 6.675857093796366826e-06 3.219045765945338644e-06 1.644000462874828372e-06 1.823241824183696735e-08 1.166241986538807396e-06 5.456251415125734638e-07 5.252607661532238126e-05 1.211062408401630819e-04 1.542722748126834631e-05 1.964942157428595237e-06 1.041416362568270415e-05 3.695533450809307396e-06 6.675857093796366826e-06 3.219045765945338644e-06 1.644000462874828372e-06 1.823241824183696735e-08 1.166241986538807396e-06 5.456251415125734638e-07
1.570000000000000000e+03 5.795453762402758002e-05 1.823901839088648558e-04 1.590475403645541519e-05 2.123931835740222596e-06 1.028189853968797252e-05 3.663941924969549291e-06 6.634859346377197653e-06 3.175132860633311793e-06 1.646784312470117584e-06 1.958199646878711064e-08 1.180696358460409101e-06 5.462885042106790934e-07 5.203843829804100096e-05 1.203672218252904713e-04 1.530862027721013874e-05 1.945098347277962603e-06 1.028189853968797252e-05 3.663941924969549291e-06 6.634859346377197653e-06 3.175132860633311793e-06 1.646784312470117584e-06 1.958199646878711064e-08 1.180696358460409101e-06 5.462885042106790934e-07
1.580000000000000000e+03 5.741068889619782567e-05 1.808495580917224288e-04 1.581137075845617801e-05 2.104217855958268046e-06 1.017775593936676160e-05 3.633370170064154081e-06 6.593234047613805160e-06 3.133305881419801153e-06 1.649965611250081565e-06 2.101615592664529686e-08 1.189491285913391039e-06 5.466260972752934322e-07 5.154351674718782306e-05 1.196388911921530962e-04 1.519651868875371292e-05 1.925780907185981050e-06 1.017775593936676160e-05 3.633370170064154081e-06 6.593234047613805160e-06 3.133305881419801153e-06 1.649965611250081565e-06 2.101615592664529686e-08 1.189491285913391039e-06 5.466260972752934322e-07
1.590000000000000000e+03 5.683897688868455589e-05 1.793237315723672509e-04 1.572263863636180758e-05 2.084949983327533118e-06 1.011453423416242003e-05 3.604088078645872883e-06 6.550571015395689756e-06 3.093939767495612614e-06 1.653439085202990100e-06 2.255452713484373817e-08 1.186954591503308620e-06 5.464564765134127811e-07 5.101540955365635455e-05 1.189195245387963951e-04 1.509214052930474281e-05 1.906983243316062726e-06 1.011453423416242003e-05 3.604088078645872883e-06 6.550571015395689756e-06 3.093939767495612614e-06 1.653439085202990100e-06 2.255452713484373817e-08 1.186954591503308620e-06 5.464564765134127811e-07
1.600000000000000000e+03 5.626089478028006852e-05 1.778126752469688654e-04 1.563692421768791974e-05 2.066062506855814718e-06 1.006758884614100680e-05 3.575042228476377204e-06 6.507092621177434921e-06 3.055701427001622505e-06 1.657117309150635265e-06 2.418645017598919367e-08 1.180240928988496307e-06 5.460964871417672839e-07 5.047937520430423319e-05 1.182052365038543940e-04 1.499246991443214938e-05 1.888595875243481714e-06 1.006758884614100680e-05 3.575042228476377204e-06 6.507092621177434921e-06 3.055701427001622505e-06 1.657117309150635265e-06 2.418645017598919367e-08 1.180240928988496307e-06 5.460964871417672839e-07
1.610000000000000000e+03 5.570527719100937247e-05 1.763135805958881974e-04 1.555249218654353172e-05 2.047472889898926951e-06 1.000460088107502088e-05 3.546037305568461306e-06 6.463381851062877104e-06 3.015983566001523286e-06 1.661014607634569984e-06 2.588681091708622262e-08 1.178880893348832615e-06 5.457205247694218997e-07 4.996893039788119495e-05 1.174927820102311671e-04 1.489386704633943737e-05 1.870496021183498669e-06 1.000460088107502088e-05 3.546037305568461306e-06 6.463381851062877104e-06 3.015983566001523286e-06 1.661014607634569984e-06 2.588681091708622262e-08 1.178880893348832615e-06 5.457205247694218997e-07
1.620000000000000000e+03 5.516832607099786401e-05 1.748262729961425066e-04 1.546929524920415133e-05 2.029161123573430814e-06 9.928392501024063677e-06 3.517515096973511390e-06 6.419874353014165536e-06 2.975455572595819831e-06 1.665054469413007610e-06 2.763418471829481859e-08 1.182421783596510068e-06 5.453049993775493931e-07 4.947965862811543047e-05 1.167817317764274776e-04 1.479624006606172770e-05 1.852655145739845466e-06 9.928392501024063677e-06 3.517515096973511390e-06 6.419874353014165536e-06 2.975455572595819831e-06 1.665054469413007610e-06 2.763418471829481859e-08 1.182421783596510068e-06 5.453049993775493931e-07
1.630000000000000000e+03 5.462754415930248797e-05 1.733530953060835600e-04 1.538883952889591455e-05 2.011161086556967348e-06 9.863729246717412025e-06 3.489383743726648390e-06 6.375853445206303149e-06 2.935757947852835059e-06 1.669166977080749348e-06 2.944599764020949806e-08 1.182536720989446621e-06 5.446100317385571543e-07 4.898488987237215042e-05 1.160743340733461082e-04 1.470260667701950297e-05 1.835088369261939079e-06 9.863729246717412025e-06 3.489383743726648390e-06 6.375853445206303149e-06 2.935757947852835059e-06 1.669166977080749348e-06 2.944599764020949806e-08 1.182536720989446621e-06 5.446100317385571543e-07
1.640000000000000000e+03 5.409368532127700746e-05 1.718930434435606003e-04 1.531012640043627471e-05 1.993423438761965372e-06 9.798709470487665385e-06 3.461525238890317269e-06 6.331597887765383348e-06 2.896042587963165715e-06 1.673323708928364795e-06 3.130814008045490482e-08 1.183368567581055686e-06 5.439864594336540904e-07 4.849747347179800272e-05 1.153692719526588917e-04 1.461115880374563858e-05 1.817749648580502253e-06 9.798709470487665385e-06 3.461525238890317269e-06 6.331597887765383348e-06 2.896042587963165715e-06 1.673323708928364795e-06 3.130814008045490482e-08 1.183368567581055686e-06 5.439864594336540904e-07
1.650000000000000000e+03 5.357019108487293124e-05 1.704461028566583991e-04 1.523282207926968113e-05 1.975929080799687654e-06 9.728665645525325090e-06 3.433887968640192412e-06 6.287279575190041214e-06 2.856091896319412626e-06 1.677495788499072660e-06 3.321553521118403296e-08 1.185847054330224637e-06 5.432710281638719607e-07 4.802051262231543660e-05 1.146658469224348664e-04 1.452124615752836689e-05 1.800618065317394212e-06 9.728665645525325090e-06 3.433887968640192412e-06 6.287279575190041214e-06 2.856091896319412626e-06 1.677495788499072660e-06 3.321553521118403296e-08 1.185847054330224637e-06 5.432710281638719607e-07
1.660000000000000000e+03 5.304867227096110582e-05 1.690123172011226416e-04 1.515739586466224864e-05 1.958681423275265843e-06 9.662768206908367574e-06 3.406573114261846058e-06 6.242872132133925334e-06 2.816814685502322391e-06 1.681701178313232958e-06 3.516799651492874546e-08 1.187290195048262831e-06 5.424572577794606332e-07 4.754559995490126312e-05 1.139651431003585458e-04 1.443389373889658600e-05 1.783697143764584325e-06 9.662768206908367574e-06 3.406573114261846058e-06 6.242872132133925334e-06 2.816814685502322391e-06 1.681701178313232958e-06 3.516799651492874546e-08 1.187290195048262831e-06 5.424572577794606332e-07
1.670000000000000000e+03 5.253592098597437143e-05 1.675913081271573901e-04 1.508332388766575605e-05 1.941651134984567761e-06 9.591899470251519233e-06 3.379634790690033697e-06 6.198446499183773994e-06 2.777436066025984474e-06 1.685820279817562550e-06 3.715831198292107729e-08 1.189904082821158227e-06 5.416236490418668836e-07 4.707893822342157364e-05 1.132650359068065882e-04 1.434805471944855526e-05 1.766957666404778138e-06 9.591899470251519233e-06 3.379634790690033697e-06 6.198446499183773994e-06 2.777436066025984474e-06 1.685820279817562550e-06 3.715831198292107729e-08 1.189904082821158227e-06 5.416236490418668836e-07
1.680000000000000000e+03 5.202727334108203650e-05 1.661834539845585823e-04 1.501069073128746822e-05 1.924848902490339242e-06 9.522952495899517089e-06 3.353068677824921906e-06 6.154017228254815564e-06 2.738476723607163876e-06 1.689804889792867471e-06 3.917854130008890934e-08 1.192209765576990321e-06 5.406882337410934269e-07 4.661645652959123254e-05 1.125666385632939637e-04 1.426420112693449482e-05 1.750413048284826800e-06 9.522952495899517089e-06 3.353068677824921906e-06 6.154017228254815564e-06 2.738476723607163876e-06 1.689804889792867471e-06 3.917854130008890934e-08 1.192209765576990321e-06 5.406882337410934269e-07
1.690000000000000000e+03 5.152008088771253824e-05 1.647879253141582012e-04 1.493963827670086175e-05 1.908277681650361046e-06 9.457713531446643174e-06 3.327027798150083981e-06 6.109577952884137630e-06 2.700236109376419336e-06 1.693781086942180991e-06 4.121823593550288933e-08 1.193108914776530582e-06 5.397637323767412454e-07 4.615483339875936508e-05 1.118702784879133105e-04 1.418228839611401781e-05 1.734072498038585763e-06 9.457713531446643174e-06 3.327027798150083981e-06 6.109577952884137630e-06 2.700236109376419336e-06 1.693781086942180991e-06 4.121823593550288933e-08 1.193108914776530582e-06 5.397637323767412454e-07
1.700000000000000000e+03 5.102075374452397227e-05 1.634052314329892397e-04 1.486968722019810230e-05 1.891914394036575686e-06 9.388971193402539939e-06 3.301185643067583442e-06 6.065237812435952947e-06 2.662101223904755898e-06 1.697573452474898659e-06 4.327690206196166400e-08 1.195097411255119368e-06 5.388181989474105649e-07 4.570037708617746830e-05 1.111749661504290998e-04 1.410167442372767255e-05 1.717909754006541334e-06 9.388971193402539939e-06 3.301185643067583442e-06 6.065237812435952947e-06 2.662101223904755898e-06 1.697573452474898659e-06 4.327690206196166400e-08 1.195097411255119368e-06 5.388181989474105649e-07
1.710000000000000000e+03 5.052671622252091765e-05 1.620346156414598227e-04 1.480088303651427850e-05 1.875766315606597345e-06 9.320108802057802677e-06 3.275614290032535791e-06 6.020931778039084747e-06 2.624398803163785487e-06 1.701255200714513194e-06 4.535180408993255696e-08 1.197058850266330410e-06 5.378186642701621167e-07 4.525148688117042184e-05 1.104801995097659528e-04 1.402246380166616291e-05 1.701936412246141117e-06 9.320108802057802677e-06 3.275614290032535791e-06 6.020931778039084747e-06 2.624398803163785487e-06 1.701255200714513194e-06 4.535180408993255696e-08 1.197058850266330410e-06 5.378186642701621167e-07
1.720000000000000000e+03 5.003070327802561224e-05 1.606769656063988805e-04 1.473360407544532791e-05 1.859853341557027306e-06 9.258826139557641000e-06 3.250443114666268229e-06 5.976484317216090858e-06 2.587637254691799171e-06 1.704797114143730141e-06 4.744229897823970532e-08 1.196325342789350543e-06 5.368043503040098585e-07 4.479915514821186662e-05 1.097880158340558410e-04 1.394557784806238487e-05 1.686179984972113743e-06 9.258826139557641000e-06 3.250443114666268229e-06 5.976484317216090858e-06 2.587637254691799171e-06 1.704797114143730141e-06 4.744229897823970532e-08 1.196325342789350543e-06 5.368043503040098585e-07
1.730000000000000000e+03 4.945804175804369152e-05 1.593399065313860774e-04 1.467570837121456861e-05 1.844464122768840753e-06 9.336718903796281666e-06 3.226876060580252670e-06 5.929641247348627076e-06 2.561957217039889656e-06 1.708178274384408724e-06 4.963008493064080540e-08 1.156104417532333173e-06 5.351878940018650610e-07 4.425642691785469651e-05 1.091122394427657127e-04 1.388681539538083598e-05 1.670944016041175928e-06 9.336718903796281666e-06 3.226876060580252670e-06 5.929641247348627076e-06 2.561957217039889656e-06 1.708178274384408724e-06 4.963008493064080540e-08 1.156104417532333173e-06 5.351878940018650610e-07
1.740000000000000000e+03 6.421114812837913632e-05 1.582442055223509669e-04 1.493597392254741862e-05 1.837132685977849178e-06 1.684171184024307877e-05 3.293577947260928340e-06 5.823999799758894369e-06 2.852908892236882821e-06 1.713037818262819201e-06 5.422192117521262844e-08 1.706481612018251326e-06 5.301612873154226691e-07 5.902516204514540732e-05 1.088242279365658760e-04 1.435218382539460436e-05 1.664192041062051430e-06 1.684171184024307877e-05 3.293577947260928340e-06 5.823999799758894369e-06 2.852908892236882821e-06 1.713037818262819201e-06 5.422192117521262844e-08 1.706481612018251326e-06 5.301612873154226691e-07
1.750000000000000000e+03 1.147612370550632477e-02 1.826810184866189957e-04 9.955159475794062018e-05 2.164040552088408731e-06 2.799399662762880325e-03 4.693919254350475967e-05 4.304201411287067458e-06 5.291267370921559632e-05 2.265638386234058999e-06 1.537865159662032966e-07 1.021302072331309319e-03 7.554757758043706417e-06 1.165214553475379944e-02 1.377212465740740299e-04 1.030309940688312054e-04 2.002791461563901976e-06 2.799399662762880325e-03 4.693919254350475967e-05 4.304201411287067458e-06 5.291267370921559632e-05 2.265638386234058999e-06 1.537865159662032966e-07 1.021302072331309319e-03 7.554757758043706417e-06
1.760000000000000000e+03 3.409917233511805534e-03 1.632925414014607668e-04 3.896492489730007946e-05 1.951287913470878266e-06 8.693553390912711620e-04 1.515134681540075690e-05 4.642300609702942893e-06 2.199498885602224618e-05 2.170533434764365666e-06 1.275849399462458678e-07 3.097352164331823587e-04 2.008815044973744079e-06 3.454637248069047928e-03 1.104984330595470965e-04 4.077265111845918000e-05 1.732970076773199253e-06 8.693553390912711620e-04 1.515134681540075690e-05 4.642300609702942893e-06 2.199498885602224618e-05 2.170533434764365666e-06 1.275849399462458678e-07 3.097352164331823587e-04 2.008815044973744079e-06
1.770000000000000000e+03 5.147673437022604048e-05 1.575499190948903561e-04 1.520414753031218424e-05 1.751900413182738703e-06 9.546432011120487005e-06 3.072595745834405534e-06 5.576240255322773010e-06 1.868786853265191894e-06 1.878484340522845741e-06 6.267921293101608171e-08 1.480815967624948826e-06 4.796974621967819985e-07 4.667311077355407178e-05 1.008416074910201132e-04 1.478229114582063630e-05 1.530257804915891029e-06 9.546432011120487005e-06 3.072595745834405534e-06 5.576240255322773010e-06 1.868786853265191894e-06 1.878484340522845741e-06 6.267921293101608171e-08 1.480815967624948826e-06 4.796974621967819985e-07
1.780000000000000000e+03 1.536136405775323510e-04 1.560867822263389826e-04 1.550673914607614279e-05 1.713059532448824029e-06 2.268054231535643339e-05 3.455444812061614357e-06 5.481158495967974886e-06 1.397482947140815668e-06 1.919269834615988657e-06 3.811941695630594040e-08 1.296957179874880239e-05 5.553077357944857795e-07 1.509954308858141303e-04 1.011810963973402977e-04 1.468800019210902974e-05 1.529194605609518476e-06 2.268054231535643339e-05 3.455444812061614357e-06 5.481158495967974886e-06 1.397482947140815668e-06 1.919269834615988657e-06 3.811941695630594040e-08 1.296957179874880239e-05 5.553077357944857795e-07
1.790000000000000000e+03 1.334278058493509889e-04 1.554460322950035334e-04 1.616848385310731828e-05 1.754600816639140248e-06 4.043279113830067217e-05 3.234322548451018520e-06 5.663280262524494901e-06 2.944066181953530759e-06 1.823823595259455033e-06 1.945773320244370552e-08 7.154846116463886574e-06 4.699636804161855252e-07 1.292176457354798913e-04 1.042527219397015870e-04 1.616878398635890335e-05 1.600307200533279683e-06 4.043279113830067217e-05 3.234322548451018520e-06 5.663280262524494901e-06 2.944066181953530759e-06 1.823823595259455033e-06 1.945773320244370552e-08 7.154846116463886574e-06 4.699636804161855252e-07
1.800000000000000000e+03 1.083102906704880297e-04 1.540206139907240868e-04 1.514603445684770122e-05 1.725941842778411228e-06 1.464614797441754490e-05 2.959195626317523420e-06 6.003787802910665050e-06 1.487582153458788525e-06 1.748035401760716923e-06 1.608640332051436417e-08 8.147667358571197838e-06 5.536491585189651232e-07 1.050002028932794929e-04 1.036296525853686035e-04 1.428052382834721357e-05 1.566555624776810873e-06 1.464614797441754490e-05 2.959195626317523420e-06 6.003787802910665050e-06 1.487582153458788525e-06 1.748035401760716923e-06 1.608640332051436417e-08 8.147667358571197838e-06 5.536491585189651232e-07
1.810000000000000000e+03 6.605875387322157621e-05 1.535836490802466869e-04 1.529337714600842446e-05 1.732329678816313390e-06 1.751951458572875708e-05 2.856513447113684379e-06 5.852259164385031909e-06 2.305914676981046796e-06 1.717701138659322169e-06 2.759791506434794428e-08 1.992014631468919106e-06 4.631310162039881106e-07 6.140083860373124480e-05 1.046173274517059326e-04 1.504187639511656016e-05 1.561725525789370295e-06 1.751951458572875708e-05 2.856513447113684379e-06 5.852259164385031909e-06 2.305914676981046796e-06 1.717701138659322169e-06 2.759791506434794428e-08 1.992014631468919106e-06 4.631310162039881106e-07
1.820000000000000000e+03 5.306796083459630609e-05 1.523623213870450854e-04 1.475484441471053287e-05 1.707547426121891476e-06 7.500193078158190474e-06 2.762789108601282351e-06 5.907384547754190862e-06 1.695315063443558756e-06 1.693710032668604981e-06 3.340096910164902511e-08 2.308121338501223363e-06 5.066733592684613541e-07 4.864924994762986898e-05 1.037436522892676294e-04 1.415426504536299035e-05 1.524238427919044625e-06 7.500193078158190474e-06 2.762789108601282351e-06 5.907384547754190862e-06 1.695315063443558756e-06 1.693710032668604981e-06 3.340096910164902511e-08 2.308121338501223363e-06 5.066733592684613541e-07
1.830000000000000000e+03 4.655766679206863046e-05 1.514520263299345970e-04 1.474968303227797151e-05 1.699650511000072584e-06 8.286881893582176417e-06 2.740970330705749802e-06 5.860551937075797468e-06 1.842623191805614624e-06 1.677535578892275225e-06 3.702564654872730898e-08 1.238218260368739720e-06 4.888465809926856309e-07 4.200071998639032245e-05 1.035020832205191255e-04 1.423279991286108270e-05 1.507148226664867252e-06 8.286881893582176417e-06 2.740970330705749802e-06 5.860551937075797468e-06 1.842623191805614624e-06 1.677535578892275225e-06 3.702564654872730898e-08 1.238218260368739720e-06 4.888465809926856309e-07
1.840000000000000000e+03 4.611907570506446064e-05 1.504447718616575003e-04 1.468474602006608620e-05 1.688758970885828603e-06 8.762884135649073869e-06 2.733079099925816990e-06 5.777058959210989997e-06 1.880602667370112613e-06 1.665597892497316934e-06 3.985433494335666182e-08 1.100705389944778290e-06 4.907147399535460863e-07 4.153168265474960208e-05 1.030361818266101182e-04 1.416992563463281840e-05 1.488016096118371934e-06 8.762884135649073869e-06 2.733079099925816990e-06 5.777058959210989997e-06 1.880602667370112613e-06 1.665597892497316934e-06 3.985433494335666182e-08 1.100705389944778290e-06 4.907147399535460863e-07
1.850000000000000000e+03 4.634855940821580589e-05 1.493277086410671473e-04 1.450786021450767294e-05 1.674380655458662659e-06 7.638428542122710496e-06 2.716342123676440679e-06 5.743408564740093425e-06 1.786899474609526806e-06 1.656021026974485721e-06 4.074077608606785361e-08 1.411665380146587268e-06 5.019106765757896937e-07 4.181865733698941767e-05 1.023465811158530414e-04 1.389339922752697021e-05 1.469302333134692162e-06 7.638428542122710496e-06 2.716342123676440679e-06 5.743408564740093425e-06 1.786899474609526806e-06 1.656021026974485721e-06 4.074077608606785361e-08 1.411665380146587268e-06 5.019106765757896937e-07
1.860000000000000000e+03 4.511162114795297384e-05 1.482571387896314263e-04 1.444452300347620621e-05 1.663638840909698047e-06 8.028424417716450989e-06 2.715620667004259303e-06 5.687606972060166299e-06 1.831427880460978486e-06 1.651004936320532579e-06 4.252329333098714415e-08 1.192183844977989793e-06 4.993404445485793985e-07 4.053935117553919554e-05 1.017771719489246607e-04 1.382988830300746486e-05 1.458340420867898501e-06 8.028424417716450989e-06 2.715620667004259303e-06 5.687606972060166299e-06 1.831427880460978486e-06 1.651004936320532579e-06 4.252329333098714415e-08 1.192183844977989793e-06 4.993404445485793985e-07
1.870000000000000000e+03 4.459697811398655176e-05 1.471632422180846334e-04 1.435715785191860050e-05 1.651974002925271634e-06 8.096284545899834484e-06 2.711122760956641287e-06 5.648079877573763952e-06 1.844147277552110609e-06 1.647039084673451725e-06 4.395890229602628096e-08 1.144473912972898688e-06 5.000961209589149803e-07 4.002418791060335934e-05 1.011641506920568645e-04 1.371769940305966884e-05 1.448203192921937443e-06 8.096284545899834484e-06 2.711122760956641287e-06 5.648079877573763952e-06 1.844147277552110609e-06 1.647039084673451725e-06 4.395890229602628096e-08 1.144473912972898688e-06 5.000961209589149803e-07
1.880000000000000000e+03 4.429871114552952349e-05 1.460616040276363492e-04 1.425106256647268310e-05 1.639593961044738535e-06 7.838929377612657845e-06 2.705019824134069495e-06 5.609087565972004086e-06 1.825274807742971461e-06 1.643945211071695667e-06 4.556708432801315212e-08 1.196942662318178918e-06 5.031309910918935202e-07 3.974010178353637457e-05 1.005356170935556293e-04 1.356928987661376595e-05 1.437553919458878227e-06 7.838929377612657845e-06 2.705019824134069495e-06 5.609087565972004086e-06 1.825274807742971461e-06 1.643945211071695667e-06 4.556708432801315212e-08 1.196942662318178918e-06 5.031309910918935202e-07
1.890000000000000000e+03 4.387231092550791800e-05 1.449785631848499179e-04 1.416391296515939757e-05 1.627920028113294393e-06 7.786497008055448532e-06 2.697693844311288558e-06 5.564581442740745842e-06 1.821946625568671152e-06 1.641806761654152069e-06 4.745627890656578529e-08 1.191471596939663868e-06 5.040416226620436646e-07 3.932644176529720426e-05 9.994093852583318949e-05 1.345553209830541164e-05 1.427748657079064287e-06 7.786497008055448532e-06 2.697693844311288558e-06 5.564581442740745842e-06 1.821946625568671152e-06 1.641806761654152069e-06 4.745627890656578529e-08 1.191471596939663868e-06 5.040416226620436646e-07
1.900000000000000000e+03 4.339442966738715768e-05 1.439006446162238717e-04 1.408575008099433035e-05 1.616766667211777531e-06 7.797782018315047026e-06 2.691489953576819971e-06 5.519894330063834786e-06 1.822595891098899301e-06 1.640783580114657525e-06 4.942058495771561866e-08 1.166192305390723050e-06 5.044870476922369562e-07 3.886347258230671287e-05 9.936482092598453164e-05 1.335713386652059853e-05 1.418614601789158769e-06 7.797782018315047026e-06 2.691489953576819971e-06 5.519894330063834786e-06 1.822595891098899301e-06 1.640783580114657525e-06 4.942058495771561866e-08 1.166192305390723050e-06 5.044870476922369562e-07
1.910000000000000000e+03 4.297438499634154141e-05 1.428243704140186310e-04 1.400746259605512023e-05 1.605863985787436832e-06 7.759844265819992870e-06 2.684447281353641301e-06 5.475631496665300801e-06 1.817294560169102624e-06 1.640403183955640998e-06 5.146068104977530311e-08 1.159321413979341742e-06 5.048364641879743431e-07 3.846280014840885997e-05 9.878677519736811519e-05 1.325724133494077250e-05 1.409712126587692183e-06 7.759844265819992870e-06 2.684447281353641301e-06 5.475631496665300801e-06 1.817294560169102624e-06 1.640403183955640998e-06 5.146068104977530311e-08 1.159321413979341742e-06 5.048364641879743431e-07
1.920000000000000000e+03 4.258163608028553426e-05 1.417518651578575373e-04 1.392993999616010115e-05 1.595232447471062187e-06 7.699019988649524748e-06 2.676915528354584239e-06 5.431672434497158974e-06 1.808438355510588735e-06 1.640551090531516820e-06 5.354881693619972793e-08 1.161460204457398504e-06 5.053604468230332714e-07 3.809237023233436048e-05 9.820991544984281063e-05 1.315808458457468078e-05 1.400969381393224467e-06 7.699019988649524748e-06 2.676915528354584239e-06 5.431672434497158974e-06 1.808438355510588735e-06 1.640551090531516820e-06 5.354881693619972793e-08 1.161460204457398504e-06 5.053604468230332714e-07
1.930000000000000000e+03 4.219569018459878862e-05 1.406840165145695210e-04 1.385508312523597851e-05 1.584888877914636396e-06 7.639446266693994403e-06 2.668588649612502195e-06 5.387330475059570745e-06 1.798522816898184828e-06 1.641074959479738027e-06 5.566148431057627022e-08 1.164074205917131621e-06 5.056263603364641313e-07 3.773011849261820316e-05 9.763521666172891855e-05 1.306305057369172573e-05 1.392390686305589043e-06 7.639446266693994403e-06 2.668588649612502195e-06 5.387330475059570745e-06 1.798522816898184828e-06 1.641074959479738027e-06 5.566148431057627022e-08 1.164074205917131621e-06 5.056263603364641313e-07
1.940000000000000000e+03 4.180945688858628273e-05 1.396215229760855436e-04 1.378336855850648135e-05 1.574798830006329808e-06 7.589101642224704847e-06 2.659770643731462769e-06 5.342915301298489794e-06 1.788402414604206569e-06 1.641943640606768895e-06 5.777949141361204966e-08 1.164702553069218993e-06 5.057547696196706966e-07 3.736845974344760180e-05 9.706386481411755085e-05 1.297312610404333100e-05 1.383956487188697793e-06 7.589101642224704847e-06 2.659770643731462769e-06 5.342915301298489794e-06 1.788402414604206569e-06 1.641943640606768895e-06 5.777949141361204966e-08 1.164702553069218993e-06 5.057547696196706966e-07
1.950000000000000000e+03 4.142637772019952536e-05 1.385648356517776847e-04 1.371412054140819237e-05 1.564912054163869470e-06 7.541135801147902384e-06 2.650584065122529864e-06 5.298273663356667385e-06 1.777687771209457424e-06 1.643054815758659970e-06 5.992122709130853764e-08 1.164747686743794475e-06 5.057550538367650006e-07 3.701039531733840704e-05 9.649463754612952471e-05 1.288719340664101765e-05 1.375615397591900546e-06 7.541135801147902384e-06 2.650584065122529864e-06 5.298273663356667385e-06 1.777687771209457424e-06 1.643054815758659970e-06 5.992122709130853764e-08 1.164747686743794475e-06 5.057550538367650006e-07
1.960000000000000000e+03 4.104935578652657568e-05 1.375140273012220860e-04 1.364673698844853789e-05 1.555195808577991556e-06 7.494290457543684170e-06 2.640693310240749270e-06 5.253572453511878848e-06 1.766053969731729012e-06 1.644192934691091068e-06 6.207324787510515307e-08 1.165229718935734127e-06 5.056439817963109817e-07 3.665949407150037587e-05 9.592681453796103597e-05 1.280429842154262587e-05 1.367343202218762599e-06 7.494290457543684170e-06 2.640693310240749270e-06 5.253572453511878848e-06 1.766053969731729012e-06 1.644192934691091068e-06 6.207324787510515307e-08 1.165229718935734127e-06 5.056439817963109817e-07
1.970000000000000000e+03 4.067816189490258694e-05 1.364693162031471729e-04 1.358107692794874310e-05 1.545626901133800857e-06 7.444992661476135254e-06 2.630447397677926347e-06 5.209034952713409439e-06 1.753556716721504927e-06 1.645465090405195951e-06 6.423353227091865847e-08 1.166165361610183027e-06 5.053818767919437960e-07 3.631501385825686157e-05 9.536016295896843076e-05 1.272417466680053622e-05 1.359127168143459130e-06 7.444992661476135254e-06 2.630447397677926347e-06 5.209034952713409439e-06 1.753556716721504927e-06 1.645465090405195951e-06 6.423353227091865847e-08 1.166165361610183027e-06 5.053818767919437960e-07
1.980000000000000000e+03 4.031238131574355066e-05 1.354305131826549768e-04 1.351694845652673393e-05 1.536196236884279642e-06 7.394510703306877986e-06 2.619803353809402324e-06 5.164626145415240899e-06 1.740515244819107465e-06 1.646683699618733954e-06 6.638292404659296153e-08 1.167734126283903606e-06 5.051163043390261009e-07 3.597606337280012667e-05 9.479511936660856009e-05 1.264647289644926786e-05 1.350966840618639253e-06 7.394510703306877986e-06 2.619803353809402324e-06 5.164626145415240899e-06 1.740515244819107465e-06 1.646683699618733954e-06 6.638292404659296153e-08 1.167734126283903606e-06 5.051163043390261009e-07
1.990000000000000000e+03 3.995144652435556054e-05 1.343981130048632622e-04 1.345423697785008699e-05 1.526896653558651451e-06 7.344268851738888770e-06 2.608546765259234235e-06 5.120427431393181905e-06 1.726918526401277632e-06 1.647855810915643815e-06 6.852286560388165526e-08 1.169383040178217925e-06 5.048134426033357158e-07 3.564286453183740377e-05 9.423080337001010776e-05 1.257113945030141622e-05 1.342861310149601195e-06 7.344268851738888770e-06 2.608546765259234235e-06 5.120427431393181905e-06 1.726918526401277632e-06 1.647855810915643815e-06 6.852286560388165526e-08 1.169383040178217925e-06 5.048134426033357158e-07
2.000000000000000000e+03 3.959524110541678965e-05 1.333721884293481708e-04 1.339278060186188668e-05 1.517722921562381089e-06 7.293581347767030820e-06 2.597185584818362258e-06 5.076392881164792925e-06 1.712863991087942850e-06 1.648898205530713312e-06 7.064144824653340038e-08 1.171188046100724023e-06 5.044143449595139828e-07 3.531429319991730154e-05 9.366664016852155328e-05 1.249781962542328984e-05 1.334810235675831791e-06 7.293581347767030820e-06 2.597185584818362258e-06 5.076392881164792925e-06 1.712863991087942850e-06 1.648898205530713312e-06 7.064144824653340038e-08 1.171188046100724023e-06 5.044143449595139828e-07
2.010000000000000000e+03 3.924170232494361699e-05 1.323523028986528516e-04 1.333255477220518515e-05 1.508673335592902731e-06 7.244243079185253009e-06 2.585560650913976133e-06 5.032584340369794518e-06 1.698568667052313685e-06 1.649945147619291674e-06 7.273801827523129759e-08 1.172527959170110989e-06 5.039676693741057534e-07 3.498886144370771945e-05 9.310329187428578734e-05 1.242671805812278762e-05 1.326823507952212822e-06 7.244243079185253009e-06 2.585560650913976133e-06 5.032584340369794518e-06 1.698568667052313685e-06 1.649945147619291674e-06 7.273801827523129759e-08 1.172527959170110989e-06 5.039676693741057534e-07
2.020000000000000000e+03 3.889440995408222079e-05 1.313386019319295883e-04 1.327317113464232534e-05 1.499741415500466246e-06 7.191234999481821433e-06 2.573597612354205921e-06 4.989023636881029233e-06 1.683691834841738455e-06 1.650720719226228539e-06 7.480697661321755731e-08 1.174570343209779821e-06 5.035531671637727413e-07 3.466922862571664155e-05 9.253995813196524978e-05 1.235695253853918985e-05 1.318891690971213393e-06 7.191234999481821433e-06 2.573597612354205921e-06 4.989023636881029233e-06 1.683691834841738455e-06 1.650720719226228539e-06 7.480697661321755731e-08 1.174570343209779821e-06 5.035531671637727413e-07
2.030000000000000000e+03 3.854937313008122146e-05 1.303310855291783810e-04 1.321480340266134590e-05 1.490934550929523539e-06 7.140047273423988372e-06 2.561526571298600174e-06 4.945867658534552902e-06 1.668640152274747379e-06 1.651487878007174004e-06 7.681857283614590415e-08 1.176107502942613792e-06 5.030092324886936694e-07 3.435281541896983981e-05 9.197740291710942984e-05 1.228881501447176561e-05 1.311038090534566436e-06 7.140047273423988372e-06 2.561526571298600174e-06 4.945867658534552902e-06 1.668640152274747379e-06 1.651487878007174004e-06 7.681857283614590415e-08 1.176107502942613792e-06 5.030092324886936694e-07
2.040000000000000000e+03 3.820780693786218762e-05 1.293300738325342536e-04 1.315738609264371917e-05 1.482243533246219158e-06 7.088591701176483184e-06 2.549156988607137464e-06 4.902799446426797658e-06 1.653472281759604812e-06 1.652031414778321050e-06 7.881580899038453936e-08 1.177381250272446778e-06 5.024633082939544693e-07 3.403990922379307449e-05 9.141473856288939714e-05 1.222243463416816667e-05 1.303246335737640038e-06 7.088591701176483184e-06 2.549156988607137464e-06 4.902799446426797658e-06 1.653472281759604812e-06 1.652031414778321050e-06 7.881580899038453936e-08 1.177381250272446778e-06 5.024633082939544693e-07
2.050000000000000000e+03 3.787074092542752624e-05 1.283355086343362927e-04 1.310051629843655974e-05 1.473669271945254877e-06 7.035353519313503057e-06 2.536506599426502362e-06 4.860184617427876219e-06 1.637850004954088945e-06 1.652363380344468169e-06 8.076919755239941878e-08 1.178891125164227560e-06 5.019169293518643826e-07 3.373080835444852710e-05 9.085235797101631761e-05 1.215702104673255235e-05 1.295526544708991423e-06 7.035353519313503057e-06 2.536506599426502362e-06 4.860184617427876219e-06 1.637850004954088945e-06 1.652363380344468169e-06 8.076919755239941878e-08 1.178891125164227560e-06 5.019169293518643826e-07
2.060000000000000000e+03 3.753762211999855936e-05 1.273471425520256162e-04 1.304436500504380092e-05 1.465216541873815004e-06 6.982277682254789397e-06 2.524068577258731239e-06 4.817649369215359911e-06 1.622043441784626339e-06 1.652570404075959232e-06 8.269052642617680249e-08 1.180336880679533351e-06 5.013171744394639973e-07 3.342575291753746569e-05 9.029036300489678979e-05 1.209275433211587369e-05 1.287889290324528702e-06 6.982277682254789397e-06 2.524068577258731239e-06 4.817649369215359911e-06 1.622043441784626339e-06 1.652570404075959232e-06 8.269052642617680249e-08 1.180336880679533351e-06 5.013171744394639973e-07
2.070000000000000000e+03 3.720486711245030165e-05 1.263650774490088224e-04 1.298891493206610903e-05 1.456883751416171435e-06 6.931139068910852075e-06 2.511084858269896358e-06 4.775518846145132557e-06 1.606593400538258720e-06 1.652583137001784053e-06 8.455783984118170338e-08 1.180826757263275795e-06 5.007318577554542571e-07 3.312141416245140135e-05 8.972884097602218390e-05 1.202995008497964591e-05 1.280342644349730108e-06 6.931139068910852075e-06 2.511084858269896358e-06 4.775518846145132557e-06 1.606593400538258720e-06 1.652583137001784053e-06 8.455783984118170338e-08 1.180826757263275795e-06 5.007318577554542571e-07
2.080000000000000000e+03 3.687884964165277779e-05 1.253889786312356591e-04 1.293382956646382809e-05 1.448662601433170494e-06 6.875748567836126313e-06 2.498499043213087134e-06 4.733538389700697735e-06 1.590471129020443186e-06 1.652401692808780354e-06 8.639219828410205082e-08 1.182493292617436964e-06 5.000994747206277680e-07 3.282304533058777452e-05 8.916667138691991568e-05 1.196766788780223578e-05 1.272872395929880440e-06 6.875748567836126313e-06 2.498499043213087134e-06 4.733538389700697735e-06 1.590471129020443186e-06 1.652401692808780354e-06 8.639219828410205082e-08 1.182493292617436964e-06 5.000994747206277680e-07
2.090000000000000000e+03 3.655254477052949369e-05 1.244192681042477489e-04 1.287942541239317507e-05 1.440569576516281813e-06 6.824358479207148775e-06 2.485455070200259797e-06 4.691936283052200451e-06 1.574809743942751084e-06 1.652046194067224860e-06 8.817013963380304631e-08 1.182505570795910899e-06 4.994625442122924142e-07 3.252497845096513629e-05 8.860592060955241323e-05 1.190678085549734533e-05 1.265504806724493392e-06 6.824358479207148775e-06 2.485455070200259797e-06 4.691936283052200451e-06 1.574809743942751084e-06 1.652046194067224860e-06 8.817013963380304631e-08 1.182505570795910899e-06 4.994625442122924142e-07
2.100000000000000000e+03 3.623068914748728275e-05 1.234556257259100676e-04 1.282538505620323122e-05 1.432587851013522595e-06 6.770103937014937401e-06 2.472451342327985913e-06 4.650600658351322636e-06 1.558851636218605563e-06 1.651485490583581850e-06 8.991310096462257206e-08 1.183196332021907438e-06 4.987653596799646039e-07 3.223090971005149186e-05 8.804518438410013914e-05 1.184650136565323919e-05 1.258221345779020339e-06 6.770103937014937401e-06 2.472451342327985913e-06 4.650600658351322636e-06 1.558851636218605563e-06 1.651485490583581850e-06 8.991310096462257206e-08 1.183196332021907438e-06 4.987653596799646039e-07
2.110000000000000000e+03 3.591167842387221754e-05 1.224978914251551032e-04 1.277175215363968164e-05 1.424726747245586012e-06 6.716296866215998307e-06 2.459444658597931266e-06 4.609520601661643013e-06 1.542823156341910362e-06 1.650759486437891610e-06 9.160174130329323816e-08 1.183538302029774059e-06 4.980676067134481855e-07 3.193974771420471370e-05 8.748489926801994443e-05 1.178700858872616664e-05 1.251040544048009906e-06 6.716296866215998307e-06 2.459444658597931266e-06 4.609520601661643013e-06 1.542823156341910362e-06 1.650759486437891610e-06 9.160174130329323816e-08 1.183538302029774059e-06 4.980676067134481855e-07
2.120000000000000000e+03 3.559574543032795191e-05 1.215464362758211792e-04 1.271837845706613734e-05 1.416979216628533322e-06 6.661939551122486591e-06 2.446517555654281750e-06 4.568709755403688177e-06 1.526883693259151187e-06 1.649886598897865042e-06 9.325020755568402819e-08 1.183901531476294622e-06 4.973571208211069461e-07 3.165144880767911673e-05 8.692522533237934113e-05 1.172810880234465003e-05 1.243950805474014487e-06 6.661939551122486591e-06 2.446517555654281750e-06 4.568709755403688177e-06 1.526883693259151187e-06 1.649886598897865042e-06 9.325020755568402819e-08 1.183901531476294622e-06 4.973571208211069461e-07
2.130000000000000000e+03 3.528242086758837104e-05 1.206008819281123579e-04 1.266536946786800399e-05 1.409350261383224279e-06 6.606689566979184747e-06 2.433462668705033138e-06 4.528121735347667709e-06 1.510894435341469944e-06 1.648836700951505918e-06 9.484919161195648485e-08 1.184099573947605677e-06 4.966806272932444699e-07 3.136541636195033789e-05 8.636584971100091934e-05 1.166987476608483121e-05 1.236961793438240420e-06 6.606689566979184747e-06 2.433462668705033138e-06 4.528121735347667709e-06 1.510894435341469944e-06 1.648836700951505918e-06 9.484919161195648485e-08 1.184099573947605677e-06 4.966806272932444699e-07
2.140000000000000000e+03 3.497237412375397980e-05 1.196612865896895528e-04 1.261253510165261105e-05 1.401833401359908748e-06 6.551407750521320850e-06 2.420478267595171928e-06 4.487840669753495604e-06 1.494843445470905863e-06 1.647548401706444565e-06 9.641077269861852983e-08 1.184378561447374523e-06 4.959956640959717333e-07 3.108262535533867776e-05 8.580709254601970315e-05 1.161209547717589885e-05 1.230073962688038591e-06 6.551407750521320850e-06 2.420478267595171928e-06 4.487840669753495604e-06 1.494843445470905863e-06 1.647548401706444565e-06 9.641077269861852983e-08 1.184378561447374523e-06 4.959956640959717333e-07
2.150000000000000000e+03 3.466232737991958857e-05 1.187278248835355043e-04 1.256023824680596590e-05 1.394440687363385223e-06 6.498567472590366378e-06 2.407615511401672848e-06 4.447698302101343870e-06 1.479143406868388411e-06 1.646157215873245150e-06 9.791840938078166801e-08 1.183361291623441502e-06 4.952370318278553896e-07 3.079974339925684035e-05 8.524965232936665416e-05 1.155540212494088337e-05 1.223299022967694327e-06 6.498567472590366378e-06 2.407615511401672848e-06 4.447698302101343870e-06 1.479143406868388411e-06 1.646157215873245150e-06 9.791840938078166801e-08 1.183361291623441502e-06 4.952370318278553896e-07
2.160000000000000000e+03 3.435391772654838860e-05 1.178002930828370154e-04 1.250824698217911646e-05 1.387164388688688632e-06 6.446145107474876568e-06 2.394489001744659618e-06 4.407774667924968526e-06 1.463480657548643649e-06 1.644636881792393979e-06 9.939091683008882683e-08 1.181750349132926203e-06 4.945027285430114716e-07 3.051858948310837150e-05 8.469325985061004758e-05 1.149932268162956461e-05 1.216625491906597745e-06 6.446145107474876568e-06 2.394489001744659618e-06 4.407774667924968526e-06 1.463480657548643649e-06 1.644636881792393979e-06 9.939091683008882683e-08 1.181750349132926203e-06 4.945027285430114716e-07
2.170000000000000000e+03 3.404202652745880187e-05 1.168788803624920547e-04 1.245707517227856442e-05 1.380023036290367600e-06 6.401739938155515119e-06 2.381675585638731718e-06 4.367831934359855950e-06 1.448830857952998485e-06 1.642964321035833564e-06 1.008384415968066605e-07 1.177097487925493624e-06 4.936523509968537837e-07 3.023431236215401441e-05 8.413829345954582095e-05 1.144509769801516086e-05 1.210077016366994940e-06 6.401739938155515119e-06 2.381675585638731718e-06 4.367831934359855950e-06 1.448830857952998485e-06 1.642964321035833564e-06 1.008384415968066605e-07 1.177097487925493624e-06 4.936523509968537837e-07
2.180000000000000000e+03 3.368531179148703814e-05 1.159691746579483151e-04 1.241508016391890123e-05 1.373252075609343592e-06 6.463616500695934519e-06 2.368836476307478733e-06 4.326071120885899290e-06 1.443569772163755260e-06 1.641494918658281676e-06 1.024114055780955823e-07 1.137604613177245483e-06 4.921224672216339968e-07 2.991134169860742986e-05 8.359517960343509912e-05 1.140905806096270680e-05 1.203911892844189424e-06 6.463616500695934519e-06 2.368836476307478733e-06 4.326071120885899290e-06 1.443569772163755260e-06 1.641494918658281676e-06 1.024114055780955823e-07 1.137604613177245483e-06 4.921224672216339968e-07
2.190000000000000000e+03 4.105335028725676239e-05 1.151724500232376158e-04 1.258717384189367294e-05 1.371167854813393205e-06 1.035829609463689849e-05 2.395645879005314782e-06 4.247353444952750579e-06 1.637453806324629113e-06 1.647260660320171155e-06 1.068992361297205207e-07 1.261684587916533928e-06 4.841526219934166875e-07 3.756951264222152531e-05 8.324894588440656662e-05 1.174052704300265759e-05 1.202734665639582090e-06 1.035829609463689849e-05 2.395645879005314782e-06 4.247353444952750579e-06 1.637453806324629113e-06 1.647260660320171155e-06 1.068992361297205207e-07 1.261684587916533928e-06 4.841526219934166875e-07
2.200000000000000000e+03 4.038294311612844467e-03 1.215404554386623204e-04 4.454884765436872840e-05 1.508116838522255421e-06 9.945178171619772911e-04 1.991072167584206909e-05 3.413856802580994554e-06 2.116606810886878520e-05 2.051027422567130998e-06 1.878580633274395950e-07 3.499073791317641735e-04 3.057118192373309284e-06 4.104088060557842255e-03 9.189896809402853251e-05 4.665649976232089102e-05 1.347057946077256929e-06 9.945178171619772911e-04 1.991072167584206909e-05 3.413856802580994554e-06 2.116606810886878520e-05 2.051027422567130998e-06 1.878580633274395950e-07 3.499073791317641735e-04 3.057118192373309284e-06
2.210000000000000000e+03 2.676876261830329895e-03 1.155966747319325805e-04 2.965564090118277818e-05 1.294880917157570366e-06 5.791261792182922363e-04 1.661987334955483675e-05 4.626127520168665797e-06 6.542127721331780776e-06 1.637659920561418403e-06 7.215539454819008824e-08 2.463659620843827724e-04 3.246092546760337427e-06 2.715251874178647995e-03 7.762329914839938283e-05 2.600855623313691467e-05 1.078234049600723665e-06 5.791261792182922363e-04 1.661987334955483675e-05 4.626127520168665797e-06 6.542127721331780776e-06 1.637659920561418403e-06 7.215539454819008824e-08 2.463659620843827724e-04 3.246092546760337427e-06
2.220000000000000000e+03 3.716626088134944439e-04 1.154809069703333080e-04 1.589184284966904670e-05 1.386543317494215444e-06 1.043676165863871574e-04 4.016934781247982755e-06 3.795186103161540814e-06 3.790865775954443961e-06 1.919979467857046984e-06 1.376286746790356119e-07 2.934538497356697917e-05 6.075868554944463540e-07 3.739351232070475817e-04 7.858259778004139662e-05 1.622861964278854430e-05 1.181944185191241559e-06 1.043676165863871574e-04 4.016934781247982755e-06 3.795186103161540814e-06 3.790865775954443961e-06 1.919979467857046984e-06 1.376286746790356119e-07 2.934538497356697917e-05 6.075868554944463540e-07
2.230000000000000000e+03 2.337633777642622590e-04 1.144407287938520312e-04 1.556296228955034167e-05 1.363840169688046444e-06 6.765257421648129821e-05 3.195144699930096976e-06 3.715929096870240755e-06 3.013783953065285459e-06 1.818515102058881894e-06 1.018883821757299302e-07 1.657759275985881686e-05 5.353062419999332633e-07 2.336567995371297002e-04 7.888065738370642066e-05 1.579506897542160004e-05 1.191431579172785860e-06 6.765257421648129821e-05 3.195144699930096976e-06 3.715929096870240755e-06 3.013783953065285459e-06 1.818515102058881894e-06 1.018883821757299302e-07 1.657759275985881686e-05 5.353062419999332633e-07
2.240000000000000000e+03 2.174965484300628304e-04 1.134080521296709776e-04 1.381217498419573531e-05 1.324692220805445686e-06 3.699609806062653661e-05 3.050560508199851029e-06 4.535639618552522734e-06 6.797591822760296054e-07 1.673829501669388264e-06 3.157069272674561944e-08 2.001403663598466665e-05 6.617124199692625552e-07 2.166895719710737467e-04 7.878719770815223455e-05 1.240654364664806053e-05 1.168775952464784496e-06 3.699609806062653661e-05 3.050560508199851029e-06 4.535639618552522734e-06 6.797591822760296054e-07 1.673829501669388264e-06 3.157069272674561944e-08 2.001403663598466665e-05 6.617124199692625552e-07
2.250000000000000000e+03 3.967742668464779854e-05 1.129525480791926384e-04 1.306397098232991993e-05 1.345381974715564866e-06 1.003385023068403825e-05 2.072480356218875386e-06 4.282333975424990058e-06 1.333391992375254631e-06 1.639790298213483766e-06 5.055531815401081985e-08 1.329727638221811503e-06 4.490071034979337128e-07 3.634037420852109790e-05 8.010147575987502933e-05 1.258097199752228335e-05 1.186783151752024423e-06 1.003385023068403825e-05 2.072480356218875386e-06 4.282333975424990058e-06 1.333391992375254631e-06 1.639790298213483766e-06 5.055531815401081985e-08 1.329727638221811503e-06 4.490071034979337128e-07
2.260000000000000000e+03 4.217836976749822497e-05 1.123947804444469512e-04 1.303978115174686536e-05 1.337862158834468573e-06 1.061390958057017997e-05 2.055316372207016684e-06 4.310099029680714011e-06 1.323122660323861055e-06 1.600216478436777834e-06 6.331163149297935888e-08 1.367347522318596020e-06 4.513379678883211454e-07 3.901422314811497927e-05 8.024767885217443109e-05 1.258003703696886078e-05 1.170298901342903264e-06 1.061390958057017997e-05 2.055316372207016684e-06 4.310099029680714011e-06 1.323122660323861055e-06 1.600216478436777834e-06 6.331163149297935888e-08 1.367347522318596020e-06 4.513379678883211454e-07
2.270000000000000000e+03 4.016477760160341859e-05 1.115836057579144835e-04 1.259848340851021931e-05 1.322933712799567729e-06 5.525542292161844671e-06 2.053888010777882300e-06 4.342956799519015476e-06 8.589026947447564453e-07 1.552071012156375218e-06 6.926312323685124284e-08 2.402257450739853084e-06 4.975490810465998948e-07 3.674556501209735870e-05 7.971141894813627005e-05 1.180709296022541821e-05 1.144848056355840527e-06 5.525542292161844671e-06 2.053888010777882300e-06 4.342956799519015476e-06 8.589026947447564453e-07 1.552071012156375218e-06 6.926312323685124284e-08 2.402257450739853084e-06 4.975490810465998948e-07
2.280000000000000000e+03 3.265523992013186216e-05 1.109461954911239445e-04 1.257084841199684888e-05 1.319897137364023365e-06 5.361082003219053149e-06 2.008111323448247276e-06 4.282178906578337774e-06 9.834723186941118911e-07 1.537035359433502890e-06 7.376088007049474982e-08 1.317641590503626503e-06 4.787186753674177453e-07 2.924417276517488062e-05 7.948227721499279141e-05 1.185720975627191365e-05 1.134521198764559813e-06 5.361082003219053149e-06 2.008111323448247276e-06 4.282178906578337774e-06 9.834723186941118911e-07 1.537035359433502890e-06 7.376088007049474982e-08 1.317641590503626503e-06 4.787186753674177453e-07
2.290000000000000000e+03 3.221713996026664972e-05 1.102465030271559954e-04 1.257056737813400105e-05 1.315636609433568083e-06 6.404284704331075773e-06 2.013773610087810084e-06 4.181354142929194495e-06 1.093392825168848503e-06 1.527695530967321247e-06 7.915073751973977778e-08 9.806514071897254325e-07 4.699162161614367506e-07 2.885487447201739997e-05 7.912182627478614450e-05 1.191442788694985211e-05 1.126418510466464795e-06 6.404284704331075773e-06 2.013773610087810084e-06 4.181354142929194495e-06 1.093392825168848503e-06 1.527695530967321247e-06 7.915073751973977778e-08 9.806514071897254325e-07 4.699162161614367506e-07
2.300000000000000000e+03 3.138962711091153324e-05 1.094577964977361262e-04 1.242082271346589550e-05 1.307906927650037687e-06 5.703466285922331735e-06 2.010422349485452287e-06 4.152729161432944238e-06 1.048796320901601575e-06 1.516016027380828746e-06 7.922615452571335481e-08 1.064030470843135845e-06 4.751342146391834831e-07 2.797236084006726742e-05 7.858876779209822416e-05 1.168825929198646918e-05 1.119226453738519922e-06 5.703466285922331735e-06 2.010422349485452287e-06 4.152729161432944238e-06 1.048796320901601575e-06 1.516016027380828746e-06 7.922615452571335481e-08 1.064030470843135845e-06 4.751342146391834831e-07
2.310000000000000000e+03 3.136135273962281644e-05 1.086603733710944653e-04 1.229642930411500856e-05 1.300414851357345469e-06 5.356133897294057533e-06 2.015842255786992610e-06 4.121116944588720798e-06 1.028465362651331816e-06 1.507706883785431273e-06 7.976040450330401654e-08 1.171475787486997433e-06 4.785070473189989571e-07 2.791477709251921624e-05 7.805290806572884321e-05 1.150321895693195984e-05 1.114037900151743088e-06 5.356133897294057533e-06 2.015842255786992610e-06 4.121116944588720798e-06 1.028465362651331816e-06 1.507706883785431273e-06 7.976040450330401654e-08 1.171475787486997433e-06 4.785070473189989571e-07
2.320000000000000000e+03 3.096555155934765935e-05 1.078878049156628549e-04 1.221163893205812201e-05 1.293839090976689477e-06 5.364284334063995630e-06 2.018608711296110414e-06 4.082537543581565842e-06 1.042047074406582396e-06 1.503000135016918648e-06 8.130776052439614432e-08 1.132186753238784149e-06 4.781046527568832971e-07 2.751971442194189876e-05 7.757223647786304355e-05 1.139460437116213143e-05 1.110005314330919646e-06 5.364284334063995630e-06 2.018608711296110414e-06 4.082537543581565842e-06 1.042047074406582396e-06 1.503000135016918648e-06 8.130776052439614432e-08 1.132186753238784149e-06 4.781046527568832971e-07
2.330000000000000000e+03 3.053923865081742406e-05 1.071228252840228379e-04 1.213722589454846457e-05 1.287654072257282678e-06 5.424991286417935044e-06 2.019459998336969875e-06 4.037775852339109406e-06 1.060768568095227238e-06 1.499968902862747200e-06 8.338835755239415448e-08 1.079644107448984869e-06 4.767065320265828632e-07 2.710830449359491467e-05 7.710942008998245001e-05 1.130610780819552019e-05 1.106405875361815561e-06 5.424991286417935044e-06 2.019459998336969875e-06 4.037775852339109406e-06 1.060768568095227238e-06 1.499968902862747200e-06 8.338835755239415448e-08 1.079644107448984869e-06 4.767065320265828632e-07
2.340000000000000000e+03 3.021443990292027593e-05 1.063566960510797799e-04 1.206148499477421865e-05 1.281718937207187992e-06 5.424973096523899585e-06 2.019949306486523710e-06 3.998069587396457791e-06 1.067944253918540198e-06 1.497734047006815672e-06 8.524875738658010960e-08 1.059737542163929902e-06 4.761439811318268767e-07 2.679782301129307598e-05 7.665284647373482585e-05 1.121106288337614387e-05 1.103118734135932755e-06 5.424973096523899585e-06 2.019949306486523710e-06 3.998069587396457791e-06 1.067944253918540198e-06 1.497734047006815672e-06 8.524875738658010960e-08 1.059737542163929902e-06 4.761439811318268767e-07
2.350000000000000000e+03 2.992944973811972886e-05 1.055897737387567759e-04 1.198552399728214368e-05 1.276038346986752003e-06 5.380937636800808832e-06 2.019866542468662374e-06 3.958159595640609041e-06 1.070149892257177271e-06 1.496189156569016632e-06 8.721932687194566824e-08 1.057719259733858053e-06 4.759901059969706694e-07 2.652571492944844067e-05 7.619430834893137217e-05 1.111517576646292582e-05 1.099895712286524940e-06 5.380937636800808832e-06 2.019866542468662374e-06 3.958159595640609041e-06 1.070149892257177271e-06 1.496189156569016632e-06 8.721932687194566824e-08 1.057719259733858053e-06 4.759901059969706694e-07
2.360000000000000000e+03 2.965659405163023621e-05 1.048247868311591446e-04 1.191148930956842378e-05 1.270639131689677015e-06 5.328824045136570930e-06 2.018890654653660022e-06 3.918843049177667126e-06 1.069507447937212419e-06 1.495243168392335065e-06 8.919735705603670795e-08 1.059865780916879885e-06 4.757642102504178183e-07 2.626622517709620297e-05 7.573687616968527436e-05 1.102224541682517156e-05 1.096682467505161185e-06 5.328824045136570930e-06 2.018890654653660022e-06 3.918843049177667126e-06 1.069507447937212419e-06 1.495243168392335065e-06 8.919735705603670795e-08 1.059865780916879885e-06 4.757642102504178183e-07
2.370000000000000000e+03 2.938660509244073182e-05 1.040619245031848550e-04 1.184034772450104356e-05 1.265475816580874380e-06 5.280572622723411769e-06 2.017312453972408548e-06 3.879426458297530189e-06 1.068504843715345487e-06 1.494742605245846789e-06 9.112754639772902010e-08 1.061678290170675609e-06 4.754533620143774897e-07 2.601168853288982064e-05 7.528093556175008416e-05 1.093437822419218719e-05 1.093485025194240734e-06 5.280572622723411769e-06 2.017312453972408548e-06 3.879426458297530189e-06 1.068504843715345487e-06 1.494742605245846789e-06 9.112754639772902010e-08 1.061678290170675609e-06 4.754533620143774897e-07
2.380000000000000000e+03 2.911745468736626208e-05 1.033016014844179153e-04 1.177234116767067462e-05 1.260489625565242022e-06 5.239232905296375975e-06 2.014487336055026390e-06 3.840289082290837541e-06 1.067161974788177758e-06 1.494494313192262780e-06 9.298267400481563527e-08 1.062055389411398210e-06 4.750561686250875937e-07 2.575936196080874652e-05 7.482653018087148666e-05 1.085172061721095815e-05 1.090290311367425602e-06 5.239232905296375975e-06 2.014487336055026390e-06 3.840289082290837541e-06 1.067161974788177758e-06 1.494494313192262780e-06 9.298267400481563527e-08 1.062055389411398210e-06 4.750561686250875937e-07
2.390000000000000000e+03 2.885171852540224791e-05 1.025440869852900505e-04 1.170649102277820930e-05 1.255631445928884204e-06 5.198158305574906990e-06 2.011220431086258031e-06 3.801146931436960585e-06 1.065003061739844270e-06 1.494399157309089787e-06 9.481927776278098463e-08 1.062423734765616246e-06 4.745414798890124075e-07 2.551144098106306046e-05 7.437288149958476424e-05 1.077295564755331725e-05 1.087073087546741590e-06 5.198158305574906990e-06 2.011220431086258031e-06 3.801146931436960585e-06 1.065003061739844270e-06 1.494399157309089787e-06 9.481927776278098463e-08 1.062423734765616246e-06 4.745414798890124075e-07
2.400000000000000000e+03 2.858963489416055381e-05 1.017900358419865370e-04 1.164232253358932212e-05 1.250878540304256603e-06 5.157725354365538806e-06 2.007206603593658656e-06 3.762368578463792801e-06 1.062074716173810884e-06 1.494344473940145690e-06 9.662254285558447009e-08 1.062966134668386076e-06 4.740827534988056868e-07 2.526787648093886673e-05 7.392044062726199627e-05 1.069730024028103799e-05 1.083846996152715292e-06 5.157725354365538806e-06 2.007206603593658656e-06 3.762368578463792801e-06 1.062074716173810884e-06 1.494344473940145690e-06 9.662254285558447009e-08 1.062966134668386076e-06 4.740827534988056868e-07
2.410000000000000000e+03 2.833101098076440394e-05 1.010393316391855478e-04 1.157988117483910173e-05 1.246217038897157181e-06 5.117058663017814979e-06 2.002626160901854746e-06 3.723810777955804951e-06 1.058591237779182848e-06 1.494205093877098989e-06 9.837723524697139510e-08 1.063496597453195136e-06 4.734999095035163919e-07 2.502811548765748739e-05 7.346825441345572472e-05 1.062471892510075122e-05 1.080623633242794313e-06 5.117058663017814979e-06 2.002626160901854746e-06 3.723810777955804951e-06 1.058591237779182848e-06 1.494205093877098989e-06 9.837723524697139510e-08 1.063496597453195136e-06 4.734999095035163919e-07
2.420000000000000000e+03 2.807574492180719972e-05 1.002916760626249015e-04 1.151875585492234677e-05 1.241643303728778847e-06 5.077149580756668001e-06 1.997547542487154715e-06 3.685700448841089383e-06 1.054501581165823154e-06 1.493971808486094233e-06 1.000584504140533681e-07 1.063925083144567907e-06 4.728979376977804350e-07 2.479240174579899758e-05 7.301736332010477781e-05 1.055464781529735774e-05 1.077407318916812073e-06 5.077149580756668001e-06 1.997547542487154715e-06 3.685700448841089383e-06 1.054501581165823154e-06 1.493971808486094233e-06 1.000584504140533681e-07 1.063925083144567907e-06 4.728979376977804350e-07
2.430000000000000000e+03 2.782320007099770010e-05 9.954792039934545755e-05 1.145899568655295298e-05 1.237151764144073240e-06 5.036499260313576087e-06 1.991620592889375985e-06 3.648007350420812145e-06 1.049819843501609284e-06 1.493599597779393662e-06 1.016779620499619341e-07 1.064206117007415742e-06 4.722495532405446284e-07 2.455992216710001230e-05 7.256637036334723234e-05 1.048693320626625791e-05 1.074194642569636926e-06 5.036499260313576087e-06 1.991620592889375985e-06 3.648007350420812145e-06 1.049819843501609284e-06 1.493599597779393662e-06 1.016779620499619341e-07 1.064206117007415742e-06 4.722495532405446284e-07
2.440000000000000000e+03 2.757460060820449144e-05 9.880743891699239612e-05 1.140002405008999631e-05 1.232740828527312260e-06 4.995297331333858892e-06 1.985809831239748746e-06 3.610643716456252150e-06 1.044538294081576169e-06 1.493111085437703878e-06 1.032229519637439807e-07 1.064775347003887873e-06 4.716443413599336054e-07 2.433165718684904277e-05 7.211571210063993931e-05 1.042090661940164864e-05 1.070989242180075962e-06 4.995297331333858892e-06 1.985809831239748746e-06 3.610643716456252150e-06 1.044538294081576169e-06 1.493111085437703878e-06 1.032229519637439807e-07 1.064775347003887873e-06 4.716443413599336054e-07
2.450000000000000000e+03 2.732791290327440947e-05 9.807090827962383628e-05 1.134218473453074694e-05 1.228414816978329327e-06 4.955125405103899539e-06 1.979112539629568346e-06 3.573713229343411513e-06 1.039127823787566740e-06 1.492353703724802472e-06 1.046897750711650588e-07 1.064712591869465541e-06 4.710284713382861810e-07 2.410543311270885170e-05 7.166573777794837952e-05 1.035688637784915045e-05 1.067804987542331219e-06 4.955125405103899539e-06 1.979112539629568346e-06 3.573713229343411513e-06 1.039127823787566740e-06 1.492353703724802472e-06 1.046897750711650588e-07 1.064712591869465541e-06 4.710284713382861810e-07
2.460000000000000000e+03 2.708404099394101650e-05 9.733792830957099795e-05 1.128518306359183043e-05 1.224169295710453298e-06 4.914804776490200311e-06 1.972499376279301941e-06 3.537091970429173671e-06 1.033192006616445724e-06 1.491476268711267039e-06 1.060918819462131069e-07 1.064568550646072254e-06 4.703296099251019768e-07 2.388217944826465100e-05 7.121537055354565382e-05 1.029452323564328253e-05 1.064641992343240418e-06 4.914804776490200311e-06 1.972499376279301941e-06 3.537091970429173671e-06 1.033192006616445724e-06 1.491476268711267039e-06 1.060918819462131069e-07 1.064568550646072254e-06 4.703296099251019768e-07
2.470000000000000000e+03 2.684379433048889041e-05 9.660870273364707828e-05 1.122879530157661065e-05 1.219998466694960371e-06 4.872706540481885895e-06 1.965122692126897164e-06 3.500878392515005544e-06 1.026859536068513989e-06 1.490370209467073437e-06 1.074204547535373422e-07 1.064698835762101226e-06 4.696564417372428579e-07 2.366264197917189449e-05 7.076506881276145577e-05 1.023331333271926269e-05 1.061497187038185075e-06 4.872706540481885895e-06 1.965122692126897164e-06 3.500878392515005544e-06 1.026859536068513989e-06 1.490370209467073437e-06 1.074204547535373422e-07 1.064698835762101226e-06 4.696564417372428579e-07
2.480000000000000000e+03 2.660514473973307759e-05 9.588320972397923470e-05 1.117310966947115958e-05 1.215906536344846245e-06 4.832046670344425365e-06 1.957503400262794457e-06 3.465144345682347193e-06 1.020403942675329745e-06 1.489087139816547278e-06 1.086742003053586814e-07 1.064178491105849389e-06 4.689775323640787974e-07 2.344497443118598312e-05 7.031472341623157263e-05 1.017352951748762280e-05 1.058385691976582166e-06 4.832046670344425365e-06 1.957503400262794457e-06 3.465144345682347193e-06 1.020403942675329745e-06 1.489087139816547278e-06 1.086742003053586814e-07 1.064178491105849389e-06 4.689775323640787974e-07
2.490000000000000000e+03 2.636935641930904239e-05 9.516139834886416793e-05 1.111795791075564921e-05 1.211890321428654715e-06 4.790380899066803977e-06 1.949993702510255389e-06 3.429776597840827890e-06 1.013579094433225691e-06 1.487682425249658991e-06 1.098527420140271715e-07 1.063795366462727543e-06 4.683053305143403122e-07 2.323016451555304229e-05 6.986486550886183977e-05 1.011481253954116255e-05 1.055312964126642328e-06 4.790380899066803977e-06 1.949993702510255389e-06 3.429776597840827890e-06 1.013579094433225691e-06 1.487682425249658991e-06 1.098527420140271715e-07 1.063795366462727543e-06 4.683053305143403122e-07
2.500000000000000000e+03 2.613537435536272824e-05 9.444351599086076021e-05 1.106330000766320154e-05 1.207950163006898947e-06 4.748560513689881191e-06 1.942090875672874972e-06 3.394761733943596482e-06 1.006618049359531142e-06 1.486001792727620341e-06 1.109647485009190859e-07 1.063026161318703089e-06 4.675862612657510908e-07 2.301705171703360975e-05 6.941519677639007568e-05 1.005717422231100500e-05 1.052281390911957715e-06 4.748560513689881191e-06 1.942090875672874972e-06 3.394761733943596482e-06 1.006618049359531142e-06 1.486001792727620341e-06 1.109647485009190859e-07 1.063026161318703089e-06 4.675862612657510908e-07
2.510000000000000000e+03 2.590368785604368895e-05 9.372944623464718461e-05 1.100915142160374671e-05 1.204085606332228053e-06 4.706780600827187300e-06 1.934085958055220544e-06 3.360152277309680358e-06 9.994331549023627304e-07 1.484173935750732198e-06 1.120100918683419877e-07 1.062143155650119297e-06 4.668304711685777875e-07 2.280639819218777120e-05 6.896545528434216976e-05 1.000046268018195406e-05 1.049284264809102751e-06 4.706780600827187300e-06 1.934085958055220544e-06 3.360152277309680358e-06 9.994331549023627304e-07 1.484173935750732198e-06 1.120100918683419877e-07 1.062143155650119297e-06 4.668304711685777875e-07
2.520000000000000000e+03 2.567367300798650831e-05 9.301924001192674041e-05 1.095548486773623154e-05 1.200294150294212159e-06 4.665027063310844824e-06 1.926002369145862758e-06 3.325812713228515349e-06 9.922306389853474684e-07 1.482188054069411010e-06 1.129880971006969048e-07 1.060638851413386874e-06 4.660845149828674039e-07 2.259733992104884237e-05 6.851666694274172187e-05 9.944751582224853337e-06 1.046333977683389094e-06 4.665027063310844824e-06 1.926002369145862758e-06 3.325812713228515349e-06 9.922306389853474684e-07 1.482188054069411010e-06 1.129880971006969048e-07 1.060638851413386874e-06 4.660845149828674039e-07
2.530000000000000000e+03 2.544703056628350168e-05 9.231295553036034107e-05 1.090195019060047343e-05 1.196572497974557336e-06 4.622237611329182982e-06 1.917578629218041897e-06 3.291952452855184674e-06 9.845664408203447238e-07 1.480020728195086122e-06 1.138956662316559232e-07 1.059603050634905230e-06 4.653299754409090383e-07 2.239163768535945565e-05 6.806784949731081724e-05 9.889354259939864278e-06 1.043430756908492185e-06 4.622237611329182982e-06 1.917578629218041897e-06 3.291952452855184674e-06 9.845664408203447238e-07 1.480020728195086122e-06 1.138956662316559232e-07 1.059603050634905230e-06 4.653299754409090383e-07
2.540000000000000000e+03 2.522187060094438493e-05 9.161041816696524620e-05 1.084893665392883122e-05 1.192921558867965359e-06 4.579898359224898741e-06 1.909037791847367771e-06 3.258315700804814696e-06 9.768350537342485040e-07 1.477692080698034260e-06 1.147490849007226643e-07 1.058059297065483406e-06 4.645348496978840558e-07 2.218724694103002548e-05 6.761943222954869270e-05 9.834875527303665876e-06 1.040570509758254047e-06 4.579898359224898741e-06 1.909037791847367771e-06 3.258315700804814696e-06 9.768350537342485040e-07 1.477692080698034260e-06 1.147490849007226643e-07 1.058059297065483406e-06 4.645348496978840558e-07
2.550000000000000000e+03 2.499969195923767984e-05 9.091173706110566854e-05 1.079591220332076773e-05 1.189337353935115971e-06 4.535174866759916767e-06 1.900610527627577540e-06 3.225197133360779844e-06 9.688827731224591844e-07 1.475248836868559010e-06 1.155474365077679977e-07 1.057160034179105423e-06 4.638255575173388934e-07 2.198565380240324885e-05 6.717150972690433264e-05 9.780555956240277737e-06 1.037753122545836959e-06 4.535174866759916767e-06 1.900610527627577540e-06 3.225197133360779844e-06 9.688827731224591844e-07 1.475248836868559010e-06 1.155474365077679977e-07 1.057160034179105423e-06 4.638255575173388934e-07
2.560000000000000000e+03 2.478191345289815217e-05 9.021670121001079679e-05 1.074286956281866878e-05 1.185812834592070431e-06 4.487632850214140490e-06 1.892121758828579914e-06 3.192268877683090977e-06 9.605275863577844575e-07 1.472624035159242339e-06 1.162912894869805314e-07 1.057377971847017761e-06 4.630482237644173438e-07 2.178803333663381636e-05 6.672369636362418532e-05 9.726222742756363004e-06 1.034980527947482187e-06 4.487632850214140490e-06 1.892121758828579914e-06 3.192268877683090977e-06 9.605275863577844575e-07 1.472624035159242339e-06 1.162912894869805314e-07 1.057377971847017761e-06 4.630482237644173438e-07
2.570000000000000000e+03 2.456802758388221264e-05 8.952571079134941101e-05 1.068986966856755316e-05 1.182350047201907728e-06 4.438872110767988488e-06 1.883482923403789755e-06 3.159867674185079522e-06 9.517939929537533317e-07 1.469829385314369574e-06 1.169651397958659800e-07 1.058166617440292612e-06 4.623835820893873461e-07 2.159363793907687068e-05 6.627668335568159819e-05 9.671951374912168831e-06 1.032248860610707197e-06 4.438872110767988488e-06 1.883482923403789755e-06 3.159867674185079522e-06 9.517939929537533317e-07 1.469829385314369574e-06 1.169651397958659800e-07 1.058166617440292612e-06 4.623835820893873461e-07
2.580000000000000000e+03 2.439841773593798280e-05 8.883671398507431149e-05 1.063315357896499336e-05 1.178849061034270562e-06 4.353325493866577744e-06 1.874971758297760971e-06 3.128621528958319686e-06 9.388223816131358035e-07 1.466630010327207856e-06 1.175028501165797934e-07 1.077248839465028141e-06 4.621045093244902091e-07 2.143779238394927233e-05 6.582630885532125831e-05 9.609840162738692015e-06 1.029454665513185319e-06 4.353325493866577744e-06 1.874971758297760971e-06 3.128621528958319686e-06 9.388223816131358035e-07 1.466630010327207856e-06 1.175028501165797934e-07 1.077248839465028141e-06 4.621045093244902091e-07
2.590000000000000000e+03 2.525833951949607581e-05 8.813468593871220946e-05 1.054599033523118123e-05 1.174512249235704076e-06 4.104322670173132792e-06 1.872817733783449512e-06 3.105997848251718096e-06 8.904361266104388051e-07 1.460729095015267376e-06 1.171306251990245073e-07 1.316199359280290082e-06 4.663768322643591091e-07 2.226946890004910529e-05 6.534152635140344501e-05 9.478978427068796009e-06 1.025740971272171009e-06 4.104322670173132792e-06 1.872817733783449512e-06 3.105997848251718096e-06 8.904361266104388051e-07 1.460729095015267376e-06 1.171306251990245073e-07 1.316199359280290082e-06 4.663768322643591091e-07
2.600000000000000000e+03 1.343751646345481277e-04 8.729204273549839854e-05 1.074672854883829132e-05 1.159714429377345368e-06 2.410844717815052718e-05 2.426802893751300871e-06 3.189876679243752733e-06 7.637707426511042286e-07 1.429098119842819870e-06 1.061269117030860798e-07 1.285381858906475827e-05 6.028523102941107936e-07 1.324135810136795044e-04 6.447685154853388667e-05 9.133022103924304247e-06 1.010625965136568993e-06 2.410844717815052718e-05 2.426802893751300871e-06 3.189876679243752733e-06 7.637707426511042286e-07 1.429098119842819870e-06 1.061269117030860798e-07 1.285381858906475827e-05 6.028523102941107936e-07
2.610000000000000000e+03 8.707632310688495636e-03 8.868089935276657343e-05 6.569480319740250707e-05 1.125032440540962853e-06 1.978612737730145454e-03 4.941432416671887040e-05 4.193421318632317707e-06 2.655131538631394506e-05 1.817450424823618960e-06 3.213111909872168326e-08 7.818199810571968555e-04 7.900882337708026171e-06 8.844943717122077942e-03 6.339279207168146968e-05 5.858835720573551953e-05 9.619830052542965859e-07 1.978612737730145454e-03 4.941432416671887040e-05 4.193421318632317707e-06 2.655131538631394506e-05 1.817450424823618960e-06 3.213111909872168326e-08 7.818199810571968555e-04 7.900882337708026171e-06
2.620000000000000000e+03 1.118694781325757504e-03 8.795240137260407209e-05 1.769838490872643888e-05 1.137634171755053103e-06 2.351020084461197257e-04 7.553381237812573090e-06 3.334644588903756812e-06 2.602432914500241168e-06 1.495648803029325791e-06 9.274758383526204852e-08 9.620840864954516292e-05 1.345417103948420845e-06 1.133183483034372330e-03 6.133317947387695312e-05 1.518148019385989755e-05 9.548959951644064859e-07 2.351020084461197257e-04 7.553381237812573090e-06 3.334644588903756812e-06 2.602432914500241168e-06 1.495648803029325791e-06 9.274758383526204852e-08 9.620840864954516292e-05 1.345417103948420845e-06
2.630000000000000000e+03 7.458006730303168297e-04 8.755310409469529986e-05 1.510204674559645355e-05 1.133567707256588619e-06 1.535694900667294860e-04 6.662390660494565964e-06 3.183418129992787726e-06 1.611566858628066257e-06 1.559063548484118655e-06 7.842233173960266868e-08 7.072326843626797199e-05 1.264192292182997335e-06 7.533945026807487011e-04 6.100582322687841952e-05 1.301602333114715293e-05 9.712240398584981449e-07 1.535694900667294860e-04 6.662390660494565964e-06 3.183418129992787726e-06 1.611566858628066257e-06 1.559063548484118655e-06 7.842233173960266868e-08 7.072326843626797199e-05 1.264192292182997335e-06
2.640000000000000000e+03 1.762491301633417606e-04 8.678077574586495757e-05 1.169058032246539369e-05 1.153602852355106734e-06 3.112604463240131736e-05 2.553266767790773883e-06 3.190936013197642751e-06 4.717955732758127851e-07 1.496916183896246366e-06 5.810147740703541785e-08 1.725486072245985270e-05 6.133279839559691027e-07 1.749918737914413214e-04 6.180369382491335273e-05 1.031680221785791218e-05 1.010979985949234106e-06 3.112604463240131736e-05 2.553266767790773883e-06 3.190936013197642751e-06 4.717955732758127851e-07 1.496916183896246366e-06 5.810147740703541785e-08 1.725486072245985270e-05 6.133279839559691027e-07
2.650000000000000000e+03 2.493279680493287742e-05 8.635535050416365266e-05 1.099107066693250090e-05 1.169803454104112461e-06 5.414139195636380464e-06 1.643530026740336325e-06 3.111065552729996853e-06 8.150174153342959471e-07 1.464378556192968972e-06 6.235140403987315949e-08 9.376911975778057240e-07 4.475252808333607391e-07 2.224927447969093919e-05 6.281188689172267914e-05 1.035111290548229590e-05 1.030607108987169340e-06 5.414139195636380464e-06 1.643530026740336325e-06 3.111065552729996853e-06 8.150174153342959471e-07 1.464378556192968972e-06 6.235140403987315949e-08 9.376911975778057240e-07 4.475252808333607391e-07
2.660000000000000000e+03 4.540611189440824091e-05 8.599010470788925886e-05 1.127106588683091104e-05 1.169056076832930557e-06 1.229796907864511013e-05 1.710470655780227389e-06 3.082571538470801897e-06 1.135740944846475031e-06 1.437249579794297460e-06 7.840566951244909433e-08 2.033533974099555053e-06 4.389697778606205247e-07 4.337994687375612557e-05 6.324762944132089615e-05 1.083847564586903900e-05 1.024340349431440700e-06 1.229796907864511013e-05 1.710470655780227389e-06 3.082571538470801897e-06 1.135740944846475031e-06 1.437249579794297460e-06 7.840566951244909433e-08 2.033533974099555053e-06 4.389697778606205247e-07
2.670000000000000000e+03 3.274448317824862897e-05 8.547163452021777630e-05 1.105847604776499793e-05 1.163288061434286647e-06 8.182931196643039584e-06 1.672158418841718230e-06 3.058708216485683806e-06 9.478213200964091811e-07 1.395356093780719675e-06 8.951394647738197818e-08 1.235995000570255797e-06 4.402287459015497006e-07 3.044182631128933281e-05 6.308454612735658884e-05 1.054339554684702307e-05 1.010827077152498532e-06 8.182931196643039584e-06 1.672158418841718230e-06 3.058708216485683806e-06 9.478213200964091811e-07 1.395356093780719675e-06 8.951394647738197818e-08 1.235995000570255797e-06 4.402287459015497006e-07
2.680000000000000000e+03 2.423035039100795984e-05 8.492269262205809355e-05 1.077680281014181674e-05 1.157124302153533790e-06 4.969351721229031682e-06 1.604665044396824669e-06 3.053972022826201282e-06 7.857660762056184467e-07 1.368249400002241600e-06 9.064066119890412665e-08 8.548794312446261756e-07 4.494723384595999960e-07 2.168162609450519085e-05 6.273580220295116305e-05 1.012759184959577397e-05 9.988824558604392223e-07 4.969351721229031682e-06 1.604665044396824669e-06 3.053972022826201282e-06 7.857660762056184467e-07 1.368249400002241600e-06 9.064066119890412665e-08 8.548794312446261756e-07 4.494723384595999960e-07
2.690000000000000000e+03 2.281565684825181961e-05 8.433543553110212088e-05 1.062573028320912272e-05 1.151602077698044013e-06 4.041729880555067211e-06 1.607391709512739908e-06 2.997694991790922359e-06 7.156146466513746418e-07 1.352421691080962773e-06 9.409312440311623504e-08 9.232659294866607524e-07 4.546232617030909751e-07 2.014068923017475754e-05 6.230088183656334877e-05 9.901037628878839314e-06 9.911428833220270462e-07 4.041729880555067211e-06 1.607391709512739908e-06 2.997694991790922359e-06 7.156146466513746418e-07 1.352421691080962773e-06 9.409312440311623504e-08 9.232659294866607524e-07 4.546232617030909751e-07
2.700000000000000000e+03 2.263307760586030781e-05 8.373442688025534153e-05 1.051672461471753195e-05 1.147017428593244404e-06 3.837150870822370052e-06 1.612388928151631262e-06 2.968931084978976287e-06 7.041524554551870096e-07 1.343464987257902976e-06 9.390832644839974819e-08 9.727388032843009569e-07 4.550960568394657457e-07 1.992735815292689949e-05 6.187691178638488054e-05 9.741678695718292147e-06 9.880168363451957703e-07 3.837150870822370052e-06 1.612388928151631262e-06 2.968931084978976287e-06 7.041524554551870096e-07 1.343464987257902976e-06 9.390832644839974819e-08 9.727388032843009569e-07 4.550960568394657457e-07
2.710000000000000000e+03 2.241657057311385870e-05 8.313144644489511847e-05 1.042746316670672968e-05 1.142698579315037932e-06 3.795259999606059864e-06 1.618663532099162694e-06 2.936519649665569887e-06 7.154981744861288462e-07 1.337650246568955481e-06 9.443979109846623032e-08 9.637486755309510045e-07 4.544089904356951592e-07 1.970931589312385768e-05 6.146528903627768159e-05 9.622862307878676802e-06 9.859935516942641698e-07 3.795259999606059864e-06 1.618663532099162694e-06 2.936519649665569887e-06 7.154981744861288462e-07 1.337650246568955481e-06 9.443979109846623032e-08 9.637486755309510045e-07 4.544089904356951592e-07
2.720000000000000000e+03 2.216449138359166682e-05 8.253775740740820765e-05 1.034846991387894377e-05 1.138562083724536933e-06 3.784216914937132969e-06 1.623512275727989618e-06 2.903457925640395842e-06 7.236296255541674327e-07 1.334827402388327755e-06 9.571822090492787538e-08 9.417892670171568170e-07 4.523982397586223669e-07 1.945895019161980599e-05 6.107248191256076097e-05 9.522846994514111429e-06 9.842112831393023953e-07 3.784216914937132969e-06 1.623512275727989618e-06 2.903457925640395842e-06 7.236296255541674327e-07 1.334827402388327755e-06 9.571822090492787538e-08 9.417892670171568170e-07 4.523982397586223669e-07
2.730000000000000000e+03 2.191957719333004206e-05 8.194766996894031763e-05 1.027433427225332707e-05 1.134771082433871925e-06 3.774387096200371161e-06 1.626507582841441035e-06 2.868163619496044703e-06 7.324483703996520489e-07 1.333093223365722224e-06 9.722781868504171143e-08 9.250902053281606641e-07 4.509898303695081268e-07 1.922585579450242221e-05 6.069334267522208393e-05 9.431949365534819663e-06 9.828838756220648065e-07 3.774387096200371161e-06 1.626507582841441035e-06 2.868163619496044703e-06 7.324483703996520489e-07 1.333093223365722224e-06 9.722781868504171143e-08 9.250902053281606641e-07 4.509898303695081268e-07
2.740000000000000000e+03 2.168895662180148065e-05 8.135957614285871387e-05 1.020373656501760706e-05 1.131350472860503942e-06 3.756299292945186608e-06 1.628321001589938533e-06 2.835821533153648488e-06 7.368237220362061635e-07 1.332155761701869778e-06 9.865398453712259652e-08 9.144719683717994485e-07 4.497702263961400604e-07 1.900936149468179792e-05 6.032207602402195334e-05 9.345303624286316335e-06 9.817779300647089258e-07 3.756299292945186608e-06 1.628321001589938533e-06 2.835821533153648488e-06 7.368237220362061635e-07 1.332155761701869778e-06 9.865398453712259652e-08 9.144719683717994485e-07 4.497702263961400604e-07
2.750000000000000000e+03 2.147288250853307545e-05 8.077206439338624477e-05 1.013506516756024212e-05 1.128178951148584019e-06 3.724562020579469390e-06 1.629546545700577553e-06 2.802412154778721742e-06 7.393842906822101213e-07 1.331734551968111191e-06 1.002882541456528998e-07 9.103941920329816639e-07 4.486657587676745607e-07 1.880661329778376967e-05 5.994896855554543436e-05 9.262737876269966364e-06 9.805478384805610403e-07 3.724562020579469390e-06 1.629546545700577553e-06 2.802412154778721742e-06 7.393842906822101213e-07 1.331734551968111191e-06 1.002882541456528998e-07 9.103941920329816639e-07 4.486657587676745607e-07
2.760000000000000000e+03 2.126771505572833121e-05 8.018580410862341523e-05 1.006715228868415579e-05 1.125201151808141731e-06 3.681945372591144405e-06 1.629654434509575367e-06 2.770575065369484946e-06 7.396365049316955265e-07 1.331616203970042989e-06 1.017033355310559273e-07 9.121155244429246522e-07 4.478235382521233987e-07 1.861382588685955852e-05 5.957549728918820620e-05 9.181102541333530098e-06 9.792288437893148512e-07 3.681945372591144405e-06 1.629654434509575367e-06 2.770575065369484946e-06 7.396365049316955265e-07 1.331616203970042989e-06 1.017033355310559273e-07 9.121155244429246522e-07 4.478235382521233987e-07
2.770000000000000000e+03 2.107090949721168727e-05 7.960053335409611464e-05 1.000109205051558092e-05 1.122351704907487147e-06 3.634637778304750100e-06 1.629271764613804407e-06 2.739046976785175502e-06 7.382305966530111618e-07 1.331594262410362717e-06 1.029941856245386589e-07 9.170223052024084609e-07 4.470095120723271975e-07 1.842913297878112644e-05 5.920153489569202065e-05 9.102224794332869351e-06 9.778325420484179631e-07 3.634637778304750100e-06 1.629271764613804407e-06 2.739046976785175502e-06 7.382305966530111618e-07 1.331594262410362717e-06 1.029941856245386589e-07 9.170223052024084609e-07 4.470095120723271975e-07
2.780000000000000000e+03 2.087376378767658025e-05 7.901762728579342365e-05 9.937733921105973423e-06 1.119610146815830376e-06 3.594122290451196022e-06 1.627966639716760255e-06 2.707796284084906802e-06 7.371190804406069219e-07 1.331605062659946270e-06 1.042009856178083282e-07 9.194433800985279959e-07 4.461718674519943306e-07 1.824581522669177502e-05 5.882899858988821507e-05 9.028520253195893019e-06 9.764096375874942169e-07 3.594122290451196022e-06 1.627966639716760255e-06 2.707796284084906802e-06 7.371190804406069219e-07 1.331605062659946270e-06 1.042009856178083282e-07 9.194433800985279959e-07 4.461718674519943306e-07
2.790000000000000000e+03 2.067165587504860014e-05 7.843790808692574501e-05 9.877084266918245703e-06 1.116968519454530906e-06 3.564041207937407307e-06 1.625934601179324090e-06 2.676565600268077105e-06 7.365566148109792266e-07 1.331626549472275656e-06 1.053733313938209903e-07 9.171287729259347543e-07 4.451974291441729292e-07 1.805978536140173674e-05 5.845770283485762775e-05 8.960236300481483340e-06 9.749983291840180755e-07 3.564041207937407307e-06 1.625934601179324090e-06 2.676565600268077105e-06 7.365566148109792266e-07 1.331626549472275656e-06 1.053733313938209903e-07 9.171287729259347543e-07 4.451974291441729292e-07
2.800000000000000000e+03 2.047301859420258552e-05 7.786088099237531424e-05 9.817817044677212834e-06 1.114387600864574779e-06 3.533958533807890490e-06 1.623039679543580860e-06 2.645787390065379441e-06 7.353790465458587278e-07 1.331521048086869996e-06 1.064754329149764089e-07 9.148807862402463797e-07 4.442254919467814034e-07 1.787800283636897802e-05 5.808729838463477790e-05 8.894574420992285013e-06 9.735811090649804100e-07 3.533958533807890490e-06 1.623039679543580860e-06 2.645787390065379441e-06 7.353790465458587278e-07 1.331521048086869996e-06 1.064754329149764089e-07 9.148807862402463797e-07 4.442254919467814034e-07
2.810000000000000000e+03 2.028127892117481679e-05 7.728632044745609164e-05 9.759147360455244780e-06 1.111852498070220463e-06 3.498678097457741387e-06 1.619898171156819444e-06 2.615649918880080804e-06 7.331647111641359515e-07 1.331134740212291945e-06 1.074701572179037612e-07 9.152201414508454036e-07 4.433657352365116822e-07 1.770226845110300928e-05 5.771685391664505005e-05 8.830127626424655318e-06 9.721410378915606998e-07 3.498678097457741387e-06 1.619898171156819444e-06 2.615649918880080804e-06 7.331647111641359515e-07 1.331134740212291945e-06 1.074701572179037612e-07 9.152201414508454036e-07 4.433657352365116822e-07
2.820000000000000000e+03 2.009139097935985774e-05 7.671451749047264457e-05 9.701755516289267689e-06 1.109380832531314809e-06 3.464545898168580607e-06 1.616160261619370431e-06 2.585940364951966330e-06 7.306529710149334278e-07 1.330522877651674207e-06 1.083793605971550278e-07 9.147535138254170306e-07 4.425007205099973362e-07 1.752903517626691610e-05 5.734709702664986253e-05 8.768000043346546590e-06 9.706977834866847843e-07 3.464545898168580607e-06 1.616160261619370431e-06 2.585940364951966330e-06 7.306529710149334278e-07 1.330522877651674207e-06 1.083793605971550278e-07 9.147535138254170306e-07 4.425007205099973362e-07
2.830000000000000000e+03 1.990322016354184598e-05 7.614565402036532760e-05 9.645389582146890461e-06 1.106973854803072754e-06 3.431605136938742362e-06 1.611972834325570147e-06 2.556693971200729720e-06 7.280445970536675304e-07 1.329678525507915765e-06 1.091852652734814910e-07 9.135766276813228615e-07 4.415892078668548493e-07 1.735781734168995172e-05 5.697815504390746355e-05 8.708012501301709563e-06 9.692621460999362171e-07 3.431605136938742362e-06 1.611972834325570147e-06 2.556693971200729720e-06 7.280445970536675304e-07 1.329678525507915765e-06 1.091852652734814910e-07 9.135766276813228615e-07 4.415892078668548493e-07
2.840000000000000000e+03 1.971900928765535355e-05 7.557943899882957339e-05 9.589666660758666694e-06 1.104619173020182643e-06 3.396731699467636645e-06 1.607597027941665146e-06 2.527899596316274256e-06 7.247227813422796316e-07 1.328636130892846268e-06 1.099157884709711652e-07 9.130542366619920358e-07 4.407399956107838079e-07 1.719044666970148683e-05 5.660897295456379652e-05 8.649226401757914573e-06 9.678245760369463824e-07 3.396731699467636645e-06 1.607597027941665146e-06 2.527899596316274256e-06 7.247227813422796316e-07 1.328636130892846268e-06 1.099157884709711652e-07 9.130542366619920358e-07 4.407399956107838079e-07
2.850000000000000000e+03 1.953677929122932255e-05 7.501625077566131949e-05 9.534820492262952030e-06 1.102323835766583215e-06 3.363226596775348298e-06 1.602664269739761949e-06 2.499585434634354897e-06 7.211987167465849780e-07 1.327352379121293779e-06 1.105520226474254741e-07 9.119888204622839112e-07 4.399123270104610128e-07 1.702522968116682023e-05 5.624044206342659891e-05 8.592006452090572566e-06 9.664006483944831416e-07 3.363226596775348298e-06 1.602664269739761949e-06 2.499585434634354897e-06 7.211987167465849780e-07 1.327352379121293779e-06 1.105520226474254741e-07 9.119888204622839112e-07 4.399123270104610128e-07
2.860000000000000000e+03 1.935621730808634311e-05 7.445616211043670774e-05 9.480659173277672380e-06 1.100082727134576999e-06 3.329438186483457685e-06 1.597601340108667500e-06 2.471536163284326904e-06 7.176816438914102037e-07 1.325868765889026690e-06 1.111098413275612984e-07 9.103407592192525044e-07 4.389521279790642438e-07 1.686217365204356611e-05 5.587259511230513453e-05 8.536238055967260152e-06 9.649900221120333299e-07 3.329438186483457685e-06 1.597601340108667500e-06 2.471536163284326904e-06 7.176816438914102037e-07 1.325868765889026690e-06 1.111098413275612984e-07 9.103407592192525044e-07 4.389521279790642438e-07
2.870000000000000000e+03 1.917788540595211089e-05 7.389912934741005301e-05 9.427072654943913221e-06 1.097894141821598168e-06 3.295940359748783521e-06 1.592169951436517294e-06 2.443998255330370739e-06 7.137778084143064916e-07 1.324162894889013842e-06 1.115951633323675196e-07 9.085702004085760564e-07 4.381009262033330742e-07 1.670114761509466916e-05 5.550514106289483607e-05 8.481594704790040851e-06 9.635973583499435335e-07 3.295940359748783521e-06 1.592169951436517294e-06 2.443998255330370739e-06 7.137778084143064916e-07 1.324162894889013842e-06 1.115951633323675196e-07 9.085702004085760564e-07 4.381009262033330742e-07
2.880000000000000000e+03 1.900256029330193996e-05 7.334494148381054401e-05 9.373896318720653653e-06 1.095751599677896593e-06 3.261603751525399275e-06 1.586521534591156524e-06 2.416914639979950152e-06 7.096039098541950807e-07 1.322233742939715739e-06 1.120151083000564540e-07 9.070373607755755074e-07 4.372965349830337800e-07 1.654291372688021511e-05 5.513806900125928223e-05 8.427704415225889534e-06 9.622214065529988147e-07 3.261603751525399275e-06 1.586521534591156524e-06 2.416914639979950152e-06 7.096039098541950807e-07 1.322233742939715739e-06 1.120151083000564540e-07 9.070373607755755074e-07 4.372965349830337800e-07
2.890000000000000000e+03 1.883081495179794729e-05 7.279394776560366154e-05 9.320995559392031282e-06 1.093649757422099356e-06 3.224713509553112090e-06 1.580928483235766180e-06 2.390150939390878193e-06 7.050043677736539394e-07 1.320197043241932988e-06 1.123523674095849856e-07 9.064501682587433606e-07 4.363996026768290903e-07 1.638773574086371809e-05 5.477102968143299222e-05 8.374245226150378585e-06 9.608575055608525872e-07 3.224713509553112090e-06 1.580928483235766180e-06 2.390150939390878193e-06 7.050043677736539394e-07 1.320197043241932988e-06 1.123523674095849856e-07 9.064501682587433606e-07 4.363996026768290903e-07
2.900000000000000000e+03 1.865939339040778577e-05 7.224614091683179140e-05 9.268818757846020162e-06 1.091597937374899630e-06 3.190418738086009398e-06 1.575157853039854672e-06 2.363763769608340226e-06 7.005165230111742858e-07 1.317913074672105722e-06 1.126418851526977960e-07 9.044723014994815458e-07 4.355575242698250804e-07 1.623341086087748408e-05 5.440515087684616446e-05 8.322170288010966033e-06 9.595166829967638478e-07 3.190418738086009398e-06 1.575157853039854672e-06 2.363763769608340226e-06 7.005165230111742858e-07 1.317913074672105722e-06 1.126418851526977960e-07 9.044723014994815458e-07 4.355575242698250804e-07
2.910000000000000000e+03 1.849386171670630574e-05 7.170136814238503575e-05 9.216414582624565810e-06 1.089574311663454864e-06 3.150862994516501203e-06 1.569010123603220563e-06 2.337834075660794042e-06 6.952977287255635019e-07 1.315433337367721833e-06 1.128711062392540043e-07 9.047330422617960721e-07 4.348253241914790124e-07 1.608367529115639627e-05 5.403927207225933671e-05 8.269578756880946457e-06 9.581827953297761269e-07 3.150862994516501203e-06 1.569010123603220563e-06 2.337834075660794042e-06 6.952977287255635019e-07 1.315433337367721833e-06 1.128711062392540043e-07 9.047330422617960721e-07 4.348253241914790124e-07
2.920000000000000000e+03 1.837734089349396527e-05 7.115810149116441607e-05 9.159897672361694276e-06 1.087484747586131562e-06 3.074449296036618762e-06 1.563333398735267110e-06 2.313241566298529506e-06 6.847739086879300885e-07 1.312439280809485354e-06 1.129196860460979224e-07 9.269159590985509567e-07 4.346804018950933823e-07 1.597505070094484836e-05 5.366988989408127964e-05 8.207779501390177757e-06 9.567557981426944025e-07 3.074449296036618762e-06 1.563333398735267110e-06 2.313241566298529506e-06 6.847739086879300885e-07 1.312439280809485354e-06 1.129196860460979224e-07 9.269159590985509567e-07 4.346804018950933823e-07
2.930000000000000000e+03 2.043470158241689205e-05 7.059970084810629487e-05 9.065356607607100159e-06 1.084260020434157923e-06 2.964909981528762728e-06 1.573002350596652832e-06 2.300794676557416096e-06 6.230933422557427548e-07 1.304069428442744538e-06 1.114704559768142644e-07 1.343498070127679966e-06 4.432764910689002136e-07 1.797403638192918152e-05 5.325853271642699838e-05 8.047964911384042352e-06 9.540897281112847850e-07 2.964909981528762728e-06 1.573002350596652832e-06 2.300794676557416096e-06 6.230933422557427548e-07 1.304069428442744538e-06 1.114704559768142644e-07 1.343498070127679966e-06 4.432764910689002136e-07
2.940000000000000000e+03 4.437325696926563978e-04 6.998055323492735624e-05 1.114341284846886992e-05 1.065689730239682831e-06 9.296472853748127818e-05 3.947286586480913684e-06 2.479997419868595898e-06 1.269928588953916915e-06 1.250810100827948190e-06 8.857967515041309525e-08 4.235866799717769027e-05 9.116657224694790784e-07 4.466740065254271030e-04 5.238120502326637506e-05 9.053170288098044693e-06 9.346435945190023631e-07 9.296472853748127818e-05 3.947286586480913684e-06 2.479997419868595898e-06 1.269928588953916915e-06 1.250810100827948190e-06 8.857967515041309525e-08 4.235866799717769027e-05 9.116657224694790784e-07
2.950000000000000000e+03 9.073312976397573948e-04 7.040749187581241131e-05 1.441371023247484118e-05 1.058103293871681672e-06 1.915239845402538776e-04 7.877423740865197033e-06 2.359959353270824067e-06 1.418871875102922786e-06 1.265649302695237566e-06 9.147047563828891725e-08 8.058298408286646008e-05 1.212357460644852836e-06 9.190022828988730907e-04 5.091703496873378754e-05 1.227660504810046405e-05 9.092207164940191433e-07 1.915239845402538776e-04 7.877423740865197033e-06 2.359959353270824067e-06 1.418871875102922786e-06 1.265649302695237566e-06 9.147047563828891725e-08 8.058298408286646008e-05 1.212357460644852836e-06
2.960000000000000000e+03 7.066693069646134973e-05 7.098872447386384010e-05 9.825362212723121047e-06 1.080327251656854060e-06 1.112685094994958490e-05 2.426741730232606642e-06 2.299880407008458860e-06 2.491217117039923323e-07 1.413204358868824784e-06 1.148198265354949399e-07 6.656170626229140908e-06 7.372026971097511705e-07 6.850601494079455733e-05 4.996498319087550044e-05 8.852754035615362227e-06 9.254814017367607448e-07 1.112685094994958490e-05 2.426741730232606642e-06 2.299880407008458860e-06 2.491217117039923323e-07 1.413204358868824784e-06 1.148198265354949399e-07 6.656170626229140908e-06 7.372026971097511705e-07
2.970000000000000000e+03 4.480892093852162361e-04 7.080180512275546789e-05 1.435741432942450047e-05 1.108032165575423278e-06 1.189335016533732414e-04 4.146351329836761579e-06 1.959244400495663285e-06 4.036511199956294149e-06 1.553076572236022912e-06 1.165268272984576470e-07 3.481547173578292131e-05 7.567120974272256717e-07 4.540583177004009485e-04 5.093522486276924610e-05 1.482383777329232544e-05 9.778494813872384839e-07 1.189335016533732414e-04 4.146351329836761579e-06 1.959244400495663285e-06 4.036511199956294149e-06 1.553076572236022912e-06 1.165268272984576470e-07 3.481547173578292131e-05 7.567120974272256717e-07
2.980000000000000000e+03 1.007694154395721853e-04 7.032497524050995708e-05 1.057295594364404678e-05 1.093417949959984981e-06 2.901238076447043568e-05 1.871492713689804077e-06 2.344094582440447994e-06 1.653601202633581124e-06 1.411149582963844296e-06 5.106641509655673872e-08 6.929092251084512100e-06 4.819965511160262395e-07 1.003619327093474567e-04 5.147223419044166803e-05 1.042532858264166862e-05 9.727218639454804361e-07 2.901238076447043568e-05 1.871492713689804077e-06 2.344094582440447994e-06 1.653601202633581124e-06 1.411149582963844296e-06 5.106641509655673872e-08 6.929092251084512100e-06 4.819965511160262395e-07
2.990000000000000000e+03 5.686283111572265625e-05 6.993504212005063891e-05 9.610959750716574490e-06 1.076781018127803691e-06 8.547734978492371738e-06 1.649861474106728565e-06 2.473231461408431642e-06 2.765309545793570578e-07 1.245853127329610288e-06 4.994032565264205914e-08 5.228316695138346404e-06 5.461803880280058365e-07 5.484582652570679784e-05 5.160107320989482105e-05 8.726039595785550773e-06 9.503067417426791508e-07 8.547734978492371738e-06 1.649861474106728565e-06 2.473231461408431642e-06 2.765309545793570578e-07 1.245853127329610288e-06 4.994032565264205914e-08 5.228316695138346404e-06 5.461803880280058365e-07
3.000000000000000000e+03 3.780127372010610998e-05 6.960090831853449345e-05 9.440342182642780244e-06 1.073143039320711978e-06 5.325772690412122756e-06 1.459275381421321072e-06 2.476000872775330208e-06 3.074528649449348450e-07 1.211591893479635473e-06 6.169481281403932371e-08 3.557089030437055044e-06 5.021485662837221753e-07 3.558604294084943831e-05 5.183940447750501335e-05 8.633312063466291875e-06 9.398411862093780655e-07 5.325772690412122756e-06 1.459275381421321072e-06 2.476000872775330208e-06 3.074528649449348450e-07 1.211591893479635473e-06 6.169481281403932371e-08 3.557089030437055044e-06 5.021485662837221753e-07
3.010000000000000000e+03 1.820597208279650658e-05 6.926048081368207932e-05 9.440560461371205747e-06 1.074312649507191963e-06 3.349005737618426792e-06 1.316131942985521164e-06 2.354447815378080122e-06 5.553991968554328196e-07 1.206425054078863468e-06 7.844320748517930042e-08 7.276692031155107543e-07 4.335486210038652644e-07 1.608968523214571178e-05 5.188937575439922512e-05 8.884546332410536706e-06 9.337906590189959388e-07 3.349005737618426792e-06 1.316131942985521164e-06 2.354447815378080122e-06 5.553991968554328196e-07 1.206425054078863468e-06 7.844320748517930042e-08 7.276692031155107543e-07 4.335486210038652644e-07
3.020000000000000000e+03 2.022943590418435633e-05 6.885270704515278339e-05 9.405017408425919712e-06 1.071511405825731345e-06 4.312222245062002912e-06 1.323793526353256311e-06 2.291487817274173722e-06 6.255427820178738330e-07 1.197140250042139087e-06 8.452289534943702165e-08 7.277042755049478728e-07 4.267317876838205848e-07 1.822276681195944548e-05 5.167684503248892725e-05 8.868816621543373913e-06 9.283314170716039371e-07 4.312222245062002912e-06 1.323793526353256311e-06 2.291487817274173722e-06 6.255427820178738330e-07 1.197140250042139087e-06 8.452289534943702165e-08 7.277042755049478728e-07 4.267317876838205848e-07
3.030000000000000000e+03 1.767627509252633899e-05 6.836481770733371377e-05 9.236217010766267776e-06 1.066520667336590122e-06 3.217955736545263790e-06 1.320881551691854838e-06 2.254175797133939341e-06 5.655934387505112682e-07 1.183929271064698696e-06 8.528166262067315984e-08 6.880647447360388469e-07 4.306486971472622827e-07 1.554416121507529169e-05 5.128636257722973824e-05 8.615944352641236037e-06 9.245974865734751802e-07 3.217955736545263790e-06 1.320881551691854838e-06 2.254175797133939341e-06 5.655934387505112682e-07 1.183929271064698696e-06 8.528166262067315984e-08 6.880647447360388469e-07 4.306486971472622827e-07
3.040000000000000000e+03 1.715056350803934038e-05 6.787653546780347824e-05 9.096854228118900210e-06 1.061892817233456299e-06 2.739292312980978750e-06 1.331630528511595912e-06 2.237649141534348018e-06 5.192993057789863087e-07 1.176166165350878146e-06 8.447768351516060648e-08 7.862650477363786194e-07 4.330478873271204066e-07 1.493690979259554297e-05 5.090584090794436634e-05 8.396657904086168855e-06 9.223915640177438036e-07 2.739292312980978750e-06 1.331630528511595912e-06 2.237649141534348018e-06 5.192993057789863087e-07 1.176166165350878146e-06 8.447768351516060648e-08 7.862650477363786194e-07 4.330478873271204066e-07
3.050000000000000000e+03 1.709728712739888579e-05 6.739856326021254063e-05 8.998184057418256998e-06 1.057877057064615656e-06 2.638590103742899373e-06 1.343507619822048582e-06 2.209514832429704256e-06 5.159559464118501637e-07 1.173682676380849443e-06 8.552849095622150344e-08 8.240477882281993516e-07 4.319060167290444952e-07 1.486159908381523564e-05 5.056983354734256864e-05 8.258458365162368864e-06 9.211203746417595539e-07 2.638590103742899373e-06 1.343507619822048582e-06 2.209514832429704256e-06 5.159559464118501637e-07 1.173682676380849443e-06 8.552849095622150344e-08 8.240477882281993516e-07 4.319060167290444952e-07
3.060000000000000000e+03 1.688237898633815348e-05 6.692882016068324447e-05 8.918725143303163350e-06 1.054546032719372306e-06 2.621365410959697329e-06 1.350732418359257281e-06 2.179305283789290115e-06 5.257494422039599158e-07 1.173938017018372193e-06 8.694775033291080035e-08 8.070860531006474048e-07 4.298853184536710614e-07 1.465269542677560821e-05 5.026680082664825022e-05 8.157435331668239087e-06 9.207022344526194502e-07 2.621365410959697329e-06 1.350732418359257281e-06 2.179305283789290115e-06 5.257494422039599158e-07 1.173938017018372193e-06 8.694775033291080035e-08 8.070860531006474048e-07 4.298853184536710614e-07
3.070000000000000000e+03 1.664832234382629395e-05 6.646328984061256051e-05 8.847367098496761173e-06 1.051746949087828398e-06 2.619174210849450901e-06 1.355596282337501179e-06 2.149894271497032605e-06 5.336846129466721322e-07 1.175257125396456104e-06 8.851786503782932414e-08 7.849824328332033474e-07 4.276782306078530382e-07 1.443225119146518409e-05 4.997200812795199454e-05 8.069197974691633135e-06 9.203907893606810831e-07 2.619174210849450901e-06 1.355596282337501179e-06 2.149894271497032605e-06 5.336846129466721322e-07 1.175257125396456104e-06 8.851786503782932414e-08 7.849824328332033474e-07 4.276782306078530382e-07
3.080000000000000000e+03 1.644416624912992120e-05 6.599866173928603530e-05 8.779384188528638333e-06 1.049262095875747036e-06 2.610095179989002645e-06 1.359657403554592747e-06 2.120331600963254459e-06 5.401121256909391377e-07 1.177297463073045947e-06 9.028456560145059484e-08 7.714930347901827190e-07 4.255246324191830354e-07 1.424235506419790909e-05 4.967450149706564844e-05 7.987462595338001847e-06 9.198290626954985783e-07 2.610095179989002645e-06 1.359657403554592747e-06 2.120331600963254459e-06 5.401121256909391377e-07 1.177297463073045947e-06 9.028456560145059484e-08 7.714930347901827190e-07 4.255246324191830354e-07
3.090000000000000000e+03 1.626103039598092437e-05 6.553474668180570006e-05 8.713418537809047848e-06 1.046996885634143837e-06 2.593864792288513854e-06 1.362695002171676606e-06 2.092624754368443973e-06 5.446667046271613799e-07 1.179417495222878642e-06 9.179264282010990428e-08 7.638432180101517588e-07 4.237288351305323886e-07 1.407285617460729554e-05 4.937594349030405283e-05 7.908771294751204550e-06 9.191157914756331593e-07 2.593864792288513854e-06 1.362695002171676606e-06 2.092624754368443973e-06 5.446667046271613799e-07 1.179417495222878642e-06 9.179264282010990428e-08 7.638432180101517588e-07 4.237288351305323886e-07
3.100000000000000000e+03 1.608901948202401400e-05 6.507180660264566541e-05 8.649853043607436121e-06 1.044862983690109104e-06 2.574225163698429242e-06 1.364743070553231519e-06 2.065579565169173293e-06 5.476495630318822805e-07 1.181326751975575462e-06 9.305564674377819756e-08 7.596014484079205431e-07 4.223159351113281446e-07 1.391421210428234190e-05 4.907724724034778774e-05 7.833581548766233027e-06 9.182991789202787913e-07 2.574225163698429242e-06 1.364743070553231519e-06 2.065579565169173293e-06 5.476495630318822805e-07 1.181326751975575462e-06 9.305564674377819756e-08 7.596014484079205431e-07 4.223159351113281446e-07
3.110000000000000000e+03 1.592373155290260911e-05 6.461099110310897231e-05 8.588512173446360976e-06 1.042797066475031897e-06 2.552391833887668326e-06 1.365651655760302674e-06 2.039201717707328498e-06 5.494536026162677445e-07 1.183207700705679599e-06 9.414257107209778042e-08 7.572992899440578185e-07 4.209315704883920262e-07 1.376202362735057250e-05 4.877798710367642343e-05 7.762343557260464877e-06 9.174288493341009598e-07 2.552391833887668326e-06 1.365651655760302674e-06 2.039201717707328498e-06 5.494536026162677445e-07 1.183207700705679599e-06 9.414257107209778042e-08 7.572992899440578185e-07 4.209315704883920262e-07
3.120000000000000000e+03 1.576356044097337872e-05 6.415215466404333711e-05 8.528978469257708639e-06 1.040782763084280305e-06 2.529932999095763080e-06 1.365993398394493852e-06 2.013298171732458286e-06 5.506407774191757198e-07 1.184725419989263173e-06 9.513100707181365578e-08 7.556485570603399538e-07 4.196567999770195456e-07 1.361557860946049914e-05 4.847886521019972861e-05 7.694698979321401566e-06 9.165348160422581714e-07 2.529932999095763080e-06 1.365993398394493852e-06 2.013298171732458286e-06 5.506407774191757198e-07 1.184725419989263173e-06 9.513100707181365578e-08 7.556485570603399538e-07 4.196567999770195456e-07
3.130000000000000000e+03 1.560777127451729029e-05 6.369600305333733559e-05 8.470942702842876315e-06 1.038818481902126223e-06 2.506865030227345414e-06 1.365545699627546128e-06 1.988139047170989215e-06 5.511126346391392872e-07 1.185903215628059115e-06 9.598402073152101366e-08 7.545529001617978793e-07 4.184762190106994240e-07 1.347346642432967201e-05 4.818069282919168472e-05 7.629981155332643539e-06 9.156178180091956165e-07 2.506865030227345414e-06 1.365545699627546128e-06 1.988139047170989215e-06 5.511126346391392872e-07 1.185903215628059115e-06 9.598402073152101366e-08 7.545529001617978793e-07 4.184762190106994240e-07
3.140000000000000000e+03 1.545726809126790613e-05 6.324173591565340757e-05 8.414147487201262265e-06 1.036900812323438004e-06 2.481091087247477844e-06 1.364551962979021482e-06 1.963598833754076622e-06 5.508006779564311728e-07 1.186689246424066368e-06 9.670318945609324146e-08 7.546698270743945614e-07 4.173926981820841320e-07 1.333659565716516227e-05 4.788278965861536562e-05 7.567522061435738578e-06 9.146692150352464523e-07 2.481091087247477844e-06 1.364551962979021482e-06 1.963598833754076622e-06 5.508006779564311728e-07 1.186689246424066368e-06 9.670318945609324146e-08 7.546698270743945614e-07 4.173926981820841320e-07
3.150000000000000000e+03 1.531014640931971371e-05 6.278993532760068774e-05 8.358564627997111529e-06 1.035038621921557933e-06 2.454629793646745384e-06 1.362981379315897357e-06 1.939709136422607116e-06 5.500063480212702416e-07 1.187096131616272032e-06 9.730108274652593536e-08 7.549417659902246669e-07 4.163870812590175774e-07 1.320300998486345634e-05 4.758555223816074431e-05 7.507400823669740930e-06 9.137060033026500605e-07 2.454629793646745384e-06 1.362981379315897357e-06 1.939709136422607116e-06 5.500063480212702416e-07 1.187096131616272032e-06 9.730108274652593536e-08 7.549417659902246669e-07 4.163870812590175774e-07
3.160000000000000000e+03 1.516613156127277762e-05 6.234058673726394773e-05 8.304009497805964202e-06 1.033228500091354363e-06 2.428497055007028393e-06 1.360749251944071148e-06 1.916358996822964400e-06 5.488483338922378607e-07 1.187140128422470298e-06 9.777104281738502323e-08 7.551857379439752549e-07 4.154194357397500426e-07 1.307286765950266272e-05 4.728845306090079248e-05 7.449325494235381484e-06 9.127366524808167014e-07 2.428497055007028393e-06 1.360749251944071148e-06 1.916358996822964400e-06 5.488483338922378607e-07 1.187140128422470298e-06 9.777104281738502323e-08 7.551857379439752549e-07 4.154194357397500426e-07
3.170000000000000000e+03 1.502471150160999969e-05 6.189370469655841589e-05 8.250619430327787995e-06 1.031470787893340457e-06 2.402701056780642830e-06 1.358232566417427734e-06 1.893479634418326896e-06 5.473622195495408960e-07 1.186919575957290363e-06 9.814852575118493405e-08 7.550217446805618238e-07 4.144876584177836776e-07 1.294530193263199180e-05 4.699155033449642360e-05 7.393279247480677441e-06 9.117643458012025803e-07 2.402701056780642830e-06 1.358232566417427734e-06 1.893479634418326896e-06 5.473622195495408960e-07 1.186919575957290363e-06 9.814852575118493405e-08 7.550217446805618238e-07 4.144876584177836776e-07
3.180000000000000000e+03 1.488590351073071361e-05 6.144944200059399009e-05 8.198032446671277285e-06 1.029755594572634436e-06 2.376709744567051530e-06 1.355263975710840896e-06 1.871086737992300186e-06 5.456859071273356676e-07 1.186358076665783301e-06 9.843071069326470024e-08 7.543974902546324302e-07 4.134343782880023355e-07 1.282053653994807974e-05 4.669521877076476812e-05 7.339001058426219970e-06 9.107898790716717485e-07 2.376709744567051530e-06 1.355263975710840896e-06 1.871086737992300186e-06 5.456859071273356676e-07 1.186358076665783301e-06 9.843071069326470024e-08 7.543974902546324302e-07 4.134343782880023355e-07
3.190000000000000000e+03 1.474952296121045947e-05 6.100767859607003629e-05 8.146298569045029581e-06 1.028079964271455538e-06 2.351179546167259105e-06 1.352032086288090795e-06 1.849116301855247002e-06 5.437671006802702323e-07 1.185525889013661072e-06 9.862038297114850138e-08 7.535793429269688204e-07 4.124602241972752381e-07 1.269844051421387121e-05 4.639902908820658922e-05 7.286152140295598656e-06 9.098180839828273747e-07 2.351179546167259105e-06 1.352032086288090795e-06 1.849116301855247002e-06 5.437671006802702323e-07 1.185525889013661072e-06 9.862038297114850138e-08 7.535793429269688204e-07 4.124602241972752381e-07
3.200000000000000000e+03 1.461524516344070435e-05 6.056846177671104670e-05 8.095285011222586036e-06 1.026440259010996670e-06 2.325524064872297458e-06 1.348502564724185504e-06 1.827618348215764854e-06 5.416032990979147144e-07 1.184389816444308963e-06 9.873949124994396698e-08 7.524907914557843469e-07 4.116035938750428613e-07 1.257831718248780817e-05 4.610332689480856061e-05 7.234712029458023608e-06 9.088495289688580669e-07 2.325524064872297458e-06 1.348502564724185504e-06 1.827618348215764854e-06 5.416032990979147144e-07 1.184389816444308963e-06 9.873949124994396698e-08 7.524907914557843469e-07 4.116035938750428613e-07
3.210000000000000000e+03 1.448325201636180282e-05 6.013209349475800991e-05 8.044931746553629637e-06 1.024832272378262132e-06 2.299984998899162747e-06 1.344582528872706462e-06 1.806522845981817227e-06 5.393031301537121180e-07 1.183098333967791405e-06 9.877727791263168911e-08 7.510514592468098272e-07 4.106744029286346631e-07 1.246046667802147567e-05 4.580837048706598580e-05 7.184430160123156384e-06 9.078859761757485103e-07 2.299984998899162747e-06 1.344582528872706462e-06 1.806522845981817227e-06 5.393031301537121180e-07 1.183098333967791405e-06 9.877727791263168911e-08 7.510514592468098272e-07 4.106744029286346631e-07
3.220000000000000000e+03 1.435446301911724731e-05 5.969822814222425222e-05 7.995106898306403309e-06 1.023247591547260527e-06 2.273440713906893507e-06 1.340457743026490789e-06 1.785747258509218227e-06 5.365760102904459927e-07 1.181530365101934876e-06 9.875781614709921996e-08 7.502670200665306766e-07 4.097557280147157144e-07 1.234552473761141300e-05 4.551356687443330884e-05 7.134907264116918668e-06 9.069177053788735066e-07 2.273440713906893507e-06 1.340457743026490789e-06 1.785747258509218227e-06 5.365760102904459927e-07 1.181530365101934876e-06 9.875781614709921996e-08 7.502670200665306766e-07 4.097557280147157144e-07
3.230000000000000000e+03 1.422616969648515806e-05 5.926710582571104169e-05 7.945945981191471219e-06 1.021690081870474387e-06 2.248106511615333147e-06 1.336273157903633546e-06 1.765377987794636283e-06 5.340374400475411676e-07 1.179853143185027875e-06 9.868895034514935105e-08 7.481305601686472073e-07 4.087897309545951430e-07 1.223145318363094702e-05 4.521934897638857365e-05 7.086774985509691760e-06 9.059550620804657228e-07 2.248106511615333147e-06 1.336273157903633546e-06 1.765377987794636283e-06 5.340374400475411676e-07 1.179853143185027875e-06 9.868895034514935105e-08 7.481305601686472073e-07 4.087897309545951430e-07
3.240000000000000000e+03 1.410024378856178373e-05 5.883883568458259106e-05 7.897283467173110694e-06 1.020150534714048263e-06 2.223056526418076828e-06 1.331933958681474905e-06 1.745309759826341178e-06 5.312059556672465988e-07 1.177997660306573380e-06 9.857027549742269912e-08 7.460266147063521203e-07 4.078864321854780428e-07 1.211949347634799778e-05 4.492570951697416604e-05 7.039357114990707487e-06 9.049893492374394555e-07 2.223056526418076828e-06 1.331933958681474905e-06 1.745309759826341178e-06 5.312059556672465988e-07 1.177997660306573380e-06 9.857027549742269912e-08 7.460266147063521203e-07 4.078864321854780428e-07
3.250000000000000000e+03 1.397691448801197112e-05 5.841318852617405355e-05 7.848972927604336292e-06 1.018625766846525948e-06 2.196620016547967680e-06 1.327386712546285708e-06 1.725590664136689156e-06 5.281208359519951046e-07 1.175901388705824502e-06 9.839722991955568432e-08 7.442365586030064151e-07 4.069801491368707502e-07 1.200999668071744964e-05 4.463303048396483064e-05 6.992404451011680067e-06 9.040199415721872356e-07 2.196620016547967680e-06 1.327386712546285708e-06 1.725590664136689156e-06 5.281208359519951046e-07 1.175901388705824502e-06 9.839722991955568432e-08 7.442365586030064151e-07 4.069801491368707502e-07
3.260000000000000000e+03 1.385461564495926723e-05 5.799041900900192559e-05 7.801223546266555786e-06 1.017117256196797825e-06 2.171205096601624973e-06 1.322946786785905715e-06 1.706191369521548040e-06 5.251438892628357280e-07 1.173713712887547445e-06 9.818526081062373123e-08 7.418083782795292791e-07 4.060745766309992177e-07 1.190156945085618645e-05 4.434137736097909510e-05 6.946450412215199322e-06 9.030495675688143820e-07 2.171205096601624973e-06 1.322946786785905715e-06 1.706191369521548040e-06 5.251438892628357280e-07 1.173713712887547445e-06 9.818526081062373123e-08 7.418083782795292791e-07 4.060745766309992177e-07
3.270000000000000000e+03 1.373403483739821240e-05 5.757063263445161283e-05 7.753830686851870269e-06 1.015617840494087432e-06 2.145668759112595581e-06 1.318089630331087392e-06 1.687038093223236501e-06 5.219698664404859301e-07 1.171354824691661634e-06 9.796692523877936765e-08 7.393707051051023882e-07 4.050908728459035046e-07 1.179471928480779752e-05 4.405057188705541193e-05 6.901051619934150949e-06 9.020707807394501287e-07 2.145668759112595581e-06 1.318089630331087392e-06 1.687038093223236501e-06 5.219698664404859301e-07 1.171354824691661634e-06 9.796692523877936765e-08 7.393707051051023882e-07 4.050908728459035046e-07
3.280000000000000000e+03 1.361563499813200906e-05 5.715360384783707559e-05 7.706719770794734359e-06 1.014125359688478056e-06 2.119661530741723254e-06 1.313467919317190535e-06 1.668234858698269818e-06 5.185785312278312631e-07 1.168878156931896228e-06 9.770649000984121813e-08 7.369590093730948865e-07 4.042560703965136781e-07 1.168985545518808067e-05 4.376092692837119102e-05 6.855972060293424875e-06 9.010854569169168826e-07 2.119661530741723254e-06 1.313467919317190535e-06 1.668234858698269818e-06 5.185785312278312631e-07 1.168878156931896228e-06 9.770649000984121813e-08 7.369590093730948865e-07 4.042560703965136781e-07
3.290000000000000000e+03 1.349866943201050162e-05 5.673952546203508973e-05 7.659989023522939533e-06 1.012638108477403875e-06 2.093853026963188313e-06 1.308382138631714042e-06 1.649631713007693179e-06 5.151462687535968143e-07 1.166247443507018033e-06 9.742097972775809467e-08 7.343363108702760655e-07 4.033417155824281508e-07 1.158632130682235584e-05 4.347219510236755013e-05 6.811449566157534719e-06 9.000899581224075519e-07 2.093853026963188313e-06 1.308382138631714042e-06 1.649631713007693179e-06 5.151462687535968143e-07 1.166247443507018033e-06 9.742097972775809467e-08 7.343363108702760655e-07 4.033417155824281508e-07
3.300000000000000000e+03 1.338547281193314120e-05 5.632820102619007230e-05 7.613244633830618113e-06 1.011145513984956779e-06 2.064809905277797952e-06 1.303506110161833931e-06 1.631437953619752079e-06 5.112803478368732613e-07 1.163514070867677219e-06 9.710733905876622885e-08 7.337695251408149488e-07 4.025433781862375326e-07 1.148559113062219694e-05 4.318422361393459141e-05 6.766613296349532902e-06 8.990748483483912423e-07 2.064809905277797952e-06 1.303506110161833931e-06 1.631437953619752079e-06 5.112803478368732613e-07 1.163514070867677219e-06 9.710733905876622885e-08 7.337695251408149488e-07 4.025433781862375326e-07
3.310000000000000000e+03 1.333846012130379677e-05 5.591808076133020222e-05 7.561540314782178029e-06 1.009534912554954644e-06 1.994003241634345613e-06 1.299830955758807249e-06 1.614786242498666979e-06 5.002000875720113982e-07 1.159831640507036354e-06 9.658818811431046925e-08 7.644754873581405263e-07 4.027646980375720887e-07 1.144014004239579663e-05 4.289369826437905431e-05 6.709512490488123149e-06 8.979264976005651988e-07 1.994003241634345613e-06 1.299830955758807249e-06 1.614786242498666979e-06 5.002000875720113982e-07 1.159831640507036354e-06 9.658818811431046925e-08 7.644754873581405263e-07 4.027646980375720887e-07
3.320000000000000000e+03 2.226393371529411525e-05 5.548856279347091913e-05 7.479979103663936257e-06 1.005986518975987565e-06 3.055464958379161544e-06 1.359702650916005950e-06 1.620372927391144913e-06 4.019505297492287355e-07 1.142963583333767019e-06 9.293179203950785450e-08 2.026435595325892791e-06 4.287807655600772705e-07 2.031636904575861990e-05 4.253703446011058986e-05 6.496431524283252656e-06 8.947578749030071776e-07 3.055464958379161544e-06 1.359702650916005950e-06 1.620372927391144913e-06 4.019505297492287355e-07 1.142963583333767019e-06 9.293179203950785450e-08 2.026435595325892791e-06 4.287807655600772705e-07
3.330000000000000000e+03 3.702900139614939690e-03 5.595522088697180152e-05 3.189588460372760892e-05 9.860270893113920465e-07 8.422421524301171303e-04 2.419031625322531909e-05 2.138378476956859231e-06 1.205505759571678936e-05 1.265315404452849180e-06 3.664558434479658899e-08 3.346329904161393642e-04 4.097711098438594490e-06 3.759035840630531311e-03 4.207500751363113523e-05 2.760779716481920332e-05 8.731771004022448324e-07 8.422421524301171303e-04 2.419031625322531909e-05 2.138378476956859231e-06 1.205505759571678936e-05 1.265315404452849180e-06 3.664558434479658899e-08 3.346329904161393642e-04 4.097711098438594490e-06
3.340000000000000000e+03 2.743918914347887039e-03 5.870037421118468046e-05 3.013304376509040594e-05 1.075530462912865914e-06 6.790733896195888519e-04 1.475855970056727529e-05 1.137618482971447520e-06 1.780805723683442920e-05 2.188914550060871989e-06 2.359608259894230287e-07 2.404171391390264034e-04 1.643686346142203547e-06 2.790061756968498230e-03 4.381567850941792130e-05 3.128422031295485795e-05 9.400005183124449104e-07 6.790733896195888519e-04 1.475855970056727529e-05 1.137618482971447520e-06 1.780805723683442920e-05 2.188914550060871989e-06 2.359608259894230287e-07 2.404171391390264034e-04 1.643686346142203547e-06
3.350000000000000000e+03 3.867584746330976486e-04 5.716978921554982662e-05 1.081467689800774679e-05 9.867458174994681031e-07 7.702440052526071668e-05 4.990812612959416583e-06 1.854039169302268419e-06 5.754042717853735667e-07 1.287466488975042012e-06 6.224865956028224900e-08 3.440602813498117030e-05 8.496793384438205976e-07 3.910162777174264193e-04 4.021459972136653960e-05 9.634056368668098003e-06 8.645348543723230250e-07 7.702440052526071668e-05 4.990812612959416583e-06 1.854039169302268419e-06 5.754042717853735667e-07 1.287466488975042012e-06 6.224865956028224900e-08 3.440602813498117030e-05 8.496793384438205976e-07
3.360000000000000000e+03 1.421475171810016036e-04 5.673071427736431360e-05 9.100570423470344394e-06 9.955298310160287656e-07 2.574269637989345938e-05 2.147534360119607300e-06 1.842434016907645855e-06 2.626328239330177894e-07 1.217617864313069731e-06 3.157421346600131074e-08 1.405971488566137850e-05 5.601935413324099500e-07 1.418134925188496709e-04 4.074457319802604616e-05 8.173365131369791925e-06 8.868423719832208008e-07 2.574269637989345938e-05 2.147534360119607300e-06 1.842434016907645855e-06 2.626328239330177894e-07 1.217617864313069731e-06 3.157421346600131074e-08 1.405971488566137850e-05 5.601935413324099500e-07
3.370000000000000000e+03 1.723143213894218206e-04 5.635632260236889124e-05 9.735334970173425972e-06 1.012067173178365920e-06 4.656776582123711705e-05 2.234850171589641832e-06 1.748626004882680718e-06 2.190585746575379744e-06 1.275618501495046075e-06 3.369074619286038796e-08 1.225890264322515577e-05 5.261160822556121275e-07 1.736232516122981906e-04 4.194217035546898842e-05 9.809789844439364970e-06 9.029808438754116651e-07 4.656776582123711705e-05 2.234850171589641832e-06 1.748626004882680718e-06 2.190585746575379744e-06 1.275618501495046075e-06 3.369074619286038796e-08 1.225890264322515577e-05 5.261160822556121275e-07
3.380000000000000000e+03 4.900466956314630806e-05 5.608155333902686834e-05 8.229822014982346445e-06 9.942019687514402904e-07 7.730911420367192477e-06 1.361460704174533021e-06 1.913951336973696016e-06 1.907589961547273560e-07 1.045691078616073355e-06 3.408613835631513211e-08 4.855874067288823426e-06 5.049818696534202900e-07 4.756086127599701285e-05 4.215360240777954459e-05 7.528220976382726803e-06 8.776498816587263718e-07 7.730911420367192477e-06 1.361460704174533021e-06 1.913951336973696016e-06 1.907589961547273560e-07 1.045691078616073355e-06 3.408613835631513211e-08 4.855874067288823426e-06 5.049818696534202900e-07
3.390000000000000000e+03 1.364251056656939909e-05 5.583059100899845362e-05 8.030552635318599641e-06 9.930598707796889357e-07 1.825178514991421252e-06 1.067081257133395411e-06 1.797442791939829476e-06 3.569128921299125068e-07 1.027744133352825884e-06 5.546106862652777636e-08 7.662119969609193504e-07 4.382343377073993906e-07 1.185324890684569255e-05 4.233192885294556618e-05 7.565232863271376118e-06 8.676574339006037917e-07 1.825178514991421252e-06 1.067081257133395411e-06 1.797442791939829476e-06 3.569128921299125068e-07 1.027744133352825884e-06 5.546106862652777636e-08 7.662119969609193504e-07 4.382343377073993906e-07
3.400000000000000000e+03 1.878843431768473238e-05 5.555656025535427034e-05 8.063556379056535661e-06 9.907782896334538236e-07 4.180564701528055593e-06 1.062975002241728362e-06 1.713676510917139240e-06 5.554210247282753699e-07 1.031271494866814464e-06 6.478096992168502766e-08 6.787952884224068839e-07 4.068136263413180131e-07 1.727482776914257556e-05 4.224649455863982439e-05 7.690903657930903137e-06 8.627760053059319034e-07 4.180564701528055593e-06 1.062975002241728362e-06 1.713676510917139240e-06 5.554210247282753699e-07 1.031271494866814464e-06 6.478096992168502766e-08 6.787952884224068839e-07 4.068136263413180131e-07
3.410000000000000000e+03 1.451251682738075033e-05 5.515769225894473493e-05 7.777414793963544071e-06 9.834216143644880503e-07 1.802565066100214608e-06 1.085332655748061370e-06 1.683806090113648679e-06 3.278819065144489286e-07 1.000790575744758826e-06 6.506348171342324349e-08 9.544763770463760011e-07 4.256268084645853378e-07 1.270701613975688815e-05 4.187696322333067656e-05 7.206780082924524322e-06 8.570901854909607209e-07 1.802565066100214608e-06 1.085332655748061370e-06 1.683806090113648679e-06 3.278819065144489286e-07 1.000790575744758826e-06 6.506348171342324349e-08 9.544763770463760011e-07 4.256268084645853378e-07
3.420000000000000000e+03 1.311217329202918336e-05 5.478103412315249443e-05 7.684599040658213198e-06 9.796976883080787957e-07 1.755502353262272663e-06 1.084235691450885497e-06 1.657589791648206301e-06 3.612811383391090203e-07 1.002767703539575450e-06 6.611992375837871805e-08 6.998817525527556427e-07 4.122694008401595056e-07 1.130873715737834573e-05 4.158083174843341112e-05 7.094632110238308087e-06 8.563472420064499602e-07 1.755502353262272663e-06 1.084235691450885497e-06 1.657589791648206301e-06 3.612811383391090203e-07 1.002767703539575450e-06 6.611992375837871805e-08 6.998817525527556427e-07 4.122694008401595056e-07
3.430000000000000000e+03 1.278344097954686731e-05 5.441360917757265270e-05 7.620954420417547226e-06 9.763126627149176784e-07 2.069809852400794625e-06 1.091226408789225388e-06 1.618919895918224938e-06 4.284990211544936756e-07 1.010080040941829793e-06 6.915145434049918549e-08 5.091896468911727425e-07 3.998675879302027170e-07 1.104024886444676667e-05 4.132442336413078010e-05 7.043746336421463639e-06 8.566913152208144311e-07 2.069809852400794625e-06 1.091226408789225388e-06 1.618919895918224938e-06 4.284990211544936756e-07 1.010080040941829793e-06 6.915145434049918549e-08 5.091896468911727425e-07 3.998675879302027170e-07
3.440000000000000000e+03 1.246632200491148978e-05 5.404634066508151591e-05 7.519621249230112880e-06 9.724866458782344125e-07 1.857130541793594602e-06 1.104626221604121383e-06 1.596451738805626519e-06 4.092333085736754583e-07 1.010835376291652210e-06 7.025040105190782924e-08 5.497820438904454932e-07 3.996328246103075799e-07 1.068984784069471061e-05 4.108901703148148954e-05 6.894487341924104840e-06 8.564057338844577316e-07 1.857130541793594602e-06 1.104626221604121383e-06 1.596451738805626519e-06 4.092333085736754583e-07 1.010835376291652210e-06 7.025040105190782924e-08 5.497820438904454932e-07 3.996328246103075799e-07
3.450000000000000000e+03 1.240273286384763196e-05 5.368555139284580946e-05 7.432156508002663031e-06 9.693548008726793341e-07 1.740648599479754921e-06 1.114717974814993795e-06 1.572410496919474099e-06 3.943260935557191260e-07 1.013121163850883022e-06 7.171342986111994833e-08 6.024121148584526964e-07 4.003825893050816376e-07 1.060868908098200336e-05 4.085929322172887623e-05 6.767334980395389721e-06 8.557952924093115143e-07 1.740648599479754921e-06 1.114717974814993795e-06 1.572410496919474099e-06 3.943260935557191260e-07 1.013121163850883022e-06 7.171342986111994833e-08 6.024121148584526964e-07 4.003825893050816376e-07
3.460000000000000000e+03 1.222843729919986799e-05 5.332941509550437331e-05 7.363936219917377457e-06 9.669255405242438428e-07 1.738049149935250171e-06 1.120658453146461397e-06 1.546886210235243198e-06 4.007301015462871874e-07 1.018235366245789919e-06 7.378691435633299989e-08 5.868145649401412811e-07 3.978939560056460323e-07 1.044695909513393417e-05 4.063357482664287090e-05 6.682829734927508980e-06 8.551986638849484734e-07 1.738049149935250171e-06 1.120658453146461397e-06 1.546886210235243198e-06 4.007301015462871874e-07 1.018235366245789919e-06 7.378691435633299989e-08 5.868145649401412811e-07 3.978939560056460323e-07
3.470000000000000000e+03 1.206756132887676358e-05 5.297386451275087893e-05 7.301716323127038777e-06 9.647598062656470574e-07 1.749001853568188380e-06 1.125980702454398852e-06 1.522370666862116195e-06 4.097307453321263893e-07 1.023318759507674258e-06 7.566982418438783498e-08 5.662471380674105603e-07 3.950281382003595354e-07 1.030238672683481127e-05 4.040655767312273383e-05 6.609625415876507759e-06 8.544156457901408430e-07 1.749001853568188380e-06 1.125980702454398852e-06 1.522370666862116195e-06 4.097307453321263893e-07 1.023318759507674258e-06 7.566982418438783498e-08 5.662471380674105603e-07 3.950281382003595354e-07
3.480000000000000000e+03 1.193954449263401330e-05 5.261968908598646522e-05 7.240179456857731566e-06 9.626523933548014611e-07 1.735994260343431961e-06 1.130089799517008942e-06 1.500136477261548862e-06 4.126772239487763727e-07 1.027710254675184842e-06 7.694092829524379340e-08 5.636329660774208605e-07 3.930571779164893087e-07 1.018460716295521706e-05 4.017743049189448357e-05 6.534584827022626996e-06 8.534764788237225730e-07 1.735994260343431961e-06 1.130089799517008942e-06 1.500136477261548862e-06 4.126772239487763727e-07 1.027710254675184842e-06 7.694092829524379340e-08 5.636329660774208605e-07 3.930571779164893087e-07
3.490000000000000000e+03 1.182141841127304360e-05 5.226759822107851505e-05 7.180330158007564023e-06 9.605601007933728397e-07 1.710857077341643162e-06 1.133197542912967037e-06 1.478719809711037669e-06 4.127783483909297502e-07 1.031376768878544681e-06 7.793050116333688493e-08 5.688090141120483167e-07 3.917004391951195430e-07 1.007405353448120877e-05 3.994767757831141353e-05 6.461929842771496624e-06 8.524682471033884212e-07 1.710857077341643162e-06 1.133197542912967037e-06 1.478719809711037669e-06 4.127783483909297502e-07 1.031376768878544681e-06 7.793050116333688493e-08 5.688090141120483167e-07 3.917004391951195430e-07
3.500000000000000000e+03 1.170711675513302907e-05 5.191780655877664685e-05 7.122912393242586404e-06 9.585104407960898243e-07 1.687462713562126737e-06 1.135514821726246737e-06 1.458152269151469227e-06 4.127919908114563441e-07 1.034518390952143818e-06 7.876199248357806937e-08 5.733554075959546026e-07 3.904381173924775794e-07 9.968468475562985986e-06 3.971779005951248109e-05 6.394203865056624636e-06 8.514065257259062491e-07 1.687462713562126737e-06 1.135514821726246737e-06 1.458152269151469227e-06 4.127919908114563441e-07 1.034518390952143818e-06 7.876199248357806937e-08 5.733554075959546026e-07 3.904381173924775794e-07
3.510000000000000000e+03 1.159487328550312668e-05 5.157032137503847480e-05 7.067859769449569285e-06 9.565216032569878735e-07 1.668032268753449898e-06 1.137114509219827596e-06 1.438480580873147119e-06 4.128788759771850891e-07 1.037008587445598096e-06 7.941635260522161843e-08 5.760569479207333643e-07 3.892595543675270164e-07 9.865828360489103943e-06 3.948916491935960948e-05 6.331261829473078251e-06 8.503191111230989918e-07 1.668032268753449898e-06 1.137114509219827596e-06 1.438480580873147119e-06 4.128788759771850891e-07 1.037008587445598096e-06 7.941635260522161843e-08 5.760569479207333643e-07 3.892595543675270164e-07
3.520000000000000000e+03 1.148534556705271825e-05 5.122513903188519180e-05 7.014682068984257057e-06 9.545947250444442034e-07 1.649994601393700577e-06 1.137670665229961742e-06 1.419357204213156365e-06 4.129458375246031210e-07 1.039063363350578584e-06 7.991010875230131205e-08 5.777179694632650353e-07 3.881337136135698529e-07 9.766799848875962198e-06 3.926141289412043989e-05 6.272164682741276920e-06 8.492148140248900745e-07 1.649994601393700577e-06 1.137670665229961742e-06 1.419357204213156365e-06 4.129458375246031210e-07 1.039063363350578584e-06 7.991010875230131205e-08 5.777179694632650353e-07 3.881337136135698529e-07
3.530000000000000000e+03 1.137869821832282469e-05 5.088201578473672271e-05 6.963100531720556319e-06 9.527270208309346344e-07 1.632254907235619612e-06 1.137606432166649029e-06 1.401022586833278183e-06 4.129567798827338265e-07 1.040570964505604934e-06 8.023123854172808933e-08 5.789497095065598842e-07 3.870104023917519953e-07 9.670999133959412575e-06 3.903438482666388154e-05 6.216146175574976951e-06 8.480976703140186146e-07 1.632254907235619612e-06 1.137606432166649029e-06 1.401022586833278183e-06 4.129567798827338265e-07 1.040570964505604934e-06 8.023123854172808933e-08 5.789497095065598842e-07 3.870104023917519953e-07
3.540000000000000000e+03 1.127481664298102260e-05 5.054093708167783916e-05 6.912935532454866916e-06 9.509107599114940967e-07 1.615506903362984303e-06 1.136953983404964674e-06 1.383208086735976394e-06 4.127630575112561928e-07 1.041586187966458965e-06 8.042201926627967623e-08 5.795997708446520846e-07 3.860173762859631097e-07 9.578065146342851222e-06 3.880769872921518981e-05 6.162812496768310666e-06 8.469740464533970226e-07 1.615506903362984303e-06 1.136953983404964674e-06 1.383208086735976394e-06 4.127630575112561928e-07 1.041586187966458965e-06 8.042201926627967623e-08 5.795997708446520846e-07 3.860173762859631097e-07
3.550000000000000000e+03 1.117432930186623707e-05 5.020203025196678936e-05 6.863873295515077189e-06 9.491320156485016923e-07 1.598317680873151403e-06 1.135698425969167147e-06 1.365960997645743191e-06 4.120624623737967340e-07 1.042167696141405031e-06 8.050128741388107301e-08 5.802267537546867970e-07 3.849933420951856533e-07 9.488464456808287650e-06 3.858092532027512789e-05 6.111470156611176208e-06 8.458404749944747891e-07 1.598317680873151403e-06 1.135698425969167147e-06 1.365960997645743191e-06 4.120624623737967340e-07 1.042167696141405031e-06 8.050128741388107301e-08 5.802267537546867970e-07 3.849933420951856533e-07
3.560000000000000000e+03 1.107625485019525513e-05 4.986532803741283715e-05 6.815879260102519765e-06 9.473845921093015932e-07 1.581142555551195983e-06 1.134183435169688892e-06 1.349158878838352393e-06 4.113316265375033254e-07 1.042417352437041700e-06 8.048672839322534855e-08 5.803814815408259165e-07 3.840515034880809253e-07 9.401415809406898916e-06 3.835456300294026732e-05 6.062208740331698209e-06 8.447037771475152113e-07 1.581142555551195983e-06 1.134183435169688892e-06 1.349158878838352393e-06 4.113316265375033254e-07 1.042417352437041700e-06 8.048672839322534855e-08 5.803814815408259165e-07 3.840515034880809253e-07
3.570000000000000000e+03 1.098089342121966183e-05 4.953055758960545063e-05 6.768821549485437572e-06 9.456592806600383483e-07 1.564063381920277607e-06 1.132172087636718061e-06 1.332861529590445571e-06 4.103083881545899203e-07 1.042341409629443660e-06 8.037828536089364206e-08 5.805781597700843122e-07 3.830230070889228955e-07 9.316947398474439979e-06 3.812788054347038269e-05 6.014513019181322306e-06 8.435576432930247393e-07 1.564063381920277607e-06 1.132172087636718061e-06 1.332861529590445571e-06 4.103083881545899203e-07 1.042341409629443660e-06 8.037828536089364206e-08 5.805781597700843122e-07 3.830230070889228955e-07
3.580000000000000000e+03 1.088772933144355193e-05 4.919827188132330775e-05 6.722609214193653315e-06 9.439511359232710674e-07 1.546833686916215811e-06 1.129852648773521651e-06 1.316910584137076512e-06 4.091484413493162720e-07 1.041932932821509894e-06 8.019065944608883001e-08 5.803706244478235021e-07 3.821209020316018723e-07 9.234850040229503065e-06 3.790193659369833767e-05 5.968369805486872792e-06 8.424004249718564097e-07 1.546833686916215811e-06 1.129852648773521651e-06 1.316910584137076512e-06 4.091484413493162720e-07 1.041932932821509894e-06 8.019065944608883001e-08 5.803706244478235021e-07 3.821209020316018723e-07
3.590000000000000000e+03 1.079671346815302968e-05 4.886795068159699440e-05 6.677162218693410978e-06 9.422550988347211387e-07 1.529961309643113054e-06 1.127297082348377444e-06 1.301415409216133412e-06 4.078692086295632180e-07 1.041257291944930330e-06 7.994923834075962077e-08 5.796398454549489543e-07 3.811954059074196266e-07 9.154679901257622987e-06 3.767634916584938765e-05 5.923535354668274522e-06 8.412296779169992078e-07 1.529961309643113054e-06 1.127297082348377444e-06 1.301415409216133412e-06 4.078692086295632180e-07 1.041257291944930330e-06 7.994923834075962077e-08 5.796398454549489543e-07 3.811954059074196266e-07
3.600000000000000000e+03 1.070762937160907313e-05 4.853979044128209352e-05 6.632430995523463935e-06 9.405660534866910893e-07 1.512855192231654655e-06 1.124615437220199965e-06 1.286264591726649087e-06 4.064232257405819837e-07 1.040322672452020925e-06 7.966514914414801751e-08 5.790166710539779160e-07 3.802986725531809498e-07 9.076521564566064626e-06 3.745087815332226455e-05 5.879832315258681774e-06 8.400458568758040201e-07 1.512855192231654655e-06 1.124615437220199965e-06 1.286264591726649087e-06 4.064232257405819837e-07 1.040322672452020925e-06 7.966514914414801751e-08 5.790166710539779160e-07 3.802986725531809498e-07
3.610000000000000000e+03 1.062074534274870530e-05 4.821391485165804625e-05 6.588293672393774614e-06 9.388794524056720547e-07 1.495653350502834655e-06 1.121625814448634628e-06 1.271409246328403242e-06 4.047755908231920330e-07 1.039162157212558668e-06 7.933347490052256035e-08 5.780091782980889548e-07 3.793704195231839549e-07 9.000338650366757065e-06 3.722576002473942935e-05 5.837053322466090322e-06 8.388436185668979306e-07 1.495653350502834655e-06 1.121625814448634628e-06 1.271409246328403242e-06 4.047755908231920330e-07 1.039162157212558668e-06 7.933347490052256035e-08 5.780091782980889548e-07 3.793704195231839549e-07
3.620000000000000000e+03 1.053538380801910535e-05 4.789034574059769511e-05 6.544850293721538037e-06 9.371917144562758040e-07 1.479062348153092898e-06 1.118671889344113879e-06 1.256870746146887541e-06 4.030238756058679428e-07 1.037797801473061554e-06 7.895944520441844361e-08 5.766062827206042130e-07 3.784217028623970691e-07 8.925740075937937945e-06 3.700170782394707203e-05 5.795298875455046073e-06 8.376221671824168880e-07 1.479062348153092898e-06 1.118671889344113879e-06 1.256870746146887541e-06 4.030238756058679428e-07 1.037797801473061554e-06 7.895944520441844361e-08 5.766062827206042130e-07 3.784217028623970691e-07
3.630000000000000000e+03 1.045147928380174562e-05 4.756898852065205574e-05 6.501883490273030475e-06 9.354982921649934724e-07 1.462706677557434887e-06 1.115345412472379394e-06 1.242622374775237404e-06 4.013886325537896482e-07 1.036316916724899784e-06 7.856515082949044881e-08 5.749486149397853296e-07 3.775303980546595994e-07 8.852595783537253737e-06 3.677785571198910475e-05 5.754470748797757551e-06 8.363776942132972181e-07 1.462706677557434887e-06 1.115345412472379394e-06 1.242622374775237404e-06 4.013886325537896482e-07 1.036316916724899784e-06 7.856515082949044881e-08 5.749486149397853296e-07 3.775303980546595994e-07
3.640000000000000000e+03 1.036934736475814134e-05 4.724993414129130542e-05 6.459426913352217525e-06 9.337948085885727778e-07 1.445538941879931372e-06 1.111878077608707827e-06 1.228622409144008998e-06 3.994778126070741564e-07 1.034665615406993311e-06 7.815057756488386076e-08 5.732852628170803655e-07 3.766113252368086250e-07 8.781009455560706556e-06 3.655459659057669342e-05 5.714191956940339878e-06 8.351067322109884117e-07 1.445538941879931372e-06 1.111878077608707827e-06 1.228622409144008998e-06 3.994778126070741564e-07 1.034665615406993311e-06 7.815057756488386076e-08 5.732852628170803655e-07 3.766113252368086250e-07
3.650000000000000000e+03 1.028868791763670743e-05 4.693322262028232217e-05 6.417473287001485005e-06 9.320780236521386541e-07 1.428911104994767811e-06 1.108565243157499935e-06 1.214898816215281840e-06 3.975331992478459142e-07 1.032814452628372237e-06 7.772302268449493567e-08 5.713466748602513690e-07 3.756929913834028412e-07 8.710793736099731177e-06 3.633258529589511454e-05 5.674688964063534513e-06 8.338076895597623661e-07 1.428911104994767811e-06 1.108565243157499935e-06 1.214898816215281840e-06 3.975331992478459142e-07 1.032814452628372237e-06 7.772302268449493567e-08 5.713466748602513690e-07 3.756929913834028412e-07
3.660000000000000000e+03 1.020972467813408002e-05 4.661882121581584215e-05 6.375958491844357923e-06 9.303463457399629988e-07 1.412071128470415715e-06 1.105136448131815996e-06 1.201408849738072604e-06 3.954162650643411325e-07 1.030813223223958630e-06 7.728046824695411487e-08 5.694913625120534562e-07 3.748210701814969070e-07 8.642065040476154536e-06 3.611131978686898947e-05 5.635613888443913311e-06 8.324807936332945246e-07 1.412071128470415715e-06 1.105136448131815996e-06 1.201408849738072604e-06 3.954162650643411325e-07 1.030813223223958630e-06 7.728046824695411487e-08 5.694913625120534562e-07 3.748210701814969070e-07
3.670000000000000000e+03 1.013145629258360714e-05 4.630686453310772777e-05 6.334878889902029186e-06 9.285965916205896065e-07 1.395555841554596554e-06 1.101260409086535219e-06 1.188110331895586569e-06 3.933870118544291472e-07 1.028776409839338157e-06 7.683914304834615905e-08 5.671793132933089510e-07 3.739367002708604559e-07 8.574127605243120342e-06 3.589087282307446003e-05 5.597303243121132255e-06 8.311250212500453927e-07 1.395555841554596554e-06 1.101260409086535219e-06 1.188110331895586569e-06 3.933870118544291472e-07 1.028776409839338157e-06 7.683914304834615905e-08 5.671793132933089510e-07 3.739367002708604559e-07
3.680000000000000000e+03 1.005458852887386456e-05 4.599721796694211662e-05 6.294175364018883556e-06 9.268277949558978435e-07 1.379476202600926626e-06 1.097900508284510579e-06 1.175040665657434147e-06 3.912541899353527697e-07 1.026543714033323340e-06 7.639586385721486295e-08 5.646693921335099731e-07 3.730108630861650454e-07 8.507451639161445200e-06 3.567158637451939285e-05 5.559452347370097414e-06 8.297373597088153474e-07 1.379476202600926626e-06 1.097900508284510579e-06 1.175040665657434147e-06 3.912541899353527697e-07 1.026543714033323340e-06 7.639586385721486295e-08 5.646693921335099731e-07 3.730108630861650454e-07
3.690000000000000000e+03 9.979017704608850181e-06 4.568989970721304417e-05 6.253852006921079010e-06 9.250363746104994789e-07 1.362877696919895243e-06 1.093999344448093325e-06 1.162196213044808246e-06 3.890761206548631890e-07 1.024262587634439114e-06 7.595563289441997767e-08 5.623431320600502659e-07 3.721897314790112432e-07 8.441910722467582673e-06 3.545319486875087023e-05 5.522010269487509504e-06 8.283192869384947699e-07 1.362877696919895243e-06 1.093999344448093325e-06 1.162196213044808246e-06 3.890761206548631890e-07 1.024262587634439114e-06 7.595563289441997767e-08 5.623431320600502659e-07 3.721897314790112432e-07
3.700000000000000000e+03 9.904277249006554484e-06 4.538483335636556149e-05 6.213967026269529015e-06 9.232207958120852709e-07 1.347189822809014004e-06 1.090331693376356270e-06 1.149527065535949077e-06 3.868453575250896392e-07 1.021890170704864431e-06 7.550033132019962068e-08 5.594203003056463785e-07 3.713225282808707561e-07 8.377144695259630680e-06 3.523624400258995593e-05 5.485108886205125600e-06 8.268694955404498614e-07 1.347189822809014004e-06 1.090331693376356270e-06 1.149527065535949077e-06 3.868453575250896392e-07 1.021890170704864431e-06 7.550033132019962068e-08 5.594203003056463785e-07 3.713225282808707561e-07
3.710000000000000000e+03 9.831022907746955752e-06 4.508217534748837352e-05 6.174306690809316933e-06 9.213779890160367358e-07 1.331007524640881456e-06 1.086757265511550941e-06 1.137032541009830311e-06 3.845082687803369481e-07 1.019376327349164058e-06 7.507206589707493549e-08 5.569126528826018330e-07 3.704572293372621061e-07 8.313651960634160787e-06 3.502022082102485001e-05 5.448420324682956561e-06 8.253799137492023874e-07 1.331007524640881456e-06 1.086757265511550941e-06 1.137032541009830311e-06 3.845082687803369481e-07 1.019376327349164058e-06 7.507206589707493549e-08 5.569126528826018330e-07 3.704572293372621061e-07
3.720000000000000000e+03 9.758781743585132062e-06 4.478217670111916959e-05 6.135038347565568984e-06 9.195067605105577968e-07 1.314855921918933745e-06 1.082732296708854847e-06 1.124705590882513206e-06 3.821340044396492885e-07 1.016942746900895145e-06 7.464380047395025031e-08 5.541880341297655832e-07 3.695656403124303324e-07 8.251030521932989359e-06 3.480517261778004467e-05 5.412204700405709445e-06 8.238562259066384286e-07 1.314855921918933745e-06 1.082732296708854847e-06 1.124705590882513206e-06 3.821340044396492885e-07 1.016942746900895145e-06 7.464380047395025031e-08 5.541880341297655832e-07 3.695656403124303324e-07
3.730000000000000000e+03 9.687910278444178402e-06 4.448418258107267320e-05 6.095955995988333598e-06 9.176030744129093364e-07 1.297938865718606394e-06 1.078925720321421977e-06 1.112583390749932732e-06 3.796787666487944080e-07 1.014296572066086810e-06 7.421657954864713247e-08 5.521173989109229296e-07 3.687257503770524636e-07 8.189544132619630545e-06 3.459139406913891435e-05 5.376097760745324194e-06 8.222933729484793730e-07 1.297938865718606394e-06 1.078925720321421977e-06 1.112583390749932732e-06 3.796787666487944080e-07 1.014296572066086810e-06 7.421657954864713247e-08 5.521173989109229296e-07 3.687257503770524636e-07
3.740000000000000000e+03 9.619335287425201386e-06 4.418856769916601479e-05 6.057039627194171771e-06 9.156654527942009736e-07 1.279437469747790601e-06 1.075043769560579676e-06 1.100694021261006128e-06 3.767658824926911620e-07 1.011552399177162442e-06 7.379235000826156465e-08 5.512424650078173727e-07 3.680335964872938348e-07 8.129814887070097029e-06 3.437890336499549448e-05 5.339769813872408122e-06 8.206905590668611694e-07 1.279437469747790601e-06 1.075043769560579676e-06 1.100694021261006128e-06 3.767658824926911620e-07 1.011552399177162442e-06 7.379235000826156465e-08 5.512424650078173727e-07 3.680335964872938348e-07
3.750000000000000000e+03 9.572439012117683887e-06 4.389496825751848519e-05 6.016751285642385483e-06 9.136562653111468535e-07 1.245375301550666336e-06 1.071802671503974125e-06 1.089429702005872969e-06 3.705062852077389834e-07 1.008251501843915321e-06 7.329187212690158049e-08 5.640372933157777879e-07 3.678730138290120522e-07 8.087664355116430670e-06 3.416636900510638952e-05 5.298858468449907377e-06 8.190121434381580912e-07 1.245375301550666336e-06 1.071802671503974125e-06 1.089429702005872969e-06 3.705062852077389834e-07 1.008251501843915321e-06 7.329187212690158049e-08 5.640372933157777879e-07 3.678730138290120522e-07
3.760000000000000000e+03 1.034034994518151507e-05 4.360059392638504505e-05 5.966832304693525657e-06 9.112749808082298841e-07 1.215112320096523035e-06 1.076855255632835906e-06 1.082788912754040211e-06 3.377327288944798056e-07 1.000896077130164485e-06 7.205028396128909662e-08 7.572501203867432196e-07 3.736239193585788598e-07 8.835704647935926914e-06 3.394311715965159237e-05 5.219304057391127571e-06 8.169772058863600250e-07 1.215112320096523035e-06 1.076855255632835906e-06 1.082788912754040211e-06 3.377327288944798056e-07 1.000896077130164485e-06 7.205028396128909662e-08 7.572501203867432196e-07 3.736239193585788598e-07
3.770000000000000000e+03 1.187445523100905120e-04 4.331955278757959604e-05 6.540175036207074299e-06 9.050547760125482455e-07 2.392609349044505507e-05 1.837995114328805357e-06 1.135384422923380043e-06 3.740958334219612880e-07 9.555194537824718282e-07 6.148781039883033372e-08 1.175759280158672482e-05 5.483859126798051875e-07 1.185536457342095673e-04 3.361840208526700735e-05 5.368563961383188143e-06 8.113459557534952182e-07 2.392609349044505507e-05 1.837995114328805357e-06 1.135384422923380043e-06 3.740958334219612880e-07 9.555194537824718282e-07 6.148781039883033372e-08 1.175759280158672482e-05 5.483859126798051875e-07
3.780000000000000000e+03 7.768096402287483215e-03 4.538054054137319326e-05 6.307719741016626358e-05 9.081264238375297282e-07 1.781614846549928188e-03 5.763019362348131835e-05 1.709131197458191309e-06 2.741651042015291750e-05 1.678778971836436540e-06 1.046961095596543601e-08 6.780710536986589432e-04 8.356733815162442625e-06 7.896807044744491577e-03 3.427172850933857262e-05 5.762523142038844526e-05 8.123246857394406106e-07 1.781614846549928188e-03 5.763019362348131835e-05 1.709131197458191309e-06 2.741651042015291750e-05 1.678778971836436540e-06 1.046961095596543601e-08 6.780710536986589432e-04 8.356733815162442625e-06
3.790000000000000000e+03 1.335353823378682137e-03 4.514288229984231293e-05 1.671929567237384617e-05 8.917907621253107209e-07 2.935687080025672913e-04 1.029483883030479774e-05 1.377075818709272426e-06 5.031258297094609588e-06 1.072756390385620762e-06 5.991278584360770765e-08 1.175689976662397385e-04 1.745395024954632390e-06 1.355213928036391735e-03 3.253692557336762547e-05 1.469693688704865053e-05 7.848696554901835043e-07 2.935687080025672913e-04 1.029483883030479774e-05 1.377075818709272426e-06 5.031258297094609588e-06 1.072756390385620762e-06 5.991278584360770765e-08 1.175689976662397385e-04 1.745395024954632390e-06
3.800000000000000000e+03 6.652677548117935658e-04 4.468657425604760647e-05 1.123703168559586629e-05 8.863723337526607793e-07 1.433073339285328984e-04 5.667816367349587381e-06 1.314037604061013553e-06 1.948619683389551938e-06 1.117350052481924649e-06 2.991593461842967372e-08 6.234003376448526978e-05 9.968298400053754449e-07 6.741575198248028755e-04 3.264325641794130206e-05 9.761052751855459064e-06 7.912112209851329681e-07 1.433073339285328984e-04 5.667816367349587381e-06 1.314037604061013553e-06 1.948619683389551938e-06 1.117350052481924649e-06 2.991593461842967372e-08 6.234003376448526978e-05 9.968298400053754449e-07
3.810000000000000000e+03 5.321879143593832850e-05 4.400351463118568063e-05 6.805260909459320828e-06 8.985304020825424232e-07 8.721480298845563084e-06 1.300889152844320051e-06 1.354217374682775699e-06 1.669057496656023432e-07 9.795605819817865267e-07 1.477008204631147237e-08 5.214114025875460356e-06 4.568586007280828198e-07 5.239487654762342572e-05 3.308821396785788238e-05 6.087804649723693728e-06 8.048691029216570314e-07 8.721480298845563084e-06 1.300889152844320051e-06 1.354217374682775699e-06 1.669057496656023432e-07 9.795605819817865267e-07 1.477008204631147237e-08 5.214114025875460356e-06 4.568586007280828198e-07
3.820000000000000000e+03 3.839327109744772315e-05 4.377423101686872542e-05 6.688888333883369341e-06 8.985165322883403860e-07 9.778524145076517016e-06 1.118891304940916598e-06 1.202319708681898192e-06 8.502498189955076668e-07 9.870024086922057904e-07 3.739120302270748653e-08 1.929823383761686273e-06 3.848390406346879900e-07 3.755066791200079024e-05 3.352451312821358442e-05 6.478362593043129891e-06 7.986130299286742229e-07 9.778524145076517016e-06 1.118891304940916598e-06 1.202319708681898192e-06 8.502498189955076668e-07 9.870024086922057904e-07 3.739120302270748653e-08 1.929823383761686273e-06 3.848390406346879900e-07
3.830000000000000000e+03 3.601611751946620643e-05 4.362124673207290471e-05 6.645690518780611455e-06 8.942124622990377247e-07 8.887078365660272539e-06 1.095590278055169620e-06 1.184299662781995721e-06 7.819401730557729024e-07 9.319103924099181313e-07 5.103155942265402700e-08 1.930329744936898351e-06 3.746654044789465843e-07 3.517790173646062613e-05 3.376119275344535708e-05 6.426025720429606736e-06 7.892674034337687772e-07 8.887078365660272539e-06 1.095590278055169620e-06 1.184299662781995721e-06 7.819401730557729024e-07 9.319103924099181313e-07 5.103155942265402700e-08 1.930329744936898351e-06 3.746654044789465843e-07
3.840000000000000000e+03 1.157536644313950092e-05 4.341203748481348157e-05 6.233453405002364889e-06 8.875956609699642286e-07 2.117547637681127526e-06 8.931172601478465367e-07 1.153949710896995384e-06 4.173804484253196279e-07 9.023696065924013965e-07 5.442140249556359777e-08 3.994893233993934700e-07 3.720792562944552628e-07 1.027641064865747467e-05 3.356457818881608546e-05 5.843728558829752728e-06 7.823067562640062533e-07 2.117547637681127526e-06 8.931172601478465367e-07 1.153949710896995384e-06 4.173804484253196279e-07 9.023696065924013965e-07 5.442140249556359777e-08 3.994893233993934700e-07 3.720792562944552628e-07
3.850000000000000000e+03 9.576461707183625549e-06 4.311284646973945200e-05 6.087182100600330159e-06 8.821959340821194928e-07 1.104988086808589287e-06 9.135561640505329706e-07 1.125271978708042298e-06 2.947281814158486668e-07 8.789679100118519273e-07 5.554597848345110833e-08 5.703099645870679524e-07 3.785768853958870750e-07 8.153821909218095243e-06 3.331453626742586493e-05 5.583435722655849531e-06 7.790838481014361605e-07 1.104988086808589287e-06 9.135561640505329706e-07 1.125271978708042298e-06 2.947281814158486668e-07 8.789679100118519273e-07 5.554597848345110833e-08 5.703099645870679524e-07 3.785768853958870750e-07
3.860000000000000000e+03 1.006815273285610601e-05 4.282712689018808305e-05 5.999624136165948585e-06 8.779957738624943886e-07 1.132977786255651154e-06 9.274841659134835936e-07 1.113452185563801322e-06 2.738811986091604922e-07 8.788311447460728232e-07 5.576556461051040969e-08 6.599406674467900302e-07 3.791632252614363097e-07 8.625320333521813154e-06 3.305104837636463344e-05 5.440183485916350037e-06 7.775466883686021902e-07 1.132977786255651154e-06 9.274841659134835936e-07 1.113452185563801322e-06 2.738811986091604922e-07 8.788311447460728232e-07 5.576556461051040969e-08 6.599406674467900302e-07 3.791632252614363097e-07
3.870000000000000000e+03 9.609812877897638828e-06 4.254754094290547073e-05 5.926444373471895233e-06 8.742774184611334931e-07 1.092626916943117976e-06 9.388068065163679421e-07 1.090821001525910106e-06 2.885008711928094272e-07 8.826175417198101059e-07 5.766341715229827969e-08 5.790817567685735412e-07 3.734697031632094877e-07 8.166371117113158107e-06 3.285102866357192397e-05 5.349369985196972266e-06 7.770861429889919236e-07 1.092626916943117976e-06 9.388068065163679421e-07 1.090821001525910106e-06 2.885008711928094272e-07 8.826175417198101059e-07 5.766341715229827969e-08 5.790817567685735412e-07 3.734697031632094877e-07
3.880000000000000000e+03 9.210382813762407750e-06 4.227743556839413941e-05 5.867224899702705443e-06 8.710741781214892399e-07 1.077336492016911507e-06 9.440568078389333095e-07 1.070121470547746867e-06 3.026301556019461714e-07 8.883815780791337602e-07 5.893256371791721904e-08 5.059009140495618340e-07 3.683110492147534387e-07 7.775003723509144038e-06 3.268928776378743351e-05 5.278919161355588585e-06 7.762657219245738816e-07 1.077336492016911507e-06 9.440568078389333095e-07 1.070121470547746867e-06 3.026301556019461714e-07 8.883815780791337602e-07 5.893256371791721904e-08 5.059009140495618340e-07 3.683110492147534387e-07
3.890000000000000000e+03 8.998001248983200639e-06 4.201378033030778170e-05 5.812678864458575845e-06 8.682681027494254522e-07 1.078898890227719676e-06 9.464063737141259480e-07 1.049631350724666845e-06 3.119237703685939778e-07 8.943587204157665838e-07 6.062397517325734952e-08 4.673015325806773035e-07 3.651877023003180511e-07 7.574578376079443842e-06 3.252211172366514802e-05 5.214817974774632603e-06 7.750309691800794099e-07 1.078898890227719676e-06 9.464063737141259480e-07 1.049631350724666845e-06 3.119237703685939778e-07 8.943587204157665838e-07 6.062397517325734952e-08 4.673015325806773035e-07 3.651877023003180511e-07
3.900000000000000000e+03 8.870725650922395289e-06 4.175063440925441682e-05 5.761737611464923248e-06 8.656567160869599320e-07 1.078519971997593530e-06 9.518132060293282848e-07 1.031381771099404432e-06 3.168307785017532296e-07 8.990395485852786805e-07 6.240239258659130428e-08 4.493822132189961849e-07 3.623678423991805175e-07 7.457264928234508261e-06 3.235007534385658801e-05 5.155259714229032397e-06 7.735461053925973829e-07 1.078519971997593530e-06 9.518132060293282848e-07 1.031381771099404432e-06 3.168307785017532296e-07 8.990395485852786805e-07 6.240239258659130428e-08 4.493822132189961849e-07 3.623678423991805175e-07
3.910000000000000000e+03 8.773759873292874545e-06 4.149036249145865440e-05 5.713140581065090373e-06 8.631185437479871325e-07 1.074319015970104374e-06 9.536506695440039039e-07 1.015393877423775848e-06 3.198260856152046472e-07 9.036927508532244246e-07 6.346590453176759183e-08 4.407636708947393345e-07 3.603617813041637419e-07 7.370110779447713867e-06 3.217360426788218319e-05 5.098130259284516796e-06 7.718536494394356851e-07 1.074319015970104374e-06 9.536506695440039039e-07 1.015393877423775848e-06 3.198260856152046472e-07 9.036927508532244246e-07 6.346590453176759183e-08 4.407636708947393345e-07 3.603617813041637419e-07
3.920000000000000000e+03 8.688489288033451885e-06 4.123170947423204780e-05 5.666782271873671561e-06 8.605791208537993953e-07 1.069264158104488160e-06 9.556276836519828066e-07 1.000152224150951952e-06 3.221634301553422119e-07 9.070849955605808645e-07 6.409962338693730999e-08 4.352265250417985953e-07 3.584994203720270889e-07 7.294066563190426677e-06 3.200042192474938929e-05 5.044747013016603887e-06 7.701150366301590111e-07 1.069264158104488160e-06 9.556276836519828066e-07 1.000152224150951952e-06 3.221634301553422119e-07 9.070849955605808645e-07 6.409962338693730999e-08 4.352265250417985953e-07 3.584994203720270889e-07
3.930000000000000000e+03 8.609310498286504298e-06 4.097550481674261391e-05 5.622292064799694344e-06 8.580311146033636760e-07 1.063711010829138104e-06 9.567454526404617354e-07 9.856432825472438708e-07 3.231504877021507127e-07 9.099067028728313744e-07 6.456934897869359702e-08 4.316237607326911530e-07 3.570348496850783704e-07 7.223540251288795844e-06 3.182634100085124373e-05 4.995127710571978241e-06 7.682825753363431431e-07 1.063711010829138104e-06 9.567454526404617354e-07 9.856432825472438708e-07 3.231504877021507127e-07 9.099067028728313744e-07 6.456934897869359702e-08 4.316237607326911530e-07 3.570348496850783704e-07
3.940000000000000000e+03 8.534521839465014637e-06 4.072133742738515139e-05 5.578946911555249244e-06 8.555063004678231664e-07 1.057295435202831868e-06 9.574428077030461282e-07 9.721434253151528537e-07 3.241574120238510659e-07 9.118894581661152188e-07 6.483978864935124875e-08 4.288294235266221222e-07 3.557516663477144903e-07 7.157768322940682992e-06 3.165325688314624131e-05 4.948228252033004537e-06 7.664174859201011714e-07 1.057295435202831868e-06 9.574428077030461282e-07 9.721434253151528537e-07 3.241574120238510659e-07 9.118894581661152188e-07 6.483978864935124875e-08 4.288294235266221222e-07 3.557516663477144903e-07
3.950000000000000000e+03 8.464229722449090332e-06 4.046910180477425456e-05 5.536834123631706461e-06 8.530138302376144566e-07 1.048716967488871887e-06 9.574413297741557471e-07 9.592637297828332521e-07 3.241149499899620423e-07 9.132839409176085610e-07 6.493664983509006561e-08 4.278990672901272774e-07 3.546801963238976896e-07 7.095791261235717684e-06 3.148083123960532248e-05 4.903399712929967791e-06 7.645372761544422247e-07 1.048716967488871887e-06 9.574413297741557471e-07 9.592637297828332521e-07 3.241149499899620423e-07 9.132839409176085610e-07 6.493664983509006561e-08 4.278990672901272774e-07 3.546801963238976896e-07
3.960000000000000000e+03 8.397312740271445364e-06 4.021854692837223411e-05 5.495731784321833402e-06 8.505506343681190629e-07 1.037936158354568761e-06 9.570148904458619654e-07 9.469956125940370839e-07 3.234257235362747451e-07 9.139290000348410103e-07 6.487909587349349749e-08 4.285206216536607826e-07 3.537106749718077481e-07 7.036714578134706244e-06 3.130966433673165739e-05 4.860168246523244306e-06 7.626323963449976873e-07 1.037936158354568761e-06 9.570148904458619654e-07 9.469956125940370839e-07 3.234257235362747451e-07 9.139290000348410103e-07 6.487909587349349749e-08 4.285206216536607826e-07 3.537106749718077481e-07
3.970000000000000000e+03 8.333185178344137967e-06 3.996985469711944461e-05 5.455601240100804716e-06 8.481088116241153330e-07 1.025816686706093606e-06 9.558759757055668160e-07 9.352794450023793615e-07 3.222822044790518703e-07 9.141928103417740203e-07 6.472279068248099065e-08 4.300210889596201014e-07 3.529002299273997778e-07 6.980133093748008832e-06 3.113852289970964193e-05 4.818667548533994704e-06 7.607187058056297246e-07 1.025816686706093606e-06 9.558759757055668160e-07 9.352794450023793615e-07 3.222822044790518703e-07 9.141928103417740203e-07 6.472279068248099065e-08 4.300210889596201014e-07 3.529002299273997778e-07
3.980000000000000000e+03 8.270106263807974756e-06 3.972274862462654710e-05 5.416521162260323763e-06 8.456797218059364241e-07 1.015206066767859738e-06 9.545314014758332632e-07 9.238851816917303950e-07 3.214186961031373357e-07 9.140937891061184928e-07 6.450337508567827172e-08 4.301352873881114647e-07 3.520423774716618937e-07 6.925000434421235695e-06 3.096780710620805621e-05 4.779320533998543397e-06 7.587925097141123842e-07 1.015206066767859738e-06 9.545314014758332632e-07 9.238851816917303950e-07 3.214186961031373357e-07 9.140937891061184928e-07 6.450337508567827172e-08 4.301352873881114647e-07 3.520423774716618937e-07
3.990000000000000000e+03 8.208863619074691087e-06 3.947731966036371887e-05 5.378392870625248179e-06 8.432509162048518192e-07 1.005560875455557834e-06 9.528019404569931794e-07 9.128273745773185510e-07 3.205402663297718391e-07 9.136615517491009086e-07 6.421705478487638175e-08 4.292436130981513998e-07 3.511376291953638429e-07 6.871680398035096005e-06 3.079736779909580946e-05 4.741620159620651975e-06 7.568483511022350285e-07 1.005560875455557834e-06 9.528019404569931794e-07 9.128273745773185510e-07 3.205402663297718391e-07 9.136615517491009086e-07 6.421705478487638175e-08 4.292436130981513998e-07 3.511376291953638429e-07
4.000000000000000000e+03 8.148992492351680994e-06 3.923349868273362517e-05 5.340990810509538278e-06 8.408167104789754376e-07 9.958504278984037228e-07 9.509375900051963981e-07 9.021021583066612948e-07 3.196902582658367464e-07 9.129855129685893189e-07 6.388542317381507019e-08 4.282132408661709633e-07 3.502383663089858601e-07 6.819938334956532344e-06 3.062724863411858678e-05 4.705238552560331300e-06 7.548821940872585401e-07 9.958504278984037228e-07 9.509375900051963981e-07 9.021021583066612948e-07 3.196902582658367464e-07 9.129855129685893189e-07 6.388542317381507019e-08 4.282132408661709633e-07 3.502383663089858601e-07
4.010000000000000000e+03 8.090988558251410723e-06 3.899133298546075821e-05 5.304242677084403113e-06 8.383697718272742350e-07 9.855905318545410410e-07 9.486574867878516670e-07 8.916858291740936693e-07 3.185208470313227735e-07 9.120311688093352132e-07 6.351768178092243033e-08 4.274330365205969429e-07 3.494133693493495230e-07 6.769658739358419552e-06 3.045730227313470095e-05 4.669786903832573444e-06 7.528867627115687355e-07 9.855905318545410410e-07 9.486574867878516670e-07 8.916858291740936693e-07 3.185208470313227735e-07 9.120311688093352132e-07 6.351768178092243033e-08 4.274330365205969429e-07 3.494133693493495230e-07
4.020000000000000000e+03 8.034669008338823915e-06 3.875073889503255486e-05 5.268102540867403150e-06 8.359060643670090940e-07 9.751387324286042713e-07 9.464941399528470356e-07 8.815385967864131089e-07 3.171902278609195491e-07 9.108631502385833301e-07 6.311844913398090284e-08 4.265916118129098322e-07 3.485949946480104700e-07 6.721068530168849975e-06 3.028784340131096542e-05 4.635163804778130725e-06 7.508596695515734609e-07 9.751387324286042713e-07 9.464941399528470356e-07 8.815385967864131089e-07 3.171902278609195491e-07 9.108631502385833301e-07 6.311844913398090284e-08 4.265916118129098322e-07 3.485949946480104700e-07
4.030000000000000000e+03 7.979147085279691964e-06 3.851188739645294845e-05 5.232563580648275092e-06 8.334251333508291282e-07 9.652957260186667554e-07 9.438826964469626546e-07 8.716230013305903412e-07 3.161375161653268151e-07 9.095270456782600377e-07 6.270808228237001458e-08 4.252378289493208285e-07 3.477755115000036312e-07 6.673399639112176374e-06 3.011886474268976599e-05 4.601612999977078289e-06 7.488020514756499324e-07 9.652957260186667554e-07 9.438826964469626546e-07 8.716230013305903412e-07 3.161375161653268151e-07 9.095270456782600377e-07 6.270808228237001458e-08 4.252378289493208285e-07 3.477755115000036312e-07
4.040000000000000000e+03 7.924993042252026498e-06 3.827479304163716733e-05 5.197606242290930822e-06 8.309198733513767365e-07 9.559711315887398086e-07 9.412692065779992845e-07 8.618966944595740642e-07 3.148056180179992225e-07 9.080321774490585085e-07 6.229750937336575589e-08 4.231980597069195937e-07 3.469253613275213866e-07 6.626794402109226212e-06 2.995039903908036649e-05 4.568828444462269545e-06 7.467070304301159922e-07 9.559711315887398086e-07 9.412692065779992845e-07 8.618966944595740642e-07 3.148056180179992225e-07 9.080321774490585085e-07 6.229750937336575589e-08 4.231980597069195937e-07 3.469253613275213866e-07
4.050000000000000000e+03 7.871964953665155917e-06 3.803935396717861295e-05 5.163044534128857777e-06 8.283900569949764758e-07 9.456977636546071153e-07 9.385443604514875915e-07 8.524091867911920417e-07 3.134634027901483933e-07 9.064006007974967360e-07 6.187527645806767396e-08 4.217394860006606905e-07 3.461346977928769775e-07 6.581283741979859769e-06 2.978233169415034354e-05 4.536560027190716937e-06 7.445765390912129078e-07 9.456977636546071153e-07 9.385443604514875915e-07 8.524091867911920417e-07 3.134634027901483933e-07 9.064006007974967360e-07 6.187527645806767396e-08 4.217394860006606905e-07 3.461346977928769775e-07
4.060000000000000000e+03 7.819860002200584859e-06 3.780551924137398601e-05 5.129002147441497073e-06 8.258336947619682178e-07 9.363256481265125331e-07 9.357207204629958142e-07 8.430510547441372182e-07 3.121900533642474329e-07 9.046235049936512951e-07 6.145982212046874338e-08 4.196763256913982332e-07 3.452360886058158940e-07 6.536681667057564482e-06 2.961508653243072331e-05 4.505024207901442423e-06 7.424077921314164996e-07 9.363256481265125331e-07 9.357207204629958142e-07 8.430510547441372182e-07 3.121900533642474329e-07 9.046235049936512951e-07 6.145982212046874338e-08 4.196763256913982332e-07 3.452360886058158940e-07
4.070000000000000000e+03 7.768820069031789899e-06 3.757345257326960564e-05 5.095375399832846597e-06 8.232458981183299329e-07 9.265588118978484999e-07 9.330390753348183353e-07 8.339213195540651213e-07 3.107522559275821550e-07 9.027247642734437250e-07 6.105000949219174800e-08 4.178012318334367592e-07 3.443895479904313106e-07 6.492901320598321036e-06 2.944845800811890513e-05 4.473932676773983985e-06 7.402024380098737311e-07 9.265588118978484999e-07 9.330390753348183353e-07 8.339213195540651213e-07 3.107522559275821550e-07 9.027247642734437250e-07 6.105000949219174800e-08 4.178012318334367592e-07 3.443895479904313106e-07
4.080000000000000000e+03 7.718230335740372539e-06 3.734310303116217256e-05 5.062142463430063799e-06 8.206293387047480792e-07 9.172161412607238162e-07 9.299644148086372297e-07 8.249450047514983453e-07 3.094363592026638798e-07 9.007291055240784772e-07 6.065399560384321376e-08 4.154321402438654331e-07 3.436058761963067809e-07 6.449757165682967752e-06 2.928262620116584003e-05 4.443400484888115898e-06 7.379569524346152321e-07 9.172161412607238162e-07 9.299644148086372297e-07 8.249450047514983453e-07 3.094363592026638798e-07 9.007291055240784772e-07 6.065399560384321376e-08 4.154321402438654331e-07 3.436058761963067809e-07
4.090000000000000000e+03 7.668894795642700046e-06 3.711440876941196620e-05 5.029293333791429177e-06 8.179801511687401216e-07 9.076831588572531473e-07 9.269477345696941484e-07 8.160930633493990172e-07 3.079665020777611062e-07 8.986187367554521188e-07 6.026395027447506436e-08 4.131420894282200607e-07 3.428282013828720665e-07 6.407506134564755484e-06 2.911747105827089399e-05 4.413229817146202549e-06 7.356749733844480943e-07 9.076831588572531473e-07 9.269477345696941484e-07 8.160930633493990172e-07 3.079665020777611062e-07 8.986187367554521188e-07 6.026395027447506436e-08 4.131420894282200607e-07 3.428282013828720665e-07
4.100000000000000000e+03 7.619797543156892061e-06 3.688738433993421495e-05 4.996878487872891128e-06 8.152972554853477050e-07 8.989222237687499728e-07 9.238446523340826388e-07 8.073764661276072729e-07 3.067767408992949640e-07 8.964842095338099170e-07 5.989167561892827507e-08 4.101953834378946340e-07 3.419912104618560988e-07 6.365616627590497956e-06 2.895289799198508263e-05 4.383754912851145491e-06 7.333534881581726950e-07 8.989222237687499728e-07 9.238446523340826388e-07 8.073764661276072729e-07 3.067767408992949640e-07 8.964842095338099170e-07 5.989167561892827507e-08 4.101953834378946340e-07 3.419912104618560988e-07
4.110000000000000000e+03 7.570959951408440247e-06 3.666200063889846206e-05 4.965015250490978360e-06 8.125853696583362762e-07 8.937692541621800046e-07 9.208498568114009686e-07 7.987262620190449525e-07 3.060911808461241890e-07 8.942836302594514564e-07 5.954558801590792427e-08 4.045170385325036477e-07 3.410529245684301713e-07 6.324506102828308940e-06 2.878970917663536966e-05 4.355402325018076226e-06 7.309964189516904298e-07 8.937692541621800046e-07 9.208498568114009686e-07 7.987262620190449525e-07 3.060911808461241890e-07 8.942836302594514564e-07 5.954558801590792427e-08 4.045170385325036477e-07 3.410529245684301713e-07
4.120000000000000000e+03 7.549734618805814534e-06 3.643887976068072021e-05 4.935642664349870756e-06 8.098911621345905587e-07 9.275007073483720887e-07 9.171109240924124606e-07 7.893398219493974466e-07 3.127017578208324267e-07 8.932883019951987080e-07 5.938644775937973463e-08 3.768044223306787899e-07 3.388188929420721252e-07 6.318004579952685162e-06 2.862898145394865423e-05 4.335808625910431147e-06 7.286434993147850037e-07 9.275007073483720887e-07 9.171109240924124606e-07 7.893398219493974466e-07 3.127017578208324267e-07 8.932883019951987080e-07 5.938644775937973463e-08 3.768044223306787899e-07 3.388188929420721252e-07
4.130000000000000000e+03 1.361735849059186876e-05 3.622590156737715006e-05 4.982413429388543591e-06 8.079077247202803846e-07 2.826002173605957069e-06 9.482637324254028499e-07 7.689127414778340608e-07 4.435783580447605345e-07 9.076431410903751384e-07 6.151560683065326884e-08 5.423486868494364899e-07 3.256213858549017459e-07 1.259062810277100652e-05 2.849872362276073545e-05 4.473825356399174780e-06 7.268609465427289251e-07 2.826002173605957069e-06 9.482637324254028499e-07 7.689127414778340608e-07 4.435783580447605345e-07 9.076431410903751384e-07 6.151560683065326884e-08 5.423486868494364899e-07 3.256213858549017459e-07
4.140000000000000000e+03 1.768499729223549366e-03 3.757759623113088310e-05 2.009438139793928713e-05 8.275849268102319911e-07 4.214741929899901152e-04 1.301824067923007533e-05 5.800717985948722344e-07 1.075093950930749997e-05 1.527269091639027465e-06 1.120006132282469480e-07 1.467392430640757084e-04 1.708213972051453311e-06 1.798750017769634724e-03 3.026479316758923233e-05 2.074994699796661735e-05 7.441280445164011326e-07 4.214741929899901152e-04 1.301824067923007533e-05 5.800717985948722344e-07 1.075093950930749997e-05 1.527269091639027465e-06 1.120006132282469480e-07 1.467392430640757084e-04 1.708213972051453311e-06
4.150000000000000000e+03 3.800662234425544739e-03 3.887051207129843533e-05 3.770990952034480870e-05 8.026417503970151301e-07 8.603489259257912636e-04 3.084303534706123173e-05 1.155995164481282700e-06 1.596080255694687366e-05 1.181689185614231974e-06 3.835903328308631899e-08 3.332622291054576635e-04 5.040843461756594479e-06 3.862171666696667671e-03 2.841647801687940955e-05 3.460554216871969402e-05 7.118156872820691206e-07 8.603489259257912636e-04 3.084303534706123173e-05 1.155995164481282700e-06 1.596080255694687366e-05 1.181689185614231974e-06 3.835903328308631899e-08 3.332622291054576635e-04 5.040843461756594479e-06
4.160000000000000000e+03 9.580116602592170238e-04 3.820218262262642384e-05 1.385559698974248022e-05 7.822636121090909000e-07 2.107168984366580844e-04 9.917387615132611245e-06 1.117588794841140043e-06 3.325760644656838849e-06 1.089379452423600014e-06 2.889717087839471787e-08 8.597797568654641509e-05 1.585561562933435198e-06 9.731577010825276375e-04 2.780890281428582966e-05 1.239189987245481461e-05 6.994836780904734042e-07 2.107168984366580844e-04 9.917387615132611245e-06 1.117588794841140043e-06 3.325760644656838849e-06 1.089379452423600014e-06 2.889717087839471787e-08 8.597797568654641509e-05 1.585561562933435198e-06
4.170000000000000000e+03 6.402258441084995866e-05 3.705086419358849525e-05 5.925556706642964855e-06 7.967996111801767256e-07 1.724688445392530411e-05 1.084054702005232684e-06 9.677963817011914216e-07 1.333189061369921546e-06 9.702694114821497351e-07 2.095029394411085377e-08 3.837651092908345163e-06 3.790901246247813106e-07 6.347805901896208525e-05 2.787963603623211384e-05 5.826252163387835026e-06 7.143937637010822073e-07 1.724688445392530411e-05 1.084054702005232684e-06 9.677963817011914216e-07 1.333189061369921546e-06 9.702694114821497351e-07 2.095029394411085377e-08 3.837651092908345163e-06 3.790901246247813106e-07
4.180000000000000000e+03 1.208500034408643842e-04 3.701344394357874990e-05 6.463432782766176388e-06 7.962593144839047454e-07 3.067150828428566456e-05 1.505436443949292880e-06 9.350625305160065182e-07 1.883099685073830187e-06 9.490993306826567277e-07 2.594389592047718907e-08 8.599300599598791450e-06 3.994961446096567670e-07 1.213482028106227517e-04 2.846753704943694174e-05 6.472150289482669905e-06 7.094607212820847053e-07 3.067150828428566456e-05 1.505436443949292880e-06 9.350625305160065182e-07 1.883099685073830187e-06 9.490993306826567277e-07 2.594389592047718907e-08 8.599300599598791450e-06 3.994961446096567670e-07
4.190000000000000000e+03 2.009362469834741205e-05 3.691829988383688033e-05 5.396846063376870006e-06 7.861501671868609264e-07 3.030079369636951014e-06 9.046181617122783791e-07 9.978475645766593516e-07 1.855990205967827933e-07 7.654777505194942933e-07 3.001614601316759945e-08 2.152706429114914499e-06 4.034375820083369035e-07 1.901086216093972325e-05 2.862454130081459880e-05 4.934769549436168745e-06 6.953846423130016774e-07 3.030079369636951014e-06 9.046181617122783791e-07 9.978475645766593516e-07 1.855990205967827933e-07 7.654777505194942933e-07 3.001614601316759945e-08 2.152706429114914499e-06 4.034375820083369035e-07
4.200000000000000000e+03 2.155771653633564711e-05 3.677197673823684454e-05 5.297809366311412305e-06 7.803402581885166001e-07 3.332218739160452969e-06 8.596647944614232983e-07 9.288756928071961738e-07 1.762004444572085049e-07 7.488775963793159463e-07 4.041899615003785584e-08 2.178352133341832086e-06 3.985698810993199004e-07 2.055293225566856563e-05 2.857024992408696562e-05 4.815538886759895831e-06 6.897523121551785152e-07 3.332218739160452969e-06 8.596647944614232983e-07 9.288756928071961738e-07 1.762004444572085049e-07 7.488775963793159463e-07 4.041899615003785584e-08 2.178352133341832086e-06 3.985698810993199004e-07
4.210000000000000000e+03 8.187258572434075177e-06 3.649184145615436137e-05 5.158880867384141311e-06 7.765572149764921051e-07 1.175939019049110357e-06 7.713275635978789069e-07 8.570638101446093060e-07 3.549758957888116129e-07 7.664003760510240681e-07 4.860164892761531519e-08 2.520013708817714360e-07 3.414674552004726138e-07 7.004940925980918109e-06 2.839129592757672071e-05 4.798300778929842636e-06 6.883423679937550332e-07 1.175939019049110357e-06 7.713275635978789069e-07 8.570638101446093060e-07 3.549758957888116129e-07 7.664003760510240681e-07 4.860164892761531519e-08 2.520013708817714360e-07 3.414674552004726138e-07
4.220000000000000000e+03 9.504754416411742568e-06 3.624305463745258749e-05 5.088559646537760273e-06 7.717352445979486220e-07 1.627909114176873118e-06 7.878946348682802636e-07 8.360861443179601338e-07 3.910521400030120276e-07 7.746356800453213509e-07 5.067310127060409286e-08 2.701477228583826218e-07 3.343544392464536941e-07 8.366844667762052268e-06 2.814406070683617145e-05 4.710210305347573012e-06 6.868102673251996748e-07 1.627909114176873118e-06 7.878946348682802636e-07 8.360861443179601338e-07 3.910521400030120276e-07 7.746356800453213509e-07 5.067310127060409286e-08 2.701477228583826218e-07 3.343544392464536941e-07
4.230000000000000000e+03 7.388117865048116073e-06 3.601008211262524128e-05 4.978468041372252628e-06 7.668866714993782807e-07 8.900940997591533232e-07 7.979961083037778735e-07 8.268167448477470316e-07 3.086747710767667741e-07 7.709675742262334097e-07 5.103873590428520401e-08 2.720880161177774426e-07 3.396729937321651960e-07 6.179745469125919044e-06 2.796381158987060189e-05 4.524549240159103647e-06 6.859881978016346693e-07 8.900940997591533232e-07 7.979961083037778735e-07 8.268167448477470316e-07 3.086747710767667741e-07 7.709675742262334097e-07 5.103873590428520401e-08 2.720880161177774426e-07 3.396729937321651960e-07
4.240000000000000000e+03 7.417562301270663738e-06 3.579252370400354266e-05 4.914309101877734065e-06 7.627708100699237548e-07 7.817072287252813112e-07 8.087841933956951834e-07 8.115175660350359976e-07 2.704691439703310607e-07 7.750355734970071353e-07 5.155463256301118236e-08 3.680505926695332164e-07 3.428860111398535082e-07 6.184291578392731026e-06 2.783209674817044288e-05 4.413244823808781803e-06 6.840285209364083130e-07 7.817072287252813112e-07 8.087841933956951834e-07 8.115175660350359976e-07 2.704691439703310607e-07 7.750355734970071353e-07 5.155463256301118236e-08 3.680505926695332164e-07 3.428860111398535082e-07
4.250000000000000000e+03 7.328412721108179539e-06 3.557945819920860231e-05 4.861787147092400119e-06 7.592911401843593922e-07 7.763952680761576630e-07 8.166339284798596054e-07 7.932198400339984801e-07 2.708377166982245399e-07 7.813547995283443015e-07 5.312625717124319635e-08 3.582873091545479838e-07 3.397651937575574266e-07 6.100061909819487482e-06 2.770901119220070541e-05 4.344024091551546007e-06 6.821100555498560425e-07 7.763952680761576630e-07 8.166339284798596054e-07 7.932198400339984801e-07 2.708377166982245399e-07 7.813547995283443015e-07 5.312625717124319635e-08 3.582873091545479838e-07 3.397651937575574266e-07
4.260000000000000000e+03 7.170135631895391271e-06 3.537084558047354221e-05 4.815466127183753997e-06 7.560308290521788877e-07 7.783100954839028418e-07 8.182802275769063272e-07 7.766461749270092696e-07 2.779430587906972505e-07 7.892893449934490491e-07 5.510950984444207279e-08 3.264932217916793888e-07 3.368051011420902796e-07 5.951289949734928086e-06 2.756995490926783532e-05 4.292121502658119425e-06 6.797840796934906393e-07 7.783100954839028418e-07 8.182802275769063272e-07 7.766461749270092696e-07 2.779430587906972505e-07 7.892893449934490491e-07 5.510950984444207279e-08 3.264932217916793888e-07 3.368051011420902796e-07
4.270000000000000000e+03 7.084262051648693159e-06 3.516371361911296844e-05 4.772355168825015426e-06 7.528201422246638685e-07 7.835645305931393523e-07 8.217435834012576379e-07 7.629025162714242470e-07 2.837684860423905775e-07 7.947899121063528582e-07 5.609919995208656474e-08 3.090233064995118184e-07 3.343947412304260070e-07 5.876337127119768411e-06 2.743511322478298098e-05 4.242730028636287898e-06 6.772883693884068634e-07 7.835645305931393523e-07 8.217435834012576379e-07 7.629025162714242470e-07 2.837684860423905775e-07 7.947899121063528582e-07 5.609919995208656474e-08 3.090233064995118184e-07 3.343947412304260070e-07
4.280000000000000000e+03 7.023168109299149364e-06 3.496019053272902966e-05 4.731464287033304572e-06 7.495996214856859297e-07 7.825453280929650646e-07 8.226165846281219274e-07 7.504061727559019346e-07 2.847971529718051897e-07 7.995555506568052806e-07 5.645665979159275594e-08 3.050421639727574075e-07 3.330667652789998101e-07 5.823095762025332078e-06 2.729937841650098562e-05 4.195012934360420331e-06 6.747833936060487758e-07 7.825453280929650646e-07 8.226165846281219274e-07 7.504061727559019346e-07 2.847971529718051897e-07 7.995555506568052806e-07 5.645665979159275594e-08 3.050421639727574075e-07 3.330667652789998101e-07
4.290000000000000000e+03 6.966200999158900231e-06 3.475825360510498285e-05 4.692286438512383029e-06 7.464005875590373762e-07 7.773743959660350811e-07 8.249797360804222990e-07 7.390551104435871821e-07 2.839742307969572721e-07 8.026688078643928748e-07 5.656296764300350333e-08 3.060842459490231704e-07 3.317851167139451718e-07 5.772234544565435499e-06 2.716446215345058590e-05 4.150141194259049371e-06 6.721909926454827655e-07 7.773743959660350811e-07 8.249797360804222990e-07 7.390551104435871821e-07 2.839742307969572721e-07 8.026688078643928748e-07 5.656296764300350333e-08 3.060842459490231704e-07 3.317851167139451718e-07
4.300000000000000000e+03 6.911615855642594397e-06 3.455847763689234853e-05 4.654377335100434721e-06 7.432798270201601554e-07 7.705635880483896472e-07 8.260611252808303107e-07 7.286187724275805522e-07 2.826395189003960695e-07 8.050690780692093540e-07 5.648232814792208956e-08 3.085195316998579074e-07 3.308152543013420654e-07 5.723847607441712171e-06 2.702847632463090122e-05 4.108019766135839745e-06 6.696614036627579480e-07 7.705635880483896472e-07 8.260611252808303107e-07 7.286187724275805522e-07 2.826395189003960695e-07 8.050690780692093540e-07 5.648232814792208956e-08 3.085195316998579074e-07 3.308152543013420654e-07
4.310000000000000000e+03 6.859538643766427413e-06 3.436025508563034236e-05 4.618065759132150561e-06 7.402266533063084353e-07 7.634287726432376076e-07 8.265151336672715843e-07 7.187563255683926400e-07 2.813403341406228719e-07 8.067125349953130353e-07 5.623014587285979360e-08 3.109823865088401362e-07 3.299135755696624983e-07 5.677823992300545797e-06 2.689434950298164040e-05 4.068861926498357207e-06 6.671362484667042736e-07 7.634287726432376076e-07 8.265151336672715843e-07 7.187563255683926400e-07 2.813403341406228719e-07 8.067125349953130353e-07 5.623014587285979360e-08 3.109823865088401362e-07 3.299135755696624983e-07
4.320000000000000000e+03 6.809669685026165098e-06 3.416331310290843248e-05 4.583088866638718173e-06 7.372255481641332153e-07 7.571032369924068917e-07 8.261425250566389877e-07 7.093687486303679179e-07 2.801635332616569940e-07 8.077370239334413782e-07 5.585946283304110693e-08 3.126477281512052286e-07 3.291139591965475120e-07 5.634384251607116312e-06 2.676065014384221286e-05 4.032164724776521325e-06 6.646470751547894906e-07 7.571032369924068917e-07 8.261425250566389877e-07 7.093687486303679179e-07 2.801635332616569940e-07 8.077370239334413782e-07 5.585946283304110693e-08 3.126477281512052286e-07 3.291139591965475120e-07
4.330000000000000000e+03 6.761851182091049850e-06 3.396764441276900470e-05 4.549228378891712055e-06 7.342526373577129561e-07 7.505817052333441097e-07 8.253655323642306030e-07 7.004197186688543297e-07 2.790499706861737650e-07 8.084155638243828434e-07 5.544123382605903316e-08 3.139979583011154318e-07 3.282789293734822422e-07 5.592768957285443321e-06 2.662668157427106053e-05 3.997649400844238698e-06 6.621667694162169937e-07 7.505817052333441097e-07 8.253655323642306030e-07 7.004197186688543297e-07 2.790499706861737650e-07 8.084155638243828434e-07 5.544123382605903316e-08 3.139979583011154318e-07 3.282789293734822422e-07
4.340000000000000000e+03 6.715934887324692681e-06 3.377296161488629878e-05 4.516370154306059703e-06 7.312910383916459978e-07 7.443596814482589252e-07 8.245333447121083736e-07 6.918327244420652278e-07 2.778921839308168273e-07 8.086482239377801307e-07 5.496963240148033947e-08 3.148890357351774583e-07 3.273950710536155384e-07 5.553184109885478392e-06 2.649241287144832313e-05 3.964809366152621806e-06 6.596806088055018336e-07 7.443596814482589252e-07 8.245333447121083736e-07 6.918327244420652278e-07 2.778921839308168273e-07 8.086482239377801307e-07 5.496963240148033947e-08 3.148890357351774583e-07 3.273950710536155384e-07
4.350000000000000000e+03 6.671445589745417237e-06 3.357935929670929909e-05 4.484400960791390389e-06 7.283335321517370176e-07 7.387005780401523225e-07 8.232197501456539612e-07 6.835682029304734897e-07 2.768984757040016120e-07 8.086079787972266786e-07 5.445851769536602660e-08 3.149192480123019777e-07 3.266296175752358977e-07 5.515057637239806354e-06 2.635814962559379637e-05 3.933591870008967817e-06 6.571892186002514791e-07 7.387005780401523225e-07 8.232197501456539612e-07 6.835682029304734897e-07 2.768984757040016120e-07 8.086079787972266786e-07 5.445851769536602660e-08 3.149192480123019777e-07 3.266296175752358977e-07
4.360000000000000000e+03 6.628370101680047810e-06 3.338692840770818293e-05 4.453209385246736929e-06 7.253728426803718321e-07 7.333221105909615289e-07 8.216981655095878523e-07 6.755429353688668925e-07 2.759461494861170650e-07 8.083451916718331631e-07 5.392923085878464917e-08 3.143873072986025363e-07 3.256966465414734557e-07 5.478446382767288014e-06 2.622358806547708809e-05 3.903638571500778198e-06 6.546765121129283216e-07 7.333221105909615289e-07 8.216981655095878523e-07 6.755429353688668925e-07 2.759461494861170650e-07 8.083451916718331631e-07 5.392923085878464917e-08 3.143873072986025363e-07 3.256966465414734557e-07
4.370000000000000000e+03 6.586865765711991116e-06 3.319559982628561556e-05 4.422686288307886571e-06 7.224054456855810713e-07 7.272864763763209339e-07 8.202421781788871158e-07 6.678289992123609409e-07 2.749196710283285938e-07 8.077600455180800054e-07 5.339222042266555945e-08 3.140575870475004194e-07 3.248343887207738589e-07 5.442980636871652678e-06 2.608931754366494715e-05 3.874563390127150342e-06 6.521445925500302110e-07 7.272864763763209339e-07 8.202421781788871158e-07 6.678289992123609409e-07 2.749196710283285938e-07 8.077600455180800054e-07 5.339222042266555945e-08 3.140575870475004194e-07 3.248343887207738589e-07
4.380000000000000000e+03 6.546567874465836212e-06 3.300543176010251045e-05 4.392840764921857044e-06 7.194267936938558705e-07 7.215344339783769101e-07 8.182579449567128904e-07 6.602946314160362817e-07 2.737768340921320487e-07 8.069955583778209984e-07 5.286328885745206208e-08 3.135792780994961504e-07 3.240841977003583452e-07 5.408774995885323733e-06 2.595480327727273107e-05 3.846322215395048261e-06 6.495877755696710665e-07 7.215344339783769101e-07 8.182579449567128904e-07 6.602946314160362817e-07 2.737768340921320487e-07 8.069955583778209984e-07 5.286328885745206208e-08 3.135792780994961504e-07 3.240841977003583452e-07
4.390000000000000000e+03 6.507242233055876568e-06 3.281638782937079668e-05 4.363527750683715567e-06 7.164313160501478706e-07 7.155649655032902956e-07 8.164876135197118856e-07 6.529812708322424442e-07 2.727335299823607784e-07 8.061122116487240419e-07 5.234504740769807540e-08 3.127906325062213000e-07 3.231982361739937915e-07 5.375367891247151420e-06 2.582037450338248163e-05 3.818982804659754038e-06 6.470036737482587341e-07 7.155649655032902956e-07 8.164876135197118856e-07 6.529812708322424442e-07 2.727335299823607784e-07 8.061122116487240419e-07 5.234504740769807540e-08 3.127906325062213000e-07 3.231982361739937915e-07
4.400000000000000000e+03 6.468940227932762355e-06 3.262840618845075369e-05 4.334792265581199899e-06 7.134202633096720092e-07 7.097609682205074932e-07 8.145716492435894907e-07 6.458146231125283521e-07 2.717046072575612925e-07 8.049947268773394171e-07 5.183690632293291856e-08 3.116716413842368638e-07 3.223387352591089439e-07 5.342953045328613371e-06 2.568627496657427400e-05 3.792277539105270989e-06 6.443926849897252396e-07 7.097609682205074932e-07 8.145716492435894907e-07 6.458146231125283521e-07 2.717046072575612925e-07 8.049947268773394171e-07 5.183690632293291856e-08 3.116716413842368638e-07 3.223387352591089439e-07
4.410000000000000000e+03 6.431479505408788100e-06 3.244172330596484244e-05 4.306537448428571224e-06 7.103875532266101800e-07 7.036622378109314013e-07 8.122585199998866301e-07 6.388177098415326327e-07 2.706526061047043186e-07 8.037623615564370994e-07 5.135008507295424351e-08 3.105488133314793231e-07 3.216033803710161010e-07 5.311381755745969713e-06 2.555224637035280466e-05 3.766202326005441137e-06 6.417525924007350113e-07 7.036622378109314013e-07 8.122585199998866301e-07 6.388177098415326327e-07 2.706526061047043186e-07 8.037623615564370994e-07 5.135008507295424351e-08 3.105488133314793231e-07 3.216033803710161010e-07
4.420000000000000000e+03 6.394869615178322420e-06 3.225619366276077926e-05 4.278737833374179900e-06 7.073342658259207383e-07 6.980241096243844368e-07 8.101374078250955790e-07 6.319792191789019853e-07 2.695738317015639041e-07 8.023766895348671824e-07 5.088934429409164295e-08 3.092452800501632737e-07 3.207400709470675793e-07 5.280354343994986266e-06 2.541857611504383385e-05 3.740672354979324155e-06 6.390849875970161520e-07 6.980241096243844368e-07 8.101374078250955790e-07 6.319792191789019853e-07 2.695738317015639041e-07 8.023766895348671824e-07 5.088934429409164295e-08 3.092452800501632737e-07 3.207400709470675793e-07
4.430000000000000000e+03 6.358985046972520649e-06 3.207173358532600105e-05 4.251372047292534262e-06 7.042573884064040612e-07 6.921458748365694191e-07 8.079488225121167488e-07 6.252774369386315811e-07 2.684754463189165108e-07 8.008796612557489425e-07 5.045273354653545539e-08 3.079476300626993179e-07 3.199145055532426341e-07 5.250121830613352358e-06 2.528500408516265452e-05 3.715575985552277416e-06 6.363867441905313171e-07 6.921458748365694191e-07 8.079488225121167488e-07 6.252774369386315811e-07 2.684754463189165108e-07 8.008796612557489425e-07 5.045273354653545539e-08 3.079476300626993179e-07 3.199145055532426341e-07
4.440000000000000000e+03 6.323770776361925527e-06 3.188843038515187800e-05 4.224411895847879350e-06 7.011545335444679949e-07 6.862341592750453856e-07 8.056719025262282230e-07 6.187250960465462413e-07 2.673367021088779438e-07 7.992699693204485811e-07 5.003214553767065809e-08 3.066435851906135213e-07 3.192058386503049405e-07 5.220418643148150295e-06 2.515203414077404886e-05 3.690882522278116085e-06 6.336595106404274702e-07 6.862341592750453856e-07 8.056719025262282230e-07 6.187250960465462413e-07 2.673367021088779438e-07 7.992699693204485811e-07 5.003214553767065809e-08 3.066435851906135213e-07 3.192058386503049405e-07
4.450000000000000000e+03 6.289064458542270586e-06 3.170637501170858741e-05 4.197881480649812147e-06 6.980278044466103893e-07 6.811353046032309067e-07 8.033418339437048417e-07 6.122211857473303098e-07 2.663989278062217636e-07 7.976094025252677966e-07 4.965268374235165538e-08 3.043244873879302759e-07 3.183383228133607190e-07 5.191137915971921757e-06 2.501926428521983325e-05 3.666865268314722925e-06 6.309015248007199261e-07 6.811353046032309067e-07 8.033418339437048417e-07 6.122211857473303098e-07 2.663989278062217636e-07 7.976094025252677966e-07 4.965268374235165538e-08 3.043244873879302759e-07 3.183383228133607190e-07
4.460000000000000000e+03 6.254933396121487021e-06 3.152536010020412505e-05 4.171682576270541176e-06 6.948749273760768119e-07 6.750157126589328982e-07 8.009251359908375889e-07 6.058982080503483303e-07 2.652241164469160140e-07 7.958578862599097192e-07 4.929280805754387984e-08 3.030185098396032117e-07 3.175589711190696107e-07 5.162371053302194923e-06 2.488683639967348427e-05 3.643023774202447385e-06 6.281143782871367875e-07 6.750157126589328982e-07 8.009251359908375889e-07 6.058982080503483303e-07 2.652241164469160140e-07 7.958578862599097192e-07 4.929280805754387984e-08 3.030185098396032117e-07 3.175589711190696107e-07
4.470000000000000000e+03 6.221233888936694711e-06 3.134549115202389657e-05 4.145859747950453311e-06 6.916968118275690358e-07 6.697139838252041955e-07 7.985408956301398575e-07 5.996457730361726135e-07 2.642381389250658685e-07 7.940590762700594496e-07 4.895774452506884700e-08 3.008696864981175167e-07 3.166848330238281051e-07 5.134059847478056327e-06 2.475490146025549620e-05 3.619642484409268945e-06 6.252977868825837504e-07 6.697139838252041955e-07 7.985408956301398575e-07 5.996457730361726135e-07 2.642381389250658685e-07 7.940590762700594496e-07 4.895774452506884700e-08 3.008696864981175167e-07 3.166848330238281051e-07
4.480000000000000000e+03 6.188063252920983359e-06 3.116681182291358709e-05 4.120356607018038630e-06 6.884924346195475664e-07 6.646579890912107658e-07 7.961126584632438608e-07 5.934915066063695122e-07 2.633136375607136870e-07 7.921435667412879411e-07 4.865153968580671062e-08 2.984055811339203501e-07 3.159581467571115354e-07 5.106150638312101364e-06 2.462360498611815274e-05 3.596710257625090890e-06 6.224545927580038551e-07 6.646579890912107658e-07 7.961126584632438608e-07 5.934915066063695122e-07 2.633136375607136870e-07 7.921435667412879411e-07 4.865153968580671062e-08 2.984055811339203501e-07 3.159581467571115354e-07
4.490000000000000000e+03 6.155390565254492685e-06 3.098919478361494839e-05 4.095154963579261675e-06 6.852588398942316417e-07 6.585264600289519876e-07 7.935780672596592922e-07 5.874680937267839909e-07 2.620444945478084264e-07 7.901190883785602637e-07 4.835779421341612760e-08 2.972278707602526993e-07 3.151702685499913059e-07 5.078433332528220490e-06 2.449253952363505960e-05 3.573766662157140672e-06 6.195802484398882370e-07 6.585264600289519876e-07 7.935780672596592922e-07 5.874680937267839909e-07 2.620444945478084264e-07 7.901190883785602637e-07 4.835779421341612760e-08 2.972278707602526993e-07 3.151702685499913059e-07
4.500000000000000000e+03 6.123157163528958336e-06 3.081279646721668541e-05 4.070274826517561451e-06 6.819974487370927818e-07 6.523663955704250839e-07 7.911410762062587310e-07 5.815410304421675391e-07 2.607855265068792505e-07 7.880893804212973919e-07 4.808742559703205188e-08 2.958933009722386487e-07 3.145255504932720214e-07 5.051100288255838677e-06 2.436209251754917204e-05 3.551182999217417091e-06 6.166770845084101893e-07 6.523663955704250839e-07 7.911410762062587310e-07 5.815410304421675391e-07 2.607855265068792505e-07 7.880893804212973919e-07 4.808742559703205188e-08 2.958933009722386487e-07 3.145255504932720214e-07
4.510000000000000000e+03 6.091563136578770354e-06 3.063743497477844357e-05 4.045699824928306043e-06 6.787071811231726315e-07 6.454520189436152577e-07 7.887438187026418746e-07 5.757228791480883956e-07 2.591849010968871880e-07 7.859079573790950235e-07 4.783460028079389303e-08 2.956754485694546020e-07 3.136815109883173136e-07 5.024183792556868866e-06 2.423202749923802912e-05 3.528628667481825687e-06 6.137450441201508511e-07 6.454520189436152577e-07 7.887438187026418746e-07 5.757228791480883956e-07 2.591849010968871880e-07 7.859079573790950235e-07 4.783460028079389303e-08 2.956754485694546020e-07 3.136815109883173136e-07
4.520000000000000000e+03 6.067521553632104769e-06 3.046321580768562853e-05 4.021502263640286401e-06 6.753799652869929560e-07 6.327208552647789475e-07 7.864420012992923148e-07 5.702249268324521836e-07 2.552280875534052029e-07 7.832294386389548890e-07 4.755190730065805838e-08 3.039670843918429455e-07 3.136024417926819297e-07 5.003130809200229123e-06 2.410233901173342019e-05 3.504549113131361082e-06 6.107791250542504713e-07 6.327208552647789475e-07 7.864420012992923148e-07 5.702249268324521836e-07 2.552280875534052029e-07 7.832294386389548890e-07 4.755190730065805838e-08 3.039670843918429455e-07 3.136024417926819297e-07
4.530000000000000000e+03 6.485179255832917988e-06 3.029012441402301192e-05 4.001923571195220575e-06 6.719351972606091294e-07 6.509590093628503382e-07 7.893023621363681741e-07 5.669687084264296573e-07 2.303627155697540729e-07 7.769700687276781537e-07 4.678589959894452477e-08 4.270422664376383182e-07 3.180050782702892320e-07 5.416356998466653749e-06 2.396939999016467482e-05 3.467262558842776343e-06 6.077370358070766088e-07 6.509590093628503382e-07 7.893023621363681741e-07 5.669687084264296573e-07 2.303627155697540729e-07 7.769700687276781537e-07 4.678589959894452477e-08 4.270422664376383182e-07 3.180050782702892320e-07
4.540000000000000000e+03 7.149794691940769553e-05 3.015094807778950781e-05 4.557600732368882746e-06 6.675591066596098244e-07 1.480203536630142480e-05 1.312517611040675547e-06 5.926535777689423412e-07 2.446899429742188659e-07 7.384693958556454163e-07 3.985606156220455887e-08 7.079404440446523950e-06 4.420509185365517624e-07 7.133208418963477015e-05 2.382167804171331227e-05 3.758506409212714061e-06 6.042803306627320126e-07 1.480203536630142480e-05 1.312517611040675547e-06 5.926535777689423412e-07 2.446899429742188659e-07 7.384693958556454163e-07 3.985606156220455887e-08 7.079404440446523950e-06 4.420509185365517624e-07
4.550000000000000000e+03 7.109180558472871780e-03 3.233075767639093101e-05 6.548399687744677067e-05 6.821610440965741873e-07 1.639588386751711369e-03 5.913823406444862485e-05 1.003324086923385039e-06 3.221442602807655931e-05 2.013900711972382851e-06 8.356217051641579019e-09 6.097107543610036373e-04 7.849771463952492923e-06 7.229540962725877762e-03 2.522553950257133693e-05 6.070206291042268276e-05 6.230417284314171411e-07 1.639588386751711369e-03 5.913823406444862485e-05 1.003324086923385039e-06 3.221442602807655931e-05 2.013900711972382851e-06 8.356217051641579019e-09 6.097107543610036373e-04 7.849771463952492923e-06
4.560000000000000000e+03 5.073401262052357197e-04 3.164597001159563661e-05 9.153936844086274505e-06 6.593252805942029227e-07 1.105544724850915372e-04 4.949517006025416777e-06 7.576560960842471104e-07 2.308051762156537734e-06 8.309119721161550842e-07 6.607052682738867588e-08 4.402841659612022340e-05 8.297043336824572179e-07 5.145045579411089420e-04 2.310149284312501550e-05 8.165498911694157869e-06 5.902287512071779929e-07 1.105544724850915372e-04 4.949517006025416777e-06 7.576560960842471104e-07 2.308051762156537734e-06 8.309119721161550842e-07 6.607052682738867588e-08 4.402841659612022340e-05 8.297043336824572179e-07
4.570000000000000000e+03 5.756747559644281864e-04 3.146183735225349665e-05 9.739593224367126822e-06 6.566095862581278197e-07 1.267271145479753613e-04 6.109391961217625067e-06 8.046368975556106307e-07 2.186567826356622390e-06 9.565259233568212949e-07 2.194168580160749116e-08 5.065100413048639894e-05 8.733710501473979093e-07 5.846227286383509636e-04 2.363141356909181923e-05 8.640685337013565004e-06 5.932686235610162839e-07 1.267271145479753613e-04 6.109391961217625067e-06 8.046368975556106307e-07 2.186567826356622390e-06 9.565259233568212949e-07 2.194168580160749116e-08 5.065100413048639894e-05 8.733710501473979093e-07
4.580000000000000000e+03 1.312607055297121406e-04 3.103942799498327076e-05 6.019521151756634936e-06 6.596461616936721839e-07 2.713880348892416805e-05 1.933367457240819931e-06 8.349001632268482354e-07 3.944108755149500212e-07 7.086858886395930313e-07 1.614310995989853836e-08 1.329981114395195618e-05 6.065322963877406437e-07 1.322701573371887207e-04 2.383639730396680534e-05 5.301425517245661467e-06 5.950459467385371681e-07 2.713880348892416805e-05 1.933367457240819931e-06 8.349001632268482354e-07 3.944108755149500212e-07 7.086858886395930313e-07 1.614310995989853836e-08 1.329981114395195618e-05 6.065322963877406437e-07
4.590000000000000000e+03 1.259899181604851037e-05 3.075941640418022871e-05 4.397560587676707655e-06 6.548270903294906020e-07 2.439521949781919830e-06 7.568005457869730890e-07 7.072445100675395224e-07 6.036637500983488280e-07 7.226929596981790382e-07 2.930575071502516948e-08 3.624513738031964749e-07 3.210682280041510239e-07 1.158967188530368730e-05 2.401750680292025208e-05 4.180457835900597274e-06 5.844395332132990006e-07 2.439521949781919830e-06 7.568005457869730890e-07 7.072445100675395224e-07 6.036637500983488280e-07 7.226929596981790382e-07 2.930575071502516948e-08 3.624513738031964749e-07 3.210682280041510239e-07
4.600000000000000000e+03 3.234467658330686390e-05 3.065022247028537095e-05 4.515173259278526530e-06 6.494019544334150851e-07 7.388689027720829472e-06 8.778962978794879746e-07 6.418790121642814483e-07 7.811119075995520689e-07 7.038235025902395137e-07 4.621966809281730093e-08 1.693991862339316867e-06 3.081855481923412299e-07 3.175025267410092056e-05 2.410874367342330515e-05 4.347126377979293466e-06 5.790567456642747857e-07 7.388689027720829472e-06 8.778962978794879746e-07 6.418790121642814483e-07 7.811119075995520689e-07 7.038235025902395137e-07 4.621966809281730093e-08 1.693991862339316867e-06 3.081855481923412299e-07
4.610000000000000000e+03 1.095179322874173522e-05 3.046149868168868124e-05 4.234253538015764207e-06 6.435703312490659300e-07 2.030411224041017704e-06 6.755587378393101972e-07 6.168913273540965747e-07 4.313418173751415452e-07 6.892979058648052160e-07 4.783218798820598749e-08 3.055029935694619780e-07 3.091791143106092932e-07 1.000880456558661535e-05 2.387691529293078929e-05 3.950528025598032400e-06 5.759266628047043923e-07 2.030411224041017704e-06 6.755587378393101972e-07 6.168913273540965747e-07 4.313418173751415452e-07 6.892979058648052160e-07 4.783218798820598749e-08 3.055029935694619780e-07 3.091791143106092932e-07
4.620000000000000000e+03 5.997905645926948637e-06 3.024011857633013278e-05 4.120420726394513622e-06 6.378809871421253774e-07 6.044500082680315245e-07 6.871026130284008104e-07 6.119236104495939799e-07 2.748301426436228212e-07 6.728438961545180064e-07 4.673923470477348019e-08 2.410558010979002574e-07 3.102362597928731702e-07 4.943791736877756193e-06 2.364569445489905775e-05 3.731651304406113923e-06 5.734990509154158644e-07 6.044500082680315245e-07 6.871026130284008104e-07 6.119236104495939799e-07 2.748301426436228212e-07 6.728438961545180064e-07 4.673923470477348019e-08 2.410558010979002574e-07 3.102362597928731702e-07
4.630000000000000000e+03 6.528771791636245325e-06 3.005192593263927847e-05 4.067169811605708674e-06 6.332614930215640925e-07 6.490548116744321305e-07 7.085539550644170959e-07 6.054079335626738612e-07 2.330959887331118807e-07 6.750171337444044184e-07 4.710680556740953762e-08 3.776630421725712949e-07 3.172335993895103456e-07 5.466932179842842743e-06 2.349628812226001173e-05 3.627424575824989006e-06 5.722897640225710347e-07 6.490548116744321305e-07 7.085539550644170959e-07 6.054079335626738612e-07 2.330959887331118807e-07 6.750171337444044184e-07 4.710680556740953762e-08 3.776630421725712949e-07 3.172335993895103456e-07
4.640000000000000000e+03 6.323447450995445251e-06 2.987648986163549125e-05 4.018103027192410082e-06 6.290345027082366869e-07 6.264305625336419325e-07 7.091176712492597289e-07 5.885432869945361745e-07 2.329477837292870390e-07 6.839937327640654985e-07 4.828728705774665286e-08 3.409171824841905618e-07 3.171086291331448592e-07 5.255484211375005543e-06 2.339865932299289852e-05 3.563310883691883646e-06 5.693589741895266343e-07 6.264305625336419325e-07 7.091176712492597289e-07 5.885432869945361745e-07 2.329477837292870390e-07 6.839937327640654985e-07 4.828728705774665286e-08 3.409171824841905618e-07 3.171086291331448592e-07
4.650000000000000000e+03 6.021301487635355443e-06 2.970671084767673165e-05 3.974820629082387313e-06 6.251223680919792969e-07 5.930639304096985143e-07 7.137550142033433076e-07 5.732062504648638424e-07 2.432675501040648669e-07 6.911755008331965655e-07 4.971755274141287373e-08 2.823016700403968571e-07 3.109468593720521312e-07 4.959505531587637961e-06 2.330641837033908814e-05 3.514568561513442546e-06 5.666376523549843114e-07 5.930639304096985143e-07 7.137550142033433076e-07 5.732062504648638424e-07 2.432675501040648669e-07 6.911755008331965655e-07 4.971755274141287373e-08 2.823016700403968571e-07 3.109468593720521312e-07
4.660000000000000000e+03 5.867380878044059500e-06 2.954247611341997981e-05 3.937618203053716570e-06 6.212997618604276795e-07 5.833025511492451187e-07 7.139669833122752607e-07 5.606687523140863050e-07 2.480935847870568978e-07 6.981998126320831943e-07 5.126155144807853503e-08 2.518234225590276765e-07 3.092342524269042769e-07 4.811873623111750931e-06 2.319381383131258190e-05 3.473842753010103479e-06 5.632559236801171210e-07 5.833025511492451187e-07 7.139669833122752607e-07 5.606687523140863050e-07 2.480935847870568978e-07 6.981998126320831943e-07 5.126155144807853503e-08 2.518234225590276765e-07 3.092342524269042769e-07
4.670000000000000000e+03 5.790048362541710958e-06 2.938205398095306009e-05 3.903538527083583176e-06 6.175465614433051087e-07 5.803937597192998510e-07 7.141129003684909549e-07 5.508459253178443760e-07 2.517592463391338242e-07 7.038215699139982462e-07 5.169516370528981497e-08 2.377371259854044183e-07 3.070121579185070004e-07 4.742802502732956782e-06 2.308354669366963208e-05 3.435786311456467956e-06 5.600084023171802983e-07 5.803937597192998510e-07 7.141129003684909549e-07 5.508459253178443760e-07 2.517592463391338242e-07 7.038215699139982462e-07 5.169516370528981497e-08 2.377371259854044183e-07 3.070121579185070004e-07
4.680000000000000000e+03 5.737382252846146002e-06 2.922261228377465159e-05 3.872105935442959890e-06 6.138324124549399130e-07 5.790431032437481917e-07 7.162734050325525459e-07 5.421797482085821684e-07 2.527396532059356105e-07 7.070507876960618887e-07 5.149426840489468304e-08 2.320670375866029644e-07 3.053530974739260273e-07 4.696779342339141294e-06 2.297900209669023752e-05 3.400637297090725042e-06 5.567405310102913063e-07 5.790431032437481917e-07 7.162734050325525459e-07 5.421797482085821684e-07 2.527396532059356105e-07 7.070507876960618887e-07 5.149426840489468304e-08 2.320670375866029644e-07 3.053530974739260273e-07
4.690000000000000000e+03 5.692326340067666024e-06 2.906561712734401226e-05 3.841933448711642995e-06 6.102291649767721538e-07 5.782870289294805843e-07 7.168266051849059295e-07 5.344472242541087326e-07 2.524506044210284017e-07 7.096074909895833116e-07 5.112690715236567485e-08 2.291786245223192964e-07 3.044197001145221293e-07 4.657926638174103573e-06 2.287114875798579305e-05 3.368116949786781333e-06 5.535645186682813801e-07 5.782870289294805843e-07 7.168266051849059295e-07 5.344472242541087326e-07 2.524506044210284017e-07 7.096074909895833116e-07 5.112690715236567485e-08 2.291786245223192964e-07 3.044197001145221293e-07
4.700000000000000000e+03 5.651091214531334117e-06 2.890979340008925647e-05 3.813141802311292849e-06 6.067384674679487944e-07 5.769871904703904875e-07 7.172342293415567838e-07 5.271197096590185538e-07 2.521100839203427313e-07 7.112976163625717163e-07 5.069751551900480990e-08 2.273661721119424328e-07 3.034093367659806972e-07 4.622604137693997473e-06 2.276308623549994081e-05 3.338307124067796394e-06 5.504895170815871097e-07 5.769871904703904875e-07 7.172342293415567838e-07 5.271197096590185538e-07 2.521100839203427313e-07 7.112976163625717163e-07 5.069751551900480990e-08 2.273661721119424328e-07 3.034093367659806972e-07
4.710000000000000000e+03 5.612890618067467585e-06 2.875477730412967503e-05 3.785783519560936838e-06 6.033275781192060094e-07 5.759341661359940190e-07 7.170249887167301495e-07 5.201869726079166867e-07 2.516514996386831626e-07 7.123337013581476640e-07 5.015641946215509961e-08 2.256775530895538395e-07 3.024218813152401708e-07 4.590163825923809782e-06 2.265670809720177203e-05 3.310721012894646265e-06 5.474835234053898603e-07 5.759341661359940190e-07 7.170249887167301495e-07 5.201869726079166867e-07 2.516514996386831626e-07 7.123337013581476640e-07 5.015641946215509961e-08 2.256775530895538395e-07 3.024218813152401708e-07
4.720000000000000000e+03 5.577182491833809763e-06 2.860068343579769135e-05 3.759429546335013583e-06 5.999642098686308600e-07 5.739801167692348827e-07 7.161835924307524692e-07 5.136716367815097328e-07 2.511138461613882100e-07 7.129335131139669102e-07 4.957162857976982195e-08 2.245377572762663476e-07 3.014431513292947784e-07 4.560164597933180630e-06 2.255013896501623094e-05 3.284760168753564358e-06 5.445321562547178473e-07 5.739801167692348827e-07 7.161835924307524692e-07 5.136716367815097328e-07 2.511138461613882100e-07 7.129335131139669102e-07 4.957162857976982195e-08 2.245377572762663476e-07 3.014431513292947784e-07
4.730000000000000000e+03 5.543127826967975125e-06 2.844692608050536364e-05 3.734041001735022292e-06 5.966239768895320594e-07 5.711164590138650965e-07 7.152756325012887828e-07 5.074920750303135719e-07 2.499412232737086015e-07 7.131690153983072378e-07 4.896969585388433188e-08 2.245863015559734777e-07 3.006081215062295087e-07 4.531337708613136783e-06 2.244245661131571978e-05 3.260004177718656138e-06 5.415948862719233148e-07 5.711164590138650965e-07 7.152756325012887828e-07 5.074920750303135719e-07 2.499412232737086015e-07 7.131690153983072378e-07 4.896969585388433188e-08 2.245863015559734777e-07 3.006081215062295087e-07
4.740000000000000000e+03 5.510274604603182524e-06 2.829368713719304651e-05 3.709513293870259076e-06 5.932996600677142851e-07 5.675917122971441131e-07 7.143146376620279625e-07 5.016731279283703770e-07 2.484962351445574313e-07 7.129979167075362056e-07 4.834203437553696858e-08 2.254769100318299024e-07 2.999047694629553007e-07 4.503475338424323127e-06 2.233463419543113559e-05 3.236267730244435370e-06 5.386734187595720869e-07 5.675917122971441131e-07 7.143146376620279625e-07 5.016731279283703770e-07 2.484962351445574313e-07 7.129979167075362056e-07 4.834203437553696858e-08 2.254769100318299024e-07 2.999047694629553007e-07
4.750000000000000000e+03 5.478726961882784963e-06 2.814114668581169099e-05 3.685632236738456413e-06 5.899846087231708225e-07 5.638121365336701274e-07 7.131732786547217984e-07 4.960235742146323901e-07 2.472226299232715974e-07 7.126520813471870497e-07 4.773587392037370591e-08 2.258979918678960530e-07 2.991035614741122117e-07 4.476695266930619255e-06 2.222635885118506849e-05 3.213558784409542568e-06 5.357470058697799686e-07 5.638121365336701274e-07 7.131732786547217984e-07 4.960235742146323901e-07 2.472226299232715974e-07 7.126520813471870497e-07 4.773587392037370591e-08 2.258979918678960530e-07 2.991035614741122117e-07
4.760000000000000000e+03 5.448307092592585832e-06 2.798923924274276942e-05 3.662390554382000118e-06 5.866760943717963528e-07 5.603995987257803790e-07 7.118680969142587855e-07 4.905722903458809014e-07 2.460111261370911961e-07 7.120669351934338920e-07 4.715068868677008140e-08 2.256915507814483135e-07 2.983004208090278553e-07 4.451076165423728526e-06 2.211785431427415460e-05 3.191738187524606474e-06 5.328186603037465829e-07 5.603995987257803790e-07 7.118680969142587855e-07 4.905722903458809014e-07 2.460111261370911961e-07 7.120669351934338920e-07 4.715068868677008140e-08 2.256915507814483135e-07 2.983004208090278553e-07
4.770000000000000000e+03 5.418867203843547031e-06 2.783799027383793145e-05 3.639655005827080458e-06 5.833696832269197330e-07 5.570702228396839928e-07 7.103525945240107831e-07 4.852578854297462385e-07 2.448763325446634553e-07 7.113064270924951416e-07 4.660147467916431196e-08 2.252043458383923280e-07 2.975269524085888406e-07 4.426399300427874550e-06 2.200889684900175780e-05 3.170612217218149453e-06 5.298833798406121787e-07 5.570702228396839928e-07 7.103525945240107831e-07 4.852578854297462385e-07 2.448763325446634553e-07 7.113064270924951416e-07 4.660147467916431196e-08 2.252043458383923280e-07 2.975269524085888406e-07
4.780000000000000000e+03 5.390305886976420879e-06 2.768741433101240546e-05 3.617445599957136437e-06 5.800633289254619740e-07 5.536691105589852668e-07 7.088191296134027652e-07 4.800878627975180279e-07 2.438912645175150828e-07 7.104695782800263260e-07 4.608262216265757161e-08 2.243652090783143649e-07 2.966291106076823780e-07 4.402405920700402930e-06 2.189987935707904398e-05 3.150181100863846950e-06 5.269412213237956166e-07 5.536691105589852668e-07 7.088191296134027652e-07 4.800878627975180279e-07 2.438912645175150828e-07 7.104695782800263260e-07 4.608262216265757161e-08 2.243652090783143649e-07 2.966291106076823780e-07
4.790000000000000000e+03 5.362418960430659354e-06 2.753761509666219354e-05 3.595697990022017621e-06 5.767540756096423138e-07 5.500286874848825391e-07 7.071392360558093060e-07 4.750342839088261826e-07 2.428545826660410967e-07 7.093868248375656549e-07 4.560180499879606941e-08 2.237633509594161296e-07 2.959295386517624138e-07 4.379025540401926264e-06 2.179094735765829682e-05 3.130223603875492699e-06 5.239895699560292996e-07 5.500286874848825391e-07 7.071392360558093060e-07 4.750342839088261826e-07 2.428545826660410967e-07 7.093868248375656549e-07 4.560180499879606941e-08 2.237633509594161296e-07 2.959295386517624138e-07
4.800000000000000000e+03 5.335095920599997044e-06 2.738841067184694111e-05 3.574397624106495641e-06 5.734396495427063201e-07 5.465723802444699686e-07 7.054276807139103767e-07 4.701178966115548974e-07 2.418171618501219200e-07 7.082719548634486273e-07 4.515221618817122362e-08 2.229153324151411653e-07 2.950677071567042731e-07 4.356163117336109281e-06 2.168172068195417523e-05 3.110744955847621895e-06 5.210296762925281655e-07 5.465723802444699686e-07 7.054276807139103767e-07 4.701178966115548974e-07 2.418171618501219200e-07 7.082719548634486273e-07 4.515221618817122362e-08 2.229153324151411653e-07 2.950677071567042731e-07
4.810000000000000000e+03 5.308402705850312486e-06 2.723985562624875456e-05 3.553459464455954731e-06 5.701206760022614617e-07 5.429392331279814243e-07 7.036240390334569383e-07 4.653039127333613578e-07 2.409027786143269623e-07 7.069457410580071155e-07 4.474308568092055793e-08 2.219756964905172936e-07 2.943582728676119586e-07 4.333737706474494189e-06 2.157290873583406210e-05 3.091699682045145892e-06 5.180585276320925914e-07 5.429392331279814243e-07 7.036240390334569383e-07 4.653039127333613578e-07 2.409027786143269623e-07 7.069457410580071155e-07 4.474308568092055793e-08 2.219756964905172936e-07 2.943582728676119586e-07
4.820000000000000000e+03 5.282255187921691686e-06 2.709212640183977783e-05 3.532925575200351886e-06 5.667948244081344455e-07 5.391711965785361826e-07 7.017532084319100250e-07 4.606071968282776652e-07 2.398641072431928478e-07 7.056158892737585120e-07 4.436274636532289151e-08 2.211373271165939514e-07 2.935442466878157575e-07 4.311784323363099247e-06 2.146369479305576533e-05 3.073005927944905125e-06 5.150765218786546029e-07 5.391711965785361826e-07 7.017532084319100250e-07 4.606071968282776652e-07 2.398641072431928478e-07 7.056158892737585120e-07 4.436274636532289151e-08 2.211373271165939514e-07 2.935442466878157575e-07
4.830000000000000000e+03 5.256498297967482358e-06 2.694506838452070951e-05 3.512687044349149801e-06 5.634619242300686892e-07 5.361716262086702045e-07 7.000223263275984209e-07 4.559599915410217363e-07 2.391478233221278060e-07 7.041637672955403104e-07 4.402514974799487391e-08 2.193224020174966427e-07 2.927831133092695381e-07 4.290433935238979757e-06 2.135491922672372311e-05 3.054819444514578208e-06 5.120861032992252149e-07 5.361716262086702045e-07 7.000223263275984209e-07 4.559599915410217363e-07 2.391478233221278060e-07 7.041637672955403104e-07 4.402514974799487391e-08 2.193224020174966427e-07 2.927831133092695381e-07
4.840000000000000000e+03 5.231116119830403477e-06 2.679867066035512835e-05 3.492854148134938441e-06 5.601203838523360901e-07 5.322712581801170018e-07 6.980357056818320416e-07 4.514547242706612451e-07 2.379540262609225465e-07 7.025840886853984557e-07 4.371105433165212162e-08 2.186878163001892972e-07 2.919240102983167162e-07 4.268964403308928013e-06 2.124593629559967667e-05 3.036739826711709611e-06 5.090832360110653099e-07 5.322712581801170018e-07 6.980357056818320416e-07 4.514547242706612451e-07 2.379540262609225465e-07 7.025840886853984557e-07 4.371105433165212162e-08 2.186878163001892972e-07 2.919240102983167162e-07
4.850000000000000000e+03 5.206085916142910719e-06 2.665300053195096552e-05 3.473304786894004792e-06 5.567711127696384210e-07 5.286067334964172915e-07 6.961124086046766024e-07 4.469978307497513015e-07 2.371509566501117661e-07 7.009504656707576942e-07 4.343137760542958858e-08 2.172300952452133060e-07 2.912644845309841912e-07 4.248067853040993214e-06 2.113724440278019756e-05 3.019113592017674819e-06 5.060713306193065364e-07 5.286067334964172915e-07 6.961124086046766024e-07 4.469978307497513015e-07 2.371509566501117661e-07 7.009504656707576942e-07 4.343137760542958858e-08 2.172300952452133060e-07 2.912644845309841912e-07
4.860000000000000000e+03 5.181459528103005141e-06 2.650812348292674869e-05 3.454041916484129615e-06 5.534126330530853011e-07 5.250767003417422529e-07 6.941571086827025283e-07 4.426085240538668586e-07 2.362989732773712603e-07 6.992951853135309648e-07 4.318177460049810179e-08 2.160918057825256255e-07 2.904588711771793896e-07 4.227318640914745629e-06 2.102881262544542551e-05 3.001764753207680769e-06 5.030486249779642094e-07 5.250767003417422529e-07 6.941571086827025283e-07 4.426085240538668586e-07 2.362989732773712603e-07 6.992951853135309648e-07 4.318177460049810179e-08 2.160918057825256255e-07 2.904588711771793896e-07
4.870000000000000000e+03 5.157129180588526651e-06 2.636387216625735164e-05 3.435066219026339240e-06 5.500463657881482504e-07 5.216299427956982981e-07 6.920437840562954079e-07 4.383236102967202896e-07 2.354956336603208911e-07 6.975280371079861652e-07 4.295306865742531954e-08 2.144499262612953316e-07 2.897445767757744761e-07 4.206958692520856857e-06 2.092073737003374845e-05 2.984706952702254057e-06 5.000168243896041531e-07 5.216299427956982981e-07 6.920437840562954079e-07 4.383236102967202896e-07 2.354956336603208911e-07 6.975280371079861652e-07 4.295306865742531954e-08 2.144499262612953316e-07 2.897445767757744761e-07
4.880000000000000000e+03 5.133239028509706259e-06 2.622031206556130201e-05 3.416264462430262938e-06 5.466702077683294192e-07 5.186666385270655155e-07 6.900492621753073763e-07 4.340945451986044645e-07 2.349162429027273902e-07 6.957450295885792002e-07 4.276576603956527833e-08 2.121071105420924141e-07 2.889683514695207123e-07 4.187045306025538594e-06 2.081277125398628414e-05 2.967988848467939533e-06 4.969714382241363637e-07 5.186666385270655155e-07 6.900492621753073763e-07 4.340945451986044645e-07 2.349162429027273902e-07 6.957450295885792002e-07 4.276576603956527833e-08 2.121071105420924141e-07 2.889683514695207123e-07
4.890000000000000000e+03 5.111882728670025244e-06 2.607755050121340901e-05 3.397449972908361815e-06 5.432858074527757708e-07 5.188080081097723451e-07 6.879054694763908628e-07 4.298186411233473336e-07 2.357466541980102193e-07 6.941830861251219176e-07 4.262501818175223889e-08 2.058523023151792586e-07 2.879922078591334866e-07 4.170461124886060134e-06 2.070511072815861553e-05 2.952123168142861687e-06 4.939166160511376802e-07 5.188080081097723451e-07 6.879054694763908628e-07 4.298186411233473336e-07 2.357466541980102193e-07 6.941830861251219176e-07 4.262501818175223889e-08 2.058523023151792586e-07 2.879922078591334866e-07
4.900000000000000000e+03 5.227661404205719009e-06 2.593543649709317833e-05 3.376698714419035241e-06 5.399139695327903610e-07 5.744242344007943757e-07 6.861311590000696015e-07 4.246694516041316092e-07 2.502656286651472328e-07 6.947066140128299594e-07 4.276519405266299145e-08 1.711028687623183941e-07 2.847992561783030396e-07 4.300464752304833382e-06 2.059919461316894740e-05 2.942837454611435533e-06 4.908525852442835458e-07 5.744242344007943757e-07 6.861311590000696015e-07 4.246694516041316092e-07 2.502656286651472328e-07 6.947066140128299594e-07 4.276519405266299145e-08 1.711028687623183941e-07 2.847992561783030396e-07
4.910000000000000000e+03 2.597336424514651299e-05 2.580579894129186869e-05 3.503076413835515268e-06 5.368910933611914515e-07 5.757500275649363175e-06 8.412513352595851757e-07 4.072527133303083247e-07 5.619783678412204608e-07 7.311849685720517300e-07 4.653672647236817284e-08 1.349447188658814412e-06 2.702908830087835668e-07 2.550771569076459855e-05 2.052298805210739374e-05 3.190210236425627954e-06 4.878623940385296009e-07 5.757500275649363175e-06 8.412513352595851757e-07 4.072527133303083247e-07 5.619783678412204608e-07 7.311849685720517300e-07 4.653672647236817284e-08 1.349447188658814412e-06 2.702908830087835668e-07
4.920000000000000000e+03 4.393341019749641418e-03 3.021623342647217214e-05 4.493489541346207261e-05 5.551527237912523560e-07 1.031962456181645393e-03 3.429597563808783889e-05 2.643686514147702837e-07 3.050270788662601262e-05 2.685189883777638897e-06 1.324182647977067973e-07 3.671482554636895657e-04 3.846668278129072860e-06 4.467891063541173935e-03 2.519876215956173837e-05 4.512968371273018420e-05 5.016780164623924065e-07 1.031962456181645393e-03 3.429597563808783889e-05 2.643686514147702837e-07 3.050270788662601262e-05 2.685189883777638897e-06 1.324182647977067973e-07 3.671482554636895657e-04 3.846668278129072860e-06
4.930000000000000000e+03 6.826347089372575283e-04 2.728997242229525000e-05 1.087516557163326070e-05 5.335922992344421800e-07 1.502712548244744539e-04 7.078687758621526882e-06 6.141549988569749985e-07 3.152113549731438980e-06 8.196943781513255090e-07 6.934597962526822812e-08 5.251505353953689337e-05 8.435035283582692500e-07 6.940163439139723778e-04 2.015321297221817076e-05 9.923384823196101934e-06 4.803327442459703889e-07 1.502712548244744539e-04 7.078687758621526882e-06 6.141549988569749985e-07 3.152113549731438980e-06 8.196943781513255090e-07 6.934597962526822812e-08 5.251505353953689337e-05 8.435035283582692500e-07
4.940000000000000000e+03 3.744567948160693049e-05 2.663443774508778006e-05 4.261881258571520448e-06 5.269777716421231162e-07 9.301343197876121849e-06 1.155650238615635317e-06 5.443675377136969473e-07 1.216559098793368321e-06 7.765816008031833917e-07 4.346005155753118743e-08 2.227479399152798578e-06 3.687683260977792088e-07 3.655118780443444848e-05 2.003343615797348320e-05 4.136243205721257254e-06 4.766961865243501961e-07 9.301343197876121849e-06 1.155650238615635317e-06 5.443675377136969473e-07 1.216559098793368321e-06 7.765816008031833917e-07 4.346005155753118743e-08 2.227479399152798578e-06 3.687683260977792088e-07
4.950000000000000000e+03 2.734480658546090126e-04 2.668708111741580069e-05 5.790873274236219004e-06 5.320231366567895748e-07 6.626254617003723979e-05 2.520189354981994256e-06 5.691711635336105246e-07 3.630633727880194783e-06 9.859204510576091707e-07 2.608700278017295204e-08 1.978168256755452603e-05 4.058917113525239984e-07 2.765998069662600756e-04 2.069888978439848870e-05 5.821593276778003201e-06 4.813098826161876787e-07 6.626254617003723979e-05 2.520189354981994256e-06 5.691711635336105246e-07 3.630633727880194783e-06 9.859204510576091707e-07 2.608700278017295204e-08 1.978168256755452603e-05 4.058917113525239984e-07
4.960000000000000000e+03 1.594771310919895768e-05 2.652461807883810252e-05 3.806025461017270572e-06 5.264543005978339352e-07 3.162781013088533655e-06 7.190375868049159180e-07 5.573247108259238303e-07 7.117217251106922049e-07 6.440503739213454537e-07 3.216959498786309268e-08 5.160049454389081802e-07 2.953719047127378872e-07 1.507527849753387272e-05 2.078399666061159223e-05 3.629698767326772213e-06 4.724499262920289766e-07 3.162781013088533655e-06 7.190375868049159180e-07 5.573247108259238303e-07 7.117217251106922049e-07 6.440503739213454537e-07 3.216959498786309268e-08 5.160049454389081802e-07 2.953719047127378872e-07
4.970000000000000000e+03 2.807474083965644240e-05 2.646240864123683423e-05 3.941419436159776524e-06 5.205557727094856091e-07 5.512214556802064180e-06 8.150856274369289167e-07 5.367751327867154032e-07 1.871630246341737802e-07 5.644361067425052170e-07 4.119228336207925167e-08 2.810204705383512191e-06 3.627921785209764494e-07 2.754761771939229220e-05 2.082659557345323265e-05 3.532275286488584243e-06 4.685965393491642317e-07 5.512214556802064180e-06 8.150856274369289167e-07 5.367751327867154032e-07 1.871630246341737802e-07 5.644361067425052170e-07 4.119228336207925167e-08 2.810204705383512191e-06 3.627921785209764494e-07
4.980000000000000000e+03 1.286426413571462035e-05 2.622949250508099794e-05 3.708276608449523337e-06 5.151055120222736150e-07 2.144105337720247917e-06 6.694309604426962323e-07 4.961376589562860318e-07 1.803850580017751781e-07 5.682873052137438208e-07 4.628994787481133244e-08 1.273275643143279012e-06 3.140585249639116228e-07 1.202133171318564564e-05 2.061096893157809973e-05 3.307426140963798389e-06 4.647708635729941307e-07 2.144105337720247917e-06 6.694309604426962323e-07 4.961376589562860318e-07 1.803850580017751781e-07 5.682873052137438208e-07 4.628994787481133244e-08 1.273275643143279012e-06 3.140585249639116228e-07
4.990000000000000000e+03 5.212946234678383917e-06 2.603065331641118973e-05 3.518787480061291717e-06 5.102331215312005952e-07 5.432434591057244688e-07 5.972860890324227512e-07 4.735791776511177886e-07 2.915923573709733319e-07 5.957950293122848962e-07 5.046401696517932578e-08 1.251596160045664874e-07 2.851336091680423124e-07 4.274726052244659513e-06 2.036709520325530320e-05 3.174756329826777801e-06 4.637135475604736712e-07 5.432434591057244688e-07 5.972860890324227512e-07 4.735791776511177886e-07 2.915923573709733319e-07 5.957950293122848962e-07 5.046401696517932578e-08 1.251596160045664874e-07 2.851336091680423124e-07
5.000000000000000000e+03 6.315702648862497881e-06 2.586061054898891598e-05 3.466469479462830350e-06 5.058466854279686231e-07 8.498133183820755221e-07 6.244014798539865296e-07 4.613550288468104554e-07 3.364733629496186040e-07 6.091894420023891144e-07 5.197145114266277233e-08 1.122295572031362099e-07 2.772476079826446949e-07 5.417975899035809562e-06 2.025822686846368015e-05 3.122975385849713348e-06 4.612285238181357272e-07 8.498133183820755221e-07 6.244014798539865296e-07 4.613550288468104554e-07 3.364733629496186040e-07 6.091894420023891144e-07 5.197145114266277233e-08 1.122295572031362099e-07 2.772476079826446949e-07
