# step, loss_train, loss_test, metrics_test
0.000000000000000000e+00 7.701714634895324707e-01 7.171022891998291016e-02 2.261585369706153870e-02 7.644050492672249675e-05 2.025405913591384888e-01 1.603209525346755981e-01 6.156698218546807766e-04 5.456286482512950897e-03 2.971480134874582291e-03 4.871770215686410666e-05 1.853204071521759033e-01 5.536074750125408173e-04 7.577654123306274414e-01 6.826806813478469849e-02 2.273663133382797241e-02 7.611812907271087170e-05 2.025405913591384888e-01 1.603209525346755981e-01 6.156698218546807766e-04 5.456286482512950897e-03 2.971480134874582291e-03 4.871770215686410666e-05 1.853204071521759033e-01 5.536074750125408173e-04
1.000000000000000000e+01 4.496758803725242615e-02 3.878590837121009827e-02 1.311292289756238461e-03 1.180813524115364999e-05 1.087399479001760483e-02 8.519911766052246094e-02 3.188048023730516434e-03 6.127489614300429821e-04 6.013557780534029007e-03 1.187551697512390092e-05 7.345877122133970261e-03 1.436303742229938507e-02 4.479682818055152893e-02 3.656850010156631470e-02 1.275746384635567665e-03 1.182691175927175209e-05 1.087399479001760483e-02 8.519911766052246094e-02 3.188048023730516434e-03 6.127489614300429821e-04 6.013557780534029007e-03 1.187551697512390092e-05 7.345877122133970261e-03 1.436303742229938507e-02
2.000000000000000000e+01 2.101378515362739563e-03 2.821414545178413391e-02 9.847294859355315566e-05 2.096741445711813867e-05 4.365363623946905136e-03 6.013483926653862000e-02 2.673608949407935143e-03 1.216868913616053760e-04 7.183957844972610474e-03 9.627391591493505985e-06 5.844249972142279148e-04 1.829549297690391541e-02 2.001086017116904259e-03 2.598940581083297729e-02 8.198866999009624124e-05 2.121626312145963311e-05 4.365363623946905136e-03 6.013483926653862000e-02 2.673608949407935143e-03 1.216868913616053760e-04 7.183957844972610474e-03 9.627391591493505985e-06 5.844249972142279148e-04 1.829549297690391541e-02
3.000000000000000000e+01 2.036795951426029205e-03 2.599340677261352539e-02 6.388324982253834605e-05 1.985612288990523666e-05 4.772185813635587692e-03 5.001996830105781555e-02 2.503595547750592232e-03 6.234365719137713313e-05 5.337007343769073486e-03 1.183464610221562907e-05 2.433321969874668866e-05 1.144854584708809853e-03 1.975554507225751877e-03 2.357217855751514435e-02 5.212888936512172222e-05 2.006846625590696931e-05 4.772185813635587692e-03 5.001996830105781555e-02 2.503595547750592232e-03 6.234365719137713313e-05 5.337007343769073486e-03 1.183464610221562907e-05 2.433321969874668866e-05 1.144854584708809853e-03
4.000000000000000000e+01 2.945126732811331749e-03 1.750709302723407745e-02 9.060650336323305964e-05 1.722230808809399605e-05 4.431318026036024094e-03 2.515273168683052063e-02 2.646428532898426056e-03 4.528087447397410870e-05 4.338080994784832001e-03 1.364227409794693813e-05 5.637115100398659706e-04 7.810431998223066330e-03 2.717763418331742287e-03 1.475190185010433197e-02 7.798231672495603561e-05 1.730708936520386487e-05 4.431318026036024094e-03 2.515273168683052063e-02 2.646428532898426056e-03 4.528087447397410870e-05 4.338080994784832001e-03 1.364227409794693813e-05 5.637115100398659706e-04 7.810431998223066330e-03
5.000000000000000000e+01 1.971090445294976234e-03 1.550349872559309006e-02 6.639245111728087068e-05 1.900166535051539540e-05 4.987843800336122513e-03 1.488861348479986191e-02 2.639925573021173477e-03 6.900161224621115252e-06 2.752089640125632286e-03 1.562021680001635104e-05 3.633896994870156050e-05 1.959068002179265022e-03 1.864482997916638851e-03 1.238139439374208450e-02 5.690519901691004634e-05 1.903950942505616695e-05 4.987843800336122513e-03 1.488861348479986191e-02 2.639925573021173477e-03 6.900161224621115252e-06 2.752089640125632286e-03 1.562021680001635104e-05 3.633896994870156050e-05 1.959068002179265022e-03
6.000000000000000000e+01 1.126507995650172234e-03 1.265267841517925262e-02 1.092808306566439569e-04 1.805583087843842804e-05 3.658806672319769859e-03 7.214102428406476974e-03 2.620464190840721130e-03 9.890859473671298474e-06 2.128576161339879036e-03 1.592213629919569939e-05 8.044091373449191451e-05 2.241307171061635017e-03 1.060568960383534431e-03 9.373897686600685120e-03 1.013860019156709313e-04 1.790357055142521858e-05 3.658806672319769859e-03 7.214102428406476974e-03 2.620464190840721130e-03 9.890859473671298474e-06 2.128576161339879036e-03 1.592213629919569939e-05 8.044091373449191451e-05 2.241307171061635017e-03
7.000000000000000000e+01 9.960948955267667770e-04 1.137008517980575562e-02 1.383296621497720480e-04 1.835318653320427984e-05 3.136904910206794739e-03 3.552980720996856689e-03 2.473431872203946114e-03 1.503260955360019580e-05 1.154672703705728054e-03 1.217771205119788647e-05 1.803354643925558776e-05 2.319396706297993660e-03 9.629649575799703598e-04 7.764121051877737045e-03 1.306532940361648798e-04 1.772667565091978759e-05 3.136904910206794739e-03 3.552980720996856689e-03 2.473431872203946114e-03 1.503260955360019580e-05 1.154672703705728054e-03 1.217771205119788647e-05 1.803354643925558776e-05 2.319396706297993660e-03
8.000000000000000000e+01 8.893125341273844242e-04 1.039155758917331696e-02 1.424474758096039295e-04 1.871078711701557040e-05 2.887188456952571869e-03 2.196009270846843719e-03 2.266213297843933105e-03 4.561021341942250729e-06 7.856023730710148811e-04 5.162862635188503191e-06 3.154891601298004389e-07 2.004117704927921295e-03 8.601152221672236919e-04 6.647378206253051758e-03 1.369978708680719137e-04 1.779533522494602948e-05 2.887188456952571869e-03 2.196009270846843719e-03 2.266213297843933105e-03 4.561021341942250729e-06 7.856023730710148811e-04 5.162862635188503191e-06 3.154891601298004389e-07 2.004117704927921295e-03
9.000000000000000000e+01 7.728463388048112392e-04 9.540917351841926575e-03 1.485477405367419124e-04 1.856808012234978378e-05 2.648694440722465515e-03 2.110184868797659874e-03 2.034188481047749519e-03 3.354882665007608011e-06 8.464067359454929829e-04 2.699520791793474928e-06 1.290694308409001678e-05 1.676278770901262760e-03 7.422572816722095013e-04 5.887138657271862030e-03 1.460326602682471275e-04 1.706078546703793108e-05 2.648694440722465515e-03 2.110184868797659874e-03 2.034188481047749519e-03 3.354882665007608011e-06 8.464067359454929829e-04 2.699520791793474928e-06 1.290694308409001678e-05 1.676278770901262760e-03
1.000000000000000000e+02 8.743429789319634438e-04 9.144642390310764313e-03 1.654979569138959050e-04 1.870253436209168285e-05 2.286632079631090164e-03 1.930539496243000031e-03 1.850710134021937847e-03 4.938081929140025750e-06 8.496494265273213387e-04 1.270575921807903796e-06 3.114685387117788196e-05 1.628846162930130959e-03 8.591781952418386936e-04 5.528674460947513580e-03 1.649378100410103798e-04 1.672075268288608640e-05 2.286632079631090164e-03 1.930539496243000031e-03 1.850710134021937847e-03 4.938081929140025750e-06 8.496494265273213387e-04 1.270575921807903796e-06 3.114685387117788196e-05 1.628846162930130959e-03
1.100000000000000000e+02 9.646179387345910072e-04 8.921144530177116394e-03 1.769867376424372196e-04 1.853542926255613565e-05 2.027620095759630203e-03 1.655820989981293678e-03 1.709705567918717861e-03 4.187296326563227922e-06 8.569120545871555805e-04 5.663048341375542805e-07 3.445809124968945980e-05 1.630133832804858685e-03 9.526138310320675373e-04 5.348936654627323151e-03 1.783696643542498350e-04 1.578022784087806940e-05 2.027620095759630203e-03 1.655820989981293678e-03 1.709705567918717861e-03 4.187296326563227922e-06 8.569120545871555805e-04 5.663048341375542805e-07 3.445809124968945980e-05 1.630133832804858685e-03
1.200000000000000000e+02 9.400404524058103561e-04 8.812599815428256989e-03 1.873885194072499871e-04 1.828291351557709277e-05 1.918862806633114815e-03 1.444095396436750889e-03 1.577118993736803532e-03 3.321897338537382893e-06 8.324849768541753292e-04 2.346571505995598272e-07 4.298261410440318286e-05 1.557855866849422455e-03 9.050884982571005821e-04 5.286121740937232971e-03 1.897667971206828952e-04 1.490336217102594674e-05 1.918862806633114815e-03 1.444095396436750889e-03 1.577118993736803532e-03 3.321897338537382893e-06 8.324849768541753292e-04 2.346571505995598272e-07 4.298261410440318286e-05 1.557855866849422455e-03
1.300000000000000000e+02 9.723852272145450115e-04 8.616944774985313416e-03 2.066604938590899110e-04 1.636691558815073222e-05 1.783762709237635136e-03 1.371042802929878235e-03 1.441021333448588848e-03 3.463821485638618469e-06 8.059474057517945766e-04 1.503974118577389163e-07 4.624876237357966602e-05 1.154362573288381100e-03 9.482190944254398346e-04 5.159602034837007523e-03 2.082334976876154542e-04 1.299295308854198083e-05 1.783762709237635136e-03 1.371042802929878235e-03 1.441021333448588848e-03 3.463821485638618469e-06 8.059474057517945766e-04 1.503974118577389163e-07 4.624876237357966602e-05 1.154362573288381100e-03
1.400000000000000000e+02 9.822932770475745201e-04 8.419222198426723480e-03 2.313919685548171401e-04 1.532119313196744770e-05 1.613165601156651974e-03 1.232994371093809605e-03 1.317129353992640972e-03 1.090362275135703385e-06 7.800012826919555664e-04 1.383334335969266249e-07 9.597553435014560819e-05 7.850828696973621845e-04 9.517005528323352337e-04 5.037169903516769409e-03 2.340013452339917421e-04 1.220090143760899082e-05 1.613165601156651974e-03 1.232994371093809605e-03 1.317129353992640972e-03 1.090362275135703385e-06 7.800012826919555664e-04 1.383334335969266249e-07 9.597553435014560819e-05 7.850828696973621845e-04
1.500000000000000000e+02 9.089172817766666412e-04 8.090524934232234955e-03 2.567463670857250690e-04 1.541203164379112422e-05 1.531528658233582973e-03 1.254175556823611259e-03 1.212173607200384140e-03 1.263592594114015810e-06 7.370997336693108082e-04 7.392632994651648914e-08 7.967489364091306925e-05 3.901208110619336367e-04 8.647752110846340656e-04 4.764846526086330414e-03 2.585282200016081333e-04 1.182362484541954473e-05 1.531528658233582973e-03 1.254175556823611259e-03 1.212173607200384140e-03 1.263592594114015810e-06 7.370997336693108082e-04 7.392632994651648914e-08 7.967489364091306925e-05 3.901208110619336367e-04
1.600000000000000000e+02 8.921257685869932175e-04 7.746302988380193710e-03 2.548963238950818777e-04 1.567428989801555872e-05 1.459141611121594906e-03 1.191700343042612076e-03 1.162194646894931793e-03 1.812261871236842126e-06 6.769425235688686371e-04 1.793666726257470145e-08 6.386327731888741255e-05 3.738715022336691618e-04 8.592057274654507637e-04 4.469361621886491776e-03 2.580080181360244751e-04 1.192683430417673662e-05 1.459141611121594906e-03 1.191700343042612076e-03 1.162194646894931793e-03 1.812261871236842126e-06 6.769425235688686371e-04 1.793666726257470145e-08 6.386327731888741255e-05 3.738715022336691618e-04
1.700000000000000000e+02 8.915850776247680187e-04 7.532482966780662537e-03 2.717414172366261482e-04 1.583387165737804025e-05 1.363107003271579742e-03 1.096314168535172939e-03 1.105541246943175793e-03 1.502319264545803890e-06 6.097177974879741669e-04 3.863965147843373416e-08 1.033672378980554640e-04 3.253885661251842976e-04 8.391511510126292706e-04 4.312450531870126724e-03 2.757039328571408987e-04 1.155632162408437580e-05 1.363107003271579742e-03 1.096314168535172939e-03 1.105541246943175793e-03 1.502319264545803890e-06 6.097177974879741669e-04 3.863965147843373416e-08 1.033672378980554640e-04 3.253885661251842976e-04
1.800000000000000000e+02 8.993255323730409145e-04 7.390962913632392883e-03 2.835880732163786888e-04 1.555263952468521893e-05 1.304378733038902283e-03 9.476646664552390575e-04 1.053426298312842846e-03 2.534470922910259105e-06 5.423116381280124187e-04 1.180477440243521414e-07 7.589511369587853551e-05 2.912206109613180161e-04 8.351525175385177135e-04 4.241295624524354935e-03 2.883032721001654863e-04 1.125018206948880106e-05 1.304378733038902283e-03 9.476646664552390575e-04 1.053426298312842846e-03 2.534470922910259105e-06 5.423116381280124187e-04 1.180477440243521414e-07 7.589511369587853551e-05 2.912206109613180161e-04
1.900000000000000000e+02 8.310924749821424484e-04 7.174590602517127991e-03 2.960549027193337679e-04 1.496108052378986031e-05 1.291709369979798794e-03 8.615663391537964344e-04 1.005475060082972050e-03 3.873972673318348825e-06 4.816969158127903938e-04 2.649319981173903216e-07 8.406268898397684097e-05 2.526441530790179968e-04 7.745084003545343876e-04 4.097234457731246948e-03 3.006404440384358168e-04 1.073787007044302300e-05 1.291709369979798794e-03 8.615663391537964344e-04 1.005475060082972050e-03 3.873972673318348825e-06 4.816969158127903938e-04 2.649319981173903216e-07 8.406268898397684097e-05 2.526441530790179968e-04
2.000000000000000000e+02 8.559286361560225487e-04 6.900110747665166855e-03 3.126683877781033516e-04 1.447722206648904830e-05 1.213846728205680847e-03 8.182614110410213470e-04 9.584093349985778332e-04 3.639427404777961783e-06 4.220965784043073654e-04 3.499245337934553390e-07 7.530888979090377688e-05 2.178143768105655909e-04 8.079453837126493454e-04 3.887841943651437759e-03 3.179668565280735493e-04 1.016615078697213903e-05 1.213846728205680847e-03 8.182614110410213470e-04 9.584093349985778332e-04 3.639427404777961783e-06 4.220965784043073654e-04 3.499245337934553390e-07 7.530888979090377688e-05 2.178143768105655909e-04
2.100000000000000000e+02 8.144517196342349052e-04 6.582264322787523270e-03 3.227718407288193703e-04 1.394894024997483939e-05 1.156689948402345181e-03 7.541511440649628639e-04 9.236994083039462566e-04 3.165568386975792237e-06 3.388398326933383942e-04 5.381108962865255307e-07 9.457053965888917446e-05 1.814384741010144353e-04 7.606074796058237553e-04 3.628515172749757767e-03 3.282546240370720625e-04 9.496528036834206432e-06 1.156689948402345181e-03 7.541511440649628639e-04 9.236994083039462566e-04 3.165568386975792237e-06 3.388398326933383942e-04 5.381108962865255307e-07 9.457053965888917446e-05 1.814384741010144353e-04
2.200000000000000000e+02 8.132912917062640190e-04 6.163242738693952560e-03 3.311608161311596632e-04 1.308115406573051587e-05 1.090185483917593956e-03 7.195521029643714428e-04 8.851244929246604443e-04 5.579780463449424133e-06 3.096220898441970348e-04 9.490332786299404688e-07 8.927165617933496833e-05 1.428989926353096962e-04 7.703371811658143997e-04 3.329776227474212646e-03 3.354489163029938936e-04 8.873898877936881036e-06 1.090185483917593956e-03 7.195521029643714428e-04 8.851244929246604443e-04 5.579780463449424133e-06 3.096220898441970348e-04 9.490332786299404688e-07 8.927165617933496833e-05 1.428989926353096962e-04
2.300000000000000000e+02 7.749873911961913109e-04 5.750365089625120163e-03 3.422161680646240711e-04 1.284885274799307808e-05 1.007770420983433723e-03 6.622152286581695080e-04 8.498560637235641479e-04 5.025003247283166274e-06 2.857400395441800356e-04 1.367227127957448829e-06 8.654043631395325065e-05 1.061811708495952189e-04 7.255004020407795906e-04 3.060117363929748535e-03 3.436649567447602749e-04 8.293187420349568129e-06 1.007770420983433723e-03 6.622152286581695080e-04 8.498560637235641479e-04 5.025003247283166274e-06 2.857400395441800356e-04 1.367227127957448829e-06 8.654043631395325065e-05 1.061811708495952189e-04
2.400000000000000000e+02 7.764960173517465591e-04 5.374957341700792313e-03 3.550452529452741146e-04 1.270186749025015160e-05 9.424931486137211323e-04 5.928266909904778004e-04 8.113913354463875294e-04 6.120043508417438716e-06 2.513399231247603893e-04 1.802522433536069002e-06 9.265661356039345264e-05 7.569730223622173071e-05 7.230025948956608772e-04 2.819884568452835083e-03 3.549128014128655195e-04 8.356308171642012894e-06 9.424931486137211323e-04 5.928266909904778004e-04 8.113913354463875294e-04 6.120043508417438716e-06 2.513399231247603893e-04 1.802522433536069002e-06 9.265661356039345264e-05 7.569730223622173071e-05
2.500000000000000000e+02 7.753857644274830818e-04 4.958576057106256485e-03 3.645349934231489897e-04 1.198361314891371876e-05 8.890837780199944973e-04 5.864553968422114849e-04 7.752563687972724438e-04 5.789589067717315629e-06 2.075934171443805099e-04 2.001272832785616629e-06 8.188725769286975265e-05 5.326409518602304161e-05 7.042405777610838413e-04 2.536698011681437492e-03 3.600808850023895502e-04 8.326212991960346699e-06 8.890837780199944973e-04 5.864553968422114849e-04 7.752563687972724438e-04 5.789589067717315629e-06 2.075934171443805099e-04 2.001272832785616629e-06 8.188725769286975265e-05 5.326409518602304161e-05
2.600000000000000000e+02 7.315156981348991394e-04 4.620174411684274673e-03 3.814613737631589174e-04 1.123846777772996575e-05 8.618832798674702644e-04 5.484775756485760212e-04 7.395109860226511955e-04 5.875247097719693556e-06 1.599016395630314946e-04 2.805332997013465501e-06 9.527432121103629470e-05 3.447288690949790180e-05 6.768627208657562733e-04 2.323392545804381371e-03 3.712438629008829594e-04 8.329023330588825047e-06 8.618832798674702644e-04 5.484775756485760212e-04 7.395109860226511955e-04 5.875247097719693556e-06 1.599016395630314946e-04 2.805332997013465501e-06 9.527432121103629470e-05 3.447288690949790180e-05
2.700000000000000000e+02 7.514781900681555271e-04 4.242747556418180466e-03 3.968531673308461905e-04 1.099445671570720151e-05 8.124480955302715302e-04 5.321886274032294750e-04 7.059077615849673748e-04 5.798341135232476518e-06 1.324733893852680922e-04 3.750838686755741946e-06 8.892416371963918209e-05 2.112228139594662935e-05 6.888948264531791210e-04 2.074368065223097801e-03 3.786911838687956333e-04 7.913563422334846109e-06 8.124480955302715302e-04 5.321886274032294750e-04 7.059077615849673748e-04 5.798341135232476518e-06 1.324733893852680922e-04 3.750838686755741946e-06 8.892416371963918209e-05 2.112228139594662935e-05
2.800000000000000000e+02 7.553909090347588062e-04 3.932369407266378403e-03 4.075549368280917406e-04 1.057941699400544167e-05 7.792594842612743378e-04 4.933788441121578217e-04 6.744460551999509335e-04 5.473706551128998399e-06 9.934917761711403728e-05 4.099577381566632539e-06 8.844598778523504734e-05 1.076316220860462636e-05 6.466449704021215439e-04 1.888555823825299740e-03 3.843253653030842543e-04 7.637309863639529794e-06 7.792594842612743378e-04 4.933788441121578217e-04 6.744460551999509335e-04 5.473706551128998399e-06 9.934917761711403728e-05 4.099577381566632539e-06 8.844598778523504734e-05 1.076316220860462636e-05
2.900000000000000000e+02 7.770317024551331997e-04 3.631179919466376305e-03 4.149365413468331099e-04 1.184098891826579347e-05 7.633722270838916302e-04 4.461414646357297897e-04 6.405977765098214149e-04 3.759166929739876650e-06 7.914767775218933821e-05 3.926052613678621128e-06 8.797555346973240376e-05 3.102830987700144760e-06 6.297353538684546947e-04 1.720739295706152916e-03 3.894953115377575159e-04 7.275647021742770448e-06 7.633722270838916302e-04 4.461414646357297897e-04 6.405977765098214149e-04 3.759166929739876650e-06 7.914767775218933821e-05 3.926052613678621128e-06 8.797555346973240376e-05 3.102830987700144760e-06
3.000000000000000000e+02 7.323914906010031700e-04 3.323127981275320053e-03 4.251088248565793037e-04 1.106219224311644211e-05 7.348933722823858261e-04 4.099225625395774841e-04 6.059969891794025898e-04 3.478790631561423652e-06 7.828355592209845781e-05 3.588053687053616159e-06 9.152713755611330271e-05 1.977653710127924569e-06 6.329020834527909756e-04 1.558408606797456741e-03 3.982480266131460667e-04 7.183923116826917976e-06 7.348933722823858261e-04 4.099225625395774841e-04 6.059969891794025898e-04 3.478790631561423652e-06 7.828355592209845781e-05 3.588053687053616159e-06 9.152713755611330271e-05 1.977653710127924569e-06
3.100000000000000000e+02 7.027759565971791744e-04 3.047942183911800385e-03 4.235832311678677797e-04 1.126624283642740920e-05 7.231144118122756481e-04 3.660404763650149107e-04 5.751123535446822643e-04 2.648729832799290307e-06 5.512257848749868572e-05 2.522963313822401688e-06 9.672732994658872485e-05 2.442184722895035520e-06 6.022535962983965874e-04 1.409690594300627708e-03 4.034437879454344511e-04 7.072558219078928232e-06 7.231144118122756481e-04 3.660404763650149107e-04 5.751123535446822643e-04 2.648729832799290307e-06 5.512257848749868572e-05 2.522963313822401688e-06 9.672732994658872485e-05 2.442184722895035520e-06
3.200000000000000000e+02 7.061439100652933121e-04 2.766881603747606277e-03 4.233827348798513412e-04 1.070174585038330406e-05 6.925851921550929546e-04 3.302156983409076929e-04 5.486031877808272839e-04 1.332239207840757445e-06 3.845181709039025009e-05 2.160826170438667759e-06 8.779449126450344920e-05 5.134919774718582630e-06 5.979436100460588932e-04 1.266560517251491547e-03 4.054275341331958771e-04 7.237011232064105570e-06 6.925851921550929546e-04 3.302156983409076929e-04 5.486031877808272839e-04 1.332239207840757445e-06 3.845181709039025009e-05 2.160826170438667759e-06 8.779449126450344920e-05 5.134919774718582630e-06
3.300000000000000000e+02 7.008719258010387421e-04 2.481621457263827324e-03 4.439424083102494478e-04 1.138453990279231220e-05 6.382792489603161812e-04 2.956103999167680740e-04 5.238029407337307930e-04 1.086931888494291343e-06 5.840910671395249665e-05 2.239853529317770153e-06 8.154378156177699566e-05 1.249889191967668012e-05 6.006530602462589741e-04 1.122113433666527271e-03 4.251239588484168053e-04 7.524927241320256144e-06 6.382792489603161812e-04 2.956103999167680740e-04 5.238029407337307930e-04 1.086931888494291343e-06 5.840910671395249665e-05 2.239853529317770153e-06 8.154378156177699566e-05 1.249889191967668012e-05
3.400000000000000000e+02 7.090232102200388908e-04 2.253077924251556396e-03 4.530104051809757948e-04 1.183936819870723411e-05 6.210768478922545910e-04 2.621892781462520361e-04 4.982645041309297085e-04 4.926508836433640681e-07 4.445228842087090015e-05 2.137820729330996983e-06 7.950222789077088237e-05 9.396205314260441810e-06 5.616499693132936954e-04 9.917013812810182571e-04 4.335275734774768353e-04 7.832465598767157644e-06 6.210768478922545910e-04 2.621892781462520361e-04 4.982645041309297085e-04 4.926508836433640681e-07 4.445228842087090015e-05 2.137820729330996983e-06 7.950222789077088237e-05 9.396205314260441810e-06
3.500000000000000000e+02 6.641279906034469604e-04 2.052853815257549286e-03 4.632542550098150969e-04 1.147908551502041519e-05 5.811850423924624920e-04 2.277609164593741298e-04 4.728874191641807556e-04 1.685808683760114945e-06 2.557112748036161065e-05 1.931474571392755024e-06 7.621520489919930696e-05 7.280473710125079378e-06 5.210722447372972965e-04 8.745453669689595699e-04 4.438297182787209749e-04 8.064082976488862187e-06 5.811850423924624920e-04 2.277609164593741298e-04 4.728874191641807556e-04 1.685808683760114945e-06 2.557112748036161065e-05 1.931474571392755024e-06 7.621520489919930696e-05 7.280473710125079378e-06
3.600000000000000000e+02 6.324535934254527092e-04 1.843882142566144466e-03 4.727047926280647516e-04 1.123260426538763568e-05 5.582277663052082062e-04 2.173744433093816042e-04 4.498147463891655207e-04 1.363731144010671414e-06 3.479186489130370319e-05 2.007073589993524365e-06 8.063750283326953650e-05 1.222176251758355647e-05 5.006075371056795120e-04 7.697924738749861717e-04 4.447533283382654190e-04 8.472847184748388827e-06 5.582277663052082062e-04 2.173744433093816042e-04 4.498147463891655207e-04 1.363731144010671414e-06 3.479186489130370319e-05 2.007073589993524365e-06 8.063750283326953650e-05 1.222176251758355647e-05
3.700000000000000000e+02 5.932812928222119808e-04 1.733164419420063496e-03 4.867109237238764763e-04 1.140512631536694244e-05 5.363190430216491222e-04 1.744503388181328773e-04 4.290346987545490265e-04 2.881529781006975099e-06 1.230228644999442622e-05 2.103596216329606250e-06 7.460649794666096568e-05 1.880423951661214232e-05 4.764037439599633217e-04 7.162634283304214478e-04 4.579352389555424452e-04 8.728731700102798641e-06 5.363190430216491222e-04 1.744503388181328773e-04 4.290346987545490265e-04 2.881529781006975099e-06 1.230228644999442622e-05 2.103596216329606250e-06 7.460649794666096568e-05 1.880423951661214232e-05
3.800000000000000000e+02 5.645170458592474461e-04 1.574995694682002068e-03 4.936507320962846279e-04 1.155842255684547126e-05 5.216709687374532223e-04 1.473215525038540363e-04 4.071198345627635717e-04 4.126884959987364709e-06 1.332543160970089957e-05 1.885787128230731469e-06 7.185222057159990072e-05 6.513705557154025882e-06 4.470948770176619291e-04 6.373962969519197941e-04 4.640372062567621469e-04 9.096494977711699903e-06 5.216709687374532223e-04 1.473215525038540363e-04 4.071198345627635717e-04 4.126884959987364709e-06 1.332543160970089957e-05 1.885787128230731469e-06 7.185222057159990072e-05 6.513705557154025882e-06
3.900000000000000000e+02 5.746864480897784233e-04 1.426947652362287045e-03 5.116743268445134163e-04 1.255180632142582908e-05 4.899221821688115597e-04 1.332044921582564712e-04 3.839365963358432055e-04 1.678707917562860530e-06 2.840846354956738651e-05 1.851190404522640165e-06 6.812108767917379737e-05 4.453878773347241804e-06 4.525706171989440918e-04 5.710113327950239182e-04 4.786860663443803787e-04 1.070970301952911541e-05 4.899221821688115597e-04 1.332044921582564712e-04 3.839365963358432055e-04 1.678707917562860530e-06 2.840846354956738651e-05 1.851190404522640165e-06 6.812108767917379737e-05 4.453878773347241804e-06
4.000000000000000000e+02 5.343924858607351780e-04 1.293994369916617870e-03 5.191860254853963852e-04 1.409383912687189877e-05 4.826588556170463562e-04 1.518320059403777122e-04 3.613482695072889328e-04 5.229119778960011899e-06 8.272812556242570281e-05 1.756149913489934988e-06 6.426707113860175014e-05 7.884786100476048887e-06 4.459413758013397455e-04 5.100165144540369511e-04 4.886317765340209007e-04 1.166470610769465566e-05 4.826588556170463562e-04 1.518320059403777122e-04 3.613482695072889328e-04 5.229119778960011899e-06 8.272812556242570281e-05 1.756149913489934988e-06 6.426707113860175014e-05 7.884786100476048887e-06
4.100000000000000000e+02 4.895824240520596504e-04 1.230141730047762394e-03 5.304310470819473267e-04 1.605882425792515278e-05 4.615570360329002142e-04 1.186866793432272971e-04 3.479190636426210403e-04 3.201936351615586318e-06 4.360863749752752483e-05 1.429796611773781478e-06 6.832669168943539262e-05 4.013747911812970415e-06 4.130460729356855154e-04 4.743327153846621513e-04 4.996226634830236435e-04 1.323803098784992471e-05 4.615570360329002142e-04 1.186866793432272971e-04 3.479190636426210403e-04 3.201936351615586318e-06 4.360863749752752483e-05 1.429796611773781478e-06 6.832669168943539262e-05 4.013747911812970415e-06
4.200000000000000000e+02 5.081730196252465248e-04 1.196620170958340168e-03 5.468555027619004250e-04 1.502445229561999440e-05 4.509908612817525864e-04 9.232022421201691031e-05 3.329485189169645309e-04 2.511423417672631331e-06 6.874588507344014943e-06 1.813048243093362544e-06 6.742848927387967706e-05 3.094495468758395873e-06 4.091350128874182701e-04 4.469973209779709578e-04 5.115839303471148014e-04 1.228519613505341113e-05 4.509908612817525864e-04 9.232022421201691031e-05 3.329485189169645309e-04 2.511423417672631331e-06 6.874588507344014943e-06 1.813048243093362544e-06 6.742848927387967706e-05 3.094495468758395873e-06
4.300000000000000000e+02 4.815440915990620852e-04 1.112458878196775913e-03 5.499931285157799721e-04 1.569794585520867258e-05 4.228387551847845316e-04 9.700620285002514720e-05 3.206721448805183172e-04 1.666939283495594282e-06 1.685168354015331715e-05 1.811719357647234574e-06 6.841112917754799128e-05 4.452895609574625269e-06 4.058008489664644003e-04 4.137015494052320719e-04 5.179286235943436623e-04 1.243447513843420893e-05 4.228387551847845316e-04 9.700620285002514720e-05 3.206721448805183172e-04 1.666939283495594282e-06 1.685168354015331715e-05 1.811719357647234574e-06 6.841112917754799128e-05 4.452895609574625269e-06
4.400000000000000000e+02 4.982757382094860077e-04 1.042349147610366344e-03 5.621544551104307175e-04 1.550711749587208033e-05 3.961423353757709265e-04 1.044337768689729273e-04 3.085384960286319256e-04 1.971587153093423694e-06 2.016010694205760956e-05 1.620162038307171315e-06 6.167234823806211352e-05 9.753168342285789549e-06 4.119857621844857931e-04 3.756670630536973476e-04 5.292237619869410992e-04 1.235119907505577430e-05 3.961423353757709265e-04 1.044337768689729273e-04 3.085384960286319256e-04 1.971587153093423694e-06 2.016010694205760956e-05 1.620162038307171315e-06 6.167234823806211352e-05 9.753168342285789549e-06
4.500000000000000000e+02 4.703003796748816967e-04 1.044989563524723053e-03 5.735238082706928253e-04 1.614422399143222719e-05 3.951873804908245802e-04 1.329177466686815023e-04 2.968914050143212080e-04 8.640485589239688125e-07 1.493361924076452851e-05 1.505034219917433802e-06 6.633049633819609880e-05 3.411958459764719009e-05 3.860699362121522427e-04 3.740563115570694208e-04 5.429849261417984962e-04 1.201903705805307254e-05 3.951873804908245802e-04 1.329177466686815023e-04 2.968914050143212080e-04 8.640485589239688125e-07 1.493361924076452851e-05 1.505034219917433802e-06 6.633049633819609880e-05 3.411958459764719009e-05
4.600000000000000000e+02 4.497226036619395018e-04 9.719000663608312607e-04 5.831266171298921108e-04 1.533341674075927585e-05 3.709860902745276690e-04 8.266604709206148982e-05 2.891229523811489344e-04 3.278280701124458574e-06 7.574913979624398053e-06 1.174649014501483180e-06 5.372921441448852420e-05 1.296755726798437536e-05 4.078354686498641968e-04 3.460657026153057814e-04 5.523448926396667957e-04 1.137678464147029445e-05 3.709860902745276690e-04 8.266604709206148982e-05 2.891229523811489344e-04 3.278280701124458574e-06 7.574913979624398053e-06 1.174649014501483180e-06 5.372921441448852420e-05 1.296755726798437536e-05
4.700000000000000000e+02 4.117761563975363970e-04 8.915958460420370102e-04 5.772458389401435852e-04 1.544116639706771821e-05 3.568453830666840076e-04 8.803248056210577488e-05 2.809737343341112137e-04 3.862523954012431204e-06 2.115245661116205156e-05 1.184243501484161243e-06 4.771039675688371062e-05 4.787340913026127964e-06 3.972669364884495735e-04 3.083065093960613012e-04 5.497820093296468258e-04 1.104773127735825256e-05 3.568453830666840076e-04 8.803248056210577488e-05 2.809737343341112137e-04 3.862523954012431204e-06 2.115245661116205156e-05 1.184243501484161243e-06 4.771039675688371062e-05 4.787340913026127964e-06
4.800000000000000000e+02 4.126732528675347567e-04 8.640084997750818729e-04 5.903785349801182747e-04 1.507075739937135950e-05 3.313414927106350660e-04 7.960473158163949847e-05 2.749212726484984159e-04 2.963390443255775608e-06 7.912135515653062612e-06 1.171758526652411092e-06 4.134483606321737170e-05 3.037180022147367708e-06 3.806769673246890306e-04 2.835486957337707281e-04 5.584729951806366444e-04 1.081343361875042319e-05 3.313414927106350660e-04 7.960473158163949847e-05 2.749212726484984159e-04 2.963390443255775608e-06 7.912135515653062612e-06 1.171758526652411092e-06 4.134483606321737170e-05 3.037180022147367708e-06
4.900000000000000000e+02 3.980704641435295343e-04 8.290861151181161404e-04 5.921334959566593170e-04 1.421040178684052080e-05 3.133337595500051975e-04 8.130999049171805382e-05 2.669402165338397026e-04 2.063176907540764660e-06 4.792516847373917699e-06 9.564362244418589398e-07 3.477279824437573552e-05 2.951461055999970995e-06 3.770014736801385880e-04 2.621842722874134779e-04 5.622551543638110161e-04 1.050711671268800274e-05 3.133337595500051975e-04 8.130999049171805382e-05 2.669402165338397026e-04 2.063176907540764660e-06 4.792516847373917699e-06 9.564362244418589398e-07 3.477279824437573552e-05 2.951461055999970995e-06
5.000000000000000000e+02 4.015720041934400797e-04 7.859436445869505405e-04 6.018170970492064953e-04 1.407257059327093884e-05 3.085499629378318787e-04 7.327826460823416710e-05 2.585865731816738844e-04 1.351359628642967436e-06 1.942341805261094123e-05 1.003915144792699721e-06 3.158493927912786603e-05 2.877018005165155046e-06 3.685936389956623316e-04 2.521307906135916710e-04 5.664773052558302879e-04 1.006995535135501996e-05 3.085499629378318787e-04 7.327826460823416710e-05 2.585865731816738844e-04 1.351359628642967436e-06 1.942341805261094123e-05 1.003915144792699721e-06 3.158493927912786603e-05 2.877018005165155046e-06
5.100000000000000000e+02 4.219119146000593901e-04 7.659597904421389103e-04 6.092953844927251339e-04 1.417934981873258948e-05 2.884317073039710522e-04 7.148302393034100533e-05 2.541502472013235092e-04 1.834875320128048770e-06 7.582844773423857987e-06 9.534650189380045049e-07 2.694937575142830610e-05 2.081334969261661172e-06 3.573563008103519678e-04 2.413840702502056956e-04 5.706902593374252319e-04 1.021687421598471701e-05 2.884317073039710522e-04 7.148302393034100533e-05 2.541502472013235092e-04 1.834875320128048770e-06 7.582844773423857987e-06 9.534650189380045049e-07 2.694937575142830610e-05 2.081334969261661172e-06
5.200000000000000000e+02 4.009313415735960007e-04 7.675683591514825821e-04 6.157717434689402580e-04 1.357989276584703475e-05 2.618348808027803898e-04 5.684195275534875691e-05 2.518540713936090469e-04 7.196949809440411627e-07 6.909996500326087698e-06 8.936951871874043718e-07 2.441461037960834801e-05 3.284946842541103251e-06 3.457815328147262335e-04 2.415205526631325483e-04 5.819682264700531960e-04 9.939964002114720643e-06 2.618348808027803898e-04 5.684195275534875691e-05 2.518540713936090469e-04 7.196949809440411627e-07 6.909996500326087698e-06 8.936951871874043718e-07 2.441461037960834801e-05 3.284946842541103251e-06
5.300000000000000000e+02 3.832508227787911892e-04 7.160030654631555080e-04 5.989647470414638519e-04 1.253033678949577734e-05 2.441597171127796173e-04 7.027247193036600947e-05 2.475786604918539524e-04 7.449125405400991440e-07 1.454094126529525965e-05 7.013971980995847844e-07 2.510067679395433515e-05 1.408652110512775835e-06 3.262930258642882109e-04 2.233263512607663870e-04 5.726434173993766308e-04 9.418236004421487451e-06 2.441597171127796173e-04 7.027247193036600947e-05 2.475786604918539524e-04 7.449125405400991440e-07 1.454094126529525965e-05 7.013971980995847844e-07 2.510067679395433515e-05 1.408652110512775835e-06
5.400000000000000000e+02 3.818085533566772938e-04 7.010477711446583271e-04 5.947565077804028988e-04 1.216996679431758821e-05 2.344212116440758109e-04 6.527148798340931535e-05 2.423560072202235460e-04 9.265750122722238302e-07 9.443551789445336908e-06 7.077638315422518644e-07 2.199961454607546329e-05 1.132176294049713761e-06 3.427153278607875109e-04 2.151608496205881238e-04 5.656121065840125084e-04 8.867330507200676948e-06 2.344212116440758109e-04 6.527148798340931535e-05 2.423560072202235460e-04 9.265750122722238302e-07 9.443551789445336908e-06 7.077638315422518644e-07 2.199961454607546329e-05 1.132176294049713761e-06
5.500000000000000000e+02 3.660885558929294348e-04 6.324863643385469913e-04 5.922488635405898094e-04 1.246605279447976500e-05 2.201011666329577565e-04 1.664007722865790129e-04 2.359584468649700284e-04 2.799353922000591410e-07 1.620633556740358472e-04 5.916359668844961561e-07 1.978269392566289753e-05 1.611273182788863778e-05 3.200551145710051060e-04 1.966451090993359685e-04 5.675682914443314075e-04 8.665074346936307847e-06 2.201011666329577565e-04 1.664007722865790129e-04 2.359584468649700284e-04 2.799353922000591410e-07 1.620633556740358472e-04 5.916359668844961561e-07 1.978269392566289753e-05 1.611273182788863778e-05
5.600000000000000000e+02 3.450747753959149122e-04 6.863091839477419853e-04 6.040729931555688381e-04 1.252545735042076558e-05 2.023426350206136703e-04 5.977941327728331089e-05 2.362671802984550595e-04 2.849895963663584553e-07 6.704719453409779817e-06 5.815018084831535816e-07 2.290925112902186811e-05 6.594998467335244641e-07 3.007712075486779213e-04 2.091444766847416759e-04 5.802959785796701908e-04 8.652198630443308502e-06 2.023426350206136703e-04 5.977941327728331089e-05 2.362671802984550595e-04 2.849895963663584553e-07 6.704719453409779817e-06 5.815018084831535816e-07 2.290925112902186811e-05 6.594998467335244641e-07
5.700000000000000000e+02 3.400109708309173584e-04 6.705689011141657829e-04 6.009293720126152039e-04 1.166248785011703148e-05 1.984210684895515442e-04 5.966752723907120526e-05 2.339438506169244647e-04 1.437804968418276985e-07 5.837280696141533554e-06 5.195440166971820872e-07 2.175434019591193646e-05 2.336827719773282297e-06 2.942176652140915394e-04 2.063370775431394577e-04 5.765301175415515900e-04 8.302707101393025368e-06 1.984210684895515442e-04 5.966752723907120526e-05 2.339438506169244647e-04 1.437804968418276985e-07 5.837280696141533554e-06 5.195440166971820872e-07 2.175434019591193646e-05 2.336827719773282297e-06
5.800000000000000000e+02 3.431032528169453144e-04 6.490008672699332237e-04 5.929379840381443501e-04 1.144863745139446110e-05 1.904363307403400540e-04 6.068238508305512369e-05 2.330044808331876993e-04 7.044712901915772818e-07 5.801315182907273993e-06 4.355489124918676680e-07 1.873188557510729879e-05 1.961446741916006431e-06 2.842695103026926517e-04 1.984480768442153931e-04 5.761224892921745777e-04 7.769196599838323891e-06 1.904363307403400540e-04 6.068238508305512369e-05 2.330044808331876993e-04 7.044712901915772818e-07 5.801315182907273993e-06 4.355489124918676680e-07 1.873188557510729879e-05 1.961446741916006431e-06
5.900000000000000000e+02 3.520348691381514072e-04 6.276358617469668388e-04 5.965093150734901428e-04 1.132366196543443948e-05 1.915282773552462459e-04 6.179275078466162086e-05 2.323554654140025377e-04 3.163679593853885308e-07 7.044646281428867951e-06 5.287307089929527137e-07 2.540981950005516410e-05 1.940463107530376874e-06 2.741218486335128546e-04 1.895038585644215345e-04 5.763891967944800854e-04 7.265172371262451634e-06 1.915282773552462459e-04 6.179275078466162086e-05 2.323554654140025377e-04 3.163679593853885308e-07 7.044646281428867951e-06 5.287307089929527137e-07 2.540981950005516410e-05 1.940463107530376874e-06
6.000000000000000000e+02 3.524725616443902254e-04 6.205614190548658371e-04 5.996377440169453621e-04 1.105352748709265143e-05 1.805331849027425051e-04 5.229821545071899891e-05 2.281535707879811525e-04 2.104890342025100836e-07 4.276700110494857654e-06 4.676994933561218204e-07 2.132800000254064798e-05 2.407829242656589486e-06 2.865825663320720196e-04 1.879218034446239471e-04 5.758111365139484406e-04 6.866261173854582012e-06 1.805331849027425051e-04 5.229821545071899891e-05 2.281535707879811525e-04 2.104890342025100836e-07 4.276700110494857654e-06 4.676994933561218204e-07 2.132800000254064798e-05 2.407829242656589486e-06
6.100000000000000000e+02 3.286949067842215300e-04 6.136420997790992260e-04 6.031197845004498959e-04 1.047822297550737858e-05 1.668524782871827483e-04 5.152349694981239736e-05 2.285273803863674402e-04 1.052565252734893875e-07 4.079193786310497671e-06 4.178493213657930028e-07 2.749467057583387941e-05 1.959062956302659586e-06 2.549136406742036343e-04 1.881365606095641851e-04 5.816737539134919643e-04 6.472279437730321661e-06 1.668524782871827483e-04 5.152349694981239736e-05 2.285273803863674402e-04 1.052565252734893875e-07 4.079193786310497671e-06 4.178493213657930028e-07 2.749467057583387941e-05 1.959062956302659586e-06
6.200000000000000000e+02 3.063858312088996172e-04 5.684318020939826965e-04 5.981468129903078079e-04 9.937734830600675195e-06 1.569218293298035860e-04 1.320423762081190944e-04 2.270172844873741269e-04 4.878884851677867118e-08 8.957226236816495657e-05 3.670752164453006117e-07 2.294750811415724456e-05 1.914835593197494745e-05 2.359236823394894600e-04 1.808965316740795970e-04 5.802153027616441250e-04 6.154804395919200033e-06 1.569218293298035860e-04 1.320423762081190944e-04 2.270172844873741269e-04 4.878884851677867118e-08 8.957226236816495657e-05 3.670752164453006117e-07 2.294750811415724456e-05 1.914835593197494745e-05
6.300000000000000000e+02 3.452115633990615606e-04 5.668741650879383087e-04 5.916284280829131603e-04 9.439005225431174040e-06 1.448589609935879707e-04 1.035773457260802388e-04 2.307709510205313563e-04 9.165344749817450065e-08 4.672827344620600343e-05 3.322659267723793164e-07 2.618078724481165409e-05 7.824410204193554819e-06 2.394158655079081655e-04 1.748472568579018116e-04 5.666452343575656414e-04 5.994218554405961186e-06 1.448589609935879707e-04 1.035773457260802388e-04 2.307709510205313563e-04 9.165344749817450065e-08 4.672827344620600343e-05 3.322659267723793164e-07 2.618078724481165409e-05 7.824410204193554819e-06
6.400000000000000000e+02 3.605720121413469315e-04 5.709072574973106384e-04 5.839060759171843529e-04 8.664821507409214973e-06 1.434095174772664905e-04 7.027734682196751237e-05 2.325733657926321030e-04 2.251794768426407245e-07 2.945413871202617884e-05 3.123713554487039801e-07 2.391692760284058750e-05 4.152247583988355473e-06 2.483245334587991238e-04 1.782468170858919621e-04 5.657334695570170879e-04 5.872260317119071260e-06 1.434095174772664905e-04 7.027734682196751237e-05 2.325733657926321030e-04 2.251794768426407245e-07 2.945413871202617884e-05 3.123713554487039801e-07 2.391692760284058750e-05 4.152247583988355473e-06
6.500000000000000000e+02 3.525069914758205414e-04 5.631010280922055244e-04 5.811072187498211861e-04 8.753623660595621914e-06 1.326146739302203059e-04 7.183037087088450789e-05 2.326495014131069183e-04 6.728269568156974856e-07 1.773914300429169089e-05 3.097413525665615452e-07 2.273854261147789657e-05 2.156923983420711011e-06 2.484248252585530281e-04 1.701537257758900523e-04 5.607378552667796612e-04 5.753832738264463842e-06 1.326146739302203059e-04 7.183037087088450789e-05 2.326495014131069183e-04 6.728269568156974856e-07 1.773914300429169089e-05 3.097413525665615452e-07 2.273854261147789657e-05 2.156923983420711011e-06
6.600000000000000000e+02 3.409706405363976955e-04 5.721090128645300865e-04 5.878956872038543224e-04 8.165236977220047265e-06 1.272481022169813514e-04 5.303202851791866124e-05 2.313656732439994812e-04 5.780582910119846929e-07 4.321765118220355362e-06 2.284905349370092154e-07 2.681614932953380048e-05 3.005288363056024536e-06 2.406492130830883980e-04 1.750293013174086809e-04 5.625686608254909515e-04 5.864374998054699972e-06 1.272481022169813514e-04 5.303202851791866124e-05 2.313656732439994812e-04 5.780582910119846929e-07 4.321765118220355362e-06 2.284905349370092154e-07 2.681614932953380048e-05 3.005288363056024536e-06
6.700000000000000000e+02 3.441180160734802485e-04 5.460396641865372658e-04 5.803099484182894230e-04 7.533767529821489006e-06 1.149591989815235138e-04 7.964008545968681574e-05 2.286134840687736869e-04 2.695923910778219579e-07 2.057291021628770977e-05 2.157734115826315247e-07 2.209977901657111943e-05 7.162604106270009652e-06 2.569400821812450886e-04 1.631916384212672710e-04 5.596075789071619511e-04 5.689349563908763230e-06 1.149591989815235138e-04 7.964008545968681574e-05 2.286134840687736869e-04 2.695923910778219579e-07 2.057291021628770977e-05 2.157734115826315247e-07 2.209977901657111943e-05 7.162604106270009652e-06
6.800000000000000000e+02 3.564553044270724058e-04 5.805307882837951183e-04 5.805112887173891068e-04 7.492452368751401082e-06 1.236214156961068511e-04 6.605900125578045845e-05 2.339539641980081797e-04 7.996245585673023015e-07 2.688504901016131043e-05 2.102432148376465193e-07 2.882063927245326340e-05 1.084047107724472880e-05 2.540264395065605640e-04 1.694317033980041742e-04 5.591909866780042648e-04 5.358614998840494081e-06 1.236214156961068511e-04 6.605900125578045845e-05 2.339539641980081797e-04 7.996245585673023015e-07 2.688504901016131043e-05 2.102432148376465193e-07 2.882063927245326340e-05 1.084047107724472880e-05
6.900000000000000000e+02 3.500536840874701738e-04 5.575501127168536186e-04 5.636301357299089432e-04 6.882517482154071331e-06 1.187630259664729238e-04 5.483087807078845799e-05 2.339961938560009003e-04 2.096819855523790466e-07 6.555752406711690128e-06 1.793522415027837269e-07 2.789181780826766044e-05 1.956772621269919910e-06 2.498977701179683208e-04 1.656572712818160653e-04 5.382015951909124851e-04 5.443664576887385920e-06 1.187630259664729238e-04 5.483087807078845799e-05 2.339961938560009003e-04 2.096819855523790466e-07 6.555752406711690128e-06 1.793522415027837269e-07 2.789181780826766044e-05 1.956772621269919910e-06
7.000000000000000000e+02 3.261553647462278605e-04 5.467653973028063774e-04 5.662196781486272812e-04 6.627362381550483406e-06 1.060864524333737791e-04 5.117687396705150604e-05 2.351272414671257138e-04 2.458582457620650530e-07 4.650382834370248020e-06 1.679772907436927198e-07 2.822701208060607314e-05 6.953471256565535441e-06 2.449268067721277475e-04 1.609140454092994332e-04 5.443290574476122856e-04 5.407278422353556380e-06 1.060864524333737791e-04 5.117687396705150604e-05 2.351272414671257138e-04 2.458582457620650530e-07 4.650382834370248020e-06 1.679772907436927198e-07 2.822701208060607314e-05 6.953471256565535441e-06
7.100000000000000000e+02 3.182618820574134588e-04 5.274082068353891373e-04 5.598774878308176994e-04 6.519001090055098757e-06 9.259988291887566447e-05 5.526737731997855008e-05 2.375302865402773023e-04 2.804468977046781220e-07 1.002861063170712441e-05 1.347169558130190126e-07 2.730037886067293584e-05 3.800757667704601772e-06 2.551172219682484865e-04 1.553880283609032631e-04 5.301101482473313808e-04 5.409537152445409447e-06 9.259988291887566447e-05 5.526737731997855008e-05 2.375302865402773023e-04 2.804468977046781220e-07 1.002861063170712441e-05 1.347169558130190126e-07 2.730037886067293584e-05 3.800757667704601772e-06
7.200000000000000000e+02 3.326740697957575321e-04 5.540102138184010983e-04 5.554958479478955269e-04 6.445538929256144911e-06 9.094567940337583423e-05 1.170622199424542487e-04 2.441410906612873077e-04 3.184556192081799963e-07 3.188808477716520429e-05 1.433740948186823516e-07 2.741057141975034028e-05 3.476846541161648929e-05 2.524289593566209078e-04 1.621591072762385011e-04 5.333095905371010303e-04 5.411131041910266504e-06 9.094567940337583423e-05 1.170622199424542487e-04 2.441410906612873077e-04 3.184556192081799963e-07 3.188808477716520429e-05 1.433740948186823516e-07 2.741057141975034028e-05 3.476846541161648929e-05
7.300000000000000000e+02 3.440668224357068539e-04 5.171996890567243099e-04 5.458598025143146515e-04 6.601789209526032209e-06 7.998888759175315499e-05 5.566858453676104546e-05 2.462494594510644674e-04 5.926808057665766682e-07 7.853771421650890261e-06 9.871455119991878746e-08 2.001930806727614254e-05 2.872669256248627789e-06 2.603369357530027628e-04 1.522097591077908874e-04 5.267041851766407490e-04 5.369247901398921385e-06 7.998888759175315499e-05 5.566858453676104546e-05 2.462494594510644674e-04 5.926808057665766682e-07 7.853771421650890261e-06 9.871455119991878746e-08 2.001930806727614254e-05 2.872669256248627789e-06
7.400000000000000000e+02 3.325804136693477631e-04 5.040917894802987576e-04 5.383519455790519714e-04 6.560417659784434363e-06 7.943010859889909625e-05 6.602559005841612816e-05 2.491739287506788969e-04 7.105851409505703487e-07 2.171725827793125063e-05 1.322076599308275036e-07 1.512817925686249509e-05 6.236280569282826036e-06 2.703194331843405962e-04 1.507645501988008618e-04 5.211775423958897591e-04 5.290045010042376816e-06 7.943010859889909625e-05 6.602559005841612816e-05 2.491739287506788969e-04 7.105851409505703487e-07 2.171725827793125063e-05 1.322076599308275036e-07 1.512817925686249509e-05 6.236280569282826036e-06
7.500000000000000000e+02 2.978304401040077209e-04 5.037160008214414120e-04 5.218678270466625690e-04 6.399256562872324139e-06 8.764390804572030902e-05 5.388242061599157751e-05 2.527622564230114222e-04 4.400122008973994525e-07 1.248349963134387508e-05 1.734926087237909087e-07 1.043436350300908089e-05 1.565420120641647372e-06 2.528526238165795803e-04 1.529888249933719635e-04 5.011445609852671623e-04 5.005352704756660387e-06 8.764390804572030902e-05 5.388242061599157751e-05 2.527622564230114222e-04 4.400122008973994525e-07 1.248349963134387508e-05 1.734926087237909087e-07 1.043436350300908089e-05 1.565420120641647372e-06
7.600000000000000000e+02 3.080620372202247381e-04 5.107853212393820286e-04 5.155657418072223663e-04 6.479874627984827384e-06 8.726136729819700122e-05 4.166972576058469713e-05 2.535190433263778687e-04 3.995354234120895853e-07 4.524415544437943026e-06 1.830753291187647847e-07 9.522501386527437717e-06 4.725472081190673634e-06 2.489170001354068518e-04 1.572246401337906718e-04 4.906199756078422070e-04 4.793577772943535820e-06 8.726136729819700122e-05 4.166972576058469713e-05 2.535190433263778687e-04 3.995354234120895853e-07 4.524415544437943026e-06 1.830753291187647847e-07 9.522501386527437717e-06 4.725472081190673634e-06
7.700000000000000000e+02 2.861694665625691414e-04 4.927047993987798691e-04 5.109618068672716618e-04 6.747210591129260138e-06 8.219098526751622558e-05 4.625199289876036346e-05 2.477928064763545990e-04 3.323880832795111928e-07 8.214012268581427634e-06 1.394455182435194729e-07 6.707295597152551636e-06 1.567692947901377920e-06 2.243708004243671894e-04 1.484523527324199677e-04 4.862362402491271496e-04 4.816981800104258582e-06 8.219098526751622558e-05 4.625199289876036346e-05 2.477928064763545990e-04 3.323880832795111928e-07 8.214012268581427634e-06 1.394455182435194729e-07 6.707295597152551636e-06 1.567692947901377920e-06
7.800000000000000000e+02 3.140329208690673113e-04 5.168216885067522526e-04 5.373139865696430206e-04 6.646957444900181144e-06 8.695289579918608069e-05 3.988269963883794844e-05 2.398588258074596524e-04 5.483526592797716148e-07 1.958768370968755335e-05 9.511450116406194866e-08 3.855069280689349398e-06 1.510021320427767932e-06 2.352632145630195737e-04 1.573290210217237473e-04 5.240679020062088966e-04 4.950548827764578164e-06 8.695289579918608069e-05 3.988269963883794844e-05 2.398588258074596524e-04 5.483526592797716148e-07 1.958768370968755335e-05 9.511450116406194866e-08 3.855069280689349398e-06 1.510021320427767932e-06
7.900000000000000000e+02 2.742107608355581760e-04 5.004862323403358459e-04 5.301040946505963802e-04 6.607338946196250618e-06 1.029205959639512002e-04 4.101708327652886510e-05 2.378138742642477155e-04 4.607442178894416429e-07 4.763320703204954043e-06 1.120676316190838406e-07 5.733154011977603659e-06 4.041516604047501460e-06 1.892229629447683692e-04 1.568198204040527344e-04 5.089965416118502617e-04 4.687575710704550147e-06 1.029205959639512002e-04 4.101708327652886510e-05 2.378138742642477155e-04 4.607442178894416429e-07 4.763320703204954043e-06 1.120676316190838406e-07 5.733154011977603659e-06 4.041516604047501460e-06
8.000000000000000000e+02 2.566863549873232841e-04 4.914808669127523899e-04 5.163228488527238369e-04 6.136553565738722682e-06 9.182930079987272620e-05 3.427645788178779185e-05 2.327229449292644858e-04 7.332438940466090571e-07 4.980712674296228215e-06 1.164181782087325701e-07 3.735447990038665012e-06 1.596916717971907929e-06 2.044483699137344956e-04 1.541503734188154340e-04 4.975749761797487736e-04 4.624025677912868559e-06 9.182930079987272620e-05 3.427645788178779185e-05 2.327229449292644858e-04 7.332438940466090571e-07 4.980712674296228215e-06 1.164181782087325701e-07 3.735447990038665012e-06 1.596916717971907929e-06
8.100000000000000000e+02 2.458042290527373552e-04 4.787505604326725006e-04 5.158531130291521549e-04 5.991165835439460352e-06 8.047281153267249465e-05 3.743263005162589252e-05 2.265348593937233090e-04 7.981981866578280460e-07 5.168935331312241033e-06 1.149594979210633028e-07 5.167301878827856854e-06 2.494356294846511446e-07 2.100124547723680735e-04 1.508906425442546606e-04 4.991860478185117245e-04 4.480387815419817343e-06 8.047281153267249465e-05 3.743263005162589252e-05 2.265348593937233090e-04 7.981981866578280460e-07 5.168935331312241033e-06 1.149594979210633028e-07 5.167301878827856854e-06 2.494356294846511446e-07
8.200000000000000000e+02 2.400462981313467026e-04 4.671413917094469070e-04 5.058938404545187950e-04 5.751920980401337147e-06 8.525142038706690073e-05 4.570270903059281409e-05 2.245981304440647364e-04 4.621651044089958305e-07 6.636545094806933776e-06 1.202614754447495216e-07 6.504451903310837224e-06 4.461412856926472159e-07 2.012486220337450504e-04 1.480243954574689269e-04 4.802534531336277723e-04 4.342651664046570659e-06 8.525142038706690073e-05 4.570270903059281409e-05 2.245981304440647364e-04 4.621651044089958305e-07 6.636545094806933776e-06 1.202614754447495216e-07 6.504451903310837224e-06 4.461412856926472159e-07
8.300000000000000000e+02 2.625224587973207235e-04 4.664379521273076534e-04 5.234694690443575382e-04 5.533151579584227875e-06 7.189169264165684581e-05 3.421853034524247050e-05 2.251486293971538544e-04 4.468878671559650684e-07 5.037863502366235480e-06 1.072952144909322669e-07 5.363047876016935334e-06 1.513511506345821545e-06 2.150581276509910822e-04 1.488514535594731569e-04 4.941848455928266048e-04 4.180327778158243746e-06 7.189169264165684581e-05 3.421853034524247050e-05 2.251486293971538544e-04 4.468878671559650684e-07 5.037863502366235480e-06 1.072952144909322669e-07 5.363047876016935334e-06 1.513511506345821545e-06
8.400000000000000000e+02 3.026663616765290499e-04 4.615095676854252815e-04 5.214278935454785824e-04 5.463096840685466304e-06 6.697299249935895205e-05 3.524110798025503755e-05 2.286641392856836319e-04 4.663454262754385127e-07 5.164172307559056208e-06 1.172815089489631646e-07 5.351632353267632425e-06 2.396707543539378094e-07 2.356683398829773068e-04 1.474732562201097608e-04 4.921929794363677502e-04 4.073308446095325053e-06 6.697299249935895205e-05 3.524110798025503755e-05 2.286641392856836319e-04 4.663454262754385127e-07 5.164172307559056208e-06 1.172815089489631646e-07 5.351632353267632425e-06 2.396707543539378094e-07
8.500000000000000000e+02 2.687092055566608906e-04 4.512633022386580706e-04 5.046085570938885212e-04 5.413320650404784828e-06 6.902985478518530726e-05 4.029463161714375019e-05 2.267775125801563263e-04 4.273572358215460554e-07 5.710772711609024554e-06 1.159650082627194934e-07 5.255335963738616556e-06 3.118854863259912236e-07 2.293248398927971721e-04 1.433721190551295877e-04 4.728814237751066685e-04 3.915055003744782880e-06 6.902985478518530726e-05 4.029463161714375019e-05 2.267775125801563263e-04 4.273572358215460554e-07 5.710772711609024554e-06 1.159650082627194934e-07 5.255335963738616556e-06 3.118854863259912236e-07
8.600000000000000000e+02 2.749977284111082554e-04 4.501789226196706295e-04 5.087520112283527851e-04 5.370400231186067685e-06 6.596418825211003423e-05 3.405753523111343384e-05 2.286135422764346004e-04 7.997949182936281431e-07 5.348176728148246184e-06 1.079987015373262693e-07 5.754334324592491612e-06 5.178803803573828191e-07 2.263335045427083969e-04 1.455165474908426404e-04 4.749162762891501188e-04 3.756044407055014744e-06 6.596418825211003423e-05 3.405753523111343384e-05 2.286135422764346004e-04 7.997949182936281431e-07 5.348176728148246184e-06 1.079987015373262693e-07 5.754334324592491612e-06 5.178803803573828191e-07
8.700000000000000000e+02 2.672714763320982456e-04 4.509229911491274834e-04 5.120111745782196522e-04 5.288895408739335835e-06 6.713910261169075966e-05 3.565253427950665355e-05 2.317668404430150986e-04 3.706161066929780645e-07 5.404369858297286555e-06 1.088085426204088435e-07 5.794397566205589101e-06 1.114848600991535932e-06 2.271712291985750198e-04 1.448720722692087293e-04 4.773470282088965178e-04 3.668096724140923470e-06 6.713910261169075966e-05 3.565253427950665355e-05 2.317668404430150986e-04 3.706161066929780645e-07 5.404369858297286555e-06 1.088085426204088435e-07 5.794397566205589101e-06 1.114848600991535932e-06
8.800000000000000000e+02 2.472386695444583893e-04 4.497094487305730581e-04 4.997998476028442383e-04 5.167643848835723475e-06 7.130418816814199090e-05 3.457118509686551988e-05 2.326709218323230743e-04 4.710699954557640012e-07 4.796605480805737898e-06 1.088008474425805616e-07 5.648577825922984630e-06 1.192991817333677318e-06 2.188169455621391535e-04 1.467024849262088537e-04 4.708905762527137995e-04 3.511337581585394219e-06 7.130418816814199090e-05 3.457118509686551988e-05 2.326709218323230743e-04 4.710699954557640012e-07 4.796605480805737898e-06 1.088008474425805616e-07 5.648577825922984630e-06 1.192991817333677318e-06
8.900000000000000000e+02 2.867938310373574495e-04 4.447129904292523861e-04 5.080612027086317539e-04 5.626878191833384335e-06 7.111181184882298112e-05 3.289396045147441328e-05 2.324295783182606101e-04 5.209219011703680735e-07 4.877703759120777249e-06 9.352105223570106318e-08 5.175273145141545683e-06 1.320075625699246302e-06 2.164203178836032748e-04 1.479376514907926321e-04 4.732640518341213465e-04 3.369484829818247817e-06 7.111181184882298112e-05 3.289396045147441328e-05 2.324295783182606101e-04 5.209219011703680735e-07 4.877703759120777249e-06 9.352105223570106318e-08 5.175273145141545683e-06 1.320075625699246302e-06
9.000000000000000000e+02 2.809162251651287079e-04 4.458408220671117306e-04 5.008811131119728088e-04 5.361867351894034073e-06 7.312022353289648890e-05 2.889611096179578453e-05 2.318002370884642005e-04 8.064012035902123898e-07 5.634236458718078211e-06 1.149362205410398019e-07 4.275198989489581436e-06 1.586692633281927556e-06 2.156474365619942546e-04 1.480444916523993015e-04 4.714414826594293118e-04 3.353426336616394110e-06 7.312022353289648890e-05 2.889611096179578453e-05 2.318002370884642005e-04 8.064012035902123898e-07 5.634236458718078211e-06 1.149362205410398019e-07 4.275198989489581436e-06 1.586692633281927556e-06
9.100000000000000000e+02 2.615849953144788742e-04 4.181690746918320656e-04 4.938983474858105183e-04 5.039859843236627057e-06 7.376265421044081450e-05 6.175295129651203752e-05 2.276898449053987861e-04 8.614485409452754539e-07 3.907587233697995543e-05 1.197468151303837658e-07 4.055876161146443337e-06 3.152243380100117065e-06 2.225024218205362558e-04 1.438080071238800883e-04 4.598168015945702791e-04 3.301488050055922940e-06 7.376265421044081450e-05 6.175295129651203752e-05 2.276898449053987861e-04 8.614485409452754539e-07 3.907587233697995543e-05 1.197468151303837658e-07 4.055876161146443337e-06 3.152243380100117065e-06
9.200000000000000000e+02 2.609755611047148705e-04 4.466944374144077301e-04 5.010299501009285450e-04 4.951295068167382851e-06 7.006809028098359704e-05 3.534821007633581758e-05 2.267513191327452660e-04 1.076458602256025188e-06 1.244459235749673098e-05 9.184271476669891854e-08 3.419501126700197347e-06 8.417256140091922134e-06 2.153579116566106677e-04 1.482672669226303697e-04 4.781455209013074636e-04 3.194100827386137098e-06 7.006809028098359704e-05 3.534821007633581758e-05 2.267513191327452660e-04 1.076458602256025188e-06 1.244459235749673098e-05 9.184271476669891854e-08 3.419501126700197347e-06 8.417256140091922134e-06
9.300000000000000000e+02 2.490591432433575392e-04 4.205424629617482424e-04 4.992861649952828884e-04 4.837538654101081192e-06 7.206636655610054731e-05 3.729336822289042175e-05 2.270170080009847879e-04 6.899929871906351764e-07 1.997457911784294993e-05 8.807642615238364669e-08 3.856090643239440396e-06 1.918640691656037234e-06 2.158694551326334476e-04 1.426629314664751291e-04 4.760683223139494658e-04 3.083362344113993458e-06 7.206636655610054731e-05 3.729336822289042175e-05 2.270170080009847879e-04 6.899929871906351764e-07 1.997457911784294993e-05 8.807642615238364669e-08 3.856090643239440396e-06 1.918640691656037234e-06
9.400000000000000000e+02 2.300115884281694889e-04 4.096844349987804890e-04 4.867282987106591463e-04 4.795119366463040933e-06 8.015344064915552735e-05 5.718242027796804905e-05 2.270367986056953669e-04 7.336787462008942384e-07 2.665963438630569726e-05 1.159440188303051400e-07 3.317861001050914638e-06 2.383898390689864755e-06 2.018295635934919119e-04 1.381810434395447373e-04 4.643328429665416479e-04 3.035321242350619286e-06 8.015344064915552735e-05 5.718242027796804905e-05 2.270367986056953669e-04 7.336787462008942384e-07 2.665963438630569726e-05 1.159440188303051400e-07 3.317861001050914638e-06 2.383898390689864755e-06
9.500000000000000000e+02 2.367715642321854830e-04 4.298349085729569197e-04 5.027242586947977543e-04 4.635160166799323633e-06 7.259734411491081119e-05 3.008321800734847784e-05 2.279706095578148961e-04 4.130884576625248883e-07 7.461409040843136609e-06 1.095831194675156439e-07 2.383708533670869656e-06 5.761396550951758400e-06 1.992391044041141868e-04 1.416873128619045019e-04 4.822499176952987909e-04 2.829769528034375980e-06 7.259734411491081119e-05 3.008321800734847784e-05 2.279706095578148961e-04 4.130884576625248883e-07 7.461409040843136609e-06 1.095831194675156439e-07 2.383708533670869656e-06 5.761396550951758400e-06
9.600000000000000000e+02 2.203528129030019045e-04 4.073067102581262589e-04 5.002860561944544315e-04 4.514060037763556466e-06 7.389464735751971602e-05 4.034343510284088552e-05 2.268261741846799850e-04 7.050153385534940753e-07 2.177881833631545305e-05 1.387189740853500552e-07 2.050016746579785831e-06 6.756422408216167241e-07 1.901892246678471565e-04 1.391931145917624235e-04 4.761952150147408247e-04 2.816196229105116799e-06 7.389464735751971602e-05 4.034343510284088552e-05 2.268261741846799850e-04 7.050153385534940753e-07 2.177881833631545305e-05 1.387189740853500552e-07 2.050016746579785831e-06 6.756422408216167241e-07
9.700000000000000000e+02 2.191743114963173866e-04 4.362084728199988604e-04 5.128063494339585304e-04 4.506394816417014226e-06 7.021137571427971125e-05 3.488880975055508316e-05 2.257235901197418571e-04 6.422809519790462218e-07 2.903646418417338282e-05 1.173369312823524524e-07 3.505548420434934087e-06 9.435243555344641209e-06 1.934160973178222775e-04 1.445008965674787760e-04 4.938920610584318638e-04 2.709472255446598865e-06 7.021137571427971125e-05 3.488880975055508316e-05 2.257235901197418571e-04 6.422809519790462218e-07 2.903646418417338282e-05 1.173369312823524524e-07 3.505548420434934087e-06 9.435243555344641209e-06
9.800000000000000000e+02 2.088892942992970347e-04 4.198134120088070631e-04 5.008482839912176132e-04 4.358370460977312177e-06 7.771283708279952407e-05 3.517351797199808061e-05 2.240910253021866083e-04 3.834105655187158845e-07 8.071922820818144828e-06 9.389365374090630212e-08 2.433376948829391040e-06 3.051696239708689973e-06 1.977959036594256759e-04 1.407299569109454751e-04 4.838378517888486385e-04 2.569777052485733293e-06 7.771283708279952407e-05 3.517351797199808061e-05 2.240910253021866083e-04 3.834105655187158845e-07 8.071922820818144828e-06 9.389365374090630212e-08 2.433376948829391040e-06 3.051696239708689973e-06
9.900000000000000000e+02 2.155068941647186875e-04 4.096111224498599768e-04 5.015293136239051819e-04 4.279311724530998617e-06 7.543461833847686648e-05 3.570737681002356112e-05 2.225142525276169181e-04 2.961808149848366156e-07 4.821917627850780264e-06 1.051659808126714779e-07 2.105447720168740489e-06 5.757522671956394333e-07 1.916055771289393306e-04 1.394824939779937267e-04 4.834404680877923965e-04 2.500915343262022361e-06 7.543461833847686648e-05 3.570737681002356112e-05 2.225142525276169181e-04 2.961808149848366156e-07 4.821917627850780264e-06 1.051659808126714779e-07 2.105447720168740489e-06 5.757522671956394333e-07
1.000000000000000000e+03 2.066549204755574465e-04 4.018351028207689524e-04 5.004720296710729599e-04 4.149750111537287012e-06 7.891179848229512572e-05 4.096736665815114975e-05 2.214142587035894394e-04 1.001199905203975504e-07 9.723895345814526081e-06 1.086403429439997126e-07 1.844649773374840152e-06 3.367148906363581773e-07 1.767469220794737339e-04 1.382177433697506785e-04 4.899574560113251209e-04 2.405682607786729932e-06 7.891179848229512572e-05 4.096736665815114975e-05 2.214142587035894394e-04 1.001199905203975504e-07 9.723895345814526081e-06 1.086403429439997126e-07 1.844649773374840152e-06 3.367148906363581773e-07
1.010000000000000000e+03 2.082084101857617497e-04 4.089015419594943523e-04 5.031399778090417385e-04 4.034500761918025091e-06 8.119811536744236946e-05 3.131101766484789550e-05 2.218937588622793555e-04 3.554832801455631852e-07 5.548800345422932878e-06 1.308824550960707711e-07 2.227217009931337088e-06 1.209186166306608357e-06 1.780686725396662951e-04 1.427357638021931052e-04 4.833115672226995230e-04 2.342650077480357140e-06 8.119811536744236946e-05 3.131101766484789550e-05 2.218937588622793555e-04 3.554832801455631852e-07 5.548800345422932878e-06 1.308824550960707711e-07 2.227217009931337088e-06 1.209186166306608357e-06
1.020000000000000000e+03 1.853442954597994685e-04 3.923110489267855883e-04 4.963394603691995144e-04 3.862973699142457917e-06 8.410001464653760195e-05 4.950298534822650254e-05 2.210084348917007446e-04 1.564091860473126872e-07 6.853639661130728200e-06 1.376912308614919311e-07 2.094443516398314387e-06 9.782913821254624054e-07 1.749005168676376343e-04 1.373461127514019608e-04 4.798613372258841991e-04 2.212612798757618293e-06 8.410001464653760195e-05 4.950298534822650254e-05 2.210084348917007446e-04 1.564091860473126872e-07 6.853639661130728200e-06 1.376912308614919311e-07 2.094443516398314387e-06 9.782913821254624054e-07
1.030000000000000000e+03 2.176808775402605534e-04 3.924759803339838982e-04 5.126999458298087120e-04 3.813120201812125742e-06 7.333272515097633004e-05 3.628018021117895842e-05 2.183612668886780739e-04 1.029985241984832101e-06 9.208643859892617911e-06 1.241359655068663415e-07 1.364158492833666969e-06 4.253365659678820521e-07 1.837693416746333241e-04 1.393367856508120894e-04 4.888697294518351555e-04 2.219215048171463422e-06 7.333272515097633004e-05 3.628018021117895842e-05 2.183612668886780739e-04 1.029985241984832101e-06 9.208643859892617911e-06 1.241359655068663415e-07 1.364158492833666969e-06 4.253365659678820521e-07
1.040000000000000000e+03 2.276429149787873030e-04 3.794546646531671286e-04 5.158742424100637436e-04 3.582645376809523441e-06 7.555858610430732369e-05 7.287786866072565317e-05 2.127985499100759625e-04 2.202947086971107638e-07 5.857281212229281664e-05 7.886121977662696736e-08 9.070121222976013087e-07 3.480319492155103944e-06 1.890817657113075256e-04 1.371231483062729239e-04 4.968517459928989410e-04 2.074208623525919393e-06 7.555858610430732369e-05 7.287786866072565317e-05 2.127985499100759625e-04 2.202947086971107638e-07 5.857281212229281664e-05 7.886121977662696736e-08 9.070121222976013087e-07 3.480319492155103944e-06
1.050000000000000000e+03 1.774643460521474481e-04 4.098087083548307419e-04 5.201390013098716736e-04 3.482735564830363728e-06 7.699251727899536490e-05 5.729778786189854145e-05 2.141039440175518394e-04 2.286964360109777772e-07 3.862027369905263186e-05 8.929868045015609823e-08 3.262272684878553264e-06 1.261198121937923133e-05 1.750861410982906818e-04 1.429693656973540783e-04 4.892952856607735157e-04 1.998490233745542355e-06 7.699251727899536490e-05 5.729778786189854145e-05 2.141039440175518394e-04 2.286964360109777772e-07 3.862027369905263186e-05 8.929868045015609823e-08 3.262272684878553264e-06 1.261198121937923133e-05
1.060000000000000000e+03 1.834469439927488565e-04 3.801905550062656403e-04 5.081468843854963779e-04 3.300843445686041377e-06 7.775845006108283997e-05 6.179077172419056296e-05 2.057789679383859038e-04 4.896219252259470522e-07 1.784725463949143887e-05 8.492115455283055780e-08 6.884014851493702736e-07 3.213359832443529740e-06 1.724208705127239227e-04 1.381011097691953182e-04 4.820383328478783369e-04 1.994671720240148716e-06 7.775845006108283997e-05 6.179077172419056296e-05 2.057789679383859038e-04 4.896219252259470522e-07 1.784725463949143887e-05 8.492115455283055780e-08 6.884014851493702736e-07 3.213359832443529740e-06
1.070000000000000000e+03 2.027437731157988310e-04 3.968059027101844549e-04 5.431788740679621696e-04 3.179696705046808347e-06 6.863025919301435351e-05 3.282949546701274812e-05 2.043610438704490662e-04 2.826012348577933153e-07 7.591225767100695521e-06 9.650567278640664881e-08 1.624754190743260551e-06 5.289000000630039722e-06 1.774832198861986399e-04 1.444548834115266800e-04 5.136953550390899181e-04 1.935737600433640182e-06 6.863025919301435351e-05 3.282949546701274812e-05 2.043610438704490662e-04 2.826012348577933153e-07 7.591225767100695521e-06 9.650567278640664881e-08 1.624754190743260551e-06 5.289000000630039722e-06
1.080000000000000000e+03 1.743989414535462856e-04 3.767798480112105608e-04 5.221214378252625465e-04 2.780422619252931327e-06 7.654766523046419024e-05 4.791601531906053424e-05 2.008664450841024518e-04 7.647052768788853427e-08 1.445262660126900300e-05 9.042346249543697922e-08 7.786604783177608624e-07 4.428079307672305731e-07 1.635569497011601925e-04 1.400520122842863202e-04 4.964228719472885132e-04 1.879008323157904670e-06 7.654766523046419024e-05 4.791601531906053424e-05 2.008664450841024518e-04 7.647052768788853427e-08 1.445262660126900300e-05 9.042346249543697922e-08 7.786604783177608624e-07 4.428079307672305731e-07
1.090000000000000000e+03 1.652838109293952584e-04 3.902975004166364670e-04 5.222926847636699677e-04 2.663039140315959230e-06 7.901546632638201118e-05 4.896023528999648988e-05 2.026031288551166654e-04 7.939384971678009606e-08 1.292027081944979727e-05 8.746879842647103942e-08 2.968930857605300844e-06 3.239764737372752279e-06 1.531042362330481410e-04 1.436073653167113662e-04 4.929821006953716278e-04 1.748324166328529827e-06 7.901546632638201118e-05 4.896023528999648988e-05 2.026031288551166654e-04 7.939384971678009606e-08 1.292027081944979727e-05 8.746879842647103942e-08 2.968930857605300844e-06 3.239764737372752279e-06
1.100000000000000000e+03 1.767617213772609830e-04 3.737404185812920332e-04 5.159868160262703896e-04 2.694204113140585832e-06 7.667781028430908918e-05 5.352022708393633366e-05 1.996005885303020477e-04 1.272955074682613485e-07 1.331691510131349787e-05 1.005603422754575149e-07 1.008177605399396271e-06 1.213429186464054510e-06 1.618338865227997303e-04 1.422158238710835576e-04 4.830284451600164175e-04 1.697979314485564828e-06 7.667781028430908918e-05 5.352022708393633366e-05 1.996005885303020477e-04 1.272955074682613485e-07 1.331691510131349787e-05 1.005603422754575149e-07 1.008177605399396271e-06 1.213429186464054510e-06
1.110000000000000000e+03 2.004554844461381435e-04 3.695256891660392284e-04 5.356706678867340088e-04 2.734878307819599286e-06 6.607458635699003935e-05 5.094872904010117054e-05 1.984361151698976755e-04 5.988141538182389922e-07 1.889212035166565329e-05 1.150311774722467817e-07 1.222844048243132420e-06 1.818167561395966914e-06 1.643067225813865662e-04 1.417391031282022595e-04 5.023527191951870918e-04 1.695477294560987502e-06 6.607458635699003935e-05 5.094872904010117054e-05 1.984361151698976755e-04 5.988141538182389922e-07 1.889212035166565329e-05 1.150311774722467817e-07 1.222844048243132420e-06 1.818167561395966914e-06
1.120000000000000000e+03 1.851407432695850730e-04 3.851469373330473900e-04 5.343222874216735363e-04 2.641790615598438308e-06 7.446820382028818130e-05 4.863537105848081410e-05 1.994699996430426836e-04 1.997754708327192930e-07 1.713946585368830711e-05 9.233303188693753327e-08 2.411139575997367501e-06 6.100760401750449091e-06 1.594795321580022573e-04 1.445114758098497987e-04 4.962317179888486862e-04 1.648880243010353297e-06 7.446820382028818130e-05 4.863537105848081410e-05 1.994699996430426836e-04 1.997754708327192930e-07 1.713946585368830711e-05 9.233303188693753327e-08 2.411139575997367501e-06 6.100760401750449091e-06
1.130000000000000000e+03 1.825247454689815640e-04 3.712920006364583969e-04 5.319250049069523811e-04 2.648121608217479661e-06 7.636427471879869699e-05 5.072716157883405685e-05 1.949467841768637300e-04 1.710164809765046812e-07 3.959733930969377980e-06 1.149262374156023725e-07 1.330919417341647204e-06 6.175914677442051470e-07 1.719033316476270556e-04 1.434552395949140191e-04 4.920503124594688416e-04 1.682054062257520854e-06 7.636427471879869699e-05 5.072716157883405685e-05 1.949467841768637300e-04 1.710164809765046812e-07 3.959733930969377980e-06 1.149262374156023725e-07 1.330919417341647204e-06 6.175914677442051470e-07
1.140000000000000000e+03 2.041310799540951848e-04 3.638780035544186831e-04 5.446918657980859280e-04 2.741163370956201106e-06 7.202249253168702126e-05 4.768591315951198339e-05 1.937047927640378475e-04 1.284624602249095915e-07 1.875376437965314835e-05 1.115017767006065696e-07 1.504513079453317914e-06 1.739846879900142085e-06 1.784875057637691498e-04 1.441971544409170747e-04 5.116722895763814449e-04 1.667809556238353252e-06 7.202249253168702126e-05 4.768591315951198339e-05 1.937047927640378475e-04 1.284624602249095915e-07 1.875376437965314835e-05 1.115017767006065696e-07 1.504513079453317914e-06 1.739846879900142085e-06
1.150000000000000000e+03 1.988378062378615141e-04 3.927279321942478418e-04 5.554651725105941296e-04 2.661344751686556265e-06 7.768097566440701485e-05 6.949932867428287864e-05 1.960927475010976195e-04 2.016783895442131325e-07 5.619489820674061775e-05 9.225405506185779814e-08 4.277494554116856307e-06 2.576078441052231938e-05 1.786506181815639138e-04 1.486288383603096008e-04 5.180441658012568951e-04 1.620377702238329221e-06 7.768097566440701485e-05 6.949932867428287864e-05 1.960927475010976195e-04 2.016783895442131325e-07 5.619489820674061775e-05 9.225405506185779814e-08 4.277494554116856307e-06 2.576078441052231938e-05
1.160000000000000000e+03 2.027626760536804795e-04 3.604552184697240591e-04 5.397928762249648571e-04 2.554967295509413816e-06 7.504088716814294457e-05 4.983328472007997334e-05 1.931953011080622673e-04 1.046683166805451037e-07 1.812912341847550124e-05 8.838017606649373192e-08 7.234129384414700326e-07 1.758701728249434382e-06 1.854256843216717243e-04 1.416068407706916332e-04 5.051933694630861282e-04 1.607603280717739835e-06 7.504088716814294457e-05 4.983328472007997334e-05 1.931953011080622673e-04 1.046683166805451037e-07 1.812912341847550124e-05 8.838017606649373192e-08 7.234129384414700326e-07 1.758701728249434382e-06
1.170000000000000000e+03 2.027468290179967880e-04 3.736155340448021889e-04 5.537167889997363091e-04 2.540407876949757338e-06 7.422485941788181663e-05 3.687581556732766330e-05 1.952601451193913817e-04 6.216607317810485256e-08 1.053738651535240933e-05 8.142709617686705315e-08 1.397165419803059194e-06 4.131265711748710601e-07 1.837099989643320441e-04 1.435015437891706824e-04 5.134927341714501381e-04 1.647013846195477527e-06 7.422485941788181663e-05 3.687581556732766330e-05 1.952601451193913817e-04 6.216607317810485256e-08 1.053738651535240933e-05 8.142709617686705315e-08 1.397165419803059194e-06 4.131265711748710601e-07
1.180000000000000000e+03 2.133125381078571081e-04 3.702899848576635122e-04 5.568899214267730713e-04 2.254581204397254623e-06 8.127268665703013539e-05 3.492304676910862327e-05 1.989968150155618787e-04 6.301813186837534886e-07 4.115747287869453430e-06 8.847109000953423674e-08 8.167719443008536473e-07 8.312422323797363788e-07 1.823600177885964513e-04 1.457621547160670161e-04 5.244428757578134537e-04 1.521027684248110745e-06 8.127268665703013539e-05 3.492304676910862327e-05 1.989968150155618787e-04 6.301813186837534886e-07 4.115747287869453430e-06 8.847109000953423674e-08 8.167719443008536473e-07 8.312422323797363788e-07
1.190000000000000000e+03 1.871181157184764743e-04 3.641752991825342178e-04 5.268368986435234547e-04 2.251598516522790305e-06 8.009937300812453032e-05 3.714188642334192991e-05 2.015725476667284966e-04 1.277868705074070022e-06 3.486549758235923946e-06 8.670060935855872231e-08 1.561935391691804398e-06 6.331970780593110248e-06 1.701340515865013003e-04 1.435924932593479753e-04 4.907629336230456829e-04 1.496118557042791508e-06 8.009937300812453032e-05 3.714188642334192991e-05 2.015725476667284966e-04 1.277868705074070022e-06 3.486549758235923946e-06 8.670060935855872231e-08 1.561935391691804398e-06 6.331970780593110248e-06
1.200000000000000000e+03 2.034214558079838753e-04 3.714260528795421124e-04 5.522174178622663021e-04 2.176951511501101777e-06 7.394637214019894600e-05 3.297232251497916877e-05 1.966045092558488250e-04 7.211747856672445778e-07 2.161867814720608294e-05 9.791344979248606251e-08 1.012857865134719759e-06 1.469356107008934487e-06 1.732687378535047174e-04 1.463393709855154157e-04 5.118748522363603115e-04 1.476277816436777357e-06 7.394637214019894600e-05 3.297232251497916877e-05 1.966045092558488250e-04 7.211747856672445778e-07 2.161867814720608294e-05 9.791344979248606251e-08 1.012857865134719759e-06 1.469356107008934487e-06
1.210000000000000000e+03 2.359941281611099839e-04 3.218657802790403366e-04 5.540420534089207649e-04 2.189633278248948045e-06 7.631346670677885413e-05 2.540349087212234735e-04 1.893264416139572859e-04 8.341319244209444150e-07 3.421686415094882250e-04 1.193044738556636730e-07 2.079141125932437717e-07 3.311632826807908714e-05 1.957844506250694394e-04 1.405005896231159568e-04 5.098439287394285202e-04 1.397777737111027818e-06 7.631346670677885413e-05 2.540349087212234735e-04 1.893264416139572859e-04 8.341319244209444150e-07 3.421686415094882250e-04 1.193044738556636730e-07 2.079141125932437717e-07 3.311632826807908714e-05
1.220000000000000000e+03 1.781931350706145167e-04 3.304695128463208675e-04 5.303453071974217892e-04 2.228679477411787957e-06 7.280321733560413122e-05 1.169614988612011075e-04 1.939210778800770640e-04 3.923122221749508753e-06 8.844411058817058802e-05 1.486406233652814990e-07 1.092906359190237708e-06 4.445448666956508532e-06 1.785786298569291830e-04 1.363191695418208838e-04 4.807421646546572447e-04 1.414335656590992585e-06 7.280321733560413122e-05 1.169614988612011075e-04 1.939210778800770640e-04 3.923122221749508753e-06 8.844411058817058802e-05 1.486406233652814990e-07 1.092906359190237708e-06 4.445448666956508532e-06
1.230000000000000000e+03 1.734918478177860379e-04 3.580144839361310005e-04 5.236401339061558247e-04 2.106903366438928060e-06 8.604511094745248556e-05 6.328843301162123680e-05 1.944824907695874572e-04 2.547031385802256409e-07 7.214974630187498406e-06 1.001140859102633840e-07 1.715153189252305310e-06 7.238375019369414076e-06 1.752125244820490479e-04 1.443580840714275837e-04 4.828797245863825083e-04 1.331500243395566940e-06 8.604511094745248556e-05 6.328843301162123680e-05 1.944824907695874572e-04 2.547031385802256409e-07 7.214974630187498406e-06 1.001140859102633840e-07 1.715153189252305310e-06 7.238375019369414076e-06
1.240000000000000000e+03 1.968326687347143888e-04 3.595124289859086275e-04 5.256615113466978073e-04 1.993216756090987474e-06 8.219697338063269854e-05 5.535422315006144345e-05 1.978854270419105887e-04 2.967287571209453745e-07 8.179243195627350360e-06 8.785425364976617857e-08 1.202800490318622906e-06 2.365546060900669545e-05 1.787960354704409838e-04 1.475337776355445385e-04 4.817870794795453548e-04 1.367694721920997836e-06 8.219697338063269854e-05 5.535422315006144345e-05 1.978854270419105887e-04 2.967287571209453745e-07 8.179243195627350360e-06 8.785425364976617857e-08 1.202800490318622906e-06 2.365546060900669545e-05
1.250000000000000000e+03 2.179987495765089989e-04 3.689188160933554173e-04 5.452029872685670853e-04 2.103276756315608509e-06 7.523164094891399145e-05 3.457857019384391606e-05 1.984635891858488321e-04 8.683671239850809798e-07 1.528271241113543510e-05 7.992721151595105766e-08 2.700839786484721117e-06 3.311225327706779353e-06 1.928690617205575109e-04 1.532652386231347919e-04 5.166148184798657894e-04 1.479035176998877432e-06 7.523164094891399145e-05 3.457857019384391606e-05 1.984635891858488321e-04 8.683671239850809798e-07 1.528271241113543510e-05 7.992721151595105766e-08 2.700839786484721117e-06 3.311225327706779353e-06
1.260000000000000000e+03 2.084860607283189893e-04 3.593035216908901930e-04 5.193612305447459221e-04 2.131818064299295656e-06 8.744047227082774043e-05 5.029862586525268853e-05 1.972651079995557666e-04 1.441959085468624835e-07 1.008447634376352653e-05 7.393156664647904108e-08 1.160411329692578875e-06 2.015832023971597664e-06 1.816658768802881241e-04 1.460917701479047537e-04 4.869060066994279623e-04 1.448323928343597800e-06 8.744047227082774043e-05 5.029862586525268853e-05 1.972651079995557666e-04 1.441959085468624835e-07 1.008447634376352653e-05 7.393156664647904108e-08 1.160411329692578875e-06 2.015832023971597664e-06
1.270000000000000000e+03 2.173370594391599298e-04 3.898546565324068069e-04 5.259149475023150444e-04 2.211009814345743507e-06 9.106483776122331619e-05 1.791448594303801656e-04 1.956147170858457685e-04 1.882583404722026899e-07 1.374670100631192327e-04 6.214701642193176667e-08 3.868923158734105527e-06 1.085815238184295595e-04 2.067013410851359367e-04 1.594642089912667871e-04 5.004756385460495949e-04 1.687320036580786109e-06 9.106483776122331619e-05 1.791448594303801656e-04 1.956147170858457685e-04 1.882583404722026899e-07 1.374670100631192327e-04 6.214701642193176667e-08 3.868923158734105527e-06 1.085815238184295595e-04
1.280000000000000000e+03 2.365349209867417812e-04 3.516970318742096424e-04 5.113969673402607441e-04 3.084123136432026513e-06 9.595175652066245675e-05 9.740370296640321612e-05 1.906859979499131441e-04 7.240717536660667975e-07 8.531307685188949108e-06 7.481209252091503004e-08 1.824779815251531545e-06 3.271730383858084679e-05 2.139578282367438078e-04 1.456010650144889951e-04 4.953276948072016239e-04 1.771967163222143427e-06 9.595175652066245675e-05 9.740370296640321612e-05 1.906859979499131441e-04 7.240717536660667975e-07 8.531307685188949108e-06 7.481209252091503004e-08 1.824779815251531545e-06 3.271730383858084679e-05
1.290000000000000000e+03 2.118851989507675171e-04 3.555102448444813490e-04 4.827509401366114616e-04 3.206975634384434670e-06 1.132730976678431034e-04 8.379765495192259550e-05 1.903780212160199881e-04 3.805474761975347064e-07 3.406064934097230434e-05 8.693219655242501176e-08 7.205239853647071868e-07 2.503953510313294828e-06 1.979455701075494289e-04 1.388149830745533109e-04 4.633909265976399183e-04 1.760101667969138362e-06 1.132730976678431034e-04 8.379765495192259550e-05 1.903780212160199881e-04 3.805474761975347064e-07 3.406064934097230434e-05 8.693219655242501176e-08 7.205239853647071868e-07 2.503953510313294828e-06
1.300000000000000000e+03 2.296406164532527328e-04 3.385620366316288710e-04 4.790386301465332508e-04 2.983231070174952038e-06 9.620826313039287925e-05 6.154440052341669798e-05 1.943146489793434739e-04 6.636507805524161085e-07 5.637172762362752110e-06 9.649489385310516809e-08 1.009185439215798397e-06 3.838484190055169165e-06 1.981733657885342836e-04 1.366531942039728165e-04 4.477179027162492275e-04 1.624251694920531008e-06 9.620826313039287925e-05 6.154440052341669798e-05 1.943146489793434739e-04 6.636507805524161085e-07 5.637172762362752110e-06 9.649489385310516809e-08 1.009185439215798397e-06 3.838484190055169165e-06
1.310000000000000000e+03 2.431671309750527143e-04 3.495913115330040455e-04 4.947162233293056488e-04 2.852961642929585651e-06 9.193216828862205148e-05 4.498181806411594152e-05 1.942607486853376031e-04 2.113332584485760890e-07 3.106269559793872759e-06 8.510714621934312163e-08 1.635859689486096613e-06 5.421163109531335067e-07 2.025147696258500218e-04 1.442669890820980072e-04 4.698523844126611948e-04 1.515523081252467819e-06 9.193216828862205148e-05 4.498181806411594152e-05 1.942607486853376031e-04 2.113332584485760890e-07 3.106269559793872759e-06 8.510714621934312163e-08 1.635859689486096613e-06 5.421163109531335067e-07
1.320000000000000000e+03 2.369116991758346558e-04 3.451084194239228964e-04 4.949621506966650486e-04 2.779850092338165268e-06 8.584718307247385383e-05 4.410219480632804334e-05 1.884068915387615561e-04 3.754631165975297336e-07 2.751739657469443046e-06 7.206232055523287272e-08 5.085973953100619838e-07 9.945033525582402945e-07 1.868995022960007191e-04 1.419882610207423568e-04 4.686157626565545797e-04 1.560337068440276198e-06 8.584718307247385383e-05 4.410219480632804334e-05 1.884068915387615561e-04 3.754631165975297336e-07 2.751739657469443046e-06 7.206232055523287272e-08 5.085973953100619838e-07 9.945033525582402945e-07
1.330000000000000000e+03 2.248905075248330832e-04 3.400582354515790939e-04 4.792534746229648590e-04 2.730479081947123632e-06 8.325016824528574944e-05 3.794403164647519588e-05 1.883551012724637985e-04 1.207739614983438514e-07 3.127278205283801071e-06 7.995856066145279328e-08 1.895304649224271998e-06 2.757703668976319022e-06 1.757468999130651355e-04 1.401582703692838550e-04 4.574038030114024878e-04 1.547236934129614383e-06 8.325016824528574944e-05 3.794403164647519588e-05 1.883551012724637985e-04 1.207739614983438514e-07 3.127278205283801071e-06 7.995856066145279328e-08 1.895304649224271998e-06 2.757703668976319022e-06
1.340000000000000000e+03 2.155738329747691751e-04 3.359240945428609848e-04 4.861171182710677385e-04 2.757262109298608266e-06 7.387540972558781505e-05 4.302043817006051540e-05 1.876857859315350652e-04 1.249227210564640700e-07 7.417842425638809800e-06 1.125895181530722766e-07 2.310798436155891977e-06 8.867697033565491438e-06 1.826361985877156258e-04 1.349329249933362007e-04 4.609818570315837860e-04 1.480189666835940443e-06 7.387540972558781505e-05 4.302043817006051540e-05 1.876857859315350652e-04 1.249227210564640700e-07 7.417842425638809800e-06 1.125895181530722766e-07 2.310798436155891977e-06 8.867697033565491438e-06
1.350000000000000000e+03 2.205583004979416728e-04 3.359162947162985802e-04 4.972934839315712452e-04 2.729978632487473078e-06 6.830752681707963347e-05 3.831812500720843673e-05 1.864125515567138791e-04 1.516413021818152629e-07 4.276802883396157995e-06 9.727765615252792486e-08 5.740579922530741896e-07 7.305155122594442219e-06 1.721335574984550476e-04 1.363014307571575046e-04 4.714569658972322941e-04 1.495513174631923903e-06 6.830752681707963347e-05 3.831812500720843673e-05 1.864125515567138791e-04 1.516413021818152629e-07 4.276802883396157995e-06 9.727765615252792486e-08 5.740579922530741896e-07 7.305155122594442219e-06
1.360000000000000000e+03 2.220100432168692350e-04 3.258751239627599716e-04 5.102261202409863472e-04 2.688573886189260520e-06 6.616691098315641284e-05 3.779634425882250071e-05 1.836255833040922880e-04 3.100103640463203192e-07 6.271734036999987438e-06 9.550338120334345149e-08 1.060961025700635219e-07 5.355036591936368495e-07 1.753359974827617407e-04 1.325335470028221607e-04 4.837516753468662500e-04 1.484195649936737027e-06 6.616691098315641284e-05 3.779634425882250071e-05 1.836255833040922880e-04 3.100103640463203192e-07 6.271734036999987438e-06 9.550338120334345149e-08 1.060961025700635219e-07 5.355036591936368495e-07
1.370000000000000000e+03 2.092872600769624114e-04 3.230780712328851223e-04 4.945728578604757786e-04 2.536151669119135477e-06 7.123379327822476625e-05 3.771766932914033532e-05 1.861287310020998120e-04 2.966559122796752490e-07 2.476435383869102225e-06 1.186009654929875978e-07 7.499320417991839349e-07 1.909912953124148771e-06 1.748538925312459469e-04 1.308773207711055875e-04 4.726464976556599140e-04 1.427407823939574882e-06 7.123379327822476625e-05 3.771766932914033532e-05 1.861287310020998120e-04 2.966559122796752490e-07 2.476435383869102225e-06 1.186009654929875978e-07 7.499320417991839349e-07 1.909912953124148771e-06
1.380000000000000000e+03 2.005573187489062548e-04 3.269431763328611851e-04 5.049889441579580307e-04 2.631424649734981358e-06 6.296559877227991819e-05 5.073859938420355320e-05 1.836148439906537533e-04 4.049593655963690253e-07 1.489127043896587566e-05 1.003768090868106810e-07 1.435509489056130406e-06 1.269848780793836340e-05 1.707463525235652924e-04 1.294675603276118636e-04 4.732332890853285789e-04 1.446464807486336213e-06 6.296559877227991819e-05 5.073859938420355320e-05 1.836148439906537533e-04 4.049593655963690253e-07 1.489127043896587566e-05 1.003768090868106810e-07 1.435509489056130406e-06 1.269848780793836340e-05
1.390000000000000000e+03 2.191433159168809652e-04 3.243578539695590734e-04 4.976146738044917583e-04 2.535688281568582170e-06 6.954722630325704813e-05 3.786965680774301291e-05 1.822332123992964625e-04 5.675874348298748373e-08 4.142661509831668809e-06 8.179634392035950441e-08 9.548110710966284387e-07 5.639205483021214604e-06 1.736374106258153915e-04 1.297009148402139544e-04 4.727544437628239393e-04 1.461070155528432224e-06 6.954722630325704813e-05 3.786965680774301291e-05 1.822332123992964625e-04 5.675874348298748373e-08 4.142661509831668809e-06 8.179634392035950441e-08 9.548110710966284387e-07 5.639205483021214604e-06
1.400000000000000000e+03 2.121914149029180408e-04 3.109390381723642349e-04 4.886906244792044163e-04 2.468133288857643493e-06 6.955818389542400837e-05 4.224128133500926197e-05 1.805999054340645671e-04 1.330728878201625776e-07 3.479074621282052249e-06 9.488898911058640806e-08 1.157058363787655253e-06 6.243760140023368876e-07 1.681396825006231666e-04 1.250152563443407416e-04 4.546939162537455559e-04 1.439913830836303532e-06 6.955818389542400837e-05 4.224128133500926197e-05 1.805999054340645671e-04 1.330728878201625776e-07 3.479074621282052249e-06 9.488898911058640806e-08 1.157058363787655253e-06 6.243760140023368876e-07
1.410000000000000000e+03 1.947336422745138407e-04 3.078456211369484663e-04 4.932951997034251690e-04 2.374300720475730486e-06 6.811037746956571937e-05 4.613452620105817914e-05 1.840120676206424832e-04 3.948235303141700570e-07 2.785883225442375988e-06 1.370118098975581233e-07 3.719563039794593351e-07 9.912482710205949843e-07 1.635559310670942068e-04 1.247132313437759876e-04 4.501941439229995012e-04 1.423596245331282262e-06 6.811037746956571937e-05 4.613452620105817914e-05 1.840120676206424832e-04 3.948235303141700570e-07 2.785883225442375988e-06 1.370118098975581233e-07 3.719563039794593351e-07 9.912482710205949843e-07
1.420000000000000000e+03 2.007976436289027333e-04 3.280301752965897322e-04 5.016666837036609650e-04 2.466475052642636001e-06 6.788126484025269747e-05 9.163735376205295324e-05 1.834439171943813562e-04 1.551951243072835496e-07 5.804901957162655890e-05 7.722034212065409520e-08 2.687190999495214783e-06 5.469530879054218531e-05 1.638462417759001255e-04 1.323910837527364492e-04 4.659956030081957579e-04 1.392023932567099109e-06 6.788126484025269747e-05 9.163735376205295324e-05 1.834439171943813562e-04 1.551951243072835496e-07 5.804901957162655890e-05 7.722034212065409520e-08 2.687190999495214783e-06 5.469530879054218531e-05
1.430000000000000000e+03 2.056683588307350874e-04 3.244604158680886030e-04 5.050863837823271751e-04 2.428102789053809829e-06 6.480601587099954486e-05 5.890358079341240227e-05 1.832261623349040747e-04 3.985483374435716541e-07 2.146394945157226175e-05 6.730972756940900581e-08 1.100941517506726086e-06 3.490068775136023760e-05 1.712147495709359646e-04 1.337185967713594437e-04 4.732182715088129044e-04 1.428093582944711670e-06 6.480601587099954486e-05 5.890358079341240227e-05 1.832261623349040747e-04 3.985483374435716541e-07 2.146394945157226175e-05 6.730972756940900581e-08 1.100941517506726086e-06 3.490068775136023760e-05
1.440000000000000000e+03 1.844969519879668951e-04 2.966893080156296492e-04 4.903036169707775116e-04 2.426780383757431991e-06 6.920497253304347396e-05 5.950153718004003167e-05 1.828956883400678635e-04 2.774091854007565416e-07 8.100768354779575020e-06 8.785313809767103521e-08 1.059116954138517031e-07 2.458777316860505380e-06 1.597468944964930415e-04 1.211736453115008771e-04 4.504582320805639029e-04 1.428542987014225218e-06 6.920497253304347396e-05 5.950153718004003167e-05 1.828956883400678635e-04 2.774091854007565416e-07 8.100768354779575020e-06 8.785313809767103521e-08 1.059116954138517031e-07 2.458777316860505380e-06
1.450000000000000000e+03 1.909046550281345844e-04 3.014323883689939976e-04 4.996689967811107635e-04 2.398950982751557603e-06 6.598949403269216418e-05 3.412506339373067021e-05 1.831012341426685452e-04 3.751766257664712612e-07 4.655972588807344437e-06 9.992807292746874737e-08 1.372682589817486587e-07 3.913403361366363242e-07 1.521017111372202635e-04 1.257999101653695107e-04 4.560284141916781664e-04 1.510186166342464276e-06 6.598949403269216418e-05 3.412506339373067021e-05 1.831012341426685452e-04 3.751766257664712612e-07 4.655972588807344437e-06 9.992807292746874737e-08 1.372682589817486587e-07 3.913403361366363242e-07
1.460000000000000000e+03 1.933072053361684084e-04 2.945956657640635967e-04 5.001990357413887978e-04 2.237646867797593586e-06 7.055910100461915135e-05 6.627239781664684415e-05 1.798802841221913695e-04 9.994152350145668606e-08 2.310196396138053387e-05 1.017343791431812861e-07 3.988045804703688191e-08 1.224487004947150126e-05 1.516091142548248172e-04 1.229252811754122376e-04 4.593750927597284317e-04 1.531699808765552007e-06 7.055910100461915135e-05 6.627239781664684415e-05 1.798802841221913695e-04 9.994152350145668606e-08 2.310196396138053387e-05 1.017343791431812861e-07 3.988045804703688191e-08 1.224487004947150126e-05
1.470000000000000000e+03 1.898932241601869464e-04 2.894991775974631310e-04 4.782071337103843689e-04 2.243930111944791861e-06 7.222976273624226451e-05 4.911622454528696835e-05 1.835410948842763901e-04 1.302983747564212536e-07 8.522612915839999914e-06 1.339286939128214726e-07 2.176264928266391507e-07 2.109892193402629346e-06 1.425208174623548985e-04 1.171590702142566442e-04 4.436026792973279953e-04 1.578290380166436080e-06 7.222976273624226451e-05 4.911622454528696835e-05 1.835410948842763901e-04 1.302983747564212536e-07 8.522612915839999914e-06 1.339286939128214726e-07 2.176264928266391507e-07 2.109892193402629346e-06
1.480000000000000000e+03 1.782332547008991241e-04 2.943284052889794111e-04 4.956942866556346416e-04 2.263448777739540674e-06 6.808511534472927451e-05 4.024111694889143109e-05 1.818009477574378252e-04 1.405038716484341421e-07 6.575050520041259006e-06 1.136406027058001200e-07 1.403757607931765961e-07 4.016909315396333113e-06 1.435749873053282499e-04 1.174972203443758190e-04 4.686462052632123232e-04 1.599445567990187556e-06 6.808511534472927451e-05 4.024111694889143109e-05 1.818009477574378252e-04 1.405038716484341421e-07 6.575050520041259006e-06 1.136406027058001200e-07 1.403757607931765961e-07 4.016909315396333113e-06
1.490000000000000000e+03 1.844455982791259885e-04 2.867124276235699654e-04 4.798445443157106638e-04 2.250361831102054566e-06 7.219594408525153995e-05 5.537644028663635254e-05 1.794399431673809886e-04 6.812994968186103506e-08 1.606220030225813389e-05 7.274116597955071484e-08 1.861447884721201262e-07 7.040604486974189058e-06 1.509547873865813017e-04 1.170994146377779543e-04 4.531368322204798460e-04 1.661259716456697788e-06 7.219594408525153995e-05 5.537644028663635254e-05 1.794399431673809886e-04 6.812994968186103506e-08 1.606220030225813389e-05 7.274116597955071484e-08 1.861447884721201262e-07 7.040604486974189058e-06
1.500000000000000000e+03 1.627345482120290399e-04 2.960106357932090759e-04 4.812340775970369577e-04 2.248139708171947859e-06 7.550809823442250490e-05 3.858626951114274561e-05 1.832281996030360460e-04 4.071788239912166318e-08 5.780616902484325692e-06 1.108613645328659914e-07 1.489372039031877648e-06 1.343875828752061352e-05 1.421688939444720745e-04 1.196099910885095596e-04 4.576531937345862389e-04 1.638698336137167644e-06 7.550809823442250490e-05 3.858626951114274561e-05 1.832281996030360460e-04 4.071788239912166318e-08 5.780616902484325692e-06 1.108613645328659914e-07 1.489372039031877648e-06 1.343875828752061352e-05
1.510000000000000000e+03 1.954375475179404020e-04 2.809413417708128691e-04 4.850678960792720318e-04 2.535774910938926041e-06 7.541199738625437021e-05 5.279022298054769635e-05 1.814000861486420035e-04 2.706118493733811192e-07 1.091896047000773251e-05 1.202992621074372437e-07 3.802454173751357303e-08 1.752776029206870589e-06 1.452816504752263427e-04 1.129514785134233534e-04 4.546653653960675001e-04 1.680690843386400957e-06 7.541199738625437021e-05 5.279022298054769635e-05 1.814000861486420035e-04 2.706118493733811192e-07 1.091896047000773251e-05 1.202992621074372437e-07 3.802454173751357303e-08 1.752776029206870589e-06
1.520000000000000000e+03 1.631230115890502930e-04 2.909274480771273375e-04 4.841951886191964149e-04 2.354988282604608685e-06 7.472565630450844765e-05 5.393547689891420305e-05 1.847948442446067929e-04 2.167306121236833860e-07 1.146948125096969306e-05 1.037875989595704596e-07 1.910048013087362051e-06 1.465980312786996365e-05 1.421838096575811505e-04 1.165694848168641329e-04 4.525179392658174038e-04 1.691719944574288093e-06 7.472565630450844765e-05 5.393547689891420305e-05 1.847948442446067929e-04 2.167306121236833860e-07 1.146948125096969306e-05 1.037875989595704596e-07 1.910048013087362051e-06 1.465980312786996365e-05
1.530000000000000000e+03 1.875905290944501758e-04 2.790089929476380348e-04 4.786569916177541018e-04 2.527298420318402350e-06 7.380929309874773026e-05 4.955774784320965409e-05 1.801239850465208292e-04 2.654555260050983634e-07 1.200899714604020119e-05 7.225762033158389386e-08 1.798520230522626662e-07 4.003690264653414488e-06 1.476245233789086342e-04 1.118988293455913663e-04 4.479827475734055042e-04 1.743416419230925385e-06 7.380929309874773026e-05 4.955774784320965409e-05 1.801239850465208292e-04 2.654555260050983634e-07 1.200899714604020119e-05 7.225762033158389386e-08 1.798520230522626662e-07 4.003690264653414488e-06
1.540000000000000000e+03 1.838685711845755577e-04 2.960842975880950689e-04 4.861910711042582989e-04 2.428628704365110025e-06 8.043002162594348192e-05 8.622835593996569514e-05 1.867877290351316333e-04 6.075973715269356035e-07 3.320162795716896653e-05 8.345720203806195059e-08 4.462731340026948601e-06 5.614678593701682985e-05 1.514383620815351605e-04 1.171873082057572901e-04 4.582218825817108154e-04 1.702394570202159230e-06 8.043002162594348192e-05 8.622835593996569514e-05 1.867877290351316333e-04 6.075973715269356035e-07 3.320162795716896653e-05 8.345720203806195059e-08 4.462731340026948601e-06 5.614678593701682985e-05
1.550000000000000000e+03 1.830325345508754253e-04 3.055586421396583319e-04 5.115519161336123943e-04 2.358743586228229105e-06 7.891604764154180884e-05 6.013353049638681114e-05 1.851056294981390238e-04 8.099460728772100993e-07 6.201142969075590372e-05 1.329419916373808519e-07 2.170907464460469782e-06 5.089613841846585274e-05 1.528365828562527895e-04 1.175252327811904252e-04 4.969976725988090038e-04 1.656330937294114847e-06 7.891604764154180884e-05 6.013353049638681114e-05 1.851056294981390238e-04 8.099460728772100993e-07 6.201142969075590372e-05 1.329419916373808519e-07 2.170907464460469782e-06 5.089613841846585274e-05
1.560000000000000000e+03 1.857267488958314061e-04 2.819110231939703226e-04 4.910521092824637890e-04 2.510292006263625808e-06 6.705239502480253577e-05 3.386213938938453794e-05 1.840426557464525104e-04 1.187479369946231600e-06 3.338091573823476210e-06 7.996462869641618454e-08 7.223479201456939336e-07 2.633628810144728050e-06 1.511817390564829111e-04 1.132464822148904204e-04 4.683770239353179932e-04 1.828034669415501412e-06 6.705239502480253577e-05 3.386213938938453794e-05 1.840426557464525104e-04 1.187479369946231600e-06 3.338091573823476210e-06 7.996462869641618454e-08 7.223479201456939336e-07 2.633628810144728050e-06
1.570000000000000000e+03 2.080765989376232028e-04 2.759194176178425550e-04 4.899335326626896858e-04 2.564001533755799755e-06 7.846471999073401093e-05 4.909544441034086049e-05 1.808661618269979954e-04 2.567431636180117493e-07 1.247432373929768801e-05 5.839697436726964952e-08 6.751760395218298072e-08 1.654474317547283135e-06 1.562477264087647200e-04 1.086893098545260727e-04 4.734535759780555964e-04 1.764350713528983761e-06 7.846471999073401093e-05 4.909544441034086049e-05 1.808661618269979954e-04 2.567431636180117493e-07 1.247432373929768801e-05 5.839697436726964952e-08 6.751760395218298072e-08 1.654474317547283135e-06
1.580000000000000000e+03 1.931119622895494103e-04 2.727995452005416155e-04 4.963050014339387417e-04 2.552003934397362173e-06 7.132134487619623542e-05 3.396608008188195527e-05 1.804926287150010467e-04 1.841058860918565188e-07 1.319667353527620435e-05 6.685321807253785664e-08 5.519069645743002184e-08 1.725916263239923865e-06 1.590770552866160870e-04 1.113016260205768049e-04 4.815985448658466339e-04 1.711049208097392693e-06 7.132134487619623542e-05 3.396608008188195527e-05 1.804926287150010467e-04 1.841058860918565188e-07 1.319667353527620435e-05 6.685321807253785664e-08 5.519069645743002184e-08 1.725916263239923865e-06
1.590000000000000000e+03 1.908022240968421102e-04 2.740338677540421486e-04 4.890596028417348862e-04 2.384565959800966084e-06 8.174037066055461764e-05 3.526217915350571275e-05 1.854447764344513416e-04 2.880308898056682665e-07 3.241981858081999235e-06 8.965287179307779297e-08 6.279066724346193951e-07 7.487020411645062268e-06 1.457574107917025685e-04 1.074209067155607045e-04 4.768019716721028090e-04 1.640839855099329725e-06 8.174037066055461764e-05 3.526217915350571275e-05 1.854447764344513416e-04 2.880308898056682665e-07 3.241981858081999235e-06 8.965287179307779297e-08 6.279066724346193951e-07 7.487020411645062268e-06
1.600000000000000000e+03 1.781081227818503976e-04 2.627872163429856300e-04 4.878455074504017830e-04 2.276735585837741382e-06 7.672527135582640767e-05 4.273888043826445937e-05 1.856473099905997515e-04 6.117528528193361126e-08 6.172809662530198693e-06 1.813748440326889977e-07 3.729659425744102919e-08 2.745733809206285514e-06 1.576386130182072520e-04 1.054363019648008049e-04 4.649440234061330557e-04 1.649181172069802415e-06 7.672527135582640767e-05 4.273888043826445937e-05 1.856473099905997515e-04 6.117528528193361126e-08 6.172809662530198693e-06 1.813748440326889977e-07 3.729659425744102919e-08 2.745733809206285514e-06
1.610000000000000000e+03 2.230047830380499363e-04 2.429534797556698322e-04 4.817077715415507555e-04 2.139996468031313270e-06 7.593110058223828673e-05 2.143431192962452769e-04 1.804318453650921583e-04 2.066462911898270249e-06 1.825790968723595142e-04 9.223654728884866927e-08 4.214130058244336396e-06 1.104310722439549863e-04 1.905188546516001225e-04 1.001140190055593848e-04 4.517896741162985563e-04 1.665611080170492642e-06 7.593110058223828673e-05 2.143431192962452769e-04 1.804318453650921583e-04 2.066462911898270249e-06 1.825790968723595142e-04 9.223654728884866927e-08 4.214130058244336396e-06 1.104310722439549863e-04
1.620000000000000000e+03 1.797546137822791934e-04 2.921967243310064077e-04 5.115509848110377789e-04 2.171394271499593742e-06 7.214029028546065092e-05 3.618429400376044214e-05 1.849373365985229611e-04 8.037293923734978307e-07 2.611494892335031182e-05 7.036447868813411333e-08 8.734901371099113021e-07 1.877287650131620467e-05 1.506702683400362730e-04 1.144213165389373899e-04 4.893236327916383743e-04 1.716634074000467081e-06 7.214029028546065092e-05 3.618429400376044214e-05 1.849373365985229611e-04 8.037293923734978307e-07 2.611494892335031182e-05 7.036447868813411333e-08 8.734901371099113021e-07 1.877287650131620467e-05
1.630000000000000000e+03 1.903716620290651917e-04 2.741776697803288698e-04 4.987461725249886513e-04 2.130323537130607292e-06 6.956153083592653275e-05 3.680012014228850603e-05 1.902801595861092210e-04 3.148464600144507131e-07 6.599427251785527915e-06 8.432648002099085716e-08 8.288843673653900623e-07 7.991928214323706925e-06 1.505580730736255646e-04 1.084130053641274571e-04 4.835711151827126741e-04 1.705736622170661576e-06 6.956153083592653275e-05 3.680012014228850603e-05 1.902801595861092210e-04 3.148464600144507131e-07 6.599427251785527915e-06 8.432648002099085716e-08 8.288843673653900623e-07 7.991928214323706925e-06
1.640000000000000000e+03 1.904510281747207046e-04 2.662096812855452299e-04 5.003580008633434772e-04 2.095633362841908820e-06 7.636338705196976662e-05 3.741269392776302993e-05 1.889186678454279900e-04 2.169096120496760705e-07 6.449156899179797620e-06 1.074674145229437272e-07 3.978351799105439568e-07 5.824269010190619156e-06 1.520872901892289519e-04 1.039155031321570277e-04 4.720699798781424761e-04 1.821877162910823245e-06 7.636338705196976662e-05 3.741269392776302993e-05 1.889186678454279900e-04 2.169096120496760705e-07 6.449156899179797620e-06 1.074674145229437272e-07 3.978351799105439568e-07 5.824269010190619156e-06
1.650000000000000000e+03 1.847297389758750796e-04 2.627235080581158400e-04 5.036885850131511688e-04 2.076259761452092789e-06 6.981423211982473731e-05 3.058703441638499498e-05 1.887738762889057398e-04 2.243489802822296042e-07 1.140184167525148951e-06 1.270311145162850153e-07 3.791278686549048871e-07 2.681084936284605647e-07 1.454849989386275411e-04 1.079044450307264924e-04 4.708408960141241550e-04 1.776837848410650622e-06 6.981423211982473731e-05 3.058703441638499498e-05 1.887738762889057398e-04 2.243489802822296042e-07 1.140184167525148951e-06 1.270311145162850153e-07 3.791278686549048871e-07 2.681084936284605647e-07
1.660000000000000000e+03 1.797254662960767746e-04 2.602151362225413322e-04 4.995205672457814217e-04 2.085314690702944063e-06 7.056673348415642977e-05 3.194117380189709365e-05 1.894854503916576505e-04 1.614078399825302768e-07 1.526252731309796218e-06 1.186178479883892578e-07 5.741891868638049345e-07 2.882277101434738142e-07 1.453267614124342799e-04 1.068104611476883292e-04 4.738292482215911150e-04 1.706871557871636469e-06 7.056673348415642977e-05 3.194117380189709365e-05 1.894854503916576505e-04 1.614078399825302768e-07 1.526252731309796218e-06 1.186178479883892578e-07 5.741891868638049345e-07 2.882277101434738142e-07
1.670000000000000000e+03 2.088108740281313658e-04 2.908071328420192003e-04 5.200536106713116169e-04 2.037814510913449340e-06 7.111053128028288484e-05 1.452357828384265304e-04 1.885252422653138638e-04 3.139543878205586225e-07 1.820694014895707369e-04 9.091081665246747434e-08 5.562036676565185189e-06 7.030854612821713090e-05 1.613784552318975329e-04 1.174242352135479450e-04 4.902303917333483696e-04 1.790118631106452085e-06 7.111053128028288484e-05 1.452357828384265304e-04 1.885252422653138638e-04 3.139543878205586225e-07 1.820694014895707369e-04 9.091081665246747434e-08 5.562036676565185189e-06 7.030854612821713090e-05
1.680000000000000000e+03 2.020341780735179782e-04 2.742147771641612053e-04 5.196242127567529678e-04 2.093681132464553230e-06 6.147599924588575959e-05 4.073646778124384582e-05 1.849227555794641376e-04 1.511446612312283833e-07 2.739280898822471499e-05 8.365427817125237198e-08 1.539834329378209077e-06 1.441670247004367411e-05 1.580356620252132416e-04 1.128275034716352820e-04 4.910689895041286945e-04 1.832205384744156618e-06 6.147599924588575959e-05 4.073646778124384582e-05 1.849227555794641376e-04 1.511446612312283833e-07 2.739280898822471499e-05 8.365427817125237198e-08 1.539834329378209077e-06 1.441670247004367411e-05
1.690000000000000000e+03 1.943804818438366055e-04 2.629581722430884838e-04 5.013818736188113689e-04 2.079976411550887860e-06 5.936478191870264709e-05 3.430704964557662606e-05 1.855530426837503910e-04 7.290740313692367636e-07 1.984832124435342848e-06 8.352455438398465049e-08 5.201292196943541057e-07 1.733009412419050932e-06 1.557585928821936250e-04 1.088679346139542758e-04 4.793341504409909248e-04 1.652620881031907629e-06 5.936478191870264709e-05 3.430704964557662606e-05 1.855530426837503910e-04 7.290740313692367636e-07 1.984832124435342848e-06 8.352455438398465049e-08 5.201292196943541057e-07 1.733009412419050932e-06
1.700000000000000000e+03 1.916395849548280239e-04 2.569823118392378092e-04 4.884590161964297295e-04 2.269785454700468108e-06 6.004354145261459053e-05 6.650012801401317120e-05 1.795195421436801553e-04 3.783928548273252090e-07 4.108769644517451525e-06 9.746108275976439472e-08 2.567618082593980944e-07 6.456825758505146950e-06 1.601463009137660265e-04 1.018510301946662366e-04 4.807513032574206591e-04 1.797027948668983299e-06 6.004354145261459053e-05 6.650012801401317120e-05 1.795195421436801553e-04 3.783928548273252090e-07 4.108769644517451525e-06 9.746108275976439472e-08 2.567618082593980944e-07 6.456825758505146950e-06
1.710000000000000000e+03 2.088767651002854109e-04 2.550960343796759844e-04 5.192576209083199501e-04 2.165102614526404068e-06 6.325276626739650965e-05 5.362977390177547932e-05 1.719345309538766742e-04 1.735789282975019887e-06 1.055048414855264127e-05 1.267458316078773350e-07 1.169372012554958928e-06 5.367332960304338485e-06 1.587265724083408713e-04 1.057136032613925636e-04 4.966665874235332012e-04 1.778333853508229367e-06 6.325276626739650965e-05 5.362977390177547932e-05 1.719345309538766742e-04 1.735789282975019887e-06 1.055048414855264127e-05 1.267458316078773350e-07 1.169372012554958928e-06 5.367332960304338485e-06
1.720000000000000000e+03 2.148512867279350758e-04 2.580093860160559416e-04 5.328201223164796829e-04 2.091888973154709674e-06 6.005278191878460348e-05 4.002111018053255975e-05 1.716099650366231799e-04 9.843442967394366860e-07 1.541901838209014386e-06 9.602557327070826432e-08 2.210009029113280121e-07 2.223541741841472685e-07 1.593860797584056854e-04 1.087558921426534653e-04 4.974046605639159679e-04 1.786373445611388888e-06 6.005278191878460348e-05 4.002111018053255975e-05 1.716099650366231799e-04 9.843442967394366860e-07 1.541901838209014386e-06 9.602557327070826432e-08 2.210009029113280121e-07 2.223541741841472685e-07
1.730000000000000000e+03 2.158389543183147907e-04 2.416901115793734789e-04 5.171243101358413696e-04 2.105113253492163494e-06 5.121616050018928945e-05 8.758813783060759306e-05 1.719423889880999923e-04 3.032619417808746221e-07 4.869228723691776395e-05 1.129773892216690001e-07 2.523318698877119459e-06 2.059949292743112892e-05 1.725097827147692442e-04 1.006953607429750264e-04 4.813347768504172564e-04 1.862572617028490640e-06 5.121616050018928945e-05 8.758813783060759306e-05 1.719423889880999923e-04 3.032619417808746221e-07 4.869228723691776395e-05 1.129773892216690001e-07 2.523318698877119459e-06 2.059949292743112892e-05
1.740000000000000000e+03 2.229134552180767059e-04 2.455164503771811724e-04 5.179472500458359718e-04 2.112593620040570386e-06 5.515935481525957584e-05 7.756654667900875211e-05 1.697462139418348670e-04 1.557053451506362762e-06 4.001562410849146545e-05 9.173638204629241955e-08 1.905231442833610345e-06 8.118288860714528710e-06 1.935599138960242271e-04 1.012490174616687000e-04 4.847991513088345528e-04 1.732875261950539425e-06 5.515935481525957584e-05 7.756654667900875211e-05 1.697462139418348670e-04 1.557053451506362762e-06 4.001562410849146545e-05 9.173638204629241955e-08 1.905231442833610345e-06 8.118288860714528710e-06
1.750000000000000000e+03 2.103915030602365732e-04 2.558063424658030272e-04 5.338845658116042614e-04 2.181796844524797052e-06 5.844414772582240403e-05 3.452461896813474596e-05 1.806342042982578278e-04 7.429417223647760693e-07 2.761626774372416548e-06 1.083209113517114019e-07 8.826339126244420186e-07 7.144345204324054066e-07 1.709235511953011155e-04 1.059438145603053272e-04 4.981274832971394062e-04 1.781726609806355555e-06 5.844414772582240403e-05 3.452461896813474596e-05 1.806342042982578278e-04 7.429417223647760693e-07 2.761626774372416548e-06 1.083209113517114019e-07 8.826339126244420186e-07 7.144345204324054066e-07
1.760000000000000000e+03 2.157822600565850735e-04 2.634026750456541777e-04 5.463293637149035931e-04 2.070532445941353217e-06 6.236819172045215964e-05 4.976312629878520966e-05 1.859966287156566978e-04 5.385101076171849854e-07 1.033550142892636359e-05 1.166108418715339212e-07 2.739870694767887471e-07 8.298088687297422439e-06 1.816453732317313552e-04 1.128950243582949042e-04 5.128687480464577675e-04 1.754003960741101764e-06 6.236819172045215964e-05 4.976312629878520966e-05 1.859966287156566978e-04 5.385101076171849854e-07 1.033550142892636359e-05 1.166108418715339212e-07 2.739870694767887471e-07 8.298088687297422439e-06
1.770000000000000000e+03 2.163907920476049185e-04 2.463948330841958523e-04 5.192654207348823547e-04 2.149187594113755040e-06 6.049989679013378918e-05 5.126908581587485969e-05 1.791282993508502841e-04 1.946376073647115845e-07 6.134594968898454681e-06 1.006992675911533297e-07 1.019755018205614761e-06 3.545311528796446510e-06 1.813422131817787886e-04 1.033658554661087692e-04 4.865569353569298983e-04 1.848024112405255437e-06 6.049989679013378918e-05 5.126908581587485969e-05 1.791282993508502841e-04 1.946376073647115845e-07 6.134594968898454681e-06 1.006992675911533297e-07 1.019755018205614761e-06 3.545311528796446510e-06
1.780000000000000000e+03 2.208897349191829562e-04 2.525445306673645973e-04 5.110459169372916222e-04 2.244703409814974293e-06 5.971549762762151659e-05 3.870361979352310300e-05 1.772667892510071397e-04 3.680490863189334050e-07 1.567746380715107080e-06 1.090599610620301974e-07 9.412714803147537168e-07 2.863396275643026456e-06 1.998247316805645823e-04 1.056033433997072279e-04 4.884601803496479988e-04 1.916400151458219625e-06 5.971549762762151659e-05 3.870361979352310300e-05 1.772667892510071397e-04 3.680490863189334050e-07 1.567746380715107080e-06 1.090599610620301974e-07 9.412714803147537168e-07 2.863396275643026456e-06
1.790000000000000000e+03 2.417519717710092664e-04 2.457955561112612486e-04 5.194111145101487637e-04 2.215740096289664507e-06 5.901304757571779191e-05 3.920449671568349004e-05 1.766679779393598437e-04 7.971999593792133965e-08 8.143450031639076769e-06 1.125338542351528304e-07 1.283839651478047017e-06 2.961414793389849365e-07 2.088952023768797517e-04 1.065738979377783835e-04 4.907998372800648212e-04 1.934902002176386304e-06 5.901304757571779191e-05 3.920449671568349004e-05 1.766679779393598437e-04 7.971999593792133965e-08 8.143450031639076769e-06 1.125338542351528304e-07 1.283839651478047017e-06 2.961414793389849365e-07
1.800000000000000000e+03 1.984068803722038865e-04 2.509167534299194813e-04 4.965712432749569416e-04 2.501835979273892008e-06 6.817738903919234872e-05 5.588973363046534359e-05 1.842354686232283711e-04 1.003576883817913767e-07 7.132802238629665226e-06 1.100732944792071066e-07 1.387089696436305530e-07 1.207003333547618240e-05 1.843679492594674230e-04 1.039741691784001887e-04 4.812780243810266256e-04 2.083524577756179497e-06 6.817738903919234872e-05 5.588973363046534359e-05 1.842354686232283711e-04 1.003576883817913767e-07 7.132802238629665226e-06 1.100732944792071066e-07 1.387089696436305530e-07 1.207003333547618240e-05
1.810000000000000000e+03 2.115101815434172750e-04 2.459930838085711002e-04 5.467742448672652245e-04 2.786743607430253178e-06 6.165793456602841616e-05 4.813632767763920128e-05 1.791166578186675906e-04 3.078250188082165550e-07 7.198106686701066792e-06 1.005234153694800625e-07 6.154166953820094932e-07 2.740668378464761190e-06 1.920665963552892208e-04 1.079996727639809251e-04 5.167936324141919613e-04 2.265283683300367557e-06 6.165793456602841616e-05 4.813632767763920128e-05 1.791166578186675906e-04 3.078250188082165550e-07 7.198106686701066792e-06 1.005234153694800625e-07 6.154166953820094932e-07 2.740668378464761190e-06
1.820000000000000000e+03 2.188341604778543115e-04 2.458482922520488501e-04 5.448965239338576794e-04 2.839141870936146006e-06 7.414929859805852175e-05 5.663362026098184288e-05 1.796379947336390615e-04 1.105907116993876116e-07 8.877610525814816356e-06 1.124549839914834592e-07 4.067738359481154475e-07 6.033665613358607516e-06 1.896076864795759320e-04 1.066969634848646820e-04 5.109442281536757946e-04 2.305712541783577763e-06 7.414929859805852175e-05 5.663362026098184288e-05 1.796379947336390615e-04 1.105907116993876116e-07 8.877610525814816356e-06 1.124549839914834592e-07 4.067738359481154475e-07 6.033665613358607516e-06
1.830000000000000000e+03 2.063048304989933968e-04 2.512239443603903055e-04 5.223671905696392059e-04 2.639954573169234209e-06 7.668235775781795382e-05 4.480175630305893719e-05 1.854561269283294678e-04 1.143310726092749974e-07 6.283237780735362321e-06 1.237859379443762009e-07 9.449969979868910741e-07 1.221886577695840970e-05 1.736280391924083233e-04 1.067552584572695196e-04 5.052962806075811386e-04 2.149910869775339961e-06 7.668235775781795382e-05 4.480175630305893719e-05 1.854561269283294678e-04 1.143310726092749974e-07 6.283237780735362321e-06 1.237859379443762009e-07 9.449969979868910741e-07 1.221886577695840970e-05
1.840000000000000000e+03 1.948298449860885739e-04 2.364217943977564573e-04 5.184861947782337666e-04 2.723079660427174531e-06 7.080850627971813083e-05 6.827552715549245477e-05 1.800333120627328753e-04 6.152755531729781069e-07 2.071701601380482316e-05 1.028342637710011331e-07 4.517463025877077598e-07 1.380417415930423886e-05 1.724390021990984678e-04 1.017544636852107942e-04 4.928716807626187801e-04 2.153311015717918053e-06 7.080850627971813083e-05 6.827552715549245477e-05 1.800333120627328753e-04 6.152755531729781069e-07 2.071701601380482316e-05 1.028342637710011331e-07 4.517463025877077598e-07 1.380417415930423886e-05
1.850000000000000000e+03 1.949252182384952903e-04 2.477350353728979826e-04 5.256997537799179554e-04 2.698202251849579625e-06 6.779300747439265251e-05 4.976979107595980167e-05 1.864957303041592240e-04 1.746554687542811735e-07 1.306167905568145216e-05 1.157568974008427176e-07 1.154867618424759712e-06 2.195550041506066918e-05 1.711508812149986625e-04 1.052500447258353233e-04 4.925720859318971634e-04 2.211672608609660529e-06 6.779300747439265251e-05 4.976979107595980167e-05 1.864957303041592240e-04 1.746554687542811735e-07 1.306167905568145216e-05 1.157568974008427176e-07 1.154867618424759712e-06 2.195550041506066918e-05
1.860000000000000000e+03 1.941652590176090598e-04 2.363825915381312370e-04 5.241243634372949600e-04 2.716454218898434192e-06 6.894417310832068324e-05 4.543203249340876937e-05 1.833949208958074450e-04 9.458853611477024970e-08 2.603007715151761658e-06 9.980365689443715382e-08 2.698748176044318825e-07 5.110942424835229758e-07 1.632845960557460785e-04 1.011419735732488334e-04 4.795836866833269596e-04 2.235012971141259186e-06 6.894417310832068324e-05 4.543203249340876937e-05 1.833949208958074450e-04 9.458853611477024970e-08 2.603007715151761658e-06 9.980365689443715382e-08 2.698748176044318825e-07 5.110942424835229758e-07
1.870000000000000000e+03 1.937476481543853879e-04 2.450890315230935812e-04 5.411474849097430706e-04 2.763238853731309064e-06 7.268734771059826016e-05 4.253132283338345587e-05 1.848515676101669669e-04 9.791452981744441786e-08 1.243214865098707378e-05 1.070005097858484078e-07 1.474580813010106795e-06 1.395510571455815807e-05 1.592055195942521095e-04 1.046620163833722472e-04 4.954139003530144691e-04 2.236045475001446903e-06 7.268734771059826016e-05 4.253132283338345587e-05 1.848515676101669669e-04 9.791452981744441786e-08 1.243214865098707378e-05 1.070005097858484078e-07 1.474580813010106795e-06 1.395510571455815807e-05
1.880000000000000000e+03 1.982732792384922504e-04 2.343352534808218479e-04 5.422895192168653011e-04 2.887986511268536560e-06 7.459319022018462420e-05 5.547582622966729105e-05 1.838208263507112861e-04 1.019455879713859758e-07 8.223891200032085180e-06 9.396198663580435095e-08 1.748880009699860238e-07 3.515546723065199330e-06 1.693090453045442700e-04 1.043665615725331008e-04 4.990514717064797878e-04 2.211559603892965242e-06 7.459319022018462420e-05 5.547582622966729105e-05 1.838208263507112861e-04 1.019455879713859758e-07 8.223891200032085180e-06 9.396198663580435095e-08 1.748880009699860238e-07 3.515546723065199330e-06
1.890000000000000000e+03 1.889986597234383225e-04 2.359439822612330317e-04 5.291731213219463825e-04 2.960263827844755724e-06 7.433155406033620238e-05 4.183101918897591531e-05 1.846063096309080720e-04 1.300242189472555765e-07 2.016591224673902616e-06 9.872461959048450808e-08 1.667129652105359128e-07 6.102974907662428450e-07 1.514826581114903092e-04 1.031232677632942796e-04 4.828850796911865473e-04 2.262435145894414745e-06 7.433155406033620238e-05 4.183101918897591531e-05 1.846063096309080720e-04 1.300242189472555765e-07 2.016591224673902616e-06 9.872461959048450808e-08 1.667129652105359128e-07 6.102974907662428450e-07
1.900000000000000000e+03 1.968903961824253201e-04 2.459910174366086721e-04 5.449918680824339390e-04 2.864585439965594560e-06 7.452108548022806644e-05 5.111968130222521722e-05 1.853144494816660881e-04 1.768671324953174917e-07 7.560883659607497975e-06 1.000687817054313200e-07 1.496009645052254200e-06 2.596126250864472240e-05 1.687606709310784936e-04 1.079949361155740917e-04 5.048841121606528759e-04 2.207370926043950021e-06 7.452108548022806644e-05 5.111968130222521722e-05 1.853144494816660881e-04 1.768671324953174917e-07 7.560883659607497975e-06 1.000687817054313200e-07 1.496009645052254200e-06 2.596126250864472240e-05
1.910000000000000000e+03 1.939041976584121585e-04 2.337935002287849784e-04 5.519164260476827621e-04 2.829996446962468326e-06 7.402097253361716866e-05 4.828329110750928521e-05 1.823268976295366883e-04 5.759087002843443770e-07 8.935782716434914619e-06 1.033690750773530453e-07 1.745531932328958646e-07 5.829097972309682518e-06 1.694961392786353827e-04 1.055070824804715812e-04 4.993210895918309689e-04 2.296715820193639956e-06 7.402097253361716866e-05 4.828329110750928521e-05 1.823268976295366883e-04 5.759087002843443770e-07 8.935782716434914619e-06 1.033690750773530453e-07 1.745531932328958646e-07 5.829097972309682518e-06
1.920000000000000000e+03 1.840796612668782473e-04 2.369186113355681300e-04 5.394701729528605938e-04 2.873832499972195365e-06 7.649140752619132400e-05 3.728189403773285449e-05 1.825395011110231280e-04 4.002461650998156983e-07 1.528224629510077648e-06 1.027979337209217192e-07 1.157326963152627286e-07 7.187064738900517114e-07 1.604076969670131803e-04 1.073851308319717646e-04 4.915969911962747574e-04 2.263802343804854900e-06 7.649140752619132400e-05 3.728189403773285449e-05 1.825395011110231280e-04 4.002461650998156983e-07 1.528224629510077648e-06 1.027979337209217192e-07 1.157326963152627286e-07 7.187064738900517114e-07
1.930000000000000000e+03 1.941599039128050208e-04 2.499001857358962297e-04 5.555371171794831753e-04 2.722045110203907825e-06 7.983500108821317554e-05 8.092969801509752870e-05 1.839934848248958588e-04 6.688529197163006756e-08 4.519259528024122119e-05 9.022473079767223680e-08 1.966079935300513171e-06 5.561557918554171920e-05 1.567898434586822987e-04 1.098368593375198543e-04 4.948009736835956573e-04 2.350797331018839031e-06 7.983500108821317554e-05 8.092969801509752870e-05 1.839934848248958588e-04 6.688529197163006756e-08 4.519259528024122119e-05 9.022473079767223680e-08 1.966079935300513171e-06 5.561557918554171920e-05
1.940000000000000000e+03 2.022391854552552104e-04 2.256030566059052944e-04 5.411450401879847050e-04 3.004478230650420301e-06 7.377281144727021456e-05 8.624592010164633393e-05 1.796549622667953372e-04 2.340906775089024450e-07 3.642160663730464876e-05 8.201539003493962809e-08 1.565150569149409421e-06 1.177089416160015389e-05 1.595487556187435985e-04 1.027172256726771593e-04 4.989244625903666019e-04 2.315931624252698384e-06 7.377281144727021456e-05 8.624592010164633393e-05 1.796549622667953372e-04 2.340906775089024450e-07 3.642160663730464876e-05 8.201539003493962809e-08 1.565150569149409421e-06 1.177089416160015389e-05
1.950000000000000000e+03 1.890220446512103081e-04 2.291178097948431969e-04 5.344267119653522968e-04 3.068602381972596049e-06 7.557405479019507766e-05 5.694588253390975296e-05 1.825636281864717603e-04 1.068331911824316194e-07 1.304858415096532553e-05 9.151517588179558516e-08 6.255648941078106873e-07 6.303218015091260895e-06 1.457011821912601590e-04 1.022897195070981979e-04 4.877728933934122324e-04 2.361194447075831704e-06 7.557405479019507766e-05 5.694588253390975296e-05 1.825636281864717603e-04 1.068331911824316194e-07 1.304858415096532553e-05 9.151517588179558516e-08 6.255648941078106873e-07 6.303218015091260895e-06
1.960000000000000000e+03 1.859744515968486667e-04 2.365632390137761831e-04 5.589068168774247169e-04 3.066468252654885873e-06 7.433984137605875731e-05 3.533206108841113746e-05 1.809289969969540834e-04 1.630735511071179644e-07 1.304886609432287514e-06 9.862524308346110047e-08 2.059313430891052121e-07 1.335751221631653607e-06 1.470179413445293903e-04 1.052686493494547904e-04 5.163498572073876858e-04 2.377687906118808314e-06 7.433984137605875731e-05 3.533206108841113746e-05 1.809289969969540834e-04 1.630735511071179644e-07 1.304886609432287514e-06 9.862524308346110047e-08 2.059313430891052121e-07 1.335751221631653607e-06
1.970000000000000000e+03 1.777116995071992278e-04 2.272524434374645352e-04 5.379925132729113102e-04 2.967329464809154160e-06 7.411796104861423373e-05 5.374177271733060479e-05 1.791011454770341516e-04 1.755852849782968406e-07 1.171022358903428540e-05 9.019455404768450535e-08 1.438107375406616484e-07 5.153928213985636830e-06 1.371655234834179282e-04 1.011499698506668210e-04 4.928577691316604614e-04 2.356500772293657064e-06 7.411796104861423373e-05 5.374177271733060479e-05 1.791011454770341516e-04 1.755852849782968406e-07 1.171022358903428540e-05 9.019455404768450535e-08 1.438107375406616484e-07 5.153928213985636830e-06
1.980000000000000000e+03 1.745502959238365293e-04 2.342574443900957704e-04 5.516136880032718182e-04 2.949638883364968933e-06 7.306192856049165130e-05 3.149879194097593427e-05 1.792859256966039538e-04 8.382817640040229890e-08 1.302437794947763905e-06 8.905973203354733414e-08 1.645111922243813751e-07 1.089964825951028615e-06 1.425953669240698218e-04 1.063575036823749542e-04 5.137040861882269382e-04 2.408450200164224952e-06 7.306192856049165130e-05 3.149879194097593427e-05 1.792859256966039538e-04 8.382817640040229890e-08 1.302437794947763905e-06 8.905973203354733414e-08 1.645111922243813751e-07 1.089964825951028615e-06
1.990000000000000000e+03 1.739007857395336032e-04 2.364675601711496711e-04 5.586225888691842556e-04 2.957482138299383223e-06 7.502800144720822573e-05 3.327460217406041920e-05 1.781584724085405469e-04 1.402388676297050552e-07 3.334006805744138546e-06 8.627287684248585720e-08 5.322927449924463872e-07 4.569985776470275596e-06 1.505057443864643574e-04 1.059185233316384256e-04 5.280090845189988613e-04 2.451085720167611726e-06 7.502800144720822573e-05 3.327460217406041920e-05 1.781584724085405469e-04 1.402388676297050552e-07 3.334006805744138546e-06 8.627287684248585720e-08 5.322927449924463872e-07 4.569985776470275596e-06
2.000000000000000000e+03 1.611553598195314407e-04 2.351859584450721741e-04 5.412081955000758171e-04 3.150184738842654042e-06 7.266842294484376907e-05 4.044001616421155632e-05 1.765334745869040489e-04 2.194511807829258032e-07 5.477442755363881588e-06 1.125260240542047541e-07 7.392621910184971057e-07 1.962966416613198817e-05 1.410015829605981708e-04 1.041099021676927805e-04 5.124480812810361385e-04 2.487815436325035989e-06 7.266842294484376907e-05 4.044001616421155632e-05 1.765334745869040489e-04 2.194511807829258032e-07 5.477442755363881588e-06 1.125260240542047541e-07 7.392621910184971057e-07 1.962966416613198817e-05
2.010000000000000000e+03 1.748583163134753704e-04 2.360969228902831674e-04 5.570082576014101505e-04 2.732339453359600157e-06 7.097133493516594172e-05 3.558986281859688461e-05 1.784020423656329513e-04 1.199759793735211133e-07 3.130358663838705979e-06 1.016665933661897725e-07 3.387976619251276134e-07 8.299351975438185036e-06 1.468721311539411545e-04 1.068229976226575673e-04 5.332672153599560261e-04 2.367513843637425452e-06 7.097133493516594172e-05 3.558986281859688461e-05 1.784020423656329513e-04 1.199759793735211133e-07 3.130358663838705979e-06 1.016665933661897725e-07 3.387976619251276134e-07 8.299351975438185036e-06
2.020000000000000000e+03 1.836674928199499846e-04 2.312016003997996449e-04 5.613302928395569324e-04 2.793537760226172395e-06 7.144497067201882601e-05 3.517814548104070127e-05 1.765669585438445210e-04 7.488075226547152852e-08 9.437623020858154632e-07 9.216174134962784592e-08 5.147757420331799949e-08 2.061972423916813568e-07 1.514684263383969665e-04 1.041545474436134100e-04 5.320182535797357559e-04 2.444928213662933558e-06 7.144497067201882601e-05 3.517814548104070127e-05 1.765669585438445210e-04 7.488075226547152852e-08 9.437623020858154632e-07 9.216174134962784592e-08 5.147757420331799949e-08 2.061972423916813568e-07
2.030000000000000000e+03 1.824540231609717011e-04 2.309235715074464679e-04 5.607671919278800488e-04 2.789576228678924963e-06 7.367356010945513844e-05 3.599710908019915223e-05 1.785848435247316957e-04 1.177555262188434426e-07 1.497073981227003969e-06 9.811444812157787965e-08 6.751630365897653974e-08 5.998210212965204846e-07 1.482746447436511517e-04 1.054732128977775574e-04 5.275962757878005505e-04 2.468791308274376206e-06 7.367356010945513844e-05 3.599710908019915223e-05 1.785848435247316957e-04 1.177555262188434426e-07 1.497073981227003969e-06 9.811444812157787965e-08 6.751630365897653974e-08 5.998210212965204846e-07
2.040000000000000000e+03 1.670106867095455527e-04 2.267996896989643574e-04 5.512216011993587017e-04 2.795342425088165328e-06 7.194721547421067953e-05 4.273230661056004465e-05 1.753350370563566685e-04 1.000084211000284995e-07 8.421399115832173266e-07 1.175348103288342827e-07 2.439990396396751748e-07 1.221737420564750209e-06 1.316825801040977240e-04 1.038223563227802515e-04 5.140247521921992302e-04 2.488793597876792774e-06 7.194721547421067953e-05 4.273230661056004465e-05 1.753350370563566685e-04 1.000084211000284995e-07 8.421399115832173266e-07 1.175348103288342827e-07 2.439990396396751748e-07 1.221737420564750209e-06
2.050000000000000000e+03 1.804752828320488334e-04 2.354329626541584730e-04 5.748696275986731052e-04 3.013863079104339704e-06 7.420154724968597293e-05 4.584906855598092079e-05 1.748546928865835071e-04 9.114008747701518587e-08 1.111944584408774972e-05 1.069678745579949464e-07 1.143903091360698454e-06 1.317105306952726096e-05 1.443805231247097254e-04 1.092548845917917788e-04 5.331159918569028378e-04 2.434251882732496597e-06 7.420154724968597293e-05 4.584906855598092079e-05 1.748546928865835071e-04 9.114008747701518587e-08 1.111944584408774972e-05 1.069678745579949464e-07 1.143903091360698454e-06 1.317105306952726096e-05
2.060000000000000000e+03 1.765371707733720541e-04 2.161797892767935991e-04 5.804747925139963627e-04 3.080946726186084561e-06 6.858752021798864007e-05 9.445839532418176532e-05 1.703383895801380277e-04 1.056571505841930048e-07 4.742933379020541906e-05 1.053079401458489883e-07 1.851722458923177328e-06 7.766534508846234530e-06 1.493172021582722664e-04 1.005726589937694371e-04 5.431167664937674999e-04 2.424220383545616642e-06 6.858752021798864007e-05 9.445839532418176532e-05 1.703383895801380277e-04 1.056571505841930048e-07 4.742933379020541906e-05 1.053079401458489883e-07 1.851722458923177328e-06 7.766534508846234530e-06
2.070000000000000000e+03 1.704303722362965345e-04 2.353713789489120245e-04 5.985964089632034302e-04 2.955521722469711676e-06 8.705413347342982888e-05 4.846925730817019939e-05 1.755299308570101857e-04 4.766869494687853148e-07 1.051025265041971579e-05 1.072375823696347652e-07 5.403678073889750522e-07 1.418826104782056063e-05 1.560113450977951288e-04 1.097177300835028291e-04 5.618861760012805462e-04 2.374898258494795300e-06 8.705413347342982888e-05 4.846925730817019939e-05 1.755299308570101857e-04 4.766869494687853148e-07 1.051025265041971579e-05 1.072375823696347652e-07 5.403678073889750522e-07 1.418826104782056063e-05
2.080000000000000000e+03 1.755110570229589939e-04 2.246276271762326360e-04 5.929934559389948845e-04 3.055031129406415857e-06 8.051070471992716193e-05 4.870916382060386240e-05 1.736619451548904181e-04 2.880891543100005947e-07 3.137806061204173602e-06 1.081866543017895310e-07 1.088266010640381865e-08 2.800507559186371509e-07 1.488322159275412560e-04 1.039723938447423279e-04 5.530771450139582157e-04 2.565642944318824448e-06 8.051070471992716193e-05 4.870916382060386240e-05 1.736619451548904181e-04 2.880891543100005947e-07 3.137806061204173602e-06 1.081866543017895310e-07 1.088266010640381865e-08 2.800507559186371509e-07
2.090000000000000000e+03 1.878288458101451397e-04 2.405544219072908163e-04 6.025448674336075783e-04 2.804464656946947798e-06 8.743045327719300985e-05 8.442960097454488277e-05 1.779858284862712026e-04 1.032371841347412555e-07 4.418661774252541363e-05 1.068712620622136455e-07 3.827709406323265284e-06 4.920471474179066718e-05 1.572155160829424858e-04 1.086279517039656639e-04 5.644505727104842663e-04 2.429797405056888238e-06 8.743045327719300985e-05 8.442960097454488277e-05 1.779858284862712026e-04 1.032371841347412555e-07 4.418661774252541363e-05 1.068712620622136455e-07 3.827709406323265284e-06 4.920471474179066718e-05
2.100000000000000000e+03 1.673468359513208270e-04 2.208574005635455251e-04 5.974422092549502850e-04 2.802093149512074888e-06 8.604471076978370547e-05 6.808479520259425044e-05 1.731971715344116092e-04 1.243546563500785851e-07 1.750689989421516657e-05 9.549486179594168789e-08 7.407433599837531801e-07 1.187544512504246086e-06 1.540517405373975635e-04 1.026340032694861293e-04 5.487993475981056690e-04 2.510557351342868060e-06 8.604471076978370547e-05 6.808479520259425044e-05 1.731971715344116092e-04 1.243546563500785851e-07 1.750689989421516657e-05 9.549486179594168789e-08 7.407433599837531801e-07 1.187544512504246086e-06
2.110000000000000000e+03 1.750955561874434352e-04 2.402510872343555093e-04 6.083673797547817230e-04 2.848762733265175484e-06 9.166308882413432002e-05 5.211804455029778183e-05 1.809246896300464869e-04 1.750446045889475499e-07 3.962656774092465639e-05 7.321896333678523661e-08 2.160451458621537313e-06 1.902563781186472625e-05 1.525404950371012092e-04 1.119306907639838755e-04 5.631919484585523605e-04 2.331412133571575396e-06 9.166308882413432002e-05 5.211804455029778183e-05 1.809246896300464869e-04 1.750446045889475499e-07 3.962656774092465639e-05 7.321896333678523661e-08 2.160451458621537313e-06 1.902563781186472625e-05
2.120000000000000000e+03 1.739307044772431254e-04 2.292179997311905026e-04 5.890987231396138668e-04 2.862434030248550698e-06 9.218335617333650589e-05 5.066457742941565812e-05 1.834250142564997077e-04 5.370262456949603802e-08 1.185302971862256527e-05 8.351226910008335835e-08 4.909137487629777752e-07 4.756468115374445915e-06 1.533122558612376451e-04 1.024449666147120297e-04 5.475126090459525585e-04 2.425806997052859515e-06 9.218335617333650589e-05 5.066457742941565812e-05 1.834250142564997077e-04 5.370262456949603802e-08 1.185302971862256527e-05 8.351226910008335835e-08 4.909137487629777752e-07 4.756468115374445915e-06
2.130000000000000000e+03 1.688912598183378577e-04 2.285959490109235048e-04 5.921082920394837856e-04 2.867800048989010975e-06 9.530751412967219949e-05 3.967787415604107082e-05 1.822684716898947954e-04 2.255710001008992549e-07 6.393988769559655339e-06 8.735877798926594551e-08 2.264551568487149780e-07 4.788685600942699239e-06 1.522025995654985309e-04 1.068860801751725376e-04 5.477644735947251320e-04 2.464966883053421043e-06 9.530751412967219949e-05 3.967787415604107082e-05 1.822684716898947954e-04 2.255710001008992549e-07 6.393988769559655339e-06 8.735877798926594551e-08 2.264551568487149780e-07 4.788685600942699239e-06
2.140000000000000000e+03 1.658296678215265274e-04 2.238807792309671640e-04 5.951900384388864040e-04 2.861123448383295909e-06 9.356194641441106796e-05 4.450718915904872119e-05 1.795872231014072895e-04 5.509381253432366066e-07 3.564364533303887583e-06 8.405093865349044790e-08 2.386414337252062978e-07 4.338744929555105045e-06 1.487731497036293149e-04 1.046676043188199401e-04 5.548160406760871410e-04 2.481504907336784527e-06 9.356194641441106796e-05 4.450718915904872119e-05 1.795872231014072895e-04 5.509381253432366066e-07 3.564364533303887583e-06 8.405093865349044790e-08 2.386414337252062978e-07 4.338744929555105045e-06
2.150000000000000000e+03 1.650005287956446409e-04 2.177184214815497398e-04 5.923288990743458271e-04 2.839294438672368415e-06 9.470609802519902587e-05 4.859808177570812404e-05 1.748235226841643453e-04 1.138616454454677296e-07 5.625320227409247309e-06 7.862301742989075137e-08 1.366618729292667922e-08 2.553602826083078980e-06 1.546558924019336700e-04 1.025158635457046330e-04 5.506249726749956608e-04 2.406329031146015041e-06 9.470609802519902587e-05 4.859808177570812404e-05 1.748235226841643453e-04 1.138616454454677296e-07 5.625320227409247309e-06 7.862301742989075137e-08 1.366618729292667922e-08 2.553602826083078980e-06
2.160000000000000000e+03 1.672530488576740026e-04 2.263086644234135747e-04 6.018519634380936623e-04 2.816090272972360253e-06 1.000645715976133943e-04 5.383688403526321054e-05 1.775571145117282867e-04 1.343220503713382641e-07 6.303267127805156633e-06 6.879869118847636855e-08 1.599504571458965074e-06 1.398031054122839123e-05 1.546181010780856013e-04 1.086359479813836515e-04 5.540811107493937016e-04 2.425712409603875130e-06 1.000645715976133943e-04 5.383688403526321054e-05 1.775571145117282867e-04 1.343220503713382641e-07 6.303267127805156633e-06 6.879869118847636855e-08 1.599504571458965074e-06 1.398031054122839123e-05
2.170000000000000000e+03 1.693109079496935010e-04 2.110348577843979001e-04 5.893840570934116840e-04 2.880455213016830385e-06 9.781713742995634675e-05 5.735283048124983907e-05 1.774570700945332646e-04 1.823677990842043073e-07 6.753347406629472971e-06 6.865062829319867888e-08 1.428763862776349924e-08 2.751505235210061073e-06 1.541533274576067924e-04 9.705670527182519436e-05 5.427133874036371708e-04 2.470089611961157061e-06 9.781713742995634675e-05 5.735283048124983907e-05 1.774570700945332646e-04 1.823677990842043073e-07 6.753347406629472971e-06 6.865062829319867888e-08 1.428763862776349924e-08 2.751505235210061073e-06
2.180000000000000000e+03 1.649547484703361988e-04 2.120627759722992778e-04 5.831674207001924515e-04 2.846556299118674360e-06 9.946379577741026878e-05 6.392907380359247327e-05 1.782460458343848586e-04 2.335435596023671678e-07 1.355954464088426903e-05 6.230067839396724594e-08 1.330449634906472056e-07 6.085461791371926665e-06 1.489124115323647857e-04 9.916068665916100144e-05 5.403867689892649651e-04 2.510360673113609664e-06 9.946379577741026878e-05 6.392907380359247327e-05 1.782460458343848586e-04 2.335435596023671678e-07 1.355954464088426903e-05 6.230067839396724594e-08 1.330449634906472056e-07 6.085461791371926665e-06
2.190000000000000000e+03 1.603412674739956856e-04 2.184727345593273640e-04 5.981536814942955971e-04 2.742525566645781510e-06 9.935057460097596049e-05 5.024303027312271297e-05 1.793638803064823151e-04 1.994887099954212317e-07 3.160179858241463080e-06 4.851958479434870242e-08 7.105476811375410762e-07 9.404086995346006006e-06 1.485809916630387306e-04 1.036528046824969351e-04 5.628472426906228065e-04 2.314896619282080792e-06 9.935057460097596049e-05 5.024303027312271297e-05 1.793638803064823151e-04 1.994887099954212317e-07 3.160179858241463080e-06 4.851958479434870242e-08 7.105476811375410762e-07 9.404086995346006006e-06
2.200000000000000000e+03 1.631393533898517489e-04 2.097168471664190292e-04 5.892050685361027718e-04 2.603580014692852274e-06 1.010067280731163919e-04 5.654916094499640167e-05 1.767244684742763638e-04 1.909494358187657781e-07 7.880749762989580631e-06 5.683143555756942078e-08 6.559296394925695495e-08 4.622712367563508451e-06 1.534463663119822741e-04 9.827725443756207824e-05 5.518421530723571777e-04 2.232202632512780838e-06 1.010067280731163919e-04 5.654916094499640167e-05 1.767244684742763638e-04 1.909494358187657781e-07 7.880749762989580631e-06 5.683143555756942078e-08 6.559296394925695495e-08 4.622712367563508451e-06
2.210000000000000000e+03 1.614195934962481260e-04 2.258400345453992486e-04 5.998836713843047619e-04 2.748843826338998042e-06 1.072578525054268539e-04 5.282881829771213233e-05 1.737529382808133960e-04 5.107749529997818172e-07 2.537171712901908904e-05 6.749203151912297471e-08 6.213172127900179476e-07 2.086855602101422846e-05 1.445509115001186728e-04 1.030674247886054218e-04 5.606618360616266727e-04 2.203892336183344014e-06 1.072578525054268539e-04 5.282881829771213233e-05 1.737529382808133960e-04 5.107749529997818172e-07 2.537171712901908904e-05 6.749203151912297471e-08 6.213172127900179476e-07 2.086855602101422846e-05
2.220000000000000000e+03 1.659686095081269741e-04 2.173263346776366234e-04 6.091417162679135799e-04 2.529188122935011052e-06 1.062033043126575649e-04 4.328964132582768798e-05 1.719219580991193652e-04 6.928758722324346309e-08 3.416987965465523303e-06 4.916961060530411487e-08 1.824520552418107400e-07 4.472777561659313506e-07 1.523660321254283190e-04 1.014549925457686186e-04 5.737069295719265938e-04 2.199097934862948023e-06 1.062033043126575649e-04 4.328964132582768798e-05 1.719219580991193652e-04 6.928758722324346309e-08 3.416987965465523303e-06 4.916961060530411487e-08 1.824520552418107400e-07 4.472777561659313506e-07
2.230000000000000000e+03 1.736903504934161901e-04 2.193162363255396485e-04 6.039263098500669003e-04 2.589460564195178449e-06 1.060245558619499207e-04 3.456496415310539305e-05 1.727924245642498136e-04 1.858127376408447162e-07 5.693389084626687691e-06 6.061426205405950896e-08 2.444586471028742380e-07 3.724157977558206767e-06 1.676937972661107779e-04 1.042079165927134454e-04 5.743260262534022331e-04 2.377630835326272063e-06 1.060245558619499207e-04 3.456496415310539305e-05 1.727924245642498136e-04 1.858127376408447162e-07 5.693389084626687691e-06 6.061426205405950896e-08 2.444586471028742380e-07 3.724157977558206767e-06
2.240000000000000000e+03 1.776863500708714128e-04 2.164908073609694839e-04 5.981834838166832924e-04 2.642123718032962643e-06 1.050697683240287006e-04 3.380106136319227517e-05 1.754440163495019078e-04 1.916981204885814805e-07 9.181267728308739606e-07 6.405401364872886916e-08 1.123017838722262240e-07 4.530930368673580233e-07 1.598924864083528519e-04 1.015777452266775072e-04 5.706998053938150406e-04 2.359784275540732779e-06 1.050697683240287006e-04 3.380106136319227517e-05 1.754440163495019078e-04 1.916981204885814805e-07 9.181267728308739606e-07 6.405401364872886916e-08 1.123017838722262240e-07 4.530930368673580233e-07
2.250000000000000000e+03 1.737374113872647285e-04 2.117163821822032332e-04 6.015586550347507000e-04 2.824462171702180058e-06 1.107787029468454421e-04 4.626417285180650651e-05 1.745581248542293906e-04 1.350285856460686773e-07 4.908988557872362435e-06 6.479973535533645190e-08 3.127747163489402737e-07 1.587362362442945596e-06 1.622961135581135750e-04 1.032942600431852043e-04 5.712909623980522156e-04 2.606671387184178457e-06 1.107787029468454421e-04 4.626417285180650651e-05 1.745581248542293906e-04 1.350285856460686773e-07 4.908988557872362435e-06 6.479973535533645190e-08 3.127747163489402737e-07 1.587362362442945596e-06
2.260000000000000000e+03 1.737990096444264054e-04 2.167672209907323122e-04 6.032236851751804352e-04 2.825282308549503796e-06 1.073352395906113088e-04 3.403574373805895448e-05 1.760893064783886075e-04 1.194531051851299708e-07 1.239761900251323823e-06 6.011847375475554145e-08 8.229927317415786092e-08 2.547373242123285308e-06 1.558516669319942594e-04 1.033391599776223302e-04 5.673426785506308079e-04 2.593195858935359865e-06 1.073352395906113088e-04 3.403574373805895448e-05 1.760893064783886075e-04 1.194531051851299708e-07 1.239761900251323823e-06 6.011847375475554145e-08 8.229927317415786092e-08 2.547373242123285308e-06
2.270000000000000000e+03 1.716851984383538365e-04 2.215671556768938899e-04 5.983362207189202309e-04 3.056865125472540967e-06 1.189210961456410587e-04 4.906518734060227871e-05 1.779825688572600484e-04 4.637020936115732184e-07 1.577079092385247350e-05 5.528164948032099346e-08 2.222316055622286513e-07 1.530819463368970901e-05 1.507804554421454668e-04 1.064167372533120215e-04 5.626560887321829796e-04 2.714565198402851820e-06 1.189210961456410587e-04 4.906518734060227871e-05 1.779825688572600484e-04 4.637020936115732184e-07 1.577079092385247350e-05 5.528164948032099346e-08 2.222316055622286513e-07 1.530819463368970901e-05
2.280000000000000000e+03 1.713230158202350140e-04 2.081224374705925584e-04 5.945770535618066788e-04 3.030206698895199224e-06 1.127686045947484672e-04 4.741797965834848583e-05 1.765624911058694124e-04 1.943875673759976053e-07 9.936916285369079560e-06 7.027664850056680734e-08 1.035170100749382982e-07 2.838967020579730161e-06 1.550160086480900645e-04 1.031000210787169635e-04 5.579235730692744255e-04 2.708045485633192584e-06 1.127686045947484672e-04 4.741797965834848583e-05 1.765624911058694124e-04 1.943875673759976053e-07 9.936916285369079560e-06 7.027664850056680734e-08 1.035170100749382982e-07 2.838967020579730161e-06
2.290000000000000000e+03 1.678118132986128330e-04 2.202224277425557375e-04 6.016090628691017628e-04 3.099986770394025370e-06 1.141070752055384219e-04 3.987908348790369928e-05 1.782134349923580885e-04 1.730759464635411859e-07 8.028043339436408132e-06 6.291956111681429320e-08 6.643911660830781329e-07 8.074362085608299822e-06 1.584880374139174819e-04 1.089286597562022507e-04 5.596939590759575367e-04 2.837693955370923504e-06 1.141070752055384219e-04 3.987908348790369928e-05 1.782134349923580885e-04 1.730759464635411859e-07 8.028043339436408132e-06 6.291956111681429320e-08 6.643911660830781329e-07 8.074362085608299822e-06
2.300000000000000000e+03 1.750274532241746783e-04 2.077998506138101220e-04 5.997248808853328228e-04 3.270814431743929163e-06 1.077854103641584516e-04 5.893513662158511579e-05 1.759203441906720400e-04 9.553389190841699019e-08 1.409006836183834821e-05 6.195343615900128498e-08 9.988335847310736426e-08 3.635066377682960592e-06 1.594468485563993454e-04 1.051265353453345597e-04 5.632584216073155403e-04 2.882333546949666925e-06 1.077854103641584516e-04 5.893513662158511579e-05 1.759203441906720400e-04 9.553389190841699019e-08 1.409006836183834821e-05 6.195343615900128498e-08 9.988335847310736426e-08 3.635066377682960592e-06
2.310000000000000000e+03 1.749619113979861140e-04 2.184912882512435317e-04 6.077481084503233433e-04 3.425845989113440737e-06 1.055089087458327413e-04 4.314013858675025403e-05 1.772133982740342617e-04 5.385228618592918792e-08 5.976137799734715372e-06 5.914330358791630715e-08 2.428162702017289121e-07 3.332713959025568329e-06 1.621557603357359767e-04 1.111452147597447038e-04 5.728206015191972256e-04 2.963430915770004503e-06 1.055089087458327413e-04 4.314013858675025403e-05 1.772133982740342617e-04 5.385228618592918792e-08 5.976137799734715372e-06 5.914330358791630715e-08 2.428162702017289121e-07 3.332713959025568329e-06
2.320000000000000000e+03 1.752018142724409699e-04 2.246090007247403264e-04 6.125789950601756573e-04 3.253087470511673018e-06 1.032333821058273315e-04 6.356732774293050170e-05 1.782330655260011554e-04 1.112984051587773138e-07 3.492246469249948859e-05 6.760075166312162764e-08 8.609624160271778237e-07 2.397424395894631743e-05 1.561333920108154416e-04 1.113513208110816777e-04 5.724893417209386826e-04 2.787191988318227232e-06 1.032333821058273315e-04 6.356732774293050170e-05 1.782330655260011554e-04 1.112984051587773138e-07 3.492246469249948859e-05 6.760075166312162764e-08 8.609624160271778237e-07 2.397424395894631743e-05
2.330000000000000000e+03 1.818074524635449052e-04 2.084046136587858200e-04 5.986311007291078568e-04 3.186386265952023678e-06 1.002846620394848287e-04 5.682931441697292030e-05 1.785971253411844373e-04 3.051669921205757419e-07 9.299395060224924237e-06 8.372355608798898174e-08 5.082668508293863852e-08 3.187325319231604226e-06 1.594354398548603058e-04 1.037713591358624399e-04 5.718813044950366020e-04 2.826053332682931796e-06 1.002846620394848287e-04 5.682931441697292030e-05 1.785971253411844373e-04 3.051669921205757419e-07 9.299395060224924237e-06 8.372355608798898174e-08 5.082668508293863852e-08 3.187325319231604226e-06
2.340000000000000000e+03 1.807914377423003316e-04 2.140681317541748285e-04 6.038616993464529514e-04 3.330390427436213940e-06 9.629622218199074268e-05 4.494366294238716364e-05 1.789941889001056552e-04 1.108445175646011194e-07 4.090907623321982101e-06 8.023398834211548092e-08 1.524240786920927349e-07 1.282080688724818174e-06 1.619510148884728551e-04 1.082221715478226542e-04 5.709747201763093472e-04 3.017165454366477206e-06 9.629622218199074268e-05 4.494366294238716364e-05 1.789941889001056552e-04 1.108445175646011194e-07 4.090907623321982101e-06 8.023398834211548092e-08 1.524240786920927349e-07 1.282080688724818174e-06
2.350000000000000000e+03 1.798065350158140063e-04 2.116962714353576303e-04 6.068180082365870476e-04 3.215761125829885714e-06 1.037016991176642478e-04 4.816404180019162595e-05 1.777175202732905746e-04 9.775567377801053226e-08 1.697269340183993336e-06 6.387276840769118280e-08 1.345878359870766872e-07 1.886487837055028649e-07 1.605427969479933381e-04 1.082718154066242278e-04 5.723392241634428501e-04 2.763871634670067579e-06 1.037016991176642478e-04 4.816404180019162595e-05 1.777175202732905746e-04 9.775567377801053226e-08 1.697269340183993336e-06 6.387276840769118280e-08 1.345878359870766872e-07 1.886487837055028649e-07
2.360000000000000000e+03 1.791423273971304297e-04 2.115329989464953542e-04 6.081999745219945908e-04 3.182119144184980541e-06 1.030937783070839942e-04 4.687567343353293836e-05 1.784342603059485555e-04 1.101734312669577776e-07 1.016043370327679440e-06 6.078771264128590701e-08 5.982018791428345139e-08 1.451626417292573024e-06 1.595431822352111340e-04 1.076640110113658011e-04 5.688581732101738453e-04 2.826046966220019385e-06 1.030937783070839942e-04 4.687567343353293836e-05 1.784342603059485555e-04 1.101734312669577776e-07 1.016043370327679440e-06 6.078771264128590701e-08 5.982018791428345139e-08 1.451626417292573024e-06
2.370000000000000000e+03 1.849758409662172198e-04 2.361572987865656614e-04 6.150109111331403255e-04 3.142082277918234468e-06 1.113971156883053482e-04 1.389720564475283027e-04 1.770666567608714104e-04 1.032826162372657564e-06 1.621836709091439843e-04 5.002587144531389640e-08 3.419512950131320395e-06 6.455135735450312495e-05 1.680834539001807570e-04 1.168932940345257521e-04 5.866656429134309292e-04 2.828314563885214739e-06 1.113971156883053482e-04 1.389720564475283027e-04 1.770666567608714104e-04 1.032826162372657564e-06 1.621836709091439843e-04 5.002587144531389640e-08 3.419512950131320395e-06 6.455135735450312495e-05
2.380000000000000000e+03 1.814460410969331861e-04 2.240178437205031514e-04 6.201472715474665165e-04 2.933708174168714322e-06 1.123729671235196292e-04 6.844785821158438921e-05 1.801365724531933665e-04 6.403820975720009301e-07 5.197279824642464519e-05 5.467246921853075037e-08 1.497454150012345053e-06 1.608614547876641154e-05 1.641104900045320392e-04 1.106839699787087739e-04 5.783454980701208115e-04 2.619479801069246605e-06 1.123729671235196292e-04 6.844785821158438921e-05 1.801365724531933665e-04 6.403820975720009301e-07 5.197279824642464519e-05 5.467246921853075037e-08 1.497454150012345053e-06 1.608614547876641154e-05
2.390000000000000000e+03 1.729436626192182302e-04 2.195971610490232706e-04 6.075114943087100983e-04 2.888761400754447095e-06 1.094096805900335312e-04 5.758773841080255806e-05 1.801855687517672777e-04 7.959383196975977626e-07 3.056374043808318675e-05 5.233785316249850439e-08 1.099934507919897442e-07 1.060836802935227752e-05 1.531570305814966559e-04 1.106529671233147383e-04 5.679173627868294716e-04 2.727111905187484808e-06 1.094096805900335312e-04 5.758773841080255806e-05 1.801855687517672777e-04 7.959383196975977626e-07 3.056374043808318675e-05 5.233785316249850439e-08 1.099934507919897442e-07 1.060836802935227752e-05
2.400000000000000000e+03 1.712454977678135037e-04 2.194162079831585288e-04 6.108799716457724571e-04 2.990240318467840552e-06 1.152991462731733918e-04 4.863079448114149272e-05 1.808591332519426942e-04 5.111859309181454591e-07 1.616258850845042616e-05 5.867881114340889326e-08 1.547821000258409185e-07 8.270318176073487848e-06 1.639284455450251698e-04 1.148998708231374621e-04 5.818883655592799187e-04 2.828506922014639713e-06 1.152991462731733918e-04 4.863079448114149272e-05 1.808591332519426942e-04 5.111859309181454591e-07 1.616258850845042616e-05 5.867881114340889326e-08 1.547821000258409185e-07 8.270318176073487848e-06
2.410000000000000000e+03 1.622711861273273826e-04 2.056380908470600843e-04 6.035637925378978252e-04 2.734195504672243260e-06 1.075754189514555037e-04 5.145273098605684936e-05 1.783511106623336673e-04 1.246222893769299844e-07 8.337404324265662581e-06 6.637937133291416103e-08 3.200857747742702486e-07 2.072513098028139211e-06 1.527817657915875316e-04 1.068331766873598099e-04 5.659055896103382111e-04 2.640876346049481072e-06 1.075754189514555037e-04 5.145273098605684936e-05 1.783511106623336673e-04 1.246222893769299844e-07 8.337404324265662581e-06 6.637937133291416103e-08 3.200857747742702486e-07 2.072513098028139211e-06
2.420000000000000000e+03 1.651217025937512517e-04 2.127708576153963804e-04 6.052024546079337597e-04 2.632046061989967711e-06 1.105676856241188943e-04 4.136347342864610255e-05 1.797196455299854279e-04 1.527919550881051691e-07 1.099664814319112338e-06 5.991453377873767749e-08 9.743592244149112958e-08 8.406681217820732854e-07 1.558099611429497600e-04 1.099605651688762009e-04 5.696907755918800831e-04 2.596040985736181028e-06 1.105676856241188943e-04 4.136347342864610255e-05 1.797196455299854279e-04 1.527919550881051691e-07 1.099664814319112338e-06 5.991453377873767749e-08 9.743592244149112958e-08 8.406681217820732854e-07
2.430000000000000000e+03 1.785889326129108667e-04 2.074333169730380177e-04 6.030862568877637386e-04 2.582039769549737684e-06 1.072524464689195156e-04 6.079347804188728333e-05 1.761193707352504134e-04 1.177976542976466590e-07 1.085509575204923749e-05 8.122911054897485883e-08 3.364946792316914070e-07 1.088815861294278875e-05 1.569032319821417332e-04 1.089630677597597241e-04 5.646922509185969830e-04 2.495879471098305658e-06 1.072524464689195156e-04 6.079347804188728333e-05 1.761193707352504134e-04 1.177976542976466590e-07 1.085509575204923749e-05 8.122911054897485883e-08 3.364946792316914070e-07 1.088815861294278875e-05
2.440000000000000000e+03 1.675727980909869075e-04 2.120902354363352060e-04 6.095093558542430401e-04 2.469921582815004513e-06 1.091231388272717595e-04 4.513512249104678631e-05 1.765250781318172812e-04 2.426156697765691206e-07 7.609434760524891317e-06 9.524060828880465124e-08 2.207111577945397585e-07 3.516862761898664758e-06 1.586785219842568040e-04 1.103820177377201617e-04 5.691301776096224785e-04 2.420772943878546357e-06 1.091231388272717595e-04 4.513512249104678631e-05 1.765250781318172812e-04 2.426156697765691206e-07 7.609434760524891317e-06 9.524060828880465124e-08 2.207111577945397585e-07 3.516862761898664758e-06
2.450000000000000000e+03 1.693085359875112772e-04 2.110294299200177193e-04 6.082360632717609406e-04 2.364554575251531787e-06 1.053032028721645474e-04 4.944177999277599156e-05 1.746085181366652250e-04 2.088762585117365234e-07 6.336660135275451466e-06 8.071675949850032339e-08 3.748300230199674843e-07 5.836664968228433281e-06 1.630240585654973984e-04 1.100218505598604679e-04 5.749526317231357098e-04 2.278844249303801917e-06 1.053032028721645474e-04 4.944177999277599156e-05 1.746085181366652250e-04 2.088762585117365234e-07 6.336660135275451466e-06 8.071675949850032339e-08 3.748300230199674843e-07 5.836664968228433281e-06
2.460000000000000000e+03 1.676792307989671826e-04 1.992431643884629011e-04 5.971306236460804939e-04 2.438179080854752101e-06 1.020362615236081183e-04 7.761763845337554812e-05 1.719065767247229815e-04 1.303573355926346267e-07 1.834170507208909839e-05 9.449230020663890173e-08 2.605293047963641584e-07 7.033490419416921213e-06 1.556371134938672185e-04 1.027953840093687177e-04 5.602095043286681175e-04 2.315168103450560011e-06 1.020362615236081183e-04 7.761763845337554812e-05 1.719065767247229815e-04 1.303573355926346267e-07 1.834170507208909839e-05 9.449230020663890173e-08 2.605293047963641584e-07 7.033490419416921213e-06
2.470000000000000000e+03 1.770203525666147470e-04 2.169187209801748395e-04 6.138440803624689579e-04 2.357018729526316747e-06 1.033090520650148392e-04 6.020642103976570070e-05 1.727912313072010875e-04 1.670119047503249021e-07 4.647395689971745014e-05 1.108879246203287039e-07 5.376730882744595874e-07 1.422657169314334169e-05 1.603495620656758547e-04 1.106198760680854321e-04 5.759891355410218239e-04 2.257413370898575522e-06 1.033090520650148392e-04 6.020642103976570070e-05 1.727912313072010875e-04 1.670119047503249021e-07 4.647395689971745014e-05 1.108879246203287039e-07 5.376730882744595874e-07 1.422657169314334169e-05
2.480000000000000000e+03 1.698610867606475949e-04 1.990166929317638278e-04 6.025165785104036331e-04 2.348122734474600293e-06 9.903761383611708879e-05 7.294286479009315372e-05 1.689761265879496932e-04 1.923197316955338465e-07 1.905166573124006391e-05 8.227620185152773047e-08 2.428781442631589016e-07 7.628696948813740164e-06 1.551382447360083461e-04 1.042055446305312216e-04 5.635553388856351376e-04 2.190726263506803662e-06 9.903761383611708879e-05 7.294286479009315372e-05 1.689761265879496932e-04 1.923197316955338465e-07 1.905166573124006391e-05 8.227620185152773047e-08 2.428781442631589016e-07 7.628696948813740164e-06
2.490000000000000000e+03 1.738002320053055882e-04 2.183149626944214106e-04 6.196137401275336742e-04 2.447295628371648490e-06 1.005484955385327339e-04 7.813950651325285435e-05 1.690312346909195185e-04 3.035326017197803594e-07 5.293598587741144001e-05 9.549776791573094670e-08 1.046147076522174757e-06 3.051068779313936830e-05 1.600408431841060519e-04 1.124421760323457420e-04 5.820104270242154598e-04 2.238281240352080204e-06 1.005484955385327339e-04 7.813950651325285435e-05 1.690312346909195185e-04 3.035326017197803594e-07 5.293598587741144001e-05 9.549776791573094670e-08 1.046147076522174757e-06 3.051068779313936830e-05
2.500000000000000000e+03 1.698441919870674610e-04 2.038924285443499684e-04 6.113238632678985596e-04 2.318922952326829545e-06 1.006573656923137605e-04 4.550195808405987918e-05 1.667794276727363467e-04 1.272369019034158555e-07 2.804331643346813507e-06 9.242610587989474880e-08 2.821086013682361227e-07 3.038099691821116721e-07 1.543812832096591592e-04 1.076639673556201160e-04 5.680751055479049683e-04 2.272583060403121635e-06 1.006573656923137605e-04 4.550195808405987918e-05 1.667794276727363467e-04 1.272369019034158555e-07 2.804331643346813507e-06 9.242610587989474880e-08 2.821086013682361227e-07 3.038099691821116721e-07
2.510000000000000000e+03 1.680392451817169785e-04 1.953920000232756138e-04 6.112678674980998039e-04 2.360484586461097933e-06 9.569051326252520084e-05 7.941462536109611392e-05 1.667818723944947124e-04 1.364319786034684512e-07 2.390331974311266094e-05 1.303217942449919065e-07 4.787971192854456604e-07 8.298955435748212039e-06 1.504232204752042890e-04 1.025488454615697265e-04 5.627691862173378468e-04 2.300806727362214588e-06 9.569051326252520084e-05 7.941462536109611392e-05 1.667818723944947124e-04 1.364319786034684512e-07 2.390331974311266094e-05 1.303217942449919065e-07 4.787971192854456604e-07 8.298955435748212039e-06
2.520000000000000000e+03 1.695425016805529594e-04 2.084464940708130598e-04 6.142604397609829903e-04 2.670172079888288863e-06 9.905931074172258377e-05 4.972174792783334851e-05 1.657829998293891549e-04 1.503942712588468567e-07 4.528201316134072840e-06 8.402977158539215452e-08 2.398144545168179320e-07 4.615244961314601824e-06 1.523187675047665834e-04 1.111965029849670827e-04 5.719508626498281956e-04 2.212438630522228777e-06 9.905931074172258377e-05 4.972174792783334851e-05 1.657829998293891549e-04 1.503942712588468567e-07 4.528201316134072840e-06 8.402977158539215452e-08 2.398144545168179320e-07 4.615244961314601824e-06
2.530000000000000000e+03 1.742454769555479288e-04 1.939340872922912240e-04 6.138659082353115082e-04 2.523333932913374156e-06 9.441863949177786708e-05 9.232223237631842494e-05 1.616908266441896558e-04 2.870330320092762122e-07 4.932828960590995848e-05 9.314448590203028289e-08 7.782297188896336593e-07 2.107567888742778450e-05 1.590269530424848199e-04 1.031140636769123375e-04 5.710396217182278633e-04 2.267970785396755673e-06 9.441863949177786708e-05 9.232223237631842494e-05 1.616908266441896558e-04 2.870330320092762122e-07 4.932828960590995848e-05 9.314448590203028289e-08 7.782297188896336593e-07 2.107567888742778450e-05
2.540000000000000000e+03 1.816966687329113483e-04 2.113243972416967154e-04 6.249210564419627190e-04 2.455574531268212013e-06 9.191800927510485053e-05 6.523662159452214837e-05 1.636547094676643610e-04 1.096625936725104111e-07 3.991941775893792510e-05 8.722521727122511948e-08 1.244359395968785975e-06 1.169000915979268029e-05 1.705860049696639180e-04 1.108898140955716372e-04 5.832887836731970310e-04 2.251448677270673215e-06 9.191800927510485053e-05 6.523662159452214837e-05 1.636547094676643610e-04 1.096625936725104111e-07 3.991941775893792510e-05 8.722521727122511948e-08 1.244359395968785975e-06 1.169000915979268029e-05
2.550000000000000000e+03 1.720605068840086460e-04 1.981389068532735109e-04 6.162639474496245384e-04 2.404333145022974350e-06 8.845286356518045068e-05 5.493437129189260304e-05 1.601192925591021776e-04 3.487856190531601897e-07 2.311413027200615034e-06 1.014868402648971824e-07 1.703992040802404517e-07 1.681313960943953134e-06 1.566439605085179210e-04 1.036809917422942817e-04 5.658942973241209984e-04 2.142519633707706816e-06 8.845286356518045068e-05 5.493437129189260304e-05 1.601192925591021776e-04 3.487856190531601897e-07 2.311413027200615034e-06 1.014868402648971824e-07 1.703992040802404517e-07 1.681313960943953134e-06
2.560000000000000000e+03 1.738314313115552068e-04 2.004916168516501784e-04 6.173354340717196465e-04 2.700614686546032317e-06 9.218195191351696849e-05 5.432858597487211227e-05 1.597266527824103832e-04 1.070236379518973990e-07 1.640633058741514105e-06 7.455348338680778397e-08 2.153119851300289156e-07 2.013527335975595633e-07 1.615068322280421853e-04 1.089388679247349501e-04 5.744245136156678200e-04 2.206701992690796033e-06 9.218195191351696849e-05 5.432858597487211227e-05 1.597266527824103832e-04 1.070236379518973990e-07 1.640633058741514105e-06 7.455348338680778397e-08 2.153119851300289156e-07 2.013527335975595633e-07
2.570000000000000000e+03 1.646695745876058936e-04 1.954901817953214049e-04 6.213291781023144722e-04 2.534181703595095314e-06 8.475750655634328723e-05 6.206551188370212913e-05 1.568552397657185793e-04 1.159230933467370050e-07 1.108727792598074302e-05 7.163272641719231615e-08 3.325439763557369588e-07 2.832845666489447467e-06 1.499903737567365170e-04 1.058570778695866466e-04 5.726009258069097996e-04 2.152708020730642602e-06 8.475750655634328723e-05 6.206551188370212913e-05 1.568552397657185793e-04 1.159230933467370050e-07 1.108727792598074302e-05 7.163272641719231615e-08 3.325439763557369588e-07 2.832845666489447467e-06
2.580000000000000000e+03 1.669153571128845215e-04 1.958310022018849850e-04 6.174382288008928299e-04 2.648269855853868648e-06 8.660429739393293858e-05 6.331074837362393737e-05 1.556530478410422802e-04 6.458593304614623776e-08 3.324552380945533514e-06 7.792868217393333907e-08 3.209868850717612077e-07 5.635011461890826467e-07 1.508606073912233114e-04 1.048059712047688663e-04 5.701552145183086395e-04 2.191386784033966251e-06 8.660429739393293858e-05 6.331074837362393737e-05 1.556530478410422802e-04 6.458593304614623776e-08 3.324552380945533514e-06 7.792868217393333907e-08 3.209868850717612077e-07 5.635011461890826467e-07
2.590000000000000000e+03 1.732433884171769023e-04 2.071400376735255122e-04 6.235213368199765682e-04 2.655851858435198665e-06 9.027096530189737678e-05 8.370810246560722589e-05 1.571247848914936185e-04 3.048005510208895430e-07 4.988466753275133669e-05 5.950614934135955991e-08 3.425457464345527114e-07 2.494482760084792972e-05 1.534411712782457471e-04 1.084546383935958147e-04 5.785676767118275166e-04 2.188541657233145088e-06 9.027096530189737678e-05 8.370810246560722589e-05 1.571247848914936185e-04 3.048005510208895430e-07 4.988466753275133669e-05 5.950614934135955991e-08 3.425457464345527114e-07 2.494482760084792972e-05
2.600000000000000000e+03 1.617785746930167079e-04 1.876312890090048313e-04 6.167585379444062710e-04 2.652085186127806082e-06 8.334816811839118600e-05 1.185566288768313825e-04 1.498905039625242352e-04 9.154126701105269603e-08 5.377858542487956583e-05 6.647930206327146152e-08 3.738150553544983268e-07 1.566203718539327383e-05 1.432139106327667832e-04 1.028271362883970141e-04 5.685217911377549171e-04 2.232810174973565154e-06 8.334816811839118600e-05 1.185566288768313825e-04 1.498905039625242352e-04 9.154126701105269603e-08 5.377858542487956583e-05 6.647930206327146152e-08 3.738150553544983268e-07 1.566203718539327383e-05
2.610000000000000000e+03 1.734993129502981901e-04 2.031227922998368740e-04 6.224436801858246326e-04 2.343850155739346519e-06 8.157511911122128367e-05 5.500398765434511006e-05 1.509793655714020133e-04 9.256220323550223839e-08 1.255004917766200379e-05 6.826372356272258912e-08 6.731647061997136916e-08 7.559655387012753636e-06 1.434476580470800400e-04 1.093114769901148975e-04 5.756322061643004417e-04 2.205709961344837211e-06 8.157511911122128367e-05 5.500398765434511006e-05 1.509793655714020133e-04 9.256220323550223839e-08 1.255004917766200379e-05 6.826372356272258912e-08 6.731647061997136916e-08 7.559655387012753636e-06
2.620000000000000000e+03 1.879476330941542983e-04 1.995465863728895783e-04 6.179633783176541328e-04 2.493566626071697101e-06 8.044327842071652412e-05 5.277899253997020423e-05 1.519364595878869295e-04 4.294044586572454136e-08 1.154257802227220964e-06 6.928022600050098845e-08 1.968827660903116339e-07 8.999085139294038527e-07 1.582944678375497460e-04 1.088800563593395054e-04 5.824951804243028164e-04 2.341837216590647586e-06 8.044327842071652412e-05 5.277899253997020423e-05 1.519364595878869295e-04 4.294044586572454136e-08 1.154257802227220964e-06 6.928022600050098845e-08 1.968827660903116339e-07 8.999085139294038527e-07
2.630000000000000000e+03 1.687969488557428122e-04 2.022314438363537192e-04 6.150748813524842262e-04 2.657251798154902644e-06 8.324066584464162588e-05 5.307948958943597972e-05 1.524147955933585763e-04 5.023975973017513752e-07 8.014151717361528426e-06 5.837541294795300928e-08 1.541326497545014718e-07 5.328487986844265833e-06 1.510149450041353703e-04 1.083938695956021547e-04 5.737791652791202068e-04 2.253934553664294071e-06 8.324066584464162588e-05 5.307948958943597972e-05 1.524147955933585763e-04 5.023975973017513752e-07 8.014151717361528426e-06 5.837541294795300928e-08 1.541326497545014718e-07 5.328487986844265833e-06
2.640000000000000000e+03 1.638009271118789911e-04 2.086187159875407815e-04 6.226341938599944115e-04 2.552880914663546719e-06 8.412160968873649836e-05 7.428184471791610122e-05 1.508893474237993360e-04 4.801783006769255735e-07 3.164914232911542058e-05 4.033716294316036510e-08 9.825203051150310785e-07 2.798640889523085207e-05 1.499719364801421762e-04 1.113092730520293117e-04 5.802691448479890823e-04 2.225359594376641326e-06 8.412160968873649836e-05 7.428184471791610122e-05 1.508893474237993360e-04 4.801783006769255735e-07 3.164914232911542058e-05 4.033716294316036510e-08 9.825203051150310785e-07 2.798640889523085207e-05
2.650000000000000000e+03 1.654514780966565013e-04 1.911487343022599816e-04 6.156854215078055859e-04 2.535013891247217543e-06 7.745702896500006318e-05 7.736213592579588294e-05 1.469603739678859711e-04 3.259202685512718745e-07 2.773330197669565678e-05 5.067415642656669661e-08 2.475162546033971012e-07 5.107602191856130958e-06 1.495455653639510274e-04 1.051813596859574318e-04 5.777812912128865719e-04 2.140460992450243793e-06 7.745702896500006318e-05 7.736213592579588294e-05 1.469603739678859711e-04 3.259202685512718745e-07 2.773330197669565678e-05 5.067415642656669661e-08 2.475162546033971012e-07 5.107602191856130958e-06
2.660000000000000000e+03 1.662987342569977045e-04 1.972506142919883132e-04 6.231414154171943665e-04 2.454464947732049040e-06 8.268391684396192431e-05 5.667993900715373456e-05 1.465527893742546439e-04 3.928295910782253486e-08 3.212423052900703624e-06 4.120659724549113889e-08 7.434256588112475583e-08 8.052800808400206733e-07 1.499402569606900215e-04 1.079926660167984664e-04 5.906632868573069572e-04 2.045715064014075324e-06 8.268391684396192431e-05 5.667993900715373456e-05 1.465527893742546439e-04 3.928295910782253486e-08 3.212423052900703624e-06 4.120659724549113889e-08 7.434256588112475583e-08 8.052800808400206733e-07
2.670000000000000000e+03 1.612673804629594088e-04 1.954782346729189157e-04 6.222546217031776905e-04 2.338579406568896957e-06 8.349155541509389877e-05 5.566731124417856336e-05 1.453959848731756210e-04 8.256311190280030132e-08 8.663140533826663159e-07 4.162039246580206964e-08 7.969121895712305559e-08 9.628208772483048961e-07 1.521457597846165299e-04 1.062505325535312295e-04 5.832044989801943302e-04 2.058972995655494742e-06 8.349155541509389877e-05 5.566731124417856336e-05 1.453959848731756210e-04 8.256311190280030132e-08 8.663140533826663159e-07 4.162039246580206964e-08 7.969121895712305559e-08 9.628208772483048961e-07
2.680000000000000000e+03 1.650970079936087132e-04 1.919066708069294691e-04 6.194282323122024536e-04 2.335828867217060179e-06 8.060766413109377027e-05 7.916952017694711685e-05 1.447688991902396083e-04 4.506074802179682592e-08 2.315112942596897483e-05 5.394920066237318679e-08 6.087155384193465579e-07 8.524790246156044304e-06 1.571135508129373193e-04 1.070717189577408135e-04 5.840095691382884979e-04 2.132453801095834933e-06 8.060766413109377027e-05 7.916952017694711685e-05 1.447688991902396083e-04 4.506074802179682592e-08 2.315112942596897483e-05 5.394920066237318679e-08 6.087155384193465579e-07 8.524790246156044304e-06
2.690000000000000000e+03 1.650282938499003649e-04 2.054486685665324330e-04 6.307853036560118198e-04 2.396205445620580576e-06 8.677870937390252948e-05 7.225255831144750118e-05 1.468667032895609736e-04 2.309167967950997991e-07 3.216270852135494351e-05 4.738568293305434054e-08 3.466229259174724575e-07 1.597003029019106179e-05 1.544537517474964261e-04 1.127101204474456608e-04 5.991009529680013657e-04 2.030890755122527480e-06 8.677870937390252948e-05 7.225255831144750118e-05 1.468667032895609736e-04 2.309167967950997991e-07 3.216270852135494351e-05 4.738568293305434054e-08 3.466229259174724575e-07 1.597003029019106179e-05
2.700000000000000000e+03 1.688045304035767913e-04 1.897607435239478946e-04 6.179042393341660500e-04 2.500243681424763054e-06 8.182453166227787733e-05 1.082082962966524065e-04 1.450525887776166201e-04 9.654991117713507265e-07 4.571021054289303720e-05 4.522198437939550786e-08 1.184411189569800626e-06 3.476392521406523883e-05 1.652309001656249166e-04 1.068068013410083950e-04 5.890443571843206882e-04 2.132415147571009584e-06 8.182453166227787733e-05 1.082082962966524065e-04 1.450525887776166201e-04 9.654991117713507265e-07 4.571021054289303720e-05 4.522198437939550786e-08 1.184411189569800626e-06 3.476392521406523883e-05
2.710000000000000000e+03 1.715442631393671036e-04 2.002122055273503065e-04 6.233738386072218418e-04 2.565089516792795621e-06 8.699927275301888585e-05 6.251749437069520354e-05 1.480276259826496243e-04 4.860993740862795676e-08 1.688907286734320223e-05 5.556468352096999297e-08 9.658173212301335298e-07 1.107409661926794797e-05 1.647862227400764823e-04 1.100605441024526954e-04 5.866583669558167458e-04 2.112557467626174912e-06 8.699927275301888585e-05 6.251749437069520354e-05 1.480276259826496243e-04 4.860993740862795676e-08 1.688907286734320223e-05 5.556468352096999297e-08 9.658173212301335298e-07 1.107409661926794797e-05
2.720000000000000000e+03 1.651284983381628990e-04 1.949989818967878819e-04 6.145802326500415802e-04 2.501700237189652398e-06 8.863634866429492831e-05 5.413809776655398309e-05 1.454982993891462684e-04 9.009120560676819878e-08 1.518190856586443260e-06 4.214598092744381574e-08 6.228347615433449391e-08 8.280359793388925027e-07 1.641873241169378161e-04 1.083292154362425208e-04 5.816444754600524902e-04 2.070242999252513982e-06 8.863634866429492831e-05 5.413809776655398309e-05 1.454982993891462684e-04 9.009120560676819878e-08 1.518190856586443260e-06 4.214598092744381574e-08 6.228347615433449391e-08 8.280359793388925027e-07
2.730000000000000000e+03 2.258661988889798522e-04 1.752552634570747614e-04 6.191968568600714207e-04 2.384143044764641672e-06 9.267513814847916365e-05 4.471533175092190504e-04 1.365714997518807650e-04 4.512699433689704165e-06 4.938787315040826797e-04 2.773895246832580597e-08 9.642443728807847947e-06 2.488941827323287725e-04 2.199208684032782912e-04 1.039646958815865219e-04 5.877030780538916588e-04 2.025583398790331557e-06 9.267513814847916365e-05 4.471533175092190504e-04 1.365714997518807650e-04 4.512699433689704165e-06 4.938787315040826797e-04 2.773895246832580597e-08 9.642443728807847947e-06 2.488941827323287725e-04
2.740000000000000000e+03 1.954401814145967364e-04 2.165424084523692727e-04 6.429752684198319912e-04 2.583897867225459777e-06 9.524070628685876727e-05 1.497095945524051785e-04 1.498194615123793483e-04 1.071174551725562196e-06 6.584350921912118793e-05 3.314650243169126043e-08 9.241059160558506846e-06 5.790924842585809529e-05 1.991535827983170748e-04 1.240571291418746114e-04 6.145631778053939342e-04 2.085288770103943534e-06 9.524070628685876727e-05 1.497095945524051785e-04 1.498194615123793483e-04 1.071174551725562196e-06 6.584350921912118793e-05 3.314650243169126043e-08 9.241059160558506846e-06 5.790924842585809529e-05
2.750000000000000000e+03 1.779322628863155842e-04 1.936907938215881586e-04 6.206267862580716610e-04 2.483669277353328653e-06 8.796145993983373046e-05 7.236116653075441718e-05 1.489436981501057744e-04 2.069956792638549814e-07 2.930779737653210759e-05 5.772013977889400849e-08 3.236305872178490972e-07 5.690649800271785352e-07 1.722604501992464066e-04 1.078562418115325272e-04 5.897750379517674446e-04 2.112356696670758538e-06 8.796145993983373046e-05 7.236116653075441718e-05 1.489436981501057744e-04 2.069956792638549814e-07 2.930779737653210759e-05 5.772013977889400849e-08 3.236305872178490972e-07 5.690649800271785352e-07
2.760000000000000000e+03 1.870924024842679501e-04 1.986237621167674661e-04 6.223688251338899136e-04 2.549975306465057656e-06 8.120951679302379489e-05 5.764923480455763638e-05 1.468868431402370334e-04 8.994603462042505271e-08 3.434048721828730777e-06 2.819269617759800894e-08 1.254456378774193581e-07 2.431658458590391092e-06 1.871528074843809009e-04 1.102284950320608914e-04 5.904538556933403015e-04 2.038662387349177152e-06 8.120951679302379489e-05 5.764923480455763638e-05 1.468868431402370334e-04 8.994603462042505271e-08 3.434048721828730777e-06 2.819269617759800894e-08 1.254456378774193581e-07 2.431658458590391092e-06
2.770000000000000000e+03 1.852594141382724047e-04 2.042740088654682040e-04 6.200416828505694866e-04 2.629043137858388945e-06 8.747365063754841685e-05 5.511577546712942421e-05 1.453117001801729202e-04 1.909435667357683997e-07 2.044869142991956323e-05 2.834018886233025114e-08 2.908738565565727185e-07 8.725665793463122100e-06 1.763253239914774895e-04 1.120190063375048339e-04 5.822459934279322624e-04 2.029040160778095014e-06 8.747365063754841685e-05 5.511577546712942421e-05 1.453117001801729202e-04 1.909435667357683997e-07 2.044869142991956323e-05 2.834018886233025114e-08 2.908738565565727185e-07 8.725665793463122100e-06
2.780000000000000000e+03 1.804795610951259732e-04 1.976944913621991873e-04 6.256886990740895271e-04 2.494000455044442788e-06 8.705246727913618088e-05 4.685480962507426739e-05 1.456472818972542882e-04 4.963657218581829511e-08 4.440453267307020724e-06 5.165102123783071875e-08 1.934774331857624929e-07 2.142028961316100322e-06 1.699388085398823023e-04 1.099734363378956914e-04 5.856068455614149570e-04 1.932187387865269557e-06 8.705246727913618088e-05 4.685480962507426739e-05 1.456472818972542882e-04 4.963657218581829511e-08 4.440453267307020724e-06 5.165102123783071875e-08 1.934774331857624929e-07 2.142028961316100322e-06
2.790000000000000000e+03 1.786734646884724498e-04 1.971053570741787553e-04 6.127833039499819279e-04 2.561779865573043935e-06 8.523678843630477786e-05 5.323311415850184858e-05 1.467792317271232605e-04 1.114433274551629438e-07 5.419937224360182881e-06 4.599665714977163589e-08 3.623849238465481903e-07 6.299082997429650277e-06 1.729579089442268014e-04 1.112700483645312488e-04 5.739124608226120472e-04 1.987919858947861940e-06 8.523678843630477786e-05 5.323311415850184858e-05 1.467792317271232605e-04 1.114433274551629438e-07 5.419937224360182881e-06 4.599665714977163589e-08 3.623849238465481903e-07 6.299082997429650277e-06
2.800000000000000000e+03 1.830382097978144884e-04 1.917400659294798970e-04 6.111624534241855145e-04 2.696805267987656407e-06 8.344585512531921268e-05 5.507433161255903542e-05 1.458761544199660420e-04 6.490432014061298105e-08 2.353137915633851662e-06 5.172408279463525105e-08 1.720183178122169920e-07 1.012491679830418434e-06 1.828695385484024882e-04 1.101692323572933674e-04 5.733661819249391556e-04 1.992980287468526512e-06 8.344585512531921268e-05 5.507433161255903542e-05 1.458761544199660420e-04 6.490432014061298105e-08 2.353137915633851662e-06 5.172408279463525105e-08 1.720183178122169920e-07 1.012491679830418434e-06
2.810000000000000000e+03 1.796009601093828678e-04 1.862939243437722325e-04 6.121464539319276810e-04 2.558850383138633333e-06 8.058701496338471770e-05 6.597060564672574401e-05 1.445283123757690191e-04 1.147451129668297654e-07 7.094767624948872253e-06 5.402895908446225803e-08 2.818197231135854963e-07 2.955984882646589540e-06 1.800153841031715274e-04 1.052583102136850357e-04 5.736869061365723610e-04 1.983821221074322239e-06 8.058701496338471770e-05 6.597060564672574401e-05 1.445283123757690191e-04 1.147451129668297654e-07 7.094767624948872253e-06 5.402895908446225803e-08 2.818197231135854963e-07 2.955984882646589540e-06
2.820000000000000000e+03 1.842830388341099024e-04 1.930749131133779883e-04 6.142224883660674095e-04 2.559289669079589657e-06 8.235163113567978144e-05 5.209251685300841928e-05 1.451033895136788487e-04 8.853661626062603318e-08 1.546162366139469668e-06 5.112504553039798338e-08 2.165753016925009433e-07 2.361666020078700967e-06 1.764116022968664765e-04 1.100389490602537990e-04 5.811324226669967175e-04 1.947948021552292630e-06 8.235163113567978144e-05 5.209251685300841928e-05 1.451033895136788487e-04 8.853661626062603318e-08 1.546162366139469668e-06 5.112504553039798338e-08 2.165753016925009433e-07 2.361666020078700967e-06
2.830000000000000000e+03 1.760191371431574225e-04 1.927637786138802767e-04 6.115273572504520416e-04 2.556446133894496597e-06 8.259611058747395873e-05 5.581137884291820228e-05 1.440839259885251522e-04 2.066672522005319479e-07 3.739204203156987205e-06 5.934823832376423525e-08 9.605718531702223117e-08 4.238493147568078712e-06 1.640037808101624250e-04 1.077934866771101952e-04 5.791990552097558975e-04 1.918634097819449380e-06 8.259611058747395873e-05 5.581137884291820228e-05 1.440839259885251522e-04 2.066672522005319479e-07 3.739204203156987205e-06 5.934823832376423525e-08 9.605718531702223117e-08 4.238493147568078712e-06
2.840000000000000000e+03 1.831562840379774570e-04 2.054421056527644396e-04 6.265793344937264919e-04 2.607648866614908911e-06 8.277973392978310585e-05 7.992069004103541374e-05 1.426917297067120671e-04 3.001571258209878579e-07 4.710000939667224884e-05 5.533991043193964288e-08 3.236742429635341978e-07 2.812061393342446536e-05 1.707080227788537741e-04 1.150922544184140861e-04 5.931137711741030216e-04 1.983540641958825290e-06 8.277973392978310585e-05 7.992069004103541374e-05 1.426917297067120671e-04 3.001571258209878579e-07 4.710000939667224884e-05 5.533991043193964288e-08 3.236742429635341978e-07 2.812061393342446536e-05
2.850000000000000000e+03 1.713165984256193042e-04 1.939861831488087773e-04 6.069953087717294693e-04 2.626975856401259080e-06 8.402404637308791280e-05 5.387977216742001474e-05 1.443315268261358142e-04 1.697694784752457053e-08 4.039646682940656319e-06 5.539716951830087055e-08 2.013324689187356853e-07 7.985098591234418564e-07 1.645731827011331916e-04 1.085752373910509050e-04 5.726506933569908142e-04 1.919481292134150863e-06 8.402404637308791280e-05 5.387977216742001474e-05 1.443315268261358142e-04 1.697694784752457053e-08 4.039646682940656319e-06 5.539716951830087055e-08 2.013324689187356853e-07 7.985098591234418564e-07
2.860000000000000000e+03 1.671730278758332133e-04 1.866336242528632283e-04 6.057966966181993484e-04 2.793033900161390193e-06 7.983982504811137915e-05 7.207132148323580623e-05 1.435315352864563465e-04 1.603639248060062528e-07 9.825067536439746618e-06 7.199344764785564621e-08 8.099560204755107407e-07 1.879648493741115090e-06 1.666438620304688811e-04 1.105621995520778000e-04 5.773544544354081154e-04 1.995499360418762080e-06 7.983982504811137915e-05 7.207132148323580623e-05 1.435315352864563465e-04 1.603639248060062528e-07 9.825067536439746618e-06 7.199344764785564621e-08 8.099560204755107407e-07 1.879648493741115090e-06
2.870000000000000000e+03 1.703449524939060211e-04 1.928327401401475072e-04 6.070124218240380287e-04 2.625026127134333365e-06 8.601637091487646103e-05 6.775932706659659743e-05 1.432110439054667950e-04 5.241250278231746051e-07 5.487476755661191419e-06 4.215666749018964765e-08 6.517591373267350718e-07 1.003116722131380811e-05 1.619285467313602567e-04 1.109956065192818642e-04 5.775514873676002026e-04 2.049326212727464736e-06 8.601637091487646103e-05 6.775932706659659743e-05 1.432110439054667950e-04 5.241250278231746051e-07 5.487476755661191419e-06 4.215666749018964765e-08 6.517591373267350718e-07 1.003116722131380811e-05
2.880000000000000000e+03 1.689660566626116633e-04 1.802934129955247045e-04 6.054034456610679626e-04 2.800953325277077965e-06 8.060038817347958684e-05 8.523927681380882859e-05 1.399621978634968400e-04 7.559759040987046319e-08 2.043499262072145939e-05 4.854454616065595474e-08 2.249010009336416260e-07 5.501598025148268789e-06 1.562477991683408618e-04 1.045908938976936042e-04 5.709896213375031948e-04 1.947201326402137056e-06 8.060038817347958684e-05 8.523927681380882859e-05 1.399621978634968400e-04 7.559759040987046319e-08 2.043499262072145939e-05 4.854454616065595474e-08 2.249010009336416260e-07 5.501598025148268789e-06
2.890000000000000000e+03 1.724746107356622815e-04 1.998691441258415580e-04 6.218996713869273663e-04 2.626054765642038547e-06 8.449224696960300207e-05 6.965770444367080927e-05 1.407602539984509349e-04 2.077547200940443872e-08 3.069570448133163154e-05 6.352625803174305474e-08 1.065466904037748463e-06 1.155194786406354979e-05 1.700332650216296315e-04 1.178272868855856359e-04 5.870844470337033272e-04 2.072268671327037737e-06 8.449224696960300207e-05 6.965770444367080927e-05 1.407602539984509349e-04 2.077547200940443872e-08 3.069570448133163154e-05 6.352625803174305474e-08 1.065466904037748463e-06 1.155194786406354979e-05
2.900000000000000000e+03 1.675871899351477623e-04 1.822144840843975544e-04 6.125449435785412788e-04 2.685037088667741045e-06 7.767211354803293943e-05 7.806251960573717952e-05 1.398091699229553342e-04 2.963120060428536817e-08 1.572134351590648293e-05 5.591270380023161124e-08 2.982885689561953768e-07 6.473669145634630695e-06 1.597576338099315763e-04 1.062637602444738150e-04 5.728404503315687180e-04 1.954276058313553222e-06 7.767211354803293943e-05 7.806251960573717952e-05 1.398091699229553342e-04 2.963120060428536817e-08 1.572134351590648293e-05 5.591270380023161124e-08 2.982885689561953768e-07 6.473669145634630695e-06
2.910000000000000000e+03 1.678590342635288835e-04 1.971303718164563179e-04 6.275632185861468315e-04 2.728465233303722925e-06 8.657189755467697978e-05 6.500723975477740169e-05 1.410705444868654013e-04 4.866657263846718706e-07 1.180142498924396932e-05 7.304064553181888186e-08 8.133127380460791755e-07 1.267854531761258841e-05 1.700866851024329662e-04 1.229157787747681141e-04 5.878059309907257557e-04 2.115771394528564997e-06 8.657189755467697978e-05 6.500723975477740169e-05 1.410705444868654013e-04 4.866657263846718706e-07 1.180142498924396932e-05 7.304064553181888186e-08 8.133127380460791755e-07 1.267854531761258841e-05
2.920000000000000000e+03 1.686527393758296967e-04 1.809331006370484829e-04 6.162355421110987663e-04 2.534368150008958764e-06 8.058064850047230721e-05 9.659825445851311088e-05 1.403319038217887282e-04 2.144089883415745135e-08 2.347070039832033217e-05 5.529065916221043153e-08 5.469016741699306294e-07 1.013318887999048457e-05 1.664808514760807157e-04 1.101033340091817081e-04 5.709759425371885300e-04 2.078810439343214966e-06 8.058064850047230721e-05 9.659825445851311088e-05 1.403319038217887282e-04 2.144089883415745135e-08 2.347070039832033217e-05 5.529065916221043153e-08 5.469016741699306294e-07 1.013318887999048457e-05
2.930000000000000000e+03 1.788793597370386124e-04 1.947967248270288110e-04 6.235839100554585457e-04 2.644803544171736576e-06 8.130389323923736811e-05 6.501749157905578613e-05 1.458438055124133825e-04 7.809908453282332630e-08 1.965788214874919504e-05 5.146885939666390186e-08 8.939460940382559784e-07 1.104742023017024621e-05 1.720399595797061920e-04 1.148250739788636565e-04 5.765713867731392384e-04 2.037862032011616975e-06 8.130389323923736811e-05 6.501749157905578613e-05 1.458438055124133825e-04 7.809908453282332630e-08 1.965788214874919504e-05 5.146885939666390186e-08 8.939460940382559784e-07 1.104742023017024621e-05
2.940000000000000000e+03 1.779909798642620444e-04 1.828546519391238689e-04 6.056682905182242393e-04 2.563170937719405629e-06 8.923340647015720606e-05 7.860749610699713230e-05 1.424938527634367347e-04 7.182771355473960284e-08 2.101812606269959360e-05 5.503010669372088159e-08 4.660341232920472976e-07 8.465312930638901889e-06 1.734111865516752005e-04 1.074038227670826018e-04 5.654672277159988880e-04 2.014810206674155779e-06 8.923340647015720606e-05 7.860749610699713230e-05 1.424938527634367347e-04 7.182771355473960284e-08 2.101812606269959360e-05 5.503010669372088159e-08 4.660341232920472976e-07 8.465312930638901889e-06
2.950000000000000000e+03 1.712989032967016101e-04 1.904850942082703114e-04 6.161929923109710217e-04 2.613968717923853546e-06 8.099749538814648986e-05 5.643340045935474336e-05 1.433331781299784780e-04 8.913896287765510351e-09 5.814581072627333924e-06 5.235277455994946649e-08 3.867634745802206453e-07 2.737657041507191025e-06 1.636797387618571520e-04 1.120910528698004782e-04 5.710952682420611382e-04 2.022469516305136494e-06 8.099749538814648986e-05 5.643340045935474336e-05 1.433331781299784780e-04 8.913896287765510351e-09 5.814581072627333924e-06 5.235277455994946649e-08 3.867634745802206453e-07 2.737657041507191025e-06
2.960000000000000000e+03 1.677061081863939762e-04 1.865766971604898572e-04 6.082069012336432934e-04 2.506017608538968489e-06 8.375891775358468294e-05 6.135035800980404019e-05 1.433411671314388514e-04 1.699411633637737395e-08 3.072540494031272829e-06 5.331891372861718992e-08 4.707268885795201641e-07 2.761057658062782139e-06 1.615813525859266520e-04 1.084293980966322124e-04 5.717662279494106770e-04 2.007387593039311469e-06 8.375891775358468294e-05 6.135035800980404019e-05 1.433411671314388514e-04 1.699411633637737395e-08 3.072540494031272829e-06 5.331891372861718992e-08 4.707268885795201641e-07 2.761057658062782139e-06
2.970000000000000000e+03 1.700059219729155302e-04 1.782932231435552239e-04 6.023042951710522175e-04 2.713461071834899485e-06 8.175137190846726298e-05 7.987700519151985645e-05 1.431287237210199237e-04 4.680008913737765397e-08 1.055238135450053960e-05 6.145069164631422609e-08 9.456137206598214107e-08 5.078813046566210687e-06 1.607257436262443662e-04 1.036111789289861917e-04 5.649574450217187405e-04 1.954378603841178119e-06 8.175137190846726298e-05 7.987700519151985645e-05 1.431287237210199237e-04 4.680008913737765397e-08 1.055238135450053960e-05 6.145069164631422609e-08 9.456137206598214107e-08 5.078813046566210687e-06
2.980000000000000000e+03 1.747472415445372462e-04 1.893939479487016797e-04 6.198809714987874031e-04 2.595570094854338095e-06 8.411263115704059601e-05 7.572364120278507471e-05 1.428154355380684137e-04 1.337269992518486106e-07 7.368002570729004219e-06 5.402159075629242579e-08 1.970230186998378485e-06 7.825608008715789765e-06 1.679265697021037340e-04 1.145822752732783556e-04 5.890837055630981922e-04 2.144420477634412237e-06 8.411263115704059601e-05 7.572364120278507471e-05 1.428154355380684137e-04 1.337269992518486106e-07 7.368002570729004219e-06 5.402159075629242579e-08 1.970230186998378485e-06 7.825608008715789765e-06
2.990000000000000000e+03 1.775999844539910555e-04 1.758394646458327770e-04 6.088294903747737408e-04 2.453674369462532923e-06 8.209535008063539863e-05 9.482709720032289624e-05 1.417209859937429428e-04 5.396066740104288328e-07 4.059196362504735589e-05 4.994220148546446580e-08 4.864453444497485179e-07 1.203454030473949388e-05 1.715664257062599063e-04 1.049504644470289350e-04 5.811845767311751842e-04 2.088114797516027465e-06 8.209535008063539863e-05 9.482709720032289624e-05 1.417209859937429428e-04 5.396066740104288328e-07 4.059196362504735589e-05 4.994220148546446580e-08 4.864453444497485179e-07 1.203454030473949388e-05
3.000000000000000000e+03 1.815368595998734236e-04 1.955656480276957154e-04 6.219233619049191475e-04 2.635808414197526872e-06 8.645233901916071773e-05 9.346364822704344988e-05 1.454180310247465968e-04 1.048746440801551216e-07 3.665195254143327475e-05 5.257279411807758152e-08 4.000494300271384418e-06 3.197929618181660771e-05 1.709775533527135849e-04 1.158342711278237402e-04 5.837199860252439976e-04 2.090387852149433456e-06 8.645233901916071773e-05 9.346364822704344988e-05 1.454180310247465968e-04 1.048746440801551216e-07 3.665195254143327475e-05 5.257279411807758152e-08 4.000494300271384418e-06 3.197929618181660771e-05
3.010000000000000000e+03 1.728936767904087901e-04 1.755829725880175829e-04 6.007625488564372063e-04 2.611532408991479315e-06 8.731596608413383365e-05 8.936041558627039194e-05 1.385692012263461947e-04 2.426429261959128780e-07 2.379341822233982384e-05 4.191961977539904183e-08 9.115724992625473533e-07 1.429875192116014659e-05 1.724668109090998769e-04 1.046221150318160653e-04 5.662644398398697376e-04 2.058183099507004954e-06 8.731596608413383365e-05 8.936041558627039194e-05 1.385692012263461947e-04 2.426429261959128780e-07 2.379341822233982384e-05 4.191961977539904183e-08 9.115724992625473533e-07 1.429875192116014659e-05
3.020000000000000000e+03 1.751328672980889678e-04 1.934684405568987131e-04 6.237031775526702404e-04 2.530091933294897899e-06 8.247183723142370582e-05 9.061107266461476684e-05 1.435827289242297411e-04 1.391876054412932717e-07 4.914690362056717277e-05 5.214235798689514922e-08 2.160521717087249272e-06 3.165108864777721465e-05 1.675836829235777259e-04 1.143823101301677525e-04 5.826192791573703289e-04 2.005727765208575875e-06 8.247183723142370582e-05 9.061107266461476684e-05 1.435827289242297411e-04 1.391876054412932717e-07 4.914690362056717277e-05 5.214235798689514922e-08 2.160521717087249272e-06 3.165108864777721465e-05
3.030000000000000000e+03 1.695690298220142722e-04 1.763674954418092966e-04 6.114455172792077065e-04 2.682968670342233963e-06 8.082954445853829384e-05 7.444060611305758357e-05 1.399586180923506618e-04 1.828808109394230996e-07 1.920350405271165073e-05 4.287064925279082672e-08 4.543643683518894250e-07 2.858387915694038384e-06 1.647556055104359984e-04 1.052786974469199777e-04 5.684495554305613041e-04 1.997565277633839287e-06 8.082954445853829384e-05 7.444060611305758357e-05 1.399586180923506618e-04 1.828808109394230996e-07 1.920350405271165073e-05 4.287064925279082672e-08 4.543643683518894250e-07 2.858387915694038384e-06
3.040000000000000000e+03 1.780783641152083874e-04 1.849540276452898979e-04 6.160832708701491356e-04 2.767160367511678487e-06 8.278154564322903752e-05 6.095641947467811406e-05 1.424349611625075340e-04 7.930828616053986480e-08 1.608829961696756072e-06 5.369741984395659529e-08 4.120921914818609366e-07 5.034840455664379988e-07 1.695112150628119707e-04 1.144226043834351003e-04 5.814000032842159271e-04 2.186222673117299564e-06 8.278154564322903752e-05 6.095641947467811406e-05 1.424349611625075340e-04 7.930828616053986480e-08 1.608829961696756072e-06 5.369741984395659529e-08 4.120921914818609366e-07 5.034840455664379988e-07
3.050000000000000000e+03 1.804516068659722805e-04 2.028734888881444931e-04 6.263686809688806534e-04 2.714889888011384755e-06 9.330645116278901696e-05 1.933824532898142934e-04 1.442154170945286751e-04 6.958163112358306535e-07 1.447226677555590868e-04 5.979400441447069170e-08 7.757952516840305179e-06 1.269351487280800939e-04 1.649435434956103563e-04 1.199346734210848808e-04 5.807492416352033615e-04 2.069955826300429180e-06 9.330645116278901696e-05 1.933824532898142934e-04 1.442154170945286751e-04 6.958163112358306535e-07 1.447226677555590868e-04 5.979400441447069170e-08 7.757952516840305179e-06 1.269351487280800939e-04
3.060000000000000000e+03 1.725192560115829110e-04 1.841746416175737977e-04 6.310559110715985298e-04 2.697442823773599230e-06 7.713711238466203213e-05 5.943489304627291858e-05 1.360362366540357471e-04 6.531313374580349773e-07 4.518841251410776749e-06 3.493730105219583493e-08 1.280878450415912084e-06 9.736749234434682876e-06 1.558902004035189748e-04 1.110607408918440342e-04 5.831900052726268768e-04 2.279740328958723694e-06 7.713711238466203213e-05 5.943489304627291858e-05 1.360362366540357471e-04 6.531313374580349773e-07 4.518841251410776749e-06 3.493730105219583493e-08 1.280878450415912084e-06 9.736749234434682876e-06
3.070000000000000000e+03 1.608322490938007832e-04 1.768846414051949978e-04 6.046638009138405323e-04 2.764552618828020059e-06 8.307212556246668100e-05 7.394861313514411449e-05 1.384931674692779779e-04 5.786599288626348425e-08 5.248564320936566219e-06 4.033263323321989446e-08 3.172659148731327150e-07 1.130642544922011439e-06 1.471014693379402161e-04 1.054280364769510925e-04 5.527742323465645313e-04 2.171407459172769450e-06 8.307212556246668100e-05 7.394861313514411449e-05 1.384931674692779779e-04 5.786599288626348425e-08 5.248564320936566219e-06 4.033263323321989446e-08 3.172659148731327150e-07 1.130642544922011439e-06
3.080000000000000000e+03 1.705184840830042958e-04 1.755685807438567281e-04 6.095290300436317921e-04 2.635751570778666064e-06 8.081192208919674158e-05 8.530126797268167138e-05 1.376328582409769297e-04 2.920272095252585132e-07 1.301849260926246643e-05 3.495226152949726384e-08 5.274818590805807617e-07 9.221431355399545282e-06 1.582783297635614872e-04 1.053853775374591351e-04 5.632775137200951576e-04 2.214952928625280038e-06 8.081192208919674158e-05 8.530126797268167138e-05 1.376328582409769297e-04 2.920272095252585132e-07 1.301849260926246643e-05 3.495226152949726384e-08 5.274818590805807617e-07 9.221431355399545282e-06
3.090000000000000000e+03 1.622945419512689114e-04 1.836116571212187409e-04 6.140807527117431164e-04 2.802165681714541279e-06 8.754818554734811187e-05 6.407105684047564864e-05 1.389643730362877250e-04 6.221147259566350840e-07 4.600344709615455940e-06 4.290919264349213336e-08 9.020799893733055796e-07 5.316977876645978540e-06 1.534198236186057329e-04 1.110047378460876644e-04 5.715164588764309883e-04 2.297048922628164291e-06 8.754818554734811187e-05 6.407105684047564864e-05 1.389643730362877250e-04 6.221147259566350840e-07 4.600344709615455940e-06 4.290919264349213336e-08 9.020799893733055796e-07 5.316977876645978540e-06
3.100000000000000000e+03 1.651637867325916886e-04 1.966072741197422147e-04 6.248555146157741547e-04 2.774435643004835583e-06 8.558916306355968118e-05 1.301128213526681066e-04 1.401237532263621688e-04 7.302813855858403258e-07 1.089640572899952531e-04 4.222226834826869890e-08 4.953186362399719656e-06 6.050584852346219122e-05 1.517826312920078635e-04 1.169241877505555749e-04 5.742658395320177078e-04 2.200376911787316203e-06 8.558916306355968118e-05 1.301128213526681066e-04 1.401237532263621688e-04 7.302813855858403258e-07 1.089640572899952531e-04 4.222226834826869890e-08 4.953186362399719656e-06 6.050584852346219122e-05
3.110000000000000000e+03 1.781537575880065560e-04 1.839987817220389843e-04 6.308929296210408211e-04 3.023484623554395512e-06 7.961824303492903709e-05 5.337481343303807080e-05 1.401689805788919330e-04 1.153775812667845457e-07 3.971355454268632457e-06 7.007671598557863035e-08 1.502339273429242894e-06 3.810898306255694479e-06 1.629911857889965177e-04 1.149046947830356658e-04 5.737994215451180935e-04 2.313204731763107702e-06 7.961824303492903709e-05 5.337481343303807080e-05 1.401689805788919330e-04 1.153775812667845457e-07 3.971355454268632457e-06 7.007671598557863035e-08 1.502339273429242894e-06 3.810898306255694479e-06
3.120000000000000000e+03 1.658508263062685728e-04 1.707516930764541030e-04 6.105418433435261250e-04 2.766833858913742006e-06 7.919233758002519608e-05 9.755946666700765491e-05 1.372133701806887984e-04 3.335392761982802767e-08 3.335756628075614572e-05 4.812143572507920908e-08 6.740715434716548771e-07 1.600146970304194838e-05 1.579126255819573998e-04 1.032511718221940100e-04 5.563598824664950371e-04 2.120456883858423680e-06 7.919233758002519608e-05 9.755946666700765491e-05 1.372133701806887984e-04 3.335392761982802767e-08 3.335756628075614572e-05 4.812143572507920908e-08 6.740715434716548771e-07 1.600146970304194838e-05
3.130000000000000000e+03 1.710377255221828818e-04 1.850030530476942658e-04 6.237882189452648163e-04 2.966186229969025590e-06 8.172609523171558976e-05 6.644717359449714422e-05 1.377714652335271239e-04 2.610237004319060361e-07 5.418575710791628808e-06 4.200008518751019437e-08 1.939921730809146538e-06 1.428241012035869062e-05 1.650703634368255734e-04 1.165148423751816154e-04 5.722392816096544266e-04 2.318198085049516521e-06 8.172609523171558976e-05 6.644717359449714422e-05 1.377714652335271239e-04 2.610237004319060361e-07 5.418575710791628808e-06 4.200008518751019437e-08 1.939921730809146538e-06 1.428241012035869062e-05
3.140000000000000000e+03 1.651881175348535180e-04 1.756825804477557540e-04 6.110045360401272774e-04 2.826299350999761373e-06 8.102956053335219622e-05 6.708618457196280360e-05 1.362201146548613906e-04 1.400464100242970744e-07 2.589400310171185993e-06 5.915564216252278129e-08 1.713615915832633618e-07 5.799317932542180642e-07 1.599651441210880876e-04 1.080571091733872890e-04 5.553842638619244099e-04 2.110672994604101405e-06 8.102956053335219622e-05 6.708618457196280360e-05 1.362201146548613906e-04 1.400464100242970744e-07 2.589400310171185993e-06 5.915564216252278129e-08 1.713615915832633618e-07 5.799317932542180642e-07
3.150000000000000000e+03 1.781980827217921615e-04 1.757404970703646541e-04 6.242117378860712051e-04 2.901820380429853685e-06 7.517870835727080703e-05 8.317035826621577144e-05 1.312395179411396384e-04 1.136361902354110498e-06 1.560244527354370803e-05 6.352482273541681934e-08 3.416227229990909109e-07 2.667223498065141030e-06 1.539425429655238986e-04 1.085586336557753384e-04 5.665848148055374622e-04 2.353285481149214320e-06 7.517870835727080703e-05 8.317035826621577144e-05 1.312395179411396384e-04 1.136361902354110498e-06 1.560244527354370803e-05 6.352482273541681934e-08 3.416227229990909109e-07 2.667223498065141030e-06
3.160000000000000000e+03 1.665679010329768062e-04 1.819023891584947705e-04 6.267747376114130020e-04 2.603856501082191244e-06 8.253420674009248614e-05 5.240692917141132057e-05 1.330578525085002184e-04 2.543401649290899513e-07 1.494664957135682926e-06 5.631237343095563119e-08 1.396260586261632852e-06 2.987427251355256885e-06 1.506468834122642875e-04 1.124527843785472214e-04 5.610079970210790634e-04 2.031921894740662538e-06 8.253420674009248614e-05 5.240692917141132057e-05 1.330578525085002184e-04 2.543401649290899513e-07 1.494664957135682926e-06 5.631237343095563119e-08 1.396260586261632852e-06 2.987427251355256885e-06
3.170000000000000000e+03 1.705518952803686261e-04 1.824173523345962167e-04 6.142056081444025040e-04 2.674493316590087488e-06 7.950475992402061820e-05 6.055928679415956140e-05 1.345919881714507937e-04 1.259582376178514096e-07 3.241859985791961662e-06 4.124731844967755023e-08 7.489299491680867504e-07 5.915959263802506030e-06 1.637610839679837227e-04 1.107215211959555745e-04 5.543006118386983871e-04 2.104449094986193813e-06 7.950475992402061820e-05 6.055928679415956140e-05 1.345919881714507937e-04 1.259582376178514096e-07 3.241859985791961662e-06 4.124731844967755023e-08 7.489299491680867504e-07 5.915959263802506030e-06
3.180000000000000000e+03 1.673993247095495462e-04 1.791463291738182306e-04 6.134145078249275684e-04 2.829046024999115616e-06 8.211281237890943885e-05 6.195249443408101797e-05 1.339210575679317117e-04 3.179544805220757553e-08 1.281810341424716171e-06 4.734473080247880716e-08 2.384670665378507692e-07 1.702403551462339237e-06 1.680376153672114015e-04 1.117103383876383305e-04 5.706140655092895031e-04 2.229126266684033908e-06 8.211281237890943885e-05 6.195249443408101797e-05 1.339210575679317117e-04 3.179544805220757553e-08 1.281810341424716171e-06 4.734473080247880716e-08 2.384670665378507692e-07 1.702403551462339237e-06
3.190000000000000000e+03 1.728690695017576218e-04 1.737506390782073140e-04 6.023318856023252010e-04 2.835490022334852256e-06 7.733378879493102431e-05 6.729116284986957908e-05 1.331694948021322489e-04 3.180387579959642608e-07 6.002261216053739190e-06 3.622121624857754796e-08 3.126578747014718829e-07 1.678566036389383953e-06 1.695790415396913886e-04 1.057115878211334348e-04 5.637706490233540535e-04 2.198099537054076791e-06 7.733378879493102431e-05 6.729116284986957908e-05 1.331694948021322489e-04 3.180387579959642608e-07 6.002261216053739190e-06 3.622121624857754796e-08 3.126578747014718829e-07 1.678566036389383953e-06
3.200000000000000000e+03 1.634562941035255790e-04 1.747019705362617970e-04 6.098379963077604771e-04 2.825589490385027602e-06 7.764143811073154211e-05 6.529434176627546549e-05 1.301666488870978355e-04 4.801982527169457171e-07 8.330815944646019489e-06 4.321076829683079268e-08 3.567347732769121649e-07 3.075803306273883209e-06 1.630270417081192136e-04 1.081083391909487545e-04 5.653823609463870525e-04 2.089376721414737403e-06 7.764143811073154211e-05 6.529434176627546549e-05 1.301666488870978355e-04 4.801982527169457171e-07 8.330815944646019489e-06 4.321076829683079268e-08 3.567347732769121649e-07 3.075803306273883209e-06
3.210000000000000000e+03 1.750235242070630193e-04 1.743639440974220634e-04 6.135475123301148415e-04 2.940734248113585636e-06 7.716538675595074892e-05 6.695388583466410637e-05 1.298896531807258725e-04 6.018851905764677213e-08 1.518676640444027726e-06 5.296238825280852325e-08 2.761631208159087691e-07 2.070836586653967970e-07 1.694339880486950278e-04 1.088917488232254982e-04 5.683823255822062492e-04 2.238291472167475149e-06 7.716538675595074892e-05 6.695388583466410637e-05 1.298896531807258725e-04 6.018851905764677213e-08 1.518676640444027726e-06 5.296238825280852325e-08 2.761631208159087691e-07 2.070836586653967970e-07
3.220000000000000000e+03 1.785510976333171129e-04 1.727637718431651592e-04 6.127480301074683666e-04 2.923076181104988791e-06 7.698527042521163821e-05 7.644917786819860339e-05 1.280569704249501228e-04 2.778761754029801523e-08 9.103065167437307537e-06 4.861203350969844905e-08 4.529512978024285985e-07 3.566141003830125555e-06 1.716958067845553160e-04 1.062764495145529509e-04 5.608253413811326027e-04 2.264044269395526499e-06 7.698527042521163821e-05 7.644917786819860339e-05 1.280569704249501228e-04 2.778761754029801523e-08 9.103065167437307537e-06 4.861203350969844905e-08 4.529512978024285985e-07 3.566141003830125555e-06
3.230000000000000000e+03 1.683551090536639094e-04 1.797962322598323226e-04 6.139784236438572407e-04 2.823382146743824705e-06 7.965207623783499002e-05 6.278738146647810936e-05 1.299850264331325889e-04 7.544582558693946339e-08 1.749241164361592382e-06 4.163673850143823074e-08 2.558594815127435140e-06 6.682080311293248087e-06 1.625352160772308707e-04 1.109124568756669760e-04 5.619146977551281452e-04 2.278174406455946155e-06 7.965207623783499002e-05 6.278738146647810936e-05 1.299850264331325889e-04 7.544582558693946339e-08 1.749241164361592382e-06 4.163673850143823074e-08 2.558594815127435140e-06 6.682080311293248087e-06
3.240000000000000000e+03 1.866625389084219933e-04 1.705673203105106950e-04 6.042486056685447693e-04 2.774724407572648488e-06 8.273403364000841975e-05 8.904476271709427238e-05 1.296026312047615647e-04 3.229284928352171846e-08 1.053617324942024425e-05 2.850970126644369884e-08 8.467166594527952839e-07 1.686211362539324909e-05 1.775265845935791731e-04 1.044667151290923357e-04 5.508784670382738113e-04 2.141886852768948302e-06 8.273403364000841975e-05 8.904476271709427238e-05 1.296026312047615647e-04 3.229284928352171846e-08 1.053617324942024425e-05 2.850970126644369884e-08 8.467166594527952839e-07 1.686211362539324909e-05
3.250000000000000000e+03 1.800513273337855935e-04 1.997012586798518896e-04 6.326775765046477318e-04 2.870718162739649415e-06 8.131554204737767577e-05 1.211434137076139450e-04 1.261091529158875346e-04 1.647488147682452109e-06 1.315124827669933438e-04 2.224412298801325960e-08 3.175633310092962347e-06 5.477953891386277974e-05 1.803274499252438545e-04 1.246339670615270734e-04 5.874832859262824059e-04 2.399126515228999779e-06 8.131554204737767577e-05 1.211434137076139450e-04 1.261091529158875346e-04 1.647488147682452109e-06 1.315124827669933438e-04 2.224412298801325960e-08 3.175633310092962347e-06 5.477953891386277974e-05
3.260000000000000000e+03 1.808259839890524745e-04 1.816993753891438246e-04 6.142542697489261627e-04 2.779703208943828940e-06 8.583260932937264442e-05 5.989528290228918195e-05 1.297928538406267762e-04 1.290760565098025836e-06 1.352541676169494167e-05 3.663735625991648703e-08 1.392216177009686362e-06 3.587942728699999861e-06 1.721145526971668005e-04 1.120904125855304301e-04 5.567369516938924789e-04 2.179378952860133722e-06 8.583260932937264442e-05 5.989528290228918195e-05 1.297928538406267762e-04 1.290760565098025836e-06 1.352541676169494167e-05 3.663735625991648703e-08 1.392216177009686362e-06 3.587942728699999861e-06
3.270000000000000000e+03 1.815879659261554480e-04 1.827887754188850522e-04 6.171058630570769310e-04 2.784441903713741340e-06 7.874244329286739230e-05 5.863992919330485165e-05 1.297633425565436482e-04 5.870880670499900589e-08 9.204315574606880546e-06 2.614555860702694190e-08 2.510126648758159718e-07 7.153653768909862265e-06 1.743874163366854191e-04 1.141129177995026112e-04 5.699361790902912617e-04 2.309727278770878911e-06 7.874244329286739230e-05 5.863992919330485165e-05 1.297633425565436482e-04 5.870880670499900589e-08 9.204315574606880546e-06 2.614555860702694190e-08 2.510126648758159718e-07 7.153653768909862265e-06
3.280000000000000000e+03 1.754134718794375658e-04 1.796027499949559569e-04 6.118143210187554359e-04 2.669792820597649552e-06 8.068803435890004039e-05 5.728363976231776178e-05 1.306165650021284819e-04 1.867375232222912018e-07 5.021439392294269055e-06 3.811538107356682303e-08 8.344775892510369886e-07 4.526720204012235627e-06 1.727832423057407141e-04 1.113257385441102087e-04 5.696930456906557083e-04 2.291985083502368070e-06 8.068803435890004039e-05 5.728363976231776178e-05 1.306165650021284819e-04 1.867375232222912018e-07 5.021439392294269055e-06 3.811538107356682303e-08 8.344775892510369886e-07 4.526720204012235627e-06
3.290000000000000000e+03 1.791208196664229035e-04 1.779938029358163476e-04 6.131344125606119633e-04 2.690097517188405618e-06 8.080342377070337534e-05 5.913198765483684838e-05 1.288712519453838468e-04 2.108174470549784019e-07 1.673095312071382068e-06 3.409204296644929855e-08 3.462506299456435954e-07 1.020845388666202780e-06 1.778872538125142455e-04 1.113060352508910000e-04 5.627265782095491886e-04 2.183643573516746983e-06 8.080342377070337534e-05 5.913198765483684838e-05 1.288712519453838468e-04 2.108174470549784019e-07 1.673095312071382068e-06 3.409204296644929855e-08 3.462506299456435954e-07 1.020845388666202780e-06
3.300000000000000000e+03 1.797279255697503686e-04 1.750042429193854332e-04 6.107078515924513340e-04 2.628343054311699234e-06 7.796112913638353348e-05 6.256120832404121757e-05 1.284128375118598342e-04 2.548314910200133454e-07 6.192088221723679453e-06 4.885219695438536291e-08 9.666133848895697156e-08 7.617539381499227602e-07 1.756665587890893221e-04 1.108493015635758638e-04 5.649878294207155704e-04 2.282481091242516413e-06 7.796112913638353348e-05 6.256120832404121757e-05 1.284128375118598342e-04 2.548314910200133454e-07 6.192088221723679453e-06 4.885219695438536291e-08 9.666133848895697156e-08 7.617539381499227602e-07
3.310000000000000000e+03 1.739926374284550548e-04 1.762483443599194288e-04 6.081065512262284756e-04 2.538619128245045431e-06 7.938909402582794428e-05 5.713848076993599534e-05 1.288616185775026679e-04 5.544320202943708864e-08 1.456132963539857883e-06 2.558014600140268158e-08 4.511002771323546767e-07 7.856329489186464343e-07 1.765412744134664536e-04 1.094389153877273202e-04 5.640170420520007610e-04 2.322984755664947443e-06 7.938909402582794428e-05 5.713848076993599534e-05 1.288616185775026679e-04 5.544320202943708864e-08 1.456132963539857883e-06 2.558014600140268158e-08 4.511002771323546767e-07 7.856329489186464343e-07
3.320000000000000000e+03 1.781544415280222893e-04 1.816295116441324353e-04 6.166941020637750626e-04 2.540512468840461224e-06 8.030761819100007415e-05 5.633309410768561065e-05 1.267794577870517969e-04 3.100911385445215274e-07 1.562756915518548340e-05 1.913993585844764311e-08 4.546446632502920693e-07 2.280300350321340375e-06 1.785751665011048317e-04 1.136266728281043470e-04 5.715139559470117092e-04 2.429792402836028486e-06 8.030761819100007415e-05 5.633309410768561065e-05 1.267794577870517969e-04 3.100911385445215274e-07 1.562756915518548340e-05 1.913993585844764311e-08 4.546446632502920693e-07 2.280300350321340375e-06
3.330000000000000000e+03 1.795158896129578352e-04 1.763141772244125605e-04 6.093752454034984112e-04 2.588733877928461879e-06 8.023771079024299979e-05 5.704884097212925553e-05 1.265486062038689852e-04 1.639588163016014732e-07 8.341377224496682175e-07 3.132975123776304827e-08 8.637720725346298423e-07 4.288942250241234433e-07 1.777818833943456411e-04 1.128593794419430196e-04 5.692704580724239349e-04 2.574107156760874204e-06 8.023771079024299979e-05 5.704884097212925553e-05 1.265486062038689852e-04 1.639588163016014732e-07 8.341377224496682175e-07 3.132975123776304827e-08 8.637720725346298423e-07 4.288942250241234433e-07
3.340000000000000000e+03 1.832325069699436426e-04 1.912947045639157295e-04 6.226782570593059063e-04 2.571963932496146299e-06 8.183069439837709069e-05 9.517430589767172933e-05 1.264676538994535804e-04 5.400501663643808570e-07 9.466722985962405801e-05 2.433851342686921271e-08 3.029564823009422980e-06 2.977409712912049145e-05 1.809925888665020466e-04 1.224625739268958569e-04 5.837008357048034668e-04 2.506346618247334845e-06 8.183069439837709069e-05 9.517430589767172933e-05 1.264676538994535804e-04 5.400501663643808570e-07 9.466722985962405801e-05 2.433851342686921271e-08 3.029564823009422980e-06 2.977409712912049145e-05
3.350000000000000000e+03 1.774928969098255038e-04 1.659400586504489183e-04 6.021768203936517239e-04 2.528143795643700287e-06 7.837780140107497573e-05 9.261437662644311786e-05 1.256897085113450885e-04 7.111197675158109632e-08 4.657292447518557310e-05 2.195149484407465934e-08 5.459805265672912356e-07 1.037268975778715685e-05 1.729012001305818558e-04 1.035051318467594683e-04 5.532201612368226051e-04 2.422568286419846117e-06 7.837780140107497573e-05 9.261437662644311786e-05 1.256897085113450885e-04 7.111197675158109632e-08 4.657292447518557310e-05 2.195149484407465934e-08 5.459805265672912356e-07 1.037268975778715685e-05
3.360000000000000000e+03 1.742663735058158636e-04 1.760526647558435798e-04 6.139553734101355076e-04 2.497858304195688106e-06 7.975249172886833549e-05 5.978826811769977212e-05 1.291128573939204216e-04 2.053522791811701609e-07 5.573037469730479643e-06 4.962555522070033476e-08 4.092594565463514300e-07 3.967530574300326407e-06 1.703611924313008785e-04 1.097125932574272156e-04 5.578194395639002323e-04 2.387537278991658241e-06 7.975249172886833549e-05 5.978826811769977212e-05 1.291128573939204216e-04 2.053522791811701609e-07 5.573037469730479643e-06 4.962555522070033476e-08 4.092594565463514300e-07 3.967530574300326407e-06
3.370000000000000000e+03 1.817935262806713581e-04 1.690136996330693364e-04 6.147305248305201530e-04 2.526882553866016679e-06 7.470900891348719597e-05 8.317061292473226786e-05 1.252764341188594699e-04 9.899778774524747860e-08 2.420139935566112399e-05 2.308597757405550510e-08 1.095176116905349772e-06 1.170008545159362257e-05 1.804241474019363523e-04 1.071574151865206659e-04 5.628326325677335262e-04 2.374060841248137876e-06 7.470900891348719597e-05 8.317061292473226786e-05 1.252764341188594699e-04 9.899778774524747860e-08 2.420139935566112399e-05 2.308597757405550510e-08 1.095176116905349772e-06 1.170008545159362257e-05
3.380000000000000000e+03 1.744885230436921120e-04 1.825915387598797679e-04 6.178526673465967178e-04 2.455911726428894326e-06 7.979961083037778735e-05 5.567363768932409585e-05 1.272696827072650194e-04 5.023716198593319859e-07 2.093333569064270705e-05 3.565503092772814853e-08 9.465618404647102579e-07 6.481614036601968110e-06 1.686122996034100652e-04 1.140508320531807840e-04 5.806401022709906101e-04 2.284745960423606448e-06 7.979961083037778735e-05 5.567363768932409585e-05 1.272696827072650194e-04 5.023716198593319859e-07 2.093333569064270705e-05 3.565503092772814853e-08 9.465618404647102579e-07 6.481614036601968110e-06
3.390000000000000000e+03 1.828075619414448738e-04 1.654692168813198805e-04 6.073073018342256546e-04 2.525515128581901081e-06 7.721402653260156512e-05 8.901769615476951003e-05 1.245672319782897830e-04 9.905571829449399957e-08 3.330475738039240241e-05 1.543351224597699911e-08 5.395738753577461466e-07 9.472170859226025641e-06 1.715041580609977245e-04 1.044878154061734676e-04 5.656725261360406876e-04 2.248791133752092719e-06 7.721402653260156512e-05 8.901769615476951003e-05 1.245672319782897830e-04 9.905571829449399957e-08 3.330475738039240241e-05 1.543351224597699911e-08 5.395738753577461466e-07 9.472170859226025641e-06
3.400000000000000000e+03 1.875187736004590988e-04 1.946256816154345870e-04 6.272324826568365097e-04 2.431298753435839899e-06 7.943614764371886849e-05 1.199803009512834251e-04 1.253874943358823657e-04 5.217213470132264774e-07 1.538832584628835320e-04 1.908759728053155413e-08 2.160031044695642777e-06 4.271768557373434305e-05 1.809060631785541773e-04 1.218079705722630024e-04 5.918282549828290939e-04 2.199715936512802728e-06 7.943614764371886849e-05 1.199803009512834251e-04 1.253874943358823657e-04 5.217213470132264774e-07 1.538832584628835320e-04 1.908759728053155413e-08 2.160031044695642777e-06 4.271768557373434305e-05
3.410000000000000000e+03 1.870416163001209497e-04 1.889688574010506272e-04 6.237077177502214909e-04 2.422716079308884218e-06 8.185690967366099358e-05 6.809812475694343448e-05 1.270730717806145549e-04 5.044518047725432552e-07 3.797670069616287947e-05 3.059019348938818439e-08 2.317495727766072378e-06 1.419069212715839967e-05 1.915515167638659477e-04 1.242317666765302420e-04 5.932319909334182739e-04 2.124353613908169791e-06 8.185690967366099358e-05 6.809812475694343448e-05 1.270730717806145549e-04 5.044518047725432552e-07 3.797670069616287947e-05 3.059019348938818439e-08 2.317495727766072378e-06 1.419069212715839967e-05
3.420000000000000000e+03 1.793425035430118442e-04 1.741460437187924981e-04 6.142787169665098190e-04 2.434790985716972500e-06 7.637700764462351799e-05 6.411797949112951756e-05 1.256602554349228740e-04 1.928537329831669922e-07 1.981013383556273766e-06 9.047337101719676866e-09 5.659161956828029361e-07 9.611462701286654919e-07 1.754957920638844371e-04 1.115949489758349955e-04 5.697272717952728271e-04 2.108135731759830378e-06 7.637700764462351799e-05 6.411797949112951756e-05 1.256602554349228740e-04 1.928537329831669922e-07 1.981013383556273766e-06 9.047337101719676866e-09 5.659161956828029361e-07 9.611462701286654919e-07
3.430000000000000000e+03 1.718972052913159132e-04 1.693991507636383176e-04 6.077963043935596943e-04 2.357776793360244483e-06 7.809170347172766924e-05 7.709866622462868690e-05 1.246885512955486774e-04 2.447641520575416507e-07 1.445811449229950085e-05 6.925847451100253238e-09 2.569131538621149957e-07 4.758454906550468877e-06 1.659129338804632425e-04 1.085924232029356062e-04 5.607794155366718769e-04 2.055626055152970366e-06 7.809170347172766924e-05 7.709866622462868690e-05 1.246885512955486774e-04 2.447641520575416507e-07 1.445811449229950085e-05 6.925847451100253238e-09 2.569131538621149957e-07 4.758454906550468877e-06
3.440000000000000000e+03 1.757944119162857533e-04 1.789519883459433913e-04 6.159098120406270027e-04 2.440880280119017698e-06 7.593270129291340709e-05 6.177349132485687733e-05 1.263731828657910228e-04 2.544958306316402741e-07 1.036210323945851997e-05 9.783041932109881600e-09 1.299232280871365219e-06 7.185948106780415401e-06 1.680079876678064466e-04 1.137363651650957763e-04 5.698364693671464920e-04 2.046819645329378545e-06 7.593270129291340709e-05 6.177349132485687733e-05 1.263731828657910228e-04 2.544958306316402741e-07 1.036210323945851997e-05 9.783041932109881600e-09 1.299232280871365219e-06 7.185948106780415401e-06
3.450000000000000000e+03 1.717608829494565725e-04 1.683148439042270184e-04 6.124107167124748230e-04 2.373808683842071332e-06 7.725894829491153359e-05 8.414699550485238433e-05 1.252973452210426331e-04 4.813141458726022393e-07 2.077015960821881890e-05 1.212162725749976744e-08 2.891673887006618315e-07 9.887295163935050368e-06 1.724861358525231481e-04 1.064569078152999282e-04 5.668465746566653252e-04 2.049937393167056143e-06 7.725894829491153359e-05 8.414699550485238433e-05 1.252973452210426331e-04 4.813141458726022393e-07 2.077015960821881890e-05 1.212162725749976744e-08 2.891673887006618315e-07 9.887295163935050368e-06
3.460000000000000000e+03 1.711076038191094995e-04 1.856035960372537374e-04 6.226553232409060001e-04 2.435705027892254293e-06 7.842277409508824348e-05 6.111846596468240023e-05 1.238375698449090123e-04 6.806402552683721296e-07 2.452351509418804199e-05 8.756424030309517548e-09 1.698611526990134735e-06 1.236388925462961197e-05 1.784303749445825815e-04 1.206922097480855882e-04 5.799499922432005405e-04 2.057494384644087404e-06 7.842277409508824348e-05 6.111846596468240023e-05 1.238375698449090123e-04 6.806402552683721296e-07 2.452351509418804199e-05 8.756424030309517548e-09 1.698611526990134735e-06 1.236388925462961197e-05
3.470000000000000000e+03 1.726805494399741292e-04 1.682320580584928393e-04 6.061817985028028488e-04 2.361542328799259849e-06 8.043011621339246631e-05 8.262576011475175619e-05 1.243315491592511535e-04 1.262731359474855708e-07 1.997218168980907649e-05 2.626720352338907105e-08 5.982619200040062424e-07 9.177830179396551102e-06 1.673230872256681323e-04 1.067598132067359984e-04 5.601228331215679646e-04 2.025066805799724534e-06 8.043011621339246631e-05 8.262576011475175619e-05 1.243315491592511535e-04 1.262731359474855708e-07 1.997218168980907649e-05 2.626720352338907105e-08 5.982619200040062424e-07 9.177830179396551102e-06
3.480000000000000000e+03 1.712482917355373502e-04 1.752482348820194602e-04 6.103087216615676880e-04 2.424205831630388275e-06 7.404414645861834288e-05 5.609346771962009370e-05 1.263219601241871715e-04 8.784633109826245345e-08 4.572591478790855035e-06 2.879191107751921663e-08 7.821680583219858818e-07 2.514443849577219225e-06 1.630952319828793406e-04 1.115561317419633269e-04 5.695044528692960739e-04 1.970057155631366186e-06 7.404414645861834288e-05 5.609346771962009370e-05 1.263219601241871715e-04 8.784633109826245345e-08 4.572591478790855035e-06 2.879191107751921663e-08 7.821680583219858818e-07 2.514443849577219225e-06
3.490000000000000000e+03 1.694586972007527947e-04 1.761819876264780760e-04 6.203306256793439388e-04 2.450253077768138610e-06 7.306489715119823813e-05 5.496337689692154527e-05 1.252661313628777862e-04 1.261455366829977720e-07 2.618761982375872321e-06 2.084443906369415345e-08 8.382864962186431512e-07 4.757935585075756535e-06 1.661108544794842601e-04 1.122519825003109872e-04 5.772108561359345913e-04 2.001301936616073363e-06 7.306489715119823813e-05 5.496337689692154527e-05 1.252661313628777862e-04 1.261455366829977720e-07 2.618761982375872321e-06 2.084443906369415345e-08 8.382864962186431512e-07 4.757935585075756535e-06
3.500000000000000000e+03 1.762914907885715365e-04 1.660771667957305908e-04 6.023520836606621742e-04 2.504557869542622939e-06 7.899281627032905817e-05 8.625652117189019918e-05 1.249461492989212275e-04 5.322487339753934066e-08 1.041913219523848966e-05 1.707135943718185445e-08 5.418730211204092484e-07 7.528342393925413489e-06 1.675379753578454256e-04 1.067437697201967239e-04 5.678008892573416233e-04 2.001562506848131306e-06 7.899281627032905817e-05 8.625652117189019918e-05 1.249461492989212275e-04 5.322487339753934066e-08 1.041913219523848966e-05 1.707135943718185445e-08 5.418730211204092484e-07 7.528342393925413489e-06
3.510000000000000000e+03 1.742437307257205248e-04 1.795839925762265921e-04 6.157173775136470795e-04 2.386209189353394322e-06 7.122020906535908580e-05 7.054639718262478709e-05 1.254061789950355887e-04 1.414273924638109747e-07 2.320751445950008929e-05 6.315358458408582010e-09 1.747651708683406468e-06 1.880736999737564474e-05 1.613860222278162837e-04 1.137725048465654254e-04 5.781587678939104080e-04 1.977651209017494693e-06 7.122020906535908580e-05 7.054639718262478709e-05 1.254061789950355887e-04 1.414273924638109747e-07 2.320751445950008929e-05 6.315358458408582010e-09 1.747651708683406468e-06 1.880736999737564474e-05
3.520000000000000000e+03 1.768582878867164254e-04 1.665222953306511045e-04 6.073330296203494072e-04 2.446465941829956137e-06 7.454077422153204679e-05 7.998872752068564296e-05 1.237669494003057480e-04 1.656873820365944994e-07 3.150439806631766260e-05 2.776903507140104921e-08 8.092902135103940964e-07 1.074219289876054972e-05 1.677233522059395909e-04 1.075609106919728220e-04 5.724421935155987740e-04 1.971069650608114898e-06 7.454077422153204679e-05 7.998872752068564296e-05 1.237669494003057480e-04 1.656873820365944994e-07 3.150439806631766260e-05 2.776903507140104921e-08 8.092902135103940964e-07 1.074219289876054972e-05
3.530000000000000000e+03 1.764541957527399063e-04 1.715935795800760388e-04 6.118603632785379887e-04 2.444365918563562445e-06 7.326077320612967014e-05 5.559683268074877560e-05 1.227635948453098536e-04 5.847513406820326054e-08 1.130292503148666583e-06 8.104412252407655615e-09 6.943268999748397619e-07 1.749515149640501477e-06 1.689287455519661307e-04 1.124028349295258522e-04 5.804431275464594364e-04 1.939343519552494399e-06 7.326077320612967014e-05 5.559683268074877560e-05 1.227635948453098536e-04 5.847513406820326054e-08 1.130292503148666583e-06 8.104412252407655615e-09 6.943268999748397619e-07 1.749515149640501477e-06
3.540000000000000000e+03 2.013506746152415872e-04 1.892084546852856874e-04 6.228165002539753914e-04 2.401719939371105283e-06 7.413798448396846652e-05 1.297010894631966949e-04 1.234676310559734702e-04 1.271261112378851976e-06 1.241274148924276233e-04 5.462691632374117034e-09 9.248676178685855120e-06 7.366447243839502335e-05 1.841740886447951198e-04 1.226484891958534718e-04 5.875861388631165028e-04 1.940155470947502181e-06 7.413798448396846652e-05 1.297010894631966949e-04 1.234676310559734702e-04 1.271261112378851976e-06 1.241274148924276233e-04 5.462691632374117034e-09 9.248676178685855120e-06 7.366447243839502335e-05
3.550000000000000000e+03 1.874686422524973750e-04 1.795804710127413273e-04 6.254786276258528233e-04 2.571717914179316722e-06 7.713655213592574000e-05 5.155140752322040498e-05 1.180770923383533955e-04 1.779960570047478541e-07 1.988424992305226624e-05 8.207147850214369100e-09 9.445352020520658698e-07 8.085549779934808612e-06 1.821261394070461392e-04 1.160630417871288955e-04 5.869515007361769676e-04 1.973681719391606748e-06 7.713655213592574000e-05 5.155140752322040498e-05 1.180770923383533955e-04 1.779960570047478541e-07 1.988424992305226624e-05 8.207147850214369100e-09 9.445352020520658698e-07 8.085549779934808612e-06
3.560000000000000000e+03 1.815778232412412763e-04 1.758817816153168678e-04 6.151655106805264950e-04 2.368841023780987598e-06 7.539206853834912181e-05 6.762451084796339273e-05 1.243710576090961695e-04 6.545198516505479347e-07 3.899866351275704801e-05 3.774461987404720276e-08 2.226301148766651750e-06 8.177062227332498878e-06 1.770505186868831515e-04 1.115756385843269527e-04 5.746489623561501503e-04 1.964354623851249926e-06 7.539206853834912181e-05 6.762451084796339273e-05 1.243710576090961695e-04 6.545198516505479347e-07 3.899866351275704801e-05 3.774461987404720276e-08 2.226301148766651750e-06 8.177062227332498878e-06
3.570000000000000000e+03 1.849516556831076741e-04 1.772665709722787142e-04 6.204753299243748188e-04 2.386180312896613032e-06 7.538768113590776920e-05 6.062215470592491329e-05 1.216983582708053291e-04 1.459959833027824061e-07 1.770339258655440062e-05 1.227401558168139672e-08 6.357307142934587318e-07 4.080531653016805649e-06 1.728642237139865756e-04 1.168278977274894714e-04 5.776644684374332428e-04 1.984642949537374079e-06 7.538768113590776920e-05 6.062215470592491329e-05 1.216983582708053291e-04 1.459959833027824061e-07 1.770339258655440062e-05 1.227401558168139672e-08 6.357307142934587318e-07 4.080531653016805649e-06
3.580000000000000000e+03 1.832441630540415645e-04 1.737637212499976158e-04 6.239801296032965183e-04 2.458887820466770791e-06 7.086293044267222285e-05 5.581306322710588574e-05 1.225358428200706840e-04 1.004020333539301646e-07 3.523260375004610978e-06 1.185859588304083445e-08 8.558218951293383725e-07 2.593744966361555271e-06 1.667335745878517628e-04 1.138670922955498099e-04 5.769783165305852890e-04 1.916390147016500123e-06 7.086293044267222285e-05 5.581306322710588574e-05 1.225358428200706840e-04 1.004020333539301646e-07 3.523260375004610978e-06 1.185859588304083445e-08 8.558218951293383725e-07 2.593744966361555271e-06
3.590000000000000000e+03 1.822259946493431926e-04 1.710866054054349661e-04 6.135051953606307507e-04 2.439749096083687618e-06 6.873437814647331834e-05 5.574287570198066533e-05 1.241393911186605692e-04 1.205316237928855116e-07 1.015770862977660727e-06 1.919799430538660090e-08 3.606751306506339461e-07 1.194348897115560248e-06 1.722100714687258005e-04 1.091888552764430642e-04 5.664133350364863873e-04 1.785894937711418606e-06 6.873437814647331834e-05 5.574287570198066533e-05 1.241393911186605692e-04 1.205316237928855116e-07 1.015770862977660727e-06 1.919799430538660090e-08 3.606751306506339461e-07 1.194348897115560248e-06
3.600000000000000000e+03 1.790957903722301126e-04 1.677843392826616764e-04 6.141081685200333595e-04 2.365766704315319657e-06 7.004682265687733889e-05 5.938650065218098462e-05 1.236146345036104321e-04 1.208088917792338179e-07 1.274894998459785711e-06 1.464017707064613205e-08 2.953242983494419605e-07 8.000106959116237704e-07 1.787523942766711116e-04 1.092371894628740847e-04 5.663369665853679180e-04 1.750576529957470484e-06 7.004682265687733889e-05 5.938650065218098462e-05 1.236146345036104321e-04 1.208088917792338179e-07 1.274894998459785711e-06 1.464017707064613205e-08 2.953242983494419605e-07 8.000106959116237704e-07
3.610000000000000000e+03 1.739514700602740049e-04 1.641714625293388963e-04 6.133667775429785252e-04 2.333541033294750378e-06 6.793515058234333992e-05 8.070779585978016257e-05 1.226818276336416602e-04 5.412531436377321370e-07 4.252587677910923958e-05 8.933899842133996572e-09 4.199334568966150982e-07 4.159077889198670164e-06 1.710764336166903377e-04 1.077785782399587333e-04 5.709478282369673252e-04 1.687553549345466308e-06 6.793515058234333992e-05 8.070779585978016257e-05 1.226818276336416602e-04 5.412531436377321370e-07 4.252587677910923958e-05 8.933899842133996572e-09 4.199334568966150982e-07 4.159077889198670164e-06
3.620000000000000000e+03 1.665403397055342793e-04 1.738068676786497235e-04 6.253022584132850170e-04 2.498738695067004301e-06 7.285930041689425707e-05 5.529280315386131406e-05 1.229035988217219710e-04 3.608560632528678980e-07 7.851690497773233801e-07 6.072580216454070978e-09 3.151991734284820268e-07 1.846295845098211430e-06 1.662963186390697956e-04 1.177147423732094467e-04 5.818302161060273647e-04 1.670606025072629564e-06 7.285930041689425707e-05 5.529280315386131406e-05 1.229035988217219710e-04 3.608560632528678980e-07 7.851690497773233801e-07 6.072580216454070978e-09 3.151991734284820268e-07 1.846295845098211430e-06
3.630000000000000000e+03 1.655982778174802661e-04 1.679776032688096166e-04 6.156936869956552982e-04 2.295267677254742011e-06 6.983133789617568254e-05 6.062831016606651247e-05 1.212484203279018402e-04 3.114876960808032891e-07 2.421761564619373530e-06 5.862776930598556646e-09 3.302000948224304011e-07 8.584655688537168317e-07 1.660150301177054644e-04 1.086492848116904497e-04 5.708684911951422691e-04 1.646396867727162316e-06 6.983133789617568254e-05 6.062831016606651247e-05 1.212484203279018402e-04 3.114876960808032891e-07 2.421761564619373530e-06 5.862776930598556646e-09 3.302000948224304011e-07 8.584655688537168317e-07
3.640000000000000000e+03 1.642982242628931999e-04 1.740941515890881419e-04 6.202097865752875805e-04 2.200653170802979730e-06 6.848853081464767456e-05 5.186232738196849823e-05 1.224685111083090305e-04 3.201360527782526333e-07 1.566010155329422560e-06 4.321264679418845844e-09 2.953220530343969585e-07 1.672617827352951281e-06 1.711891090963035822e-04 1.179509345092810690e-04 5.815892945975065231e-04 1.629962980587151833e-06 6.848853081464767456e-05 5.186232738196849823e-05 1.224685111083090305e-04 3.201360527782526333e-07 1.566010155329422560e-06 4.321264679418845844e-09 2.953220530343969585e-07 1.672617827352951281e-06
3.650000000000000000e+03 1.561177923576906323e-04 1.692381338216364384e-04 6.156251183710992336e-04 2.162514647352509201e-06 6.576124724233523011e-05 5.825829066452570260e-05 1.230386696988716722e-04 3.314874845727899810e-07 3.267542297180625610e-06 8.070029089424224367e-09 5.261884439278219361e-07 1.260501676370040514e-06 1.591789623489603400e-04 1.114255283027887344e-04 5.743064102716743946e-04 1.695319724603905343e-06 6.576124724233523011e-05 5.825829066452570260e-05 1.230386696988716722e-04 3.314874845727899810e-07 3.267542297180625610e-06 8.070029089424224367e-09 5.261884439278219361e-07 1.260501676370040514e-06
3.660000000000000000e+03 1.520886726211756468e-04 1.705444301478564739e-04 6.071994430385529995e-04 2.105438397848047316e-06 7.164347334764897823e-05 5.801467341370880604e-05 1.230768393725156784e-04 3.107469126462092390e-07 2.436257318549905904e-06 1.619663336782650731e-08 2.630810342907352606e-07 6.849843430245527998e-07 1.565164857311174273e-04 1.123360852943733335e-04 5.751597345806658268e-04 1.693396370683331043e-06 7.164347334764897823e-05 5.801467341370880604e-05 1.230768393725156784e-04 3.107469126462092390e-07 2.436257318549905904e-06 1.619663336782650731e-08 2.630810342907352606e-07 6.849843430245527998e-07
3.670000000000000000e+03 1.508324494352564216e-04 1.732342789182439446e-04 6.131744594313204288e-04 2.079353407680173405e-06 7.397348963422700763e-05 5.300610791891813278e-05 1.232707436429336667e-04 3.862132871290668845e-07 4.632647687685675919e-06 1.179514086402377870e-08 3.880269616729492554e-07 2.142926405213074759e-06 1.587463193573057652e-04 1.123728361562825739e-04 5.727295065298676491e-04 1.701918904473131988e-06 7.397348963422700763e-05 5.300610791891813278e-05 1.232707436429336667e-04 3.862132871290668845e-07 4.632647687685675919e-06 1.179514086402377870e-08 3.880269616729492554e-07 2.142926405213074759e-06
3.680000000000000000e+03 1.445907400920987129e-04 1.650521735427901149e-04 6.137365126051008701e-04 2.075395059364382178e-06 6.537563604069873691e-05 6.349998147925361991e-05 1.241394638782367110e-04 5.074746241007233039e-07 6.910459433129290119e-06 1.116734882344871949e-08 4.468241172617126722e-07 8.070404078353021760e-07 1.502463128417730331e-04 1.078389905160292983e-04 5.686186486855149269e-04 1.598087237653089687e-06 6.537563604069873691e-05 6.349998147925361991e-05 1.241394638782367110e-04 5.074746241007233039e-07 6.910459433129290119e-06 1.116734882344871949e-08 4.468241172617126722e-07 8.070404078353021760e-07
3.690000000000000000e+03 1.502140366937965155e-04 1.722731394693255424e-04 6.214876193553209305e-04 2.122603063980932347e-06 6.806760939070954919e-05 5.393106403062120080e-05 1.229957561008632183e-04 4.323081270740658510e-07 1.158527902589412406e-05 9.215564311659818486e-09 2.817673134813958313e-07 2.768300873867701739e-06 1.533819886390119791e-04 1.145225323853082955e-04 5.760606145486235619e-04 1.650927742957719602e-06 6.806760939070954919e-05 5.393106403062120080e-05 1.229957561008632183e-04 4.323081270740658510e-07 1.158527902589412406e-05 9.215564311659818486e-09 2.817673134813958313e-07 2.768300873867701739e-06
3.700000000000000000e+03 1.571109605720266700e-04 1.629902835702523589e-04 6.233098683878779411e-04 2.075959855574183166e-06 6.417265831260010600e-05 7.534472388215363026e-05 1.233955117641016841e-04 1.013837618302204646e-06 2.808219142025336623e-05 9.214386587075296120e-09 4.602758849614474457e-07 3.616144340412574820e-06 1.523845276096835732e-04 1.074324754881672561e-04 5.753972800448536873e-04 1.726228447296307422e-06 6.417265831260010600e-05 7.534472388215363026e-05 1.233955117641016841e-04 1.013837618302204646e-06 2.808219142025336623e-05 9.214386587075296120e-09 4.602758849614474457e-07 3.616144340412574820e-06
3.710000000000000000e+03 1.442222564946860075e-04 1.713847159408032894e-04 6.216874462552368641e-04 2.228549419669434428e-06 6.698795914417132735e-05 5.377486741053871810e-05 1.260406279470771551e-04 3.957869694204418920e-07 1.465337663830723614e-05 1.116818104662797850e-08 1.926245118966107839e-07 1.173399823528598063e-06 1.457892940379679203e-04 1.114030164899304509e-04 5.757220787927508354e-04 1.576430008753959555e-06 6.698795914417132735e-05 5.377486741053871810e-05 1.260406279470771551e-04 3.957869694204418920e-07 1.465337663830723614e-05 1.116818104662797850e-08 1.926245118966107839e-07 1.173399823528598063e-06
3.720000000000000000e+03 1.479319471400231123e-04 1.624407886993139982e-04 6.184460362419486046e-04 2.117360509146237746e-06 6.502705946331843734e-05 6.341057451209053397e-05 1.251849316759034991e-04 5.230274382483912632e-07 1.828341373766306788e-05 1.234883040268641707e-08 2.502537483906053239e-07 1.808437332329049241e-06 1.491923030698671937e-04 1.072303930413909256e-04 5.758064216934144497e-04 1.587900442245882004e-06 6.502705946331843734e-05 6.341057451209053397e-05 1.251849316759034991e-04 5.230274382483912632e-07 1.828341373766306788e-05 1.234883040268641707e-08 2.502537483906053239e-07 1.808437332329049241e-06
3.730000000000000000e+03 1.475640310673043132e-04 1.696404651738703251e-04 6.240938673727214336e-04 2.147503892047097906e-06 6.855552055640146136e-05 5.519207843462936580e-05 1.271738728974014521e-04 5.963835292277508415e-07 9.699389920569956303e-06 1.895282863983993593e-08 8.719065931472869124e-07 2.935892553068697453e-06 1.480109494877979159e-04 1.117873398470692337e-04 5.813675816170871258e-04 1.560600480843277182e-06 6.855552055640146136e-05 5.519207843462936580e-05 1.271738728974014521e-04 5.963835292277508415e-07 9.699389920569956303e-06 1.895282863983993593e-08 8.719065931472869124e-07 2.935892553068697453e-06
3.740000000000000000e+03 1.505795517005026340e-04 1.595449575688689947e-04 6.076104473322629929e-04 2.167379534512292594e-06 6.641710933763533831e-05 7.611991168232634664e-05 1.262873411178588867e-04 2.661148812421743060e-07 1.058583711710525677e-05 1.039425789883807738e-08 6.138993171589390840e-07 1.092124762180901598e-06 1.457226753700524569e-04 1.042186559061519802e-04 5.664867931045591831e-04 1.586832581779162865e-06 6.641710933763533831e-05 7.611991168232634664e-05 1.262873411178588867e-04 2.661148812421743060e-07 1.058583711710525677e-05 1.039425789883807738e-08 6.138993171589390840e-07 1.092124762180901598e-06
3.750000000000000000e+03 1.507577981101348996e-04 1.685078459559008479e-04 6.297082290984690189e-04 2.166796093661105260e-06 6.873803067719563842e-05 5.695410072803497314e-05 1.276987895835191011e-04 2.943039874025998870e-07 5.033654815633781254e-06 1.511136460408124549e-08 3.848986409593635472e-07 1.330326085735578090e-06 1.507517881691455841e-04 1.141805551014840603e-04 5.909000174142420292e-04 1.600704990778467618e-06 6.873803067719563842e-05 5.695410072803497314e-05 1.276987895835191011e-04 2.943039874025998870e-07 5.033654815633781254e-06 1.511136460408124549e-08 3.848986409593635472e-07 1.330326085735578090e-06
3.760000000000000000e+03 1.652273931540548801e-04 1.760881568770855665e-04 6.393401999957859516e-04 2.128560254277545027e-06 6.726832361891865730e-05 7.186047878349199891e-05 1.311852101935073733e-04 5.673595637745165732e-07 4.423284553922712803e-05 4.732200409307552036e-09 4.562462436297209933e-06 2.272739948239177465e-05 1.609554310562089086e-04 1.149690433521755040e-04 5.898918025195598602e-04 1.601972030584875029e-06 6.726832361891865730e-05 7.186047878349199891e-05 1.311852101935073733e-04 5.673595637745165732e-07 4.423284553922712803e-05 4.732200409307552036e-09 4.562462436297209933e-06 2.272739948239177465e-05
3.770000000000000000e+03 1.634552318137139082e-04 1.609795581316575408e-04 6.231626030057668686e-04 2.133809175575152040e-06 6.490674422821030021e-05 9.924782352754846215e-05 1.265004975721240044e-04 1.844253006311191712e-06 6.646679685218259692e-05 1.526866988399433467e-08 1.498971755609090906e-06 1.355045333184534684e-05 1.539873337605968118e-04 1.097542844945564866e-04 5.879487725906074047e-04 1.574836687723291107e-06 6.490674422821030021e-05 9.924782352754846215e-05 1.265004975721240044e-04 1.844253006311191712e-06 6.646679685218259692e-05 1.526866988399433467e-08 1.498971755609090906e-06 1.355045333184534684e-05
3.780000000000000000e+03 1.675609382800757885e-04 1.957501663127914071e-04 6.457599811255931854e-04 2.196665718656731769e-06 6.576169107574969530e-05 9.927770588546991348e-05 1.323289325227960944e-04 4.261921731085749343e-07 1.197931051137857139e-04 4.277905318872399221e-08 3.468031309239449911e-06 4.132366302656009793e-05 1.528214488644152880e-04 1.267671468667685986e-04 6.030909717082977295e-04 1.666280127210484352e-06 6.576169107574969530e-05 9.927770588546991348e-05 1.323289325227960944e-04 4.261921731085749343e-07 1.197931051137857139e-04 4.277905318872399221e-08 3.468031309239449911e-06 4.132366302656009793e-05
3.790000000000000000e+03 1.749732764437794685e-04 1.840064942371100187e-04 6.293506012298166752e-04 2.251354544569039717e-06 6.744454003637656569e-05 5.874816633877344429e-05 1.316466659773141146e-04 1.727189101075055078e-06 2.348915586480870843e-06 9.025201563872542465e-08 4.361067738045676379e-07 6.641360528192308266e-07 1.423364155925810337e-04 1.114699334721080959e-04 5.877313669770956039e-04 1.724178787299024407e-06 6.744454003637656569e-05 5.874816633877344429e-05 1.316466659773141146e-04 1.727189101075055078e-06 2.348915586480870843e-06 9.025201563872542465e-08 4.361067738045676379e-07 6.641360528192308266e-07
3.800000000000000000e+03 1.672999933362007141e-04 1.767711364664137363e-04 6.215639295987784863e-04 2.247308657388202846e-06 6.752253830200061202e-05 6.897336425026878715e-05 1.323521137237548828e-04 8.273381126855383627e-07 1.334313856204971671e-05 3.800469272619011463e-08 5.274339400784811005e-07 3.150450993416598067e-06 1.517474156571552157e-04 1.114564511226490140e-04 5.797690246254205704e-04 1.681873186498705763e-06 6.752253830200061202e-05 6.897336425026878715e-05 1.323521137237548828e-04 8.273381126855383627e-07 1.334313856204971671e-05 3.800469272619011463e-08 5.274339400784811005e-07 3.150450993416598067e-06
3.810000000000000000e+03 1.655165542615577579e-04 1.822841586545109749e-04 6.257491768337786198e-04 2.209411604781053029e-06 6.865920295240357518e-05 5.143360976944677532e-05 1.348574442090466619e-04 4.563958668768464122e-07 1.410773620591498911e-06 1.859533682591063553e-08 2.917145138781052083e-07 1.225150413119990844e-06 1.484481763327494264e-04 1.149956951849162579e-04 5.912791821174323559e-04 1.699825133982812986e-06 6.865920295240357518e-05 5.143360976944677532e-05 1.348574442090466619e-04 4.563958668768464122e-07 1.410773620591498911e-06 1.859533682591063553e-08 2.917145138781052083e-07 1.225150413119990844e-06
3.820000000000000000e+03 1.826848165364935994e-04 1.746081106830388308e-04 6.103270570747554302e-04 2.248572400276316330e-06 7.123979594325646758e-05 8.599134162068367004e-05 1.339101436315104365e-04 5.755476308877405245e-07 1.502659870311617851e-05 1.192548015893635238e-08 1.189613044516590890e-06 1.339145546808140352e-05 1.624865835765376687e-04 1.082110902643762529e-04 5.716117448173463345e-04 1.733624003463773988e-06 7.123979594325646758e-05 8.599134162068367004e-05 1.339101436315104365e-04 5.755476308877405245e-07 1.502659870311617851e-05 1.192548015893635238e-08 1.189613044516590890e-06 1.339145546808140352e-05
3.830000000000000000e+03 1.786448992788791656e-04 1.916619803523644805e-04 6.401994032785296440e-04 2.411509967714664526e-06 7.542655657744035125e-05 7.751526572974398732e-05 1.334686821792274714e-04 1.660210159570851829e-06 9.989624231820926070e-05 5.998432328624403453e-08 4.388463366922223940e-06 3.499554077279753983e-05 1.783329207682982087e-04 1.257105614058673382e-04 6.168959662318229675e-04 1.851665956564829685e-06 7.542655657744035125e-05 7.751526572974398732e-05 1.334686821792274714e-04 1.660210159570851829e-06 9.989624231820926070e-05 5.998432328624403453e-08 4.388463366922223940e-06 3.499554077279753983e-05
3.840000000000000000e+03 1.839827309595420957e-04 1.786954671842977405e-04 6.330109317786991596e-04 2.678504870345932432e-06 7.686177559662610292e-05 6.760673568351194263e-05 1.393875863868743181e-04 7.754298394502256997e-07 6.111198308644816279e-05 1.070447552820041892e-08 3.292504970886511728e-06 2.789830432448070496e-05 1.798019220586866140e-04 1.252724905498325825e-04 6.008029449731111526e-04 1.903615725495910738e-06 7.686177559662610292e-05 6.760673568351194263e-05 1.393875863868743181e-04 7.754298394502256997e-07 6.111198308644816279e-05 1.070447552820041892e-08 3.292504970886511728e-06 2.789830432448070496e-05
3.850000000000000000e+03 1.601412513991817832e-04 1.710149808786809444e-04 6.261513917706906796e-04 2.605473355288268067e-06 6.917404243722558022e-05 5.269527900964021683e-05 1.366729557048529387e-04 6.319222620732034557e-07 1.732740747684147209e-05 2.782327923611660481e-09 6.789214808122778777e-07 7.438505235768388957e-06 1.508448331151157618e-04 1.121188470278866589e-04 5.791031871922314167e-04 1.798859557311516255e-06 6.917404243722558022e-05 5.269527900964021683e-05 1.366729557048529387e-04 6.319222620732034557e-07 1.732740747684147209e-05 2.782327923611660481e-09 6.789214808122778777e-07 7.438505235768388957e-06
3.860000000000000000e+03 1.641060662223026156e-04 1.708334311842918396e-04 6.383117870427668095e-04 2.623745558594237082e-06 7.152396574383601546e-05 5.609725485555827618e-05 1.322644966421648860e-04 6.495062621070246678e-07 3.045679250135435723e-06 3.329034825583221391e-09 4.720755271137022646e-07 1.127943505707662553e-06 1.503871026216074824e-04 1.224365696543827653e-04 6.029473152011632919e-04 1.788929353097046260e-06 7.152396574383601546e-05 5.609725485555827618e-05 1.322644966421648860e-04 6.495062621070246678e-07 3.045679250135435723e-06 3.329034825583221391e-09 4.720755271137022646e-07 1.127943505707662553e-06
3.870000000000000000e+03 1.642447605263441801e-04 1.683708542259410024e-04 6.253517349250614643e-04 2.574560085122357123e-06 6.990726978983730078e-05 5.729664917453192174e-05 1.320496085099875927e-04 5.693418074770306703e-07 1.481297772443213034e-06 2.449241920388089966e-09 3.808357291745778639e-07 3.456798367551527917e-06 1.530334266135469079e-04 1.155818754341453314e-04 5.853072507306933403e-04 1.786870711839583237e-06 6.990726978983730078e-05 5.729664917453192174e-05 1.320496085099875927e-04 5.693418074770306703e-07 1.481297772443213034e-06 2.449241920388089966e-09 3.808357291745778639e-07 3.456798367551527917e-06
3.880000000000000000e+03 1.538756914669647813e-04 1.684117596596479416e-04 6.279718945734202862e-04 2.473482027198770083e-06 7.120905502233654261e-05 5.409920049714855850e-05 1.349413068965077400e-04 4.953997176926350221e-07 8.591018172410258558e-07 3.925967995144219458e-09 6.018101998961356003e-07 2.266171577502973378e-06 1.461754291085526347e-04 1.140138920163735747e-04 5.809341673739254475e-04 1.837958507167058997e-06 7.120905502233654261e-05 5.409920049714855850e-05 1.349413068965077400e-04 4.953997176926350221e-07 8.591018172410258558e-07 3.925967995144219458e-09 6.018101998961356003e-07 2.266171577502973378e-06
3.890000000000000000e+03 1.567963045090436935e-04 1.661811402300372720e-04 6.253874744288623333e-04 2.384231947871739976e-06 6.363649299601092935e-05 5.631788008031435311e-05 1.336570130661129951e-04 4.905689365841681138e-07 6.800037226639688015e-07 1.371890157031430135e-08 7.675087232428268180e-08 1.789147290764958598e-06 1.464314700569957495e-04 1.146170834545046091e-04 5.744764348492026329e-04 1.792553462109935936e-06 6.363649299601092935e-05 5.631788008031435311e-05 1.336570130661129951e-04 4.905689365841681138e-07 6.800037226639688015e-07 1.371890157031430135e-08 7.675087232428268180e-08 1.789147290764958598e-06
3.900000000000000000e+03 1.949591678567230701e-04 1.624680298846215010e-04 6.101542967371642590e-04 2.386393134656827897e-06 7.357561116805300117e-05 1.745134359225630760e-04 1.262255973415449262e-04 6.296567676145059522e-07 1.396077859681099653e-04 3.916801549763704315e-09 6.643950200668768957e-06 3.887946149916388094e-05 1.837753516156226397e-04 1.101308153010904789e-04 5.751569406129419804e-04 1.878351099549036007e-06 7.357561116805300117e-05 1.745134359225630760e-04 1.262255973415449262e-04 6.296567676145059522e-07 1.396077859681099653e-04 3.916801549763704315e-09 6.643950200668768957e-06 3.887946149916388094e-05
3.910000000000000000e+03 1.848485553637146950e-04 1.680676650721579790e-04 6.132795824669301510e-04 2.353868467253050767e-06 7.553675095550715923e-05 8.213317778427153826e-05 1.330766099272295833e-04 6.017353939569147769e-07 2.778074303932953626e-05 9.646118570572070894e-09 1.237678134202724323e-06 1.170748146250844002e-05 1.719559077173471451e-04 1.174143617390654981e-04 5.714850849471986294e-04 1.766748937370721251e-06 7.553675095550715923e-05 8.213317778427153826e-05 1.330766099272295833e-04 6.017353939569147769e-07 2.778074303932953626e-05 9.646118570572070894e-09 1.237678134202724323e-06 1.170748146250844002e-05
3.920000000000000000e+03 1.634397049201652408e-04 1.615886576473712921e-04 6.165688973851501942e-04 2.312302285645273514e-06 6.418847624445334077e-05 7.460320921381935477e-05 1.375634601572528481e-04 7.332247946578718256e-07 1.703878479020204395e-05 4.389461683018680560e-09 3.361450069405691465e-07 2.000657786993542686e-06 1.519235520390793681e-04 1.106411291402764618e-04 5.703536444343626499e-04 1.743075017657247372e-06 6.418847624445334077e-05 7.460320921381935477e-05 1.375634601572528481e-04 7.332247946578718256e-07 1.703878479020204395e-05 4.389461683018680560e-09 3.361450069405691465e-07 2.000657786993542686e-06
3.930000000000000000e+03 1.569213782204315066e-04 1.700450957287102938e-04 6.119121680967509747e-04 2.274980715810670517e-06 6.844809831818565726e-05 5.062618220108561218e-05 1.362932234769687057e-04 6.369080551849037874e-07 1.435307467545499094e-06 1.989033826532704552e-08 2.370671658979972563e-08 1.733031126605055761e-06 1.494471944170072675e-04 1.169706301880069077e-04 5.674051353707909584e-04 1.734288957777607720e-06 6.844809831818565726e-05 5.062618220108561218e-05 1.362932234769687057e-04 6.369080551849037874e-07 1.435307467545499094e-06 1.989033826532704552e-08 2.370671658979972563e-08 1.733031126605055761e-06
3.940000000000000000e+03 1.522431120974943042e-04 1.684256421867758036e-04 6.179971969686448574e-04 2.203470103268045932e-06 6.386625318555161357e-05 4.900201020063832402e-05 1.359077723463997245e-04 6.981917977100238204e-07 1.600569021320552565e-06 1.423839890435374400e-08 5.769863165028255025e-08 2.582138449724880047e-06 1.527165295556187630e-04 1.151498363469727337e-04 5.739525659009814262e-04 1.733131739456439391e-06 6.386625318555161357e-05 4.900201020063832402e-05 1.359077723463997245e-04 6.981917977100238204e-07 1.600569021320552565e-06 1.423839890435374400e-08 5.769863165028255025e-08 2.582138449724880047e-06
3.950000000000000000e+03 1.538699871161952615e-04 1.739291474223136902e-04 6.137688760645687580e-04 2.233482518931850791e-06 6.732538895448669791e-05 4.627322414307855070e-05 1.348231453448534012e-04 6.026648975421267096e-07 6.291405497904634103e-06 5.915600009842592044e-09 6.414104802843212383e-08 3.400142077225609683e-06 1.506397966295480728e-04 1.196961748064495623e-04 5.682731862179934978e-04 1.742193376230716240e-06 6.732538895448669791e-05 4.627322414307855070e-05 1.348231453448534012e-04 6.026648975421267096e-07 6.291405497904634103e-06 5.915600009842592044e-09 6.414104802843212383e-08 3.400142077225609683e-06
3.960000000000000000e+03 1.601485128048807383e-04 1.690833159955218434e-04 6.180795026011765003e-04 2.261394683955586515e-06 6.826874596299603581e-05 7.000273762969300151e-05 1.342805626336485147e-04 7.064618898766639177e-07 1.374316343571990728e-05 4.996679070501386377e-09 9.488435637194925221e-08 8.049522875808179379e-06 1.521053345641121268e-04 1.183371496153995395e-04 5.665883654728531837e-04 1.703544171505200211e-06 6.826874596299603581e-05 7.000273762969300151e-05 1.342805626336485147e-04 7.064618898766639177e-07 1.374316343571990728e-05 4.996679070501386377e-09 9.488435637194925221e-08 8.049522875808179379e-06
3.970000000000000000e+03 1.863740471890196204e-04 1.718960265861824155e-04 6.033393437974154949e-04 2.166934336855774745e-06 8.406677807215601206e-05 8.331792196258902550e-05 1.313582470174878836e-04 1.134619310505513567e-06 2.910883495133020915e-06 4.021065258541511866e-09 2.456224365232628770e-06 8.131672075251117349e-06 1.895470195449888706e-04 1.225460437126457691e-04 5.624093464575707912e-04 1.668332060944521800e-06 8.406677807215601206e-05 8.331792196258902550e-05 1.313582470174878836e-04 1.134619310505513567e-06 2.910883495133020915e-06 4.021065258541511866e-09 2.456224365232628770e-06 8.131672075251117349e-06
3.980000000000000000e+03 1.647303433855995536e-04 1.767756475601345301e-04 6.169183179736137390e-04 2.132494500983739272e-06 7.275226380443200469e-05 5.368685742723755538e-05 1.377924345433712006e-04 1.005739022730267607e-06 1.148604837908351328e-06 1.403891314311067617e-08 1.738253786243149079e-06 3.007792429343680851e-06 1.574876660015434027e-04 1.287646591663360596e-04 5.671334802173078060e-04 1.673389874667918775e-06 7.275226380443200469e-05 5.368685742723755538e-05 1.377924345433712006e-04 1.005739022730267607e-06 1.148604837908351328e-06 1.403891314311067617e-08 1.738253786243149079e-06 3.007792429343680851e-06
3.990000000000000000e+03 1.788671215763315558e-04 1.694774255156517029e-04 6.050435476936399937e-04 2.254163746329140849e-06 7.246384484460577369e-05 7.826167711755260825e-05 1.338425645371899009e-04 8.306764129883958958e-07 7.812674084561876953e-06 1.616854028441139235e-08 2.126657136614085175e-06 7.582494163216324523e-06 1.657329121371731162e-04 1.225801097461953759e-04 5.581764853559434414e-04 1.765620254445821047e-06 7.246384484460577369e-05 7.826167711755260825e-05 1.338425645371899009e-04 8.306764129883958958e-07 7.812674084561876953e-06 1.616854028441139235e-08 2.126657136614085175e-06 7.582494163216324523e-06
4.000000000000000000e+03 1.682479341980069876e-04 1.829257525969296694e-04 6.142541533336043358e-04 2.246695203211857006e-06 7.581500540254637599e-05 5.513709766091778874e-05 1.377485168632119894e-04 6.102200131863355637e-07 6.285400559136178344e-06 4.697133793030161542e-09 2.016237431234912947e-06 1.759193219186272472e-05 1.690860663075000048e-04 1.342926552752032876e-04 5.732636782340705395e-04 1.829870370784192346e-06 7.581500540254637599e-05 5.513709766091778874e-05 1.377485168632119894e-04 6.102200131863355637e-07 6.285400559136178344e-06 4.697133793030161542e-09 2.016237431234912947e-06 1.759193219186272472e-05
4.010000000000000000e+03 1.724770263535901904e-04 1.826231600716710091e-04 6.054713157936930656e-04 3.301474635009071790e-06 8.083876309683546424e-05 5.403182149166241288e-05 1.365968928439542651e-04 1.658052838138246443e-06 1.883707227534614503e-05 2.595663017856963961e-09 8.227098646784725133e-07 5.450901426229393110e-06 1.540369412396103144e-04 1.301599841099232435e-04 5.690094549208879471e-04 1.932552322614355944e-06 8.083876309683546424e-05 5.403182149166241288e-05 1.365968928439542651e-04 1.658052838138246443e-06 1.883707227534614503e-05 2.595663017856963961e-09 8.227098646784725133e-07 5.450901426229393110e-06
4.020000000000000000e+03 1.748709619278088212e-04 1.719001884339377284e-04 5.889275344088673592e-04 3.423340331210056320e-06 7.900009950390085578e-05 7.531703158747404814e-05 1.386976655339822173e-04 8.404816185247909743e-07 2.134448368451558053e-05 3.243523227780542584e-09 1.497596144872659352e-07 5.330159638106124476e-06 1.616543158888816833e-04 1.247572654392570257e-04 5.534412339329719543e-04 2.019595967794884928e-06 7.900009950390085578e-05 7.531703158747404814e-05 1.386976655339822173e-04 8.404816185247909743e-07 2.134448368451558053e-05 3.243523227780542584e-09 1.497596144872659352e-07 5.330159638106124476e-06
4.030000000000000000e+03 1.660983543843030930e-04 1.854650763561949134e-04 6.035846308805048466e-04 2.755896275630220771e-06 7.639236719114705920e-05 7.817397272447124124e-05 1.436515158275142312e-04 1.208127287100069225e-06 2.862367000489030033e-05 2.787597264131136399e-09 2.749397708612377755e-06 3.521735561662353575e-05 1.516594784334301949e-04 1.313712273258715868e-04 5.574289243668317795e-04 2.055852519333711825e-06 7.639236719114705920e-05 7.817397272447124124e-05 1.436515158275142312e-04 1.208127287100069225e-06 2.862367000489030033e-05 2.787597264131136399e-09 2.749397708612377755e-06 3.521735561662353575e-05
4.040000000000000000e+03 2.052647760137915611e-04 1.708527124719694257e-04 5.970874335616827011e-04 2.741037633313680999e-06 7.319669384742155671e-05 9.438408596906810999e-05 1.368122175335884094e-04 6.493423825304489583e-07 3.145651862723752856e-05 5.258034896371555078e-09 2.161510337828076445e-06 2.360508733545430005e-05 1.811403053579851985e-04 1.228418259415775537e-04 5.472515476867556572e-04 2.051714545814320445e-06 7.319669384742155671e-05 9.438408596906810999e-05 1.368122175335884094e-04 6.493423825304489583e-07 3.145651862723752856e-05 5.258034896371555078e-09 2.161510337828076445e-06 2.360508733545430005e-05
4.050000000000000000e+03 1.917128538480028510e-04 2.068350004265084863e-04 6.157280295155942440e-04 2.643161451487685554e-06 7.873884169384837151e-05 1.557247451273724437e-04 1.421912893420085311e-04 1.570202925904595759e-06 1.444009394617751241e-04 5.661016988511846648e-09 8.101554158201906830e-06 9.321463585365563631e-05 1.721977605484426022e-04 1.399908942403271794e-04 5.723250214941799641e-04 1.921150442285579629e-06 7.873884169384837151e-05 1.557247451273724437e-04 1.421912893420085311e-04 1.570202925904595759e-06 1.444009394617751241e-04 5.661016988511846648e-09 8.101554158201906830e-06 9.321463585365563631e-05
4.060000000000000000e+03 2.054113574558869004e-04 2.079940750263631344e-04 6.256216438487172127e-04 2.682645572349429131e-06 7.532051677117124200e-05 6.279223453020676970e-05 1.393709535477682948e-04 1.959284190888865851e-06 2.358185156481340528e-05 5.570109706809489580e-09 2.357474841119255871e-06 2.547144868003670126e-05 1.676684623816981912e-04 1.500583166489377618e-04 5.956811946816742420e-04 1.952715820152661763e-06 7.532051677117124200e-05 6.279223453020676970e-05 1.393709535477682948e-04 1.959284190888865851e-06 2.358185156481340528e-05 5.570109706809489580e-09 2.357474841119255871e-06 2.547144868003670126e-05
4.070000000000000000e+03 1.667555334279313684e-04 1.905728713609278202e-04 6.052045500837266445e-04 2.545576307966257446e-06 7.542462844867259264e-05 6.051820309949107468e-05 1.358223671559244394e-04 6.056739607629424427e-07 1.044987016030063387e-06 8.364180459352610342e-09 3.325249053887091577e-07 6.178223657116177492e-07 1.419768668711185455e-04 1.275354734389111400e-04 5.606042686849832535e-04 1.862577278188837226e-06 7.542462844867259264e-05 6.051820309949107468e-05 1.358223671559244394e-04 6.056739607629424427e-07 1.044987016030063387e-06 8.364180459352610342e-09 3.325249053887091577e-07 6.178223657116177492e-07
4.080000000000000000e+03 1.821372425183653831e-04 1.755287375999614596e-04 5.938247777521610260e-04 2.697768422876833938e-06 6.636307080043479800e-05 8.452848123852163553e-05 1.332667452516034245e-04 9.996263088396517560e-07 2.077886892948299646e-05 2.220012440545815480e-08 8.693401127857214306e-07 5.182055701880017295e-06 1.590410247445106506e-04 1.161536129075102508e-04 5.486293230205774307e-04 1.802126575967122335e-06 6.636307080043479800e-05 8.452848123852163553e-05 1.332667452516034245e-04 9.996263088396517560e-07 2.077886892948299646e-05 2.220012440545815480e-08 8.693401127857214306e-07 5.182055701880017295e-06
4.090000000000000000e+03 1.697033148957416415e-04 1.790747337508946657e-04 6.012094672769308090e-04 2.512593709980137646e-06 7.318845746340230107e-05 5.091002822155132890e-05 1.356720313197001815e-04 7.397704848699504510e-07 5.841848178533837199e-06 7.506035792914644844e-09 2.788758592942031100e-07 8.600992487117764540e-07 1.628664613235741854e-04 1.333965628873556852e-04 5.622417083941400051e-04 1.764367766554642003e-06 7.318845746340230107e-05 5.091002822155132890e-05 1.356720313197001815e-04 7.397704848699504510e-07 5.841848178533837199e-06 7.506035792914644844e-09 2.788758592942031100e-07 8.600992487117764540e-07
4.100000000000000000e+03 1.791090762708336115e-04 1.615250803297385573e-04 5.856128409504890442e-04 2.373566530877724290e-06 7.251768693095073104e-05 1.407871313858777285e-04 1.326779893133789301e-04 5.895736308048071805e-07 8.574321691412478685e-05 4.567198175209341571e-09 2.801363962134928443e-06 3.036065754713490605e-05 1.610481704119592905e-04 1.170741888927295804e-04 5.395290791057050228e-04 1.785651875252369791e-06 7.251768693095073104e-05 1.407871313858777285e-04 1.326779893133789301e-04 5.895736308048071805e-07 8.574321691412478685e-05 4.567198175209341571e-09 2.801363962134928443e-06 3.036065754713490605e-05
4.110000000000000000e+03 1.732487726258113980e-04 1.759229780873283744e-04 5.999212735332548618e-04 2.679098543012514710e-06 7.183171692304313183e-05 6.572758866241201758e-05 1.329326623817905784e-04 5.969977792119607329e-07 1.208266621688380837e-05 3.670817205758680757e-09 4.847458399126480799e-07 1.745344547998683993e-06 1.524148101452738047e-04 1.268632331630215049e-04 5.542882136069238186e-04 1.929106701936689205e-06 7.183171692304313183e-05 6.572758866241201758e-05 1.329326623817905784e-04 5.969977792119607329e-07 1.208266621688380837e-05 3.670817205758680757e-09 4.847458399126480799e-07 1.745344547998683993e-06
4.120000000000000000e+03 1.690301432972773910e-04 1.895472232718020678e-04 6.096580182202160358e-04 2.352516276005189866e-06 7.231900963233783841e-05 9.018456330522894859e-05 1.347681245533749461e-04 1.110440280172042549e-06 5.911413973080925643e-05 4.540993359114509076e-09 3.030975676665548235e-06 3.445593392825685441e-05 1.503627572674304247e-04 1.348223886452615261e-04 5.643415497615933418e-04 1.916519522637827322e-06 7.231900963233783841e-05 9.018456330522894859e-05 1.347681245533749461e-04 1.110440280172042549e-06 5.911413973080925643e-05 4.540993359114509076e-09 3.030975676665548235e-06 3.445593392825685441e-05
4.130000000000000000e+03 1.655113155720755458e-04 1.784707419574260712e-04 6.081910687498748302e-04 2.357042149014887400e-06 7.068325794534757733e-05 5.266469815978780389e-05 1.318577269557863474e-04 5.372184546104108449e-07 4.114496732654515654e-06 6.016991349611089390e-09 2.933058738108229591e-07 1.561418685014359653e-06 1.555110357003286481e-04 1.326576020801439881e-04 5.679573514498770237e-04 1.859369149315170944e-06 7.068325794534757733e-05 5.266469815978780389e-05 1.318577269557863474e-04 5.372184546104108449e-07 4.114496732654515654e-06 6.016991349611089390e-09 2.933058738108229591e-07 1.561418685014359653e-06
4.140000000000000000e+03 1.619799149921163917e-04 1.649770711082965136e-04 5.983152077533304691e-04 2.390765530435601249e-06 7.194247882580384612e-05 9.391700587002560496e-05 1.321316958637908101e-04 7.977720315466285683e-07 3.099617970292456448e-05 1.175077901649501655e-08 1.859587115404792712e-07 9.288043656852096319e-06 1.431229029549285769e-04 1.221617712872102857e-04 5.562998121604323387e-04 1.874654572020517662e-06 7.194247882580384612e-05 9.391700587002560496e-05 1.321316958637908101e-04 7.977720315466285683e-07 3.099617970292456448e-05 1.175077901649501655e-08 1.859587115404792712e-07 9.288043656852096319e-06
4.150000000000000000e+03 1.530111621832475066e-04 1.759525766829028726e-04 6.018729181960225105e-04 2.379011448283563368e-06 6.803657015552744269e-05 5.530110138352029026e-05 1.329097285633906722e-04 7.606640224366856273e-07 1.259701912204036489e-05 6.800240370807841828e-09 3.085746129727340303e-07 3.907081918441690505e-06 1.380529720336198807e-04 1.257344847545027733e-04 5.573008675128221512e-04 1.826218749556574039e-06 6.803657015552744269e-05 5.530110138352029026e-05 1.329097285633906722e-04 7.606640224366856273e-07 1.259701912204036489e-05 6.800240370807841828e-09 3.085746129727340303e-07 3.907081918441690505e-06
4.160000000000000000e+03 1.589158200658857822e-04 1.692275254754349589e-04 5.992618389427661896e-04 2.358754727538325824e-06 7.006178202573210001e-05 6.847970507806167006e-05 1.334837725153192878e-04 6.483097081400046591e-07 3.038725299120415002e-05 9.256981847727274726e-09 2.502949314475699794e-07 1.686302880443690810e-06 1.420374464942142367e-04 1.246833271579816937e-04 5.649006343446671963e-04 1.848813099059043452e-06 7.006178202573210001e-05 6.847970507806167006e-05 1.334837725153192878e-04 6.483097081400046591e-07 3.038725299120415002e-05 9.256981847727274726e-09 2.502949314475699794e-07 1.686302880443690810e-06
4.170000000000000000e+03 1.581325632287189364e-04 1.760645536705851555e-04 5.993140512146055698e-04 2.336757916054921225e-06 6.698647484881803393e-05 5.299897384247742593e-05 1.336033601546660066e-04 6.809361252635426354e-07 1.086043812392745167e-05 7.121018441580417857e-09 3.768329861486563459e-07 4.647192781703779474e-06 1.359018206130713224e-04 1.268483902094885707e-04 5.559897981584072113e-04 1.867417381617997307e-06 6.698647484881803393e-05 5.299897384247742593e-05 1.336033601546660066e-04 6.809361252635426354e-07 1.086043812392745167e-05 7.121018441580417857e-09 3.768329861486563459e-07 4.647192781703779474e-06
4.180000000000000000e+03 1.592340267961844802e-04 1.685420866124331951e-04 5.939613329246640205e-04 2.313873892489937134e-06 7.094630564097315073e-05 7.160123641369864345e-05 1.325512130279093981e-04 9.218128411703219172e-07 9.061547643796075135e-06 7.322508377427539017e-09 3.837496933556394652e-07 3.363148152857320383e-06 1.379588065901771188e-04 1.252972433576360345e-04 5.565164610743522644e-04 1.864947648755332921e-06 7.094630564097315073e-05 7.160123641369864345e-05 1.325512130279093981e-04 9.218128411703219172e-07 9.061547643796075135e-06 7.322508377427539017e-09 3.837496933556394652e-07 3.363148152857320383e-06
4.190000000000000000e+03 1.525033731013536453e-04 1.690225180936977267e-04 5.960026173852384090e-04 2.474008169883745722e-06 7.068592822179198265e-05 5.545124804484657943e-05 1.341881434200331569e-04 4.357727618753415300e-07 2.241157062599086203e-06 1.538040628190628922e-08 1.477692990192736033e-07 5.957026019132172223e-07 1.288645726162940264e-04 1.216809687321074307e-04 5.557890981435775757e-04 1.907374098664149642e-06 7.068592822179198265e-05 5.545124804484657943e-05 1.341881434200331569e-04 4.357727618753415300e-07 2.241157062599086203e-06 1.538040628190628922e-08 1.477692990192736033e-07 5.957026019132172223e-07
4.200000000000000000e+03 1.490692666266113520e-04 1.631798077141866088e-04 5.969444755464792252e-04 2.508475063223158941e-06 6.629010749747976661e-05 7.888862455729395151e-05 1.344705669907853007e-04 7.553826435469090939e-07 4.279328277334570885e-05 8.612898838578075811e-09 2.939054297712573316e-07 8.113405783660709858e-06 1.300743169849738479e-04 1.203410502057522535e-04 5.611644010059535503e-04 1.938477453222731128e-06 6.629010749747976661e-05 7.888862455729395151e-05 1.344705669907853007e-04 7.553826435469090939e-07 4.279328277334570885e-05 8.612898838578075811e-09 2.939054297712573316e-07 8.113405783660709858e-06
4.210000000000000000e+03 2.269108954351395369e-04 1.986644492717459798e-04 6.145161460153758526e-04 3.962268692703219131e-06 7.356522110057994723e-05 1.083046445273794234e-04 1.242472208105027676e-04 1.269130393666273449e-06 2.666649561433587223e-05 1.037056129860047804e-08 2.075091060760314576e-06 9.842858162301126868e-06 1.883175573311746120e-04 1.389676763210445642e-04 5.769600393250584602e-04 2.508699935788172297e-06 7.356522110057994723e-05 1.083046445273794234e-04 1.242472208105027676e-04 1.269130393666273449e-06 2.666649561433587223e-05 1.037056129860047804e-08 2.075091060760314576e-06 9.842858162301126868e-06
4.220000000000000000e+03 1.969460136024281383e-04 1.986387651413679123e-04 6.050518131814897060e-04 3.419523181946715340e-06 7.580604869872331619e-05 8.528628677595406771e-05 1.342392642982304096e-04 1.431533064533141442e-06 7.197095692390576005e-05 1.282882333697443755e-08 1.339813707090797834e-06 9.643680641602259129e-06 1.782835461199283600e-04 1.308119826717302203e-04 5.728296237066388130e-04 2.430457016089349054e-06 7.580604869872331619e-05 8.528628677595406771e-05 1.342392642982304096e-04 1.431533064533141442e-06 7.197095692390576005e-05 1.282882333697443755e-08 1.339813707090797834e-06 9.643680641602259129e-06
4.230000000000000000e+03 1.705027534626424313e-04 1.741965825203806162e-04 5.735037266276776791e-04 3.112848844466498122e-06 6.965578359086066484e-05 1.037706533679738641e-04 1.379769528284668922e-04 6.794533646825584583e-07 1.723097921058069915e-05 1.301443486312336972e-08 1.620810962776886299e-06 3.613857586515223375e-07 1.407566451234742999e-04 1.145185524364933372e-04 5.329218111000955105e-04 2.195514980485313572e-06 6.965578359086066484e-05 1.037706533679738641e-04 1.379769528284668922e-04 6.794533646825584583e-07 1.723097921058069915e-05 1.301443486312336972e-08 1.620810962776886299e-06 3.613857586515223375e-07
4.240000000000000000e+03 1.520180812804028392e-04 1.824299979489296675e-04 5.929289618507027626e-04 2.948899009425076656e-06 5.981443609925918281e-05 6.793250940972939134e-05 1.390147081110626459e-04 7.175967198236321565e-07 5.141135716257849708e-06 2.102155782779391302e-08 1.116794464905979112e-06 1.707832666397735011e-06 1.369245146634057164e-04 1.229502086061984301e-04 5.531920469366014004e-04 2.290953034389531240e-06 5.981443609925918281e-05 6.793250940972939134e-05 1.390147081110626459e-04 7.175967198236321565e-07 5.141135716257849708e-06 2.102155782779391302e-08 1.116794464905979112e-06 1.707832666397735011e-06
4.250000000000000000e+03 1.601849799044430256e-04 1.832668349379673600e-04 6.048156064935028553e-04 2.976036284962901846e-06 6.316144572338089347e-05 5.412267637439072132e-05 1.327392383245751262e-04 1.203211013489635661e-06 2.698305706871906295e-06 2.151974065611739206e-08 1.741024334478424862e-06 5.734077035413065460e-07 1.347404613625258207e-04 1.250929053639993072e-04 5.553139490075409412e-04 2.223287765446002595e-06 6.316144572338089347e-05 5.412267637439072132e-05 1.327392383245751262e-04 1.203211013489635661e-06 2.698305706871906295e-06 2.151974065611739206e-08 1.741024334478424862e-06 5.734077035413065460e-07
4.260000000000000000e+03 1.451717398595064878e-04 1.833055575843900442e-04 6.012617377564311028e-04 2.977759550049086101e-06 6.445473263738676906e-05 5.688148303306661546e-05 1.304914476349949837e-04 4.534669812983338488e-07 1.663688067310431506e-06 1.427690143884774443e-08 5.096035238238982856e-07 7.720792041254753713e-07 1.183673084597103298e-04 1.246701285708695650e-04 5.581462173722684383e-04 2.252820650028297678e-06 6.445473263738676906e-05 5.688148303306661546e-05 1.304914476349949837e-04 4.534669812983338488e-07 1.663688067310431506e-06 1.427690143884774443e-08 5.096035238238982856e-07 7.720792041254753713e-07
4.270000000000000000e+03 1.385774958180263638e-04 1.799374877009540796e-04 6.103149498812854290e-04 3.255016281400457956e-06 5.825134212500415742e-05 5.573458838625811040e-05 1.304319885093718767e-04 6.788478685848531313e-07 3.488081347313709557e-06 1.408410010839133975e-08 1.296638032499686233e-07 1.092008687919587828e-06 1.159707535407505929e-04 1.267124898731708527e-04 5.724871880374848843e-04 2.396707259322283790e-06 5.825134212500415742e-05 5.573458838625811040e-05 1.304319885093718767e-04 6.788478685848531313e-07 3.488081347313709557e-06 1.408410010839133975e-08 1.296638032499686233e-07 1.092008687919587828e-06
4.280000000000000000e+03 1.492708252044394612e-04 1.666455937083810568e-04 6.091195391491055489e-04 3.236208385715144686e-06 5.877851435798220336e-05 6.506664067273959517e-05 1.316270645475015044e-04 4.103409594335971633e-07 8.676367542648222297e-06 1.386158565708228707e-08 1.642602001084014773e-07 1.920570866786874831e-06 1.180720282718539238e-04 1.232887734659016132e-04 5.697054439224302769e-04 2.273016434628516436e-06 5.877851435798220336e-05 6.506664067273959517e-05 1.316270645475015044e-04 4.103409594335971633e-07 8.676367542648222297e-06 1.386158565708228707e-08 1.642602001084014773e-07 1.920570866786874831e-06
4.290000000000000000e+03 1.443287765141576529e-04 1.705308095552027225e-04 6.195105961523950100e-04 3.154668547722394578e-06 5.839414006914012134e-05 6.115336873335763812e-05 1.288618659600615501e-04 5.764818524767179042e-07 6.001665497024077922e-06 9.115774801671250316e-09 1.933315445512562292e-07 4.241797739723551786e-07 1.175576253444887698e-04 1.233221264556050301e-04 5.843640537932515144e-04 2.349835085624363273e-06 5.839414006914012134e-05 6.115336873335763812e-05 1.288618659600615501e-04 5.764818524767179042e-07 6.001665497024077922e-06 9.115774801671250316e-09 1.933315445512562292e-07 4.241797739723551786e-07
4.300000000000000000e+03 1.405382208758965135e-04 1.668436598265543580e-04 6.051952368579804897e-04 3.057634330616565421e-06 6.226457480806857347e-05 8.811247971607372165e-05 1.258718402823433280e-04 5.599009114121145103e-07 2.560426219133660197e-05 9.333176897996509069e-09 7.119918166154093342e-08 4.906338290311396122e-06 1.205794906127266586e-04 1.243653096025809646e-04 5.683145718649029732e-04 2.432221208437113091e-06 6.226457480806857347e-05 8.811247971607372165e-05 1.258718402823433280e-04 5.599009114121145103e-07 2.560426219133660197e-05 9.333176897996509069e-09 7.119918166154093342e-08 4.906338290311396122e-06
4.310000000000000000e+03 1.461697829654440284e-04 1.728726347209885716e-04 6.114342249929904938e-04 3.685011733978171833e-06 6.475386908277869225e-05 5.852436515851877630e-05 1.281917502637952566e-04 4.409963594298460521e-07 2.707143039515358396e-06 1.140921401798777879e-08 2.028093604167224839e-07 1.035642753777210601e-06 1.183009153464809060e-04 1.269360363949090242e-04 5.763993249274790287e-04 2.396615855104755610e-06 6.475386908277869225e-05 5.852436515851877630e-05 1.281917502637952566e-04 4.409963594298460521e-07 2.707143039515358396e-06 1.140921401798777879e-08 2.028093604167224839e-07 1.035642753777210601e-06
4.320000000000000000e+03 1.371734542772173882e-04 1.748330541886389256e-04 6.338156526908278465e-04 3.188670461895526387e-06 6.226720142876729369e-05 6.338376260828226805e-05 1.282455923501402140e-04 4.327726230712869437e-07 5.566460004047257826e-06 3.013436611354336492e-08 8.157144293363671750e-07 2.572595576566527598e-06 1.177833255496807396e-04 1.315080880885943770e-04 5.978983826935291290e-04 2.316370682819979265e-06 6.226720142876729369e-05 6.338376260828226805e-05 1.282455923501402140e-04 4.327726230712869437e-07 5.566460004047257826e-06 3.013436611354336492e-08 8.157144293363671750e-07 2.572595576566527598e-06
4.330000000000000000e+03 1.452754222555086017e-04 1.670068304520100355e-04 6.162326899357140064e-04 3.356436991452937946e-06 5.880143362446688116e-05 6.496951391454786062e-05 1.295562542509287596e-04 4.582264807595493039e-07 1.242608595930505544e-05 2.545282562493866862e-08 2.618490100303461077e-07 1.028939209390955511e-06 1.239577686646953225e-04 1.241584686795249581e-04 5.733430734835565090e-04 2.336500529054319486e-06 5.880143362446688116e-05 6.496951391454786062e-05 1.295562542509287596e-04 4.582264807595493039e-07 1.242608595930505544e-05 2.545282562493866862e-08 2.618490100303461077e-07 1.028939209390955511e-06
4.340000000000000000e+03 1.421871711499989033e-04 1.718968414934352040e-04 6.244303076528012753e-04 2.999088110300363041e-06 6.997130549279972911e-05 6.267157004913315177e-05 1.300130243180319667e-04 1.451679167985275853e-06 1.473743964197637979e-06 9.812809231846131297e-09 1.637817632627047715e-07 4.026268925372278318e-06 1.214035146404057741e-04 1.296854752581566572e-04 5.879363161511719227e-04 2.324781917195650749e-06 6.997130549279972911e-05 6.267157004913315177e-05 1.300130243180319667e-04 1.451679167985275853e-06 1.473743964197637979e-06 9.812809231846131297e-09 1.637817632627047715e-07 4.026268925372278318e-06
4.350000000000000000e+03 1.516997581347823143e-04 1.647957105888053775e-04 6.081984611228108406e-04 3.026470722033991478e-06 7.108670979505404830e-05 7.684886077186092734e-05 1.270943612325936556e-04 5.194644927541958168e-07 8.108286237984430045e-06 9.307329129626396025e-09 2.074779786198632792e-06 6.682719231321243569e-06 1.331708481302484870e-04 1.208020257763564587e-04 5.661127506755292416e-04 2.247596739834989421e-06 7.108670979505404830e-05 7.684886077186092734e-05 1.270943612325936556e-04 5.194644927541958168e-07 8.108286237984430045e-06 9.307329129626396025e-09 2.074779786198632792e-06 6.682719231321243569e-06
4.360000000000000000e+03 1.709410571493208408e-04 2.078361285384744406e-04 6.267836433835327625e-04 3.410746558074606583e-06 7.377841393463313580e-05 7.378512964351102710e-05 1.282184530282393098e-04 2.649487214512191713e-06 5.476715159602463245e-05 9.344351070694756345e-08 3.063157691940432414e-06 6.596869934583082795e-05 1.458746555726975203e-04 1.438526815036311746e-04 5.905615980736911297e-04 2.453175966365961358e-06 7.377841393463313580e-05 7.378512964351102710e-05 1.282184530282393098e-04 2.649487214512191713e-06 5.476715159602463245e-05 9.344351070694756345e-08 3.063157691940432414e-06 6.596869934583082795e-05
4.370000000000000000e+03 1.491400907980278134e-04 1.926541153807193041e-04 6.064561894163489342e-04 3.147136794723337516e-06 7.996545173227787018e-05 6.305376155069097877e-05 1.220909616677090526e-04 7.679431064389063977e-07 8.052888915699440986e-06 3.220420552452196716e-08 4.409379243952571414e-07 1.276374064218543936e-06 1.359630550723522902e-04 1.319878065260127187e-04 5.718230968341231346e-04 2.434415364405140281e-06 7.996545173227787018e-05 6.305376155069097877e-05 1.220909616677090526e-04 7.679431064389063977e-07 8.052888915699440986e-06 3.220420552452196716e-08 4.409379243952571414e-07 1.276374064218543936e-06
4.380000000000000000e+03 1.508863497292622924e-04 1.852934219641610980e-04 6.203649099916219711e-04 3.159083917125826702e-06 5.202498505241237581e-05 5.746184615418314934e-05 1.236715324921533465e-04 7.294142960745375603e-07 2.055916638710186817e-06 2.714780222845547542e-08 1.852491777754039504e-07 3.914994522347114980e-06 1.248326734639704227e-04 1.237008837051689625e-04 5.773254088126122952e-04 2.292472117915167473e-06 5.202498505241237581e-05 5.746184615418314934e-05 1.236715324921533465e-04 7.294142960745375603e-07 2.055916638710186817e-06 2.714780222845547542e-08 1.852491777754039504e-07 3.914994522347114980e-06
4.390000000000000000e+03 1.659851986914873123e-04 1.890981657197698951e-04 6.210283027030527592e-04 3.023710178240435198e-06 6.491877866210415959e-05 4.795638233190402389e-05 1.262456789845600724e-04 7.235190082610643003e-07 3.330830622871872038e-06 4.162635391935509688e-08 4.325374902691692114e-07 5.019527634431142360e-06 1.167049485957249999e-04 1.299018622376024723e-04 5.724680959247052670e-04 2.137334377039223909e-06 6.491877866210415959e-05 4.795638233190402389e-05 1.262456789845600724e-04 7.235190082610643003e-07 3.330830622871872038e-06 4.162635391935509688e-08 4.325374902691692114e-07 5.019527634431142360e-06
4.400000000000000000e+03 1.638470421312376857e-04 1.898552145576104522e-04 6.207775440998375416e-04 3.427894625929184258e-06 6.377273530233651400e-05 4.388932211440987885e-05 1.295766269322484732e-04 8.961132493823242839e-07 2.952530621769255958e-06 4.583026935733869323e-08 7.008804914221400395e-08 3.604042433380527655e-07 1.212451825267635286e-04 1.314642868237569928e-04 5.750494892708957195e-04 2.054812739515909925e-06 6.377273530233651400e-05 4.388932211440987885e-05 1.295766269322484732e-04 8.961132493823242839e-07 2.952530621769255958e-06 4.583026935733869323e-08 7.008804914221400395e-08 3.604042433380527655e-07
4.410000000000000000e+03 1.514587493147701025e-04 1.779480080585926771e-04 6.117179873399436474e-04 3.024247234861832112e-06 6.245169061003252864e-05 6.391621718648821115e-05 1.287285995204001665e-04 6.331003987725125626e-07 7.435145562340039760e-06 1.400227311876278691e-08 3.992331869540066691e-07 5.299636427480436396e-07 1.236726675415411592e-04 1.199262260342948139e-04 5.665043718181550503e-04 2.003591589527786709e-06 6.245169061003252864e-05 6.391621718648821115e-05 1.287285995204001665e-04 6.331003987725125626e-07 7.435145562340039760e-06 1.400227311876278691e-08 3.992331869540066691e-07 5.299636427480436396e-07
4.420000000000000000e+03 1.461713400203734636e-04 1.854633301263675094e-04 6.172888097353279591e-04 3.013951300090411678e-06 6.569342076545581222e-05 4.829152749152854085e-05 1.269894273718819022e-04 8.930400099416146986e-07 6.425846549973357469e-06 1.791572223908133310e-08 3.655452189832431031e-07 3.467378064669901505e-06 1.340799353783950210e-04 1.282946032006293535e-04 5.737776518799364567e-04 2.060943188553210348e-06 6.569342076545581222e-05 4.829152749152854085e-05 1.269894273718819022e-04 8.930400099416146986e-07 6.425846549973357469e-06 1.791572223908133310e-08 3.655452189832431031e-07 3.467378064669901505e-06
4.430000000000000000e+03 1.643994910409674048e-04 1.848727115429937840e-04 6.174080772325396538e-04 2.885047933887108229e-06 7.004801591392606497e-05 5.778186095994897187e-05 1.272436493309214711e-04 1.197546225739642978e-06 1.740848529152572155e-05 1.601336663270558347e-08 1.317690475843846798e-06 2.176429370592813939e-05 1.409294636687263846e-04 1.244935556314885616e-04 5.681322072632610798e-04 2.128847427229629830e-06 7.004801591392606497e-05 5.778186095994897187e-05 1.272436493309214711e-04 1.197546225739642978e-06 1.740848529152572155e-05 1.601336663270558347e-08 1.317690475843846798e-06 2.176429370592813939e-05
4.440000000000000000e+03 1.581083342898637056e-04 1.751600793795660138e-04 6.071155075915157795e-04 2.795035243252641521e-06 6.994294381001964211e-05 5.312402572599239647e-05 1.279301941394805908e-04 8.139666647366539109e-07 2.172232598240952939e-06 1.423095863373191605e-08 1.122776538409198110e-07 2.216118673459277488e-06 1.346097706118598580e-04 1.185894943773746490e-04 5.598504794761538506e-04 2.148602106899488717e-06 6.994294381001964211e-05 5.312402572599239647e-05 1.279301941394805908e-04 8.139666647366539109e-07 2.172232598240952939e-06 1.423095863373191605e-08 1.122776538409198110e-07 2.216118673459277488e-06
4.450000000000000000e+03 1.538490905659273267e-04 1.686366886133328080e-04 5.786886904388666153e-04 2.964035729746683501e-06 7.968820864334702492e-05 8.733785944059491158e-05 1.266077160835266113e-04 8.142572482938703615e-07 3.831328649539500475e-05 2.545567490130906663e-08 2.216148544675888843e-07 4.465002803044626489e-06 1.386310032103210688e-04 1.146627473644912243e-04 5.375605542212724686e-04 2.178230033678119071e-06 7.968820864334702492e-05 8.733785944059491158e-05 1.266077160835266113e-04 8.142572482938703615e-07 3.831328649539500475e-05 2.545567490130906663e-08 2.216148544675888843e-07 4.465002803044626489e-06
4.460000000000000000e+03 1.675223611528053880e-04 1.737231505103409290e-04 5.978511180728673935e-04 2.950680027424823493e-06 7.089498831192031503e-05 7.248483598232269287e-05 1.259988930542021990e-04 7.404416351164400112e-07 1.208895537274656817e-05 2.331685777789971326e-08 3.708929625645396300e-07 3.697211468534078449e-06 1.524515246273949742e-04 1.165511566796340048e-04 5.505049484781920910e-04 2.130853317794390023e-06 7.089498831192031503e-05 7.248483598232269287e-05 1.259988930542021990e-04 7.404416351164400112e-07 1.208895537274656817e-05 2.331685777789971326e-08 3.708929625645396300e-07 3.697211468534078449e-06
4.470000000000000000e+03 1.701498840702697635e-04 1.843077334342524409e-04 6.014714599587023258e-04 2.739951014518737793e-06 8.085297304205596447e-05 5.210579911363311112e-05 1.299598225159570575e-04 9.206987670040689409e-07 8.503706339979544282e-06 2.874452320611453615e-08 1.820231005922323675e-07 6.434690476453397423e-06 1.512985909357666969e-04 1.257832336705178022e-04 5.653470871038734913e-04 2.092531303787836805e-06 8.085297304205596447e-05 5.210579911363311112e-05 1.299598225159570575e-04 9.206987670040689409e-07 8.503706339979544282e-06 2.874452320611453615e-08 1.820231005922323675e-07 6.434690476453397423e-06
4.480000000000000000e+03 1.601918775122612715e-04 1.797127624740824103e-04 5.889224703423678875e-04 2.850454393410473131e-06 7.454171282006427646e-05 5.075921217212453485e-05 1.294492976740002632e-04 7.187649657680594828e-07 1.294407297791622113e-06 1.146977091082135303e-08 9.442233306344860466e-08 1.010211690299911425e-06 1.367950608255341649e-04 1.203410065500065684e-04 5.422541289590299129e-04 2.072938059427542612e-06 7.454171282006427646e-05 5.075921217212453485e-05 1.294492976740002632e-04 7.187649657680594828e-07 1.294407297791622113e-06 1.146977091082135303e-08 9.442233306344860466e-08 1.010211690299911425e-06
4.490000000000000000e+03 1.551968307467177510e-04 1.747748465277254581e-04 6.027111085131764412e-04 2.732324446697020903e-06 7.513714808737859130e-05 5.711126868845894933e-05 1.253301597898826003e-04 1.023067397909471765e-06 2.294905698363436386e-06 8.878024537750661693e-09 2.289854279524661251e-07 3.699785509070352418e-07 1.351946120848879218e-04 1.192858690046705306e-04 5.527626490220427513e-04 2.057263145616161637e-06 7.513714808737859130e-05 5.711126868845894933e-05 1.253301597898826003e-04 1.023067397909471765e-06 2.294905698363436386e-06 8.878024537750661693e-09 2.289854279524661251e-07 3.699785509070352418e-07
4.500000000000000000e+03 1.657689135754480958e-04 1.816759322537109256e-04 5.953435320407152176e-04 2.768356580418185331e-06 7.729358185315504670e-05 5.126771793584339321e-05 1.268372434424236417e-04 7.164290991568122990e-07 3.645703600341221318e-06 1.627449464081109909e-08 1.445698245561288786e-07 2.256459538330091164e-06 1.383170165354385972e-04 1.256371615454554558e-04 5.507465684786438942e-04 2.114504695782670751e-06 7.729358185315504670e-05 5.126771793584339321e-05 1.268372434424236417e-04 7.164290991568122990e-07 3.645703600341221318e-06 1.627449464081109909e-08 1.445698245561288786e-07 2.256459538330091164e-06
4.510000000000000000e+03 1.800853933673352003e-04 1.695639220997691154e-04 5.845182458870112896e-04 2.908239366661291569e-06 7.200123945949599147e-05 8.928062015911564231e-05 1.262386795133352280e-04 6.279334456849028356e-07 3.338349415571428835e-05 1.292206608383139610e-08 1.266226490770350210e-06 1.106963736674515530e-05 1.543972030049189925e-04 1.166459624073468149e-04 5.361250368878245354e-04 2.128981122950790450e-06 7.200123945949599147e-05 8.928062015911564231e-05 1.262386795133352280e-04 6.279334456849028356e-07 3.338349415571428835e-05 1.292206608383139610e-08 1.266226490770350210e-06 1.106963736674515530e-05
4.520000000000000000e+03 1.682528964010998607e-04 1.771852839738130569e-04 5.976141546852886677e-04 2.839710759872104973e-06 7.321198063436895609e-05 5.325207166606560349e-05 1.265060127479955554e-04 6.554485594278958160e-07 5.680198682966874912e-06 1.271716243422815751e-08 4.954745236318558455e-07 3.236365955672226846e-06 1.343883777735754848e-04 1.214880539919249713e-04 5.519183469004929066e-04 2.071202970910235308e-06 7.321198063436895609e-05 5.325207166606560349e-05 1.265060127479955554e-04 6.554485594278958160e-07 5.680198682966874912e-06 1.271716243422815751e-08 4.954745236318558455e-07 3.236365955672226846e-06
4.530000000000000000e+03 1.796703872969374061e-04 1.646380260353907943e-04 5.725457449443638325e-04 3.113435695922817104e-06 7.328090578084811568e-05 1.333008403889834881e-04 1.255862007383257151e-04 5.456454346131067723e-07 5.845758641953580081e-05 1.172602726029481346e-08 1.258781139767961577e-06 3.065320561290718615e-05 1.439637562725692987e-04 1.116835701395757496e-04 5.281327757984399796e-04 2.095262061629910022e-06 7.328090578084811568e-05 1.333008403889834881e-04 1.255862007383257151e-04 5.456454346131067723e-07 5.845758641953580081e-05 1.172602726029481346e-08 1.258781139767961577e-06 3.065320561290718615e-05
4.540000000000000000e+03 1.676291576586663723e-04 1.714183308649808168e-04 5.924719152972102165e-04 3.204065706086112186e-06 7.166159775806590915e-05 7.838400779291987419e-05 1.258098782273009419e-04 7.984496050994493999e-07 3.231976370443589985e-05 6.564225607519347250e-09 3.342951231388724409e-07 1.255575534742092714e-05 1.352577382931485772e-04 1.185235159937292337e-04 5.497905076481401920e-04 2.238389015474240296e-06 7.166159775806590915e-05 7.838400779291987419e-05 1.258098782273009419e-04 7.984496050994493999e-07 3.231976370443589985e-05 6.564225607519347250e-09 3.342951231388724409e-07 1.255575534742092714e-05
4.550000000000000000e+03 1.632967614568769932e-04 1.740120642352849245e-04 5.949543556198477745e-04 2.964241730296635069e-06 7.061158976284787059e-05 5.992879232508130372e-05 1.302982564084231853e-04 7.084437925186648499e-07 1.895450395750231110e-06 2.054902026316085539e-08 1.634887098589388188e-06 2.795643752051546471e-07 1.250393252121284604e-04 1.172669872175902128e-04 5.487037124112248421e-04 2.185832954637589864e-06 7.061158976284787059e-05 5.992879232508130372e-05 1.302982564084231853e-04 7.084437925186648499e-07 1.895450395750231110e-06 2.054902026316085539e-08 1.634887098589388188e-06 2.795643752051546471e-07
4.560000000000000000e+03 1.532015303382650018e-04 1.781574101187288761e-04 5.919802351854741573e-04 3.142293053315370344e-06 7.182626723079010844e-05 4.859985347138717771e-05 1.281503209611400962e-04 6.945165864635782782e-07 7.622448265465209261e-06 1.419962192272805623e-08 1.226000563292473089e-07 3.114086439381935634e-06 1.245489256689324975e-04 1.217325188918039203e-04 5.440097302198410034e-04 2.264021986775333062e-06 7.182626723079010844e-05 4.859985347138717771e-05 1.281503209611400962e-04 6.945165864635782782e-07 7.622448265465209261e-06 1.419962192272805623e-08 1.226000563292473089e-07 3.114086439381935634e-06
4.570000000000000000e+03 1.477257173974066973e-04 1.768881193129345775e-04 5.931011401116847992e-04 3.109433009740314446e-06 7.502588414354249835e-05 5.328734550857916474e-05 1.291395892621949315e-04 5.946643000243057031e-07 6.854788352939067408e-06 2.175925750691476424e-08 1.023121512844227254e-06 1.510291986051015556e-05 1.205919106723740697e-04 1.220250051119364798e-04 5.343458033166825771e-04 2.267091076646465808e-06 7.502588414354249835e-05 5.328734550857916474e-05 1.291395892621949315e-04 5.946643000243057031e-07 6.854788352939067408e-06 2.175925750691476424e-08 1.023121512844227254e-06 1.510291986051015556e-05
4.580000000000000000e+03 1.501778460806235671e-04 1.770531234797090292e-04 5.984956515021622181e-04 3.266947487645666115e-06 7.253099465742707253e-05 5.060674811829812825e-05 1.268192136194556952e-04 1.472978965466609225e-06 8.845482625474687666e-06 1.085260148414590731e-08 4.410642873153847177e-07 4.094908035767730325e-06 1.190296461572870612e-04 1.246985048055648804e-04 5.476713995449244976e-04 2.232469341834075749e-06 7.253099465742707253e-05 5.060674811829812825e-05 1.268192136194556952e-04 1.472978965466609225e-06 8.845482625474687666e-06 1.085260148414590731e-08 4.410642873153847177e-07 4.094908035767730325e-06
4.590000000000000000e+03 1.416076847817748785e-04 1.779030426405370235e-04 5.969101330265402794e-04 3.197763362550176680e-06 6.876375118736177683e-05 5.395846892497502267e-05 1.277289265999570489e-04 6.230782219063257799e-07 6.333763849397655576e-06 2.323333170295427408e-08 5.512804364116163924e-07 7.775099220452830195e-06 1.200247716042213142e-04 1.268535270355641842e-04 5.556352552957832813e-04 2.133944008164689876e-06 6.876375118736177683e-05 5.395846892497502267e-05 1.277289265999570489e-04 6.230782219063257799e-07 6.333763849397655576e-06 2.323333170295427408e-08 5.512804364116163924e-07 7.775099220452830195e-06
4.600000000000000000e+03 1.591080799698829651e-04 1.693594531388953328e-04 5.913221393711864948e-04 3.016661139554344118e-06 6.400523125194013119e-05 7.543493120465427637e-05 1.257025578524917364e-04 8.950029268817161210e-07 2.159020914405118674e-05 1.817624983857513143e-08 1.536077320452022832e-06 1.206570050271693617e-05 1.314911933150142431e-04 1.182274791062809527e-04 5.484936991706490517e-04 2.208266550951520912e-06 6.400523125194013119e-05 7.543493120465427637e-05 1.257025578524917364e-04 8.950029268817161210e-07 2.159020914405118674e-05 1.817624983857513143e-08 1.536077320452022832e-06 1.206570050271693617e-05
4.610000000000000000e+03 1.573845656821504235e-04 1.915303582791239023e-04 6.141546764411032200e-04 3.138508418487617746e-06 7.368891238002106547e-05 8.604999311501160264e-05 1.286563492612913251e-04 1.210904088111419696e-06 5.143411181052215397e-05 1.713570263461861032e-08 3.245857442379929125e-06 4.958786666975356638e-05 1.245859602931886911e-04 1.393147831549867988e-04 5.704463110305368900e-04 2.117197709594620392e-06 7.368891238002106547e-05 8.604999311501160264e-05 1.286563492612913251e-04 1.210904088111419696e-06 5.143411181052215397e-05 1.713570263461861032e-08 3.245857442379929125e-06 4.958786666975356638e-05
4.620000000000000000e+03 1.627234887564554811e-04 1.767824142007157207e-04 5.981667200103402138e-04 2.974908511532703415e-06 6.831643258919939399e-05 5.601048542303033173e-05 1.270166249014437199e-04 6.963798000469978433e-07 8.229462764575146139e-06 3.138598358987110259e-08 5.542149779103056062e-07 5.097755547467386350e-06 1.332001411356031895e-04 1.277600968023762107e-04 5.561486468650400639e-04 2.197467665610020049e-06 6.831643258919939399e-05 5.601048542303033173e-05 1.270166249014437199e-04 6.963798000469978433e-07 8.229462764575146139e-06 3.138598358987110259e-08 5.542149779103056062e-07 5.097755547467386350e-06
4.630000000000000000e+03 1.536813942948356271e-04 1.656549138715490699e-04 5.955146043561398983e-04 2.999084699695231393e-06 6.472475797636434436e-05 7.923162047518417239e-05 1.266550971195101738e-04 1.559035126774688251e-06 3.421565997996367514e-05 2.431918666445653798e-08 3.145730431697302265e-07 1.037028414430096745e-05 1.251171634066849947e-04 1.164817149401642382e-04 5.454919883050024509e-04 2.186608071497175843e-06 6.472475797636434436e-05 7.923162047518417239e-05 1.266550971195101738e-04 1.559035126774688251e-06 3.421565997996367514e-05 2.431918666445653798e-08 3.145730431697302265e-07 1.037028414430096745e-05
4.640000000000000000e+03 1.473953307140618563e-04 1.794740383047610521e-04 5.940212868154048920e-04 3.114806531812064350e-06 6.306840077741071582e-05 5.886859798920340836e-05 1.261361321667209268e-04 7.673062327739899047e-07 3.373935760464519262e-05 2.558633660498799145e-08 3.510454291699716123e-07 1.269157382921548560e-05 1.206012311740778387e-04 1.252320216735824943e-04 5.481094121932983398e-04 2.164989382436033338e-06 6.306840077741071582e-05 5.886859798920340836e-05 1.261361321667209268e-04 7.673062327739899047e-07 3.373935760464519262e-05 2.558633660498799145e-08 3.510454291699716123e-07 1.269157382921548560e-05
4.650000000000000000e+03 1.640499976929277182e-04 1.671213249210268259e-04 5.905487341806292534e-04 3.049235601793043315e-06 5.728131145588122308e-05 5.557642361964099109e-05 1.289567007916048169e-04 7.573013931505556684e-07 1.810544176805706229e-06 1.682539974012797757e-08 2.431634413824212970e-07 4.604949594977369998e-07 1.370419777231290936e-04 1.162164917332120240e-04 5.463138804771006107e-04 2.216687335021561012e-06 5.728131145588122308e-05 5.557642361964099109e-05 1.289567007916048169e-04 7.573013931505556684e-07 1.810544176805706229e-06 1.682539974012797757e-08 2.431634413824212970e-07 4.604949594977369998e-07
4.660000000000000000e+03 1.707663614070042968e-04 1.757807040121406317e-04 6.017243140377104282e-04 3.496810222713975236e-06 6.342116103041917086e-05 4.259604247636161745e-05 1.261346478713676333e-04 1.055022039508912712e-06 8.068581337283831090e-06 3.185706631825269142e-08 1.399239863530965522e-06 1.373069608234800398e-06 1.313352986471727490e-04 1.251126523129642010e-04 5.588158383034169674e-04 2.175535200876765884e-06 6.342116103041917086e-05 4.259604247636161745e-05 1.261346478713676333e-04 1.055022039508912712e-06 8.068581337283831090e-06 3.185706631825269142e-08 1.399239863530965522e-06 1.373069608234800398e-06
4.670000000000000000e+03 1.671594218350946903e-04 1.697216357570141554e-04 5.828739958815276623e-04 3.207403324267943390e-06 6.750444299541413784e-05 6.126351217972114682e-05 1.309156214119866490e-04 1.162484750238945708e-06 3.786408115047379397e-06 4.079349125163389544e-08 2.288129365979330032e-07 4.396178610477363691e-06 1.188649475807324052e-04 1.186397421406581998e-04 5.374898901209235191e-04 2.318353381269844249e-06 6.750444299541413784e-05 6.126351217972114682e-05 1.309156214119866490e-04 1.162484750238945708e-06 3.786408115047379397e-06 4.079349125163389544e-08 2.288129365979330032e-07 4.396178610477363691e-06
4.680000000000000000e+03 1.669533521635457873e-04 1.745035406202077866e-04 5.800802609883248806e-04 3.439545253058895469e-06 6.417955592041835189e-05 5.652388790622353554e-05 1.333411782979965210e-04 9.683814141681068577e-07 2.184676304750610143e-05 2.374642349423083942e-08 3.766060103771451395e-07 1.347037596133304760e-05 1.307278434978798032e-04 1.203567881020717323e-04 5.315051530487835407e-04 2.342642346775392070e-06 6.417955592041835189e-05 5.652388790622353554e-05 1.333411782979965210e-04 9.683814141681068577e-07 2.184676304750610143e-05 2.374642349423083942e-08 3.766060103771451395e-07 1.347037596133304760e-05
4.690000000000000000e+03 1.626408193260431290e-04 1.665913732722401619e-04 5.725104711018502712e-04 3.964470124628860503e-06 7.110744627425447106e-05 5.952731589786708355e-05 1.300620351685211062e-04 9.437733297090744600e-07 1.043516931531485170e-05 1.467874710670002969e-08 4.630508385616849409e-07 5.153823394721257500e-07 1.351563842035830021e-04 1.194150099763646722e-04 5.292079295031726360e-04 2.324439265066757798e-06 7.110744627425447106e-05 5.952731589786708355e-05 1.300620351685211062e-04 9.437733297090744600e-07 1.043516931531485170e-05 1.467874710670002969e-08 4.630508385616849409e-07 5.153823394721257500e-07
4.700000000000000000e+03 1.634314394323155284e-04 1.711225922917947173e-04 5.861509125679731369e-04 3.164861482218839228e-06 6.130739348009228706e-05 4.461235585040412843e-05 1.297714479733258486e-04 8.191839810933743138e-07 1.709945536276791245e-06 1.357881362906709910e-08 4.427209319146641064e-07 2.280363986528755049e-07 1.381375623168423772e-04 1.233611983479931951e-04 5.398461362347006798e-04 2.237009312011650763e-06 6.130739348009228706e-05 4.461235585040412843e-05 1.297714479733258486e-04 8.191839810933743138e-07 1.709945536276791245e-06 1.357881362906709910e-08 4.427209319146641064e-07 2.280363986528755049e-07
4.710000000000000000e+03 1.600171963218599558e-04 1.672214712016284466e-04 5.798152415081858635e-04 3.257273874623933807e-06 6.137407763162627816e-05 5.013677218812517822e-05 1.278937706956639886e-04 7.725663522251124959e-07 5.748883268097415566e-06 8.244153804071174818e-09 5.260294528852682561e-07 4.971034854861500207e-07 1.233934890478849411e-04 1.156568177975714207e-04 5.306359962560236454e-04 2.265885541419265792e-06 6.137407763162627816e-05 5.013677218812517822e-05 1.278937706956639886e-04 7.725663522251124959e-07 5.748883268097415566e-06 8.244153804071174818e-09 5.260294528852682561e-07 4.971034854861500207e-07
4.720000000000000000e+03 1.537998032290488482e-04 1.570617605466395617e-04 5.683407653123140335e-04 3.303740413684863597e-06 7.013245340203866363e-05 1.063604140654206276e-04 1.250813947990536690e-04 8.377718359042773955e-07 2.498904177627991885e-05 1.887365819186470617e-08 2.553043429998069769e-07 6.375816610670881346e-06 1.295042748097330332e-04 1.110957527998834848e-04 5.214163102209568024e-04 2.401198344159638509e-06 7.013245340203866363e-05 1.063604140654206276e-04 1.250813947990536690e-04 8.377718359042773955e-07 2.498904177627991885e-05 1.887365819186470617e-08 2.553043429998069769e-07 6.375816610670881346e-06
4.730000000000000000e+03 1.479794445913285017e-04 1.656885433476418257e-04 5.852435715496540070e-04 3.098197339568287134e-06 5.915810106671415269e-05 6.139215111033990979e-05 1.315076369792222977e-04 1.100263830267067533e-06 4.249528046784689650e-06 1.707242169857181580e-08 4.823585868507507257e-07 3.997543274181225570e-07 1.284283935092389584e-04 1.203932406497187912e-04 5.373040912672877312e-04 2.353589934500632808e-06 5.915810106671415269e-05 6.139215111033990979e-05 1.315076369792222977e-04 1.100263830267067533e-06 4.249528046784689650e-06 1.707242169857181580e-08 4.823585868507507257e-07 3.997543274181225570e-07
4.740000000000000000e+03 1.517191267339512706e-04 1.671077043283730745e-04 5.902706761844456196e-04 3.205514303772361018e-06 6.153253343654796481e-05 5.210133895161561668e-05 1.304250181419774890e-04 7.873090908105950803e-07 4.595077371050138026e-06 1.786123604574640922e-08 1.518465751360054128e-06 4.712454483524197713e-06 1.215013835462741554e-04 1.181162515422329307e-04 5.340902716852724552e-04 2.319197392353089526e-06 6.153253343654796481e-05 5.210133895161561668e-05 1.304250181419774890e-04 7.873090908105950803e-07 4.595077371050138026e-06 1.786123604574640922e-08 1.518465751360054128e-06 4.712454483524197713e-06
4.750000000000000000e+03 1.509718131273984909e-04 1.622238050913438201e-04 5.798536003567278385e-04 3.449237510722014122e-06 5.925472578383050859e-05 5.810438233311288059e-05 1.277466362807899714e-04 8.131495974339486565e-07 1.200207975671219174e-06 1.323217801996179332e-08 3.667126122763875173e-07 1.360851769049986615e-07 1.211880880873650312e-04 1.143988629337400198e-04 5.270738038234412670e-04 2.443053517708904110e-06 5.925472578383050859e-05 5.810438233311288059e-05 1.277466362807899714e-04 8.131495974339486565e-07 1.200207975671219174e-06 1.323217801996179332e-08 3.667126122763875173e-07 1.360851769049986615e-07
4.760000000000000000e+03 1.539345394121482968e-04 1.668115291977301240e-04 5.804040119983255863e-04 3.586434786484460346e-06 5.829083966091275215e-05 4.989415901945903897e-05 1.292819069931283593e-04 7.264192163347615860e-07 9.339198641100665554e-07 6.507290706281310122e-09 4.605370804711128585e-07 2.626797140692360699e-06 1.148002265836112201e-04 1.185568034998141229e-04 5.330814165063202381e-04 2.484728156559867784e-06 5.829083966091275215e-05 4.989415901945903897e-05 1.292819069931283593e-04 7.264192163347615860e-07 9.339198641100665554e-07 6.507290706281310122e-09 4.605370804711128585e-07 2.626797140692360699e-06
4.770000000000000000e+03 1.508586137788370252e-04 1.686325995251536369e-04 5.823413375765085220e-04 3.268361979280598462e-06 6.445735925808548927e-05 4.779663140652701259e-05 1.301813899772241712e-04 1.228341943715349771e-06 4.403293587529333308e-06 2.007368316014890297e-08 1.342978748652967624e-06 5.241532107902457938e-06 1.223433355335146189e-04 1.196304147015325725e-04 5.250876420177519321e-04 2.528804770918213762e-06 6.445735925808548927e-05 4.779663140652701259e-05 1.301813899772241712e-04 1.228341943715349771e-06 4.403293587529333308e-06 2.007368316014890297e-08 1.342978748652967624e-06 5.241532107902457938e-06
4.780000000000000000e+03 1.534902985440567136e-04 1.630593760637566447e-04 5.879275850020349026e-04 4.006370545539539307e-06 6.166474486235529184e-05 5.700111432815901935e-05 1.281851582461968064e-04 8.101579851427231915e-07 2.474718712619505823e-06 1.116296655112591907e-08 8.831036097944888752e-07 2.623567070259014145e-07 1.220380072481930256e-04 1.189666218124330044e-04 5.278561729937791824e-04 2.420199507469078526e-06 6.166474486235529184e-05 5.700111432815901935e-05 1.281851582461968064e-04 8.101579851427231915e-07 2.474718712619505823e-06 1.116296655112591907e-08 8.831036097944888752e-07 2.623567070259014145e-07
4.790000000000000000e+03 1.583537523401901126e-04 1.587591250427067280e-04 5.822957609780132771e-04 3.593901055864989758e-06 6.081211540731601417e-05 6.875881808809936047e-05 1.291234366362914443e-04 8.716687602827732917e-07 6.198059509188169613e-06 1.247223391231955247e-08 4.989394142285163980e-07 3.575430810087709688e-06 1.274826790904626250e-04 1.114095575758256018e-04 5.268743843771517277e-04 2.500328946553054266e-06 6.081211540731601417e-05 6.875881808809936047e-05 1.291234366362914443e-04 8.716687602827732917e-07 6.198059509188169613e-06 1.247223391231955247e-08 4.989394142285163980e-07 3.575430810087709688e-06
4.800000000000000000e+03 1.726466143736615777e-04 1.547983702039346099e-04 5.718471948057413101e-04 3.509961743475287221e-06 6.307885632850229740e-05 1.139225423685275018e-04 1.285121979890391231e-04 1.059882151821511798e-06 3.731043761945329607e-05 1.884721712031023344e-08 9.633741910874960013e-07 2.594450779724866152e-05 1.406939845765009522e-04 1.082557791960425675e-04 5.249325186014175415e-04 2.591248858152539469e-06 6.307885632850229740e-05 1.139225423685275018e-04 1.285121979890391231e-04 1.059882151821511798e-06 3.731043761945329607e-05 1.884721712031023344e-08 9.633741910874960013e-07 2.594450779724866152e-05
4.810000000000000000e+03 1.632097846595570445e-04 1.690472854534164071e-04 5.872398614883422852e-04 3.311390173621475697e-06 5.821617742185480893e-05 4.795481072505936027e-05 1.293176173930987716e-04 7.290600478881970048e-07 2.284806578245479614e-05 5.712248007938569572e-09 4.311032739678921644e-07 6.803628366469638422e-06 1.327383070020005107e-04 1.135532802436500788e-04 5.404136027209460735e-04 2.570036031102063134e-06 5.821617742185480893e-05 4.795481072505936027e-05 1.293176173930987716e-04 7.290600478881970048e-07 2.284806578245479614e-05 5.712248007938569572e-09 4.311032739678921644e-07 6.803628366469638422e-06
4.820000000000000000e+03 1.613878121133893728e-04 1.653814833844080567e-04 5.942559801042079926e-04 3.288246944066486321e-06 5.973223233013413846e-05 6.104488420533016324e-05 1.309969520661979914e-04 7.151264185267791618e-07 1.407659328833688051e-05 7.046049965708789387e-09 7.813446813997870777e-07 5.445827810035552830e-06 1.475349999964237213e-04 1.115447958000004292e-04 5.476411897689104080e-04 2.405814711892162450e-06 5.973223233013413846e-05 6.104488420533016324e-05 1.309969520661979914e-04 7.151264185267791618e-07 1.407659328833688051e-05 7.046049965708789387e-09 7.813446813997870777e-07 5.445827810035552830e-06
4.830000000000000000e+03 1.551474706502631307e-04 1.605601719347760081e-04 5.736507591791450977e-04 3.275858716733637266e-06 5.956401582807302475e-05 8.462834375677630305e-05 1.297137059736996889e-04 7.909126225058571436e-07 3.355794979142956436e-05 8.099966919417056488e-09 3.978430243023467483e-07 1.405896637152181938e-05 1.389641984133049846e-04 1.100237204809673131e-04 5.332974833436310291e-04 2.366940861975308508e-06 5.956401582807302475e-05 8.462834375677630305e-05 1.297137059736996889e-04 7.909126225058571436e-07 3.355794979142956436e-05 8.099966919417056488e-09 3.978430243023467483e-07 1.405896637152181938e-05
4.840000000000000000e+03 1.541788078611716628e-04 1.577864895807579160e-04 5.653366097249090672e-04 3.409208829907584004e-06 6.161535566207021475e-05 7.732806261628866196e-05 1.304063334828242660e-04 1.166926722362404689e-06 2.423935256956610829e-05 5.399941382933093337e-09 3.257995331296115182e-07 8.204930054489523172e-06 1.413233549101278186e-04 1.069653299055062234e-04 5.248203524388372898e-04 2.333434395040967502e-06 6.161535566207021475e-05 7.732806261628866196e-05 1.304063334828242660e-04 1.166926722362404689e-06 2.423935256956610829e-05 5.399941382933093337e-09 3.257995331296115182e-07 8.204930054489523172e-06
4.850000000000000000e+03 1.616540394024923444e-04 1.591900072526186705e-04 5.661194445565342903e-04 3.231653408874990419e-06 6.118822057032957673e-05 5.748925104853697121e-05 1.301923184655606747e-04 6.877215241729572881e-07 5.258030796539969742e-06 9.954024271507933008e-09 2.715405003073101398e-07 2.190231953136390075e-06 1.473952870583161712e-04 1.086009287973865867e-04 5.226974026300013065e-04 2.274176722494303249e-06 6.118822057032957673e-05 5.748925104853697121e-05 1.301923184655606747e-04 6.877215241729572881e-07 5.258030796539969742e-06 9.954024271507933008e-09 2.715405003073101398e-07 2.190231953136390075e-06
4.860000000000000000e+03 1.620717084733769298e-04 1.651838683756068349e-04 5.806456319987773895e-04 3.159552534270915203e-06 6.187114195199683309e-05 5.184525070944800973e-05 1.270777283934876323e-04 7.312931415981438477e-07 7.370884986812598072e-07 7.160541048989443880e-09 3.072113656799047021e-07 2.571818527030700352e-07 1.445830566808581352e-04 1.163457636721432209e-04 5.492047057487070560e-04 2.320640305697452277e-06 6.187114195199683309e-05 5.184525070944800973e-05 1.270777283934876323e-04 7.312931415981438477e-07 7.370884986812598072e-07 7.160541048989443880e-09 3.072113656799047021e-07 2.571818527030700352e-07
4.870000000000000000e+03 1.695579412626102567e-04 1.843450736487284303e-04 6.063743494451045990e-04 3.208554971934063360e-06 5.213603799347765744e-05 1.566936407471075654e-04 1.310277584707364440e-04 1.044038867803465109e-06 3.069223894271999598e-04 1.689248563252476742e-08 1.314312839895137586e-06 8.824674296192824841e-05 1.518112549092620611e-04 1.258784468518570065e-04 5.586991901509463787e-04 2.344620270378072746e-06 5.213603799347765744e-05 1.566936407471075654e-04 1.310277584707364440e-04 1.044038867803465109e-06 3.069223894271999598e-04 1.689248563252476742e-08 1.314312839895137586e-06 8.824674296192824841e-05
4.880000000000000000e+03 1.652338542044162750e-04 1.702005247352644801e-04 5.875125643797218800e-04 3.298076990176923573e-06 6.140979530755430460e-05 6.990636029513552785e-05 1.282066950807347894e-04 8.481310374008899089e-07 7.823803025530651212e-05 2.982686808650214516e-08 5.245831289357738569e-07 2.113850860041566193e-05 1.469624403398483992e-04 1.218106117448769510e-04 5.463084089569747448e-04 2.352201363464700989e-06 6.140979530755430460e-05 6.990636029513552785e-05 1.282066950807347894e-04 8.481310374008899089e-07 7.823803025530651212e-05 2.982686808650214516e-08 5.245831289357738569e-07 2.113850860041566193e-05
4.890000000000000000e+03 1.689744094619527459e-04 1.535501069156453013e-04 5.805068067274987698e-04 3.067113993893144652e-06 5.489133400260470808e-05 5.670348400599323213e-05 1.324669428868219256e-04 4.917935143566865008e-07 6.034169928170740604e-06 2.770552320896513265e-08 2.435087253616075031e-06 6.233132808119989932e-06 1.440685882698744535e-04 1.107681891880929470e-04 5.311258137226104736e-04 2.343331971133011393e-06 5.489133400260470808e-05 5.670348400599323213e-05 1.324669428868219256e-04 4.917935143566865008e-07 6.034169928170740604e-06 2.770552320896513265e-08 2.435087253616075031e-06 6.233132808119989932e-06
4.900000000000000000e+03 1.632436178624629974e-04 1.579245727043598890e-04 5.765343667007982731e-04 2.889720690291142091e-06 6.497839785879477859e-05 4.353927215561270714e-05 1.272770605282858014e-04 8.828811246530676726e-07 6.545521046064095572e-06 6.028178844985632168e-09 8.312304657920321915e-07 3.242007323933648877e-06 1.445222733309492469e-04 1.162738626589998603e-04 5.378135247156023979e-04 2.240216190330102108e-06 6.497839785879477859e-05 4.353927215561270714e-05 1.272770605282858014e-04 8.828811246530676726e-07 6.545521046064095572e-06 6.028178844985632168e-09 8.312304657920321915e-07 3.242007323933648877e-06
4.910000000000000000e+03 1.613876665942370892e-04 1.523408718639984727e-04 5.874196649529039860e-04 2.948980636574560776e-06 5.347436672309413552e-05 5.300477641867473722e-05 1.275948015972971916e-04 4.581496568789589219e-07 1.138389961852226406e-05 7.661357770416543644e-09 9.794174502530950122e-07 1.274756323255132884e-05 1.471598225180059671e-04 1.119820663006976247e-04 5.361820221878588200e-04 2.168735591112636030e-06 5.347436672309413552e-05 5.300477641867473722e-05 1.275948015972971916e-04 4.581496568789589219e-07 1.138389961852226406e-05 7.661357770416543644e-09 9.794174502530950122e-07 1.274756323255132884e-05
4.920000000000000000e+03 1.646547898417338729e-04 1.529626024421304464e-04 5.868346197530627251e-04 2.910489456553477794e-06 5.342266013030894101e-05 4.620036997948773205e-05 1.246159663423895836e-04 5.009868573324638419e-07 1.977056399482535198e-06 1.359878343265563672e-08 8.648997322779905517e-07 3.884654233843320981e-07 1.408690877724438906e-04 1.146229769801720977e-04 5.519030382856726646e-04 2.446447524562245235e-06 5.342266013030894101e-05 4.620036997948773205e-05 1.246159663423895836e-04 5.009868573324638419e-07 1.977056399482535198e-06 1.359878343265563672e-08 8.648997322779905517e-07 3.884654233843320981e-07
4.930000000000000000e+03 1.657924731262028217e-04 1.559936645207926631e-04 5.751523422077298164e-04 3.153621264573303051e-06 6.933333497727289796e-05 4.602262561093084514e-05 1.278786803595721722e-04 5.957675170975562651e-07 2.281832848893827759e-06 7.687645187104408251e-09 6.118814326327992603e-07 1.279774551221635193e-05 1.518653589300811291e-04 1.179251194116659462e-04 5.382656818255782127e-04 2.467194917699089274e-06 6.933333497727289796e-05 4.602262561093084514e-05 1.278786803595721722e-04 5.957675170975562651e-07 2.281832848893827759e-06 7.687645187104408251e-09 6.118814326327992603e-07 1.279774551221635193e-05
4.940000000000000000e+03 1.658951368881389499e-04 1.584780548000708222e-04 5.731488345190882683e-04 3.036796215383219533e-06 7.509738497901707888e-05 5.750450145569629967e-05 1.299340801779180765e-04 6.000319103804940823e-07 1.681642788753379136e-05 4.602635161887747017e-09 1.808560341487464029e-06 2.379121906415093690e-05 1.515718176960945129e-04 1.186381487059406936e-04 5.342470249161124229e-04 2.446107600917457603e-06 7.509738497901707888e-05 5.750450145569629967e-05 1.299340801779180765e-04 6.000319103804940823e-07 1.681642788753379136e-05 4.602635161887747017e-09 1.808560341487464029e-06 2.379121906415093690e-05
4.950000000000000000e+03 1.626892480999231339e-04 1.497707562521100044e-04 5.781545187346637249e-04 2.839731905623921193e-06 6.801465497119352221e-05 5.029441308579407632e-05 1.261770084965974092e-04 1.006424440674891230e-06 8.963144864537753165e-06 2.109642682768253508e-09 2.212078697994002141e-06 3.700567503983620554e-06 1.524625113233923912e-04 1.086339761968702078e-04 5.350925493985414505e-04 2.324926754226908088e-06 6.801465497119352221e-05 5.029441308579407632e-05 1.261770084965974092e-04 1.006424440674891230e-06 8.963144864537753165e-06 2.109642682768253508e-09 2.212078697994002141e-06 3.700567503983620554e-06
4.960000000000000000e+03 1.569672313053160906e-04 1.353943371213972569e-04 5.777269252575933933e-04 3.103491962974658236e-06 6.392499926732853055e-05 1.296583359362557530e-04 1.214622679981403053e-04 1.223156345986353699e-06 1.945069197972770780e-05 1.784769665391650051e-08 5.143991756995092146e-07 3.717195431818254292e-05 1.486362598370760679e-04 1.014804729493334889e-04 5.386365810409188271e-04 2.435943770251469687e-06 6.392499926732853055e-05 1.296583359362557530e-04 1.214622679981403053e-04 1.223156345986353699e-06 1.945069197972770780e-05 1.784769665391650051e-08 5.143991756995092146e-07 3.717195431818254292e-05
4.970000000000000000e+03 1.706353214103728533e-04 1.470568968215957284e-04 5.802650121040642262e-04 3.413932972762268037e-06 6.805391603847965598e-05 4.841197733185254037e-05 1.210898626595735550e-04 9.787793260329635814e-07 4.376839569886215031e-06 7.385907441204153656e-09 2.867201658318663249e-07 2.283306457684375346e-06 1.573368499521166086e-04 1.111816454795189202e-04 5.336060421541333199e-04 2.645309223225922324e-06 6.805391603847965598e-05 4.841197733185254037e-05 1.210898626595735550e-04 9.787793260329635814e-07 4.376839569886215031e-06 7.385907441204153656e-09 2.867201658318663249e-07 2.283306457684375346e-06
4.980000000000000000e+03 1.685625611571595073e-04 1.371610851492732763e-04 5.753830773755908012e-04 3.311866976218880154e-06 5.818359204567968845e-05 6.690171721857041121e-05 1.278380077565088868e-04 1.478285412304103374e-06 4.243305284035159275e-06 1.161285112516452500e-08 2.636764293129090220e-06 4.613150110799324466e-07 1.589172607054933906e-04 1.008182589430361986e-04 5.320408381521701813e-04 2.615421408336260356e-06 5.818359204567968845e-05 6.690171721857041121e-05 1.278380077565088868e-04 1.478285412304103374e-06 4.243305284035159275e-06 1.161285112516452500e-08 2.636764293129090220e-06 4.613150110799324466e-07
4.990000000000000000e+03 1.702295558061450720e-04 1.445312664145603776e-04 5.803517997264862061e-04 3.216921868443023413e-06 6.558990571647882462e-05 5.080769187770783901e-05 1.255850511370226741e-04 7.871969387451827060e-07 8.114608135656453669e-06 9.176086557260987320e-09 1.528701318420644384e-06 3.198325657649547793e-06 1.557223586132749915e-04 1.077405468095093966e-04 5.313759902492165565e-04 2.608927161418250762e-06 6.558990571647882462e-05 5.080769187770783901e-05 1.255850511370226741e-04 7.871969387451827060e-07 8.114608135656453669e-06 9.176086557260987320e-09 1.528701318420644384e-06 3.198325657649547793e-06
5.000000000000000000e+03 1.632582279853522778e-04 1.429083349648863077e-04 5.776100442744791508e-04 3.537776592565933242e-06 6.163783109514042735e-05 5.206166679272428155e-05 1.237835822394117713e-04 1.950225851032882929e-06 1.317141413892386481e-05 2.323940329063134413e-08 9.634641173761337996e-07 5.711217909265542403e-06 1.523039391031488776e-04 1.057700501405633986e-04 5.294039729051291943e-04 2.663985924300504848e-06 6.163783109514042735e-05 5.206166679272428155e-05 1.237835822394117713e-04 1.950225851032882929e-06 1.317141413892386481e-05 2.323940329063134413e-08 9.634641173761337996e-07 5.711217909265542403e-06
