# x
1.000000000000000000e+00 0.000000000000000000e+00
1.000000000000000000e+00 7.932537794113159180e-02
1.000000000000000000e+00 1.586507558822631836e-01
1.000000000000000000e+00 2.379761338233947754e-01
1.000000000000000000e+00 3.173015117645263672e-01
1.000000000000000000e+00 3.966268897056579590e-01
1.000000000000000000e+00 4.759522676467895508e-01
1.000000000000000000e+00 5.552776455879211426e-01
1.000000000000000000e+00 6.346030235290527344e-01
1.000000000000000000e+00 7.142857313156127930e-01
1.000000000000000000e+00 0.000000000000000000e+00
1.000000000000000000e+00 7.932537794113159180e-02
1.000000000000000000e+00 1.586507558822631836e-01
1.000000000000000000e+00 2.379761338233947754e-01
1.000000000000000000e+00 3.173015117645263672e-01
1.000000000000000000e+00 3.966268897056579590e-01
1.000000000000000000e+00 4.759522676467895508e-01
1.000000000000000000e+00 5.552776455879211426e-01
1.000000000000000000e+00 6.346030235290527344e-01
1.000000000000000000e+00 7.142857313156127930e-01
1.000000000000000000e+00 0.000000000000000000e+00
1.000000000000000000e+00 7.932537794113159180e-02
1.000000000000000000e+00 1.586507558822631836e-01
1.000000000000000000e+00 2.379761338233947754e-01
1.000000000000000000e+00 3.173015117645263672e-01
1.000000000000000000e+00 3.966268897056579590e-01
1.000000000000000000e+00 4.759522676467895508e-01
1.000000000000000000e+00 5.552776455879211426e-01
1.000000000000000000e+00 6.346030235290527344e-01
1.000000000000000000e+00 7.142857313156127930e-01
1.000000014901161194e-01 0.000000000000000000e+00
1.115384623408317566e-01 0.000000000000000000e+00
1.230769231915473938e-01 0.000000000000000000e+00
1.346153914928436279e-01 0.000000000000000000e+00
1.461538523435592651e-01 0.000000000000000000e+00
1.576923131942749023e-01 0.000000000000000000e+00
1.692307740449905396e-01 0.000000000000000000e+00
1.807692348957061768e-01 0.000000000000000000e+00
1.923076957464218140e-01 0.000000000000000000e+00
2.038461565971374512e-01 0.000000000000000000e+00
2.153846174478530884e-01 0.000000000000000000e+00
2.269230782985687256e-01 0.000000000000000000e+00
2.384615391492843628e-01 0.000000000000000000e+00
2.500000000000000000e-01 0.000000000000000000e+00
2.615384757518768311e-01 0.000000000000000000e+00
2.730769217014312744e-01 0.000000000000000000e+00
2.846153974533081055e-01 0.000000000000000000e+00
2.961538434028625488e-01 0.000000000000000000e+00
3.076923191547393799e-01 0.000000000000000000e+00
3.192307651042938232e-01 0.000000000000000000e+00
3.307692408561706543e-01 0.000000000000000000e+00
3.423076868057250977e-01 0.000000000000000000e+00
3.538461625576019287e-01 0.000000000000000000e+00
3.653846085071563721e-01 0.000000000000000000e+00
3.769230842590332031e-01 0.000000000000000000e+00
3.884615302085876465e-01 0.000000000000000000e+00
4.000000059604644775e-01 0.000000000000000000e+00
4.115384519100189209e-01 0.000000000000000000e+00
4.230769276618957520e-01 0.000000000000000000e+00
4.346153736114501953e-01 0.000000000000000000e+00
4.461538493633270264e-01 0.000000000000000000e+00
4.576922953128814697e-01 0.000000000000000000e+00
4.692307710647583008e-01 0.000000000000000000e+00
4.807692170143127441e-01 0.000000000000000000e+00
4.923076927661895752e-01 0.000000000000000000e+00
5.038461685180664062e-01 0.000000000000000000e+00
5.153846144676208496e-01 0.000000000000000000e+00
5.269230604171752930e-01 0.000000000000000000e+00
5.384615659713745117e-01 0.000000000000000000e+00
5.500000119209289551e-01 0.000000000000000000e+00
5.615384578704833984e-01 0.000000000000000000e+00
5.730769038200378418e-01 0.000000000000000000e+00
5.846154093742370605e-01 0.000000000000000000e+00
5.961538553237915039e-01 0.000000000000000000e+00
6.076923012733459473e-01 0.000000000000000000e+00
6.192307472229003906e-01 0.000000000000000000e+00
6.307692527770996094e-01 0.000000000000000000e+00
6.423076987266540527e-01 0.000000000000000000e+00
6.538461446762084961e-01 0.000000000000000000e+00
6.653845906257629395e-01 0.000000000000000000e+00
6.769230961799621582e-01 0.000000000000000000e+00
6.884615421295166016e-01 0.000000000000000000e+00
6.999999880790710449e-01 0.000000000000000000e+00
7.115384340286254883e-01 0.000000000000000000e+00
7.230769395828247070e-01 0.000000000000000000e+00
7.346153855323791504e-01 0.000000000000000000e+00
7.461538314819335938e-01 0.000000000000000000e+00
7.576923370361328125e-01 0.000000000000000000e+00
7.692307829856872559e-01 0.000000000000000000e+00
7.807692289352416992e-01 0.000000000000000000e+00
7.923076748847961426e-01 0.000000000000000000e+00
8.038461804389953613e-01 0.000000000000000000e+00
8.153846263885498047e-01 0.000000000000000000e+00
8.269230723381042480e-01 0.000000000000000000e+00
8.384615182876586914e-01 0.000000000000000000e+00
8.500000238418579102e-01 0.000000000000000000e+00
8.615384697914123535e-01 0.000000000000000000e+00
8.730769157409667969e-01 0.000000000000000000e+00
8.846153616905212402e-01 0.000000000000000000e+00
8.961538672447204590e-01 0.000000000000000000e+00
9.076923131942749023e-01 0.000000000000000000e+00
9.192307591438293457e-01 0.000000000000000000e+00
9.307692050933837891e-01 0.000000000000000000e+00
9.423077106475830078e-01 0.000000000000000000e+00
9.538461565971374512e-01 0.000000000000000000e+00
9.653846025466918945e-01 0.000000000000000000e+00
9.769230484962463379e-01 0.000000000000000000e+00
9.884615540504455566e-01 0.000000000000000000e+00
1.000000000000000000e+00 0.000000000000000000e+00
1.000000014901161194e-01 0.000000000000000000e+00
1.115384623408317566e-01 0.000000000000000000e+00
1.230769231915473938e-01 0.000000000000000000e+00
1.346153914928436279e-01 0.000000000000000000e+00
1.461538523435592651e-01 0.000000000000000000e+00
1.576923131942749023e-01 0.000000000000000000e+00
1.692307740449905396e-01 0.000000000000000000e+00
1.807692348957061768e-01 0.000000000000000000e+00
1.923076957464218140e-01 0.000000000000000000e+00
2.038461565971374512e-01 0.000000000000000000e+00
2.153846174478530884e-01 0.000000000000000000e+00
2.269230782985687256e-01 0.000000000000000000e+00
2.384615391492843628e-01 0.000000000000000000e+00
2.500000000000000000e-01 0.000000000000000000e+00
2.615384757518768311e-01 0.000000000000000000e+00
2.730769217014312744e-01 0.000000000000000000e+00
2.846153974533081055e-01 0.000000000000000000e+00
2.961538434028625488e-01 0.000000000000000000e+00
3.076923191547393799e-01 0.000000000000000000e+00
3.192307651042938232e-01 0.000000000000000000e+00
3.307692408561706543e-01 0.000000000000000000e+00
3.423076868057250977e-01 0.000000000000000000e+00
3.538461625576019287e-01 0.000000000000000000e+00
3.653846085071563721e-01 0.000000000000000000e+00
3.769230842590332031e-01 0.000000000000000000e+00
3.884615302085876465e-01 0.000000000000000000e+00
4.000000059604644775e-01 0.000000000000000000e+00
4.115384519100189209e-01 0.000000000000000000e+00
4.230769276618957520e-01 0.000000000000000000e+00
4.346153736114501953e-01 0.000000000000000000e+00
4.461538493633270264e-01 0.000000000000000000e+00
4.576922953128814697e-01 0.000000000000000000e+00
4.692307710647583008e-01 0.000000000000000000e+00
4.807692170143127441e-01 0.000000000000000000e+00
4.923076927661895752e-01 0.000000000000000000e+00
5.038461685180664062e-01 0.000000000000000000e+00
5.153846144676208496e-01 0.000000000000000000e+00
5.269230604171752930e-01 0.000000000000000000e+00
5.384615659713745117e-01 0.000000000000000000e+00
5.500000119209289551e-01 0.000000000000000000e+00
5.615384578704833984e-01 0.000000000000000000e+00
5.730769038200378418e-01 0.000000000000000000e+00
5.846154093742370605e-01 0.000000000000000000e+00
5.961538553237915039e-01 0.000000000000000000e+00
6.076923012733459473e-01 0.000000000000000000e+00
6.192307472229003906e-01 0.000000000000000000e+00
6.307692527770996094e-01 0.000000000000000000e+00
6.423076987266540527e-01 0.000000000000000000e+00
6.538461446762084961e-01 0.000000000000000000e+00
6.653845906257629395e-01 0.000000000000000000e+00
6.769230961799621582e-01 0.000000000000000000e+00
6.884615421295166016e-01 0.000000000000000000e+00
6.999999880790710449e-01 0.000000000000000000e+00
7.115384340286254883e-01 0.000000000000000000e+00
7.230769395828247070e-01 0.000000000000000000e+00
7.346153855323791504e-01 0.000000000000000000e+00
7.461538314819335938e-01 0.000000000000000000e+00
7.576923370361328125e-01 0.000000000000000000e+00
7.692307829856872559e-01 0.000000000000000000e+00
7.807692289352416992e-01 0.000000000000000000e+00
7.923076748847961426e-01 0.000000000000000000e+00
8.038461804389953613e-01 0.000000000000000000e+00
8.153846263885498047e-01 0.000000000000000000e+00
8.269230723381042480e-01 0.000000000000000000e+00
8.384615182876586914e-01 0.000000000000000000e+00
8.500000238418579102e-01 0.000000000000000000e+00
8.615384697914123535e-01 0.000000000000000000e+00
8.730769157409667969e-01 0.000000000000000000e+00
8.846153616905212402e-01 0.000000000000000000e+00
8.961538672447204590e-01 0.000000000000000000e+00
9.076923131942749023e-01 0.000000000000000000e+00
9.192307591438293457e-01 0.000000000000000000e+00
9.307692050933837891e-01 0.000000000000000000e+00
9.423077106475830078e-01 0.000000000000000000e+00
9.538461565971374512e-01 0.000000000000000000e+00
9.653846025466918945e-01 0.000000000000000000e+00
9.769230484962463379e-01 0.000000000000000000e+00
9.884615540504455566e-01 0.000000000000000000e+00
1.000000000000000000e+00 0.000000000000000000e+00
1.000000014901161194e-01 0.000000000000000000e+00
1.115384623408317566e-01 0.000000000000000000e+00
1.230769231915473938e-01 0.000000000000000000e+00
1.346153914928436279e-01 0.000000000000000000e+00
1.461538523435592651e-01 0.000000000000000000e+00
1.576923131942749023e-01 0.000000000000000000e+00
1.692307740449905396e-01 0.000000000000000000e+00
1.807692348957061768e-01 0.000000000000000000e+00
1.923076957464218140e-01 0.000000000000000000e+00
2.038461565971374512e-01 0.000000000000000000e+00
2.153846174478530884e-01 0.000000000000000000e+00
2.269230782985687256e-01 0.000000000000000000e+00
2.384615391492843628e-01 0.000000000000000000e+00
2.500000000000000000e-01 0.000000000000000000e+00
2.615384757518768311e-01 0.000000000000000000e+00
2.730769217014312744e-01 0.000000000000000000e+00
2.846153974533081055e-01 0.000000000000000000e+00
2.961538434028625488e-01 0.000000000000000000e+00
3.076923191547393799e-01 0.000000000000000000e+00
3.192307651042938232e-01 0.000000000000000000e+00
3.307692408561706543e-01 0.000000000000000000e+00
3.423076868057250977e-01 0.000000000000000000e+00
3.538461625576019287e-01 0.000000000000000000e+00
3.653846085071563721e-01 0.000000000000000000e+00
3.769230842590332031e-01 0.000000000000000000e+00
3.884615302085876465e-01 0.000000000000000000e+00
4.000000059604644775e-01 0.000000000000000000e+00
4.115384519100189209e-01 0.000000000000000000e+00
4.230769276618957520e-01 0.000000000000000000e+00
4.346153736114501953e-01 0.000000000000000000e+00
4.461538493633270264e-01 0.000000000000000000e+00
4.576922953128814697e-01 0.000000000000000000e+00
4.692307710647583008e-01 0.000000000000000000e+00
4.807692170143127441e-01 0.000000000000000000e+00
4.923076927661895752e-01 0.000000000000000000e+00
5.038461685180664062e-01 0.000000000000000000e+00
5.153846144676208496e-01 0.000000000000000000e+00
5.269230604171752930e-01 0.000000000000000000e+00
5.384615659713745117e-01 0.000000000000000000e+00
5.500000119209289551e-01 0.000000000000000000e+00
5.615384578704833984e-01 0.000000000000000000e+00
5.730769038200378418e-01 0.000000000000000000e+00
5.846154093742370605e-01 0.000000000000000000e+00
5.961538553237915039e-01 0.000000000000000000e+00
6.076923012733459473e-01 0.000000000000000000e+00
6.192307472229003906e-01 0.000000000000000000e+00
6.307692527770996094e-01 0.000000000000000000e+00
6.423076987266540527e-01 0.000000000000000000e+00
6.538461446762084961e-01 0.000000000000000000e+00
6.653845906257629395e-01 0.000000000000000000e+00
6.769230961799621582e-01 0.000000000000000000e+00
6.884615421295166016e-01 0.000000000000000000e+00
6.999999880790710449e-01 0.000000000000000000e+00
7.115384340286254883e-01 0.000000000000000000e+00
7.230769395828247070e-01 0.000000000000000000e+00
7.346153855323791504e-01 0.000000000000000000e+00
7.461538314819335938e-01 0.000000000000000000e+00
7.576923370361328125e-01 0.000000000000000000e+00
7.692307829856872559e-01 0.000000000000000000e+00
7.807692289352416992e-01 0.000000000000000000e+00
7.923076748847961426e-01 0.000000000000000000e+00
8.038461804389953613e-01 0.000000000000000000e+00
8.153846263885498047e-01 0.000000000000000000e+00
8.269230723381042480e-01 0.000000000000000000e+00
8.384615182876586914e-01 0.000000000000000000e+00
8.500000238418579102e-01 0.000000000000000000e+00
8.615384697914123535e-01 0.000000000000000000e+00
8.730769157409667969e-01 0.000000000000000000e+00
8.846153616905212402e-01 0.000000000000000000e+00
8.961538672447204590e-01 0.000000000000000000e+00
9.076923131942749023e-01 0.000000000000000000e+00
9.192307591438293457e-01 0.000000000000000000e+00
9.307692050933837891e-01 0.000000000000000000e+00
9.423077106475830078e-01 0.000000000000000000e+00
9.538461565971374512e-01 0.000000000000000000e+00
9.653846025466918945e-01 0.000000000000000000e+00
9.769230484962463379e-01 0.000000000000000000e+00
9.884615540504455566e-01 0.000000000000000000e+00
1.000000000000000000e+00 0.000000000000000000e+00
1.000000014901161194e-01 7.142857313156127930e-01
1.115384623408317566e-01 7.142857313156127930e-01
1.230769231915473938e-01 7.142857313156127930e-01
1.346153914928436279e-01 7.142857313156127930e-01
1.461538523435592651e-01 7.142857313156127930e-01
1.576923131942749023e-01 7.142857313156127930e-01
1.692307740449905396e-01 7.142857313156127930e-01
1.807692348957061768e-01 7.142857313156127930e-01
1.923076957464218140e-01 7.142857313156127930e-01
2.038461565971374512e-01 7.142857313156127930e-01
2.153846174478530884e-01 7.142857313156127930e-01
2.269230782985687256e-01 7.142857313156127930e-01
2.384615391492843628e-01 7.142857313156127930e-01
2.500000000000000000e-01 7.142857313156127930e-01
2.615384757518768311e-01 7.142857313156127930e-01
2.730769217014312744e-01 7.142857313156127930e-01
2.846153974533081055e-01 7.142857313156127930e-01
2.961538434028625488e-01 7.142857313156127930e-01
3.076923191547393799e-01 7.142857313156127930e-01
3.192307651042938232e-01 7.142857313156127930e-01
3.307692408561706543e-01 7.142857313156127930e-01
3.423076868057250977e-01 7.142857313156127930e-01
3.538461625576019287e-01 7.142857313156127930e-01
3.653846085071563721e-01 7.142857313156127930e-01
3.769230842590332031e-01 7.142857313156127930e-01
3.884615302085876465e-01 7.142857313156127930e-01
4.000000059604644775e-01 7.142857313156127930e-01
4.115384519100189209e-01 7.142857313156127930e-01
4.230769276618957520e-01 7.142857313156127930e-01
4.346153736114501953e-01 7.142857313156127930e-01
4.461538493633270264e-01 7.142857313156127930e-01
4.576922953128814697e-01 7.142857313156127930e-01
4.692307710647583008e-01 7.142857313156127930e-01
4.807692170143127441e-01 7.142857313156127930e-01
4.923076927661895752e-01 7.142857313156127930e-01
5.038461685180664062e-01 7.142857313156127930e-01
5.153846144676208496e-01 7.142857313156127930e-01
5.269230604171752930e-01 7.142857313156127930e-01
5.384615659713745117e-01 7.142857313156127930e-01
5.500000119209289551e-01 7.142857313156127930e-01
5.615384578704833984e-01 7.142857313156127930e-01
5.730769038200378418e-01 7.142857313156127930e-01
5.846154093742370605e-01 7.142857313156127930e-01
5.961538553237915039e-01 7.142857313156127930e-01
6.076923012733459473e-01 7.142857313156127930e-01
6.192307472229003906e-01 7.142857313156127930e-01
6.307692527770996094e-01 7.142857313156127930e-01
6.423076987266540527e-01 7.142857313156127930e-01
6.538461446762084961e-01 7.142857313156127930e-01
6.653845906257629395e-01 7.142857313156127930e-01
6.769230961799621582e-01 7.142857313156127930e-01
6.884615421295166016e-01 7.142857313156127930e-01
6.999999880790710449e-01 7.142857313156127930e-01
7.115384340286254883e-01 7.142857313156127930e-01
7.230769395828247070e-01 7.142857313156127930e-01
7.346153855323791504e-01 7.142857313156127930e-01
7.461538314819335938e-01 7.142857313156127930e-01
7.576923370361328125e-01 7.142857313156127930e-01
7.692307829856872559e-01 7.142857313156127930e-01
7.807692289352416992e-01 7.142857313156127930e-01
7.923076748847961426e-01 7.142857313156127930e-01
8.038461804389953613e-01 7.142857313156127930e-01
8.153846263885498047e-01 7.142857313156127930e-01
8.269230723381042480e-01 7.142857313156127930e-01
8.384615182876586914e-01 7.142857313156127930e-01
8.500000238418579102e-01 7.142857313156127930e-01
8.615384697914123535e-01 7.142857313156127930e-01
8.730769157409667969e-01 7.142857313156127930e-01
8.846153616905212402e-01 7.142857313156127930e-01
8.961538672447204590e-01 7.142857313156127930e-01
9.076923131942749023e-01 7.142857313156127930e-01
9.192307591438293457e-01 7.142857313156127930e-01
9.307692050933837891e-01 7.142857313156127930e-01
9.423077106475830078e-01 7.142857313156127930e-01
9.538461565971374512e-01 7.142857313156127930e-01
9.653846025466918945e-01 7.142857313156127930e-01
9.769230484962463379e-01 7.142857313156127930e-01
9.884615540504455566e-01 7.142857313156127930e-01
1.000000000000000000e+00 7.142857313156127930e-01
1.000000014901161194e-01 7.142857313156127930e-01
1.115384623408317566e-01 7.142857313156127930e-01
1.230769231915473938e-01 7.142857313156127930e-01
1.346153914928436279e-01 7.142857313156127930e-01
1.461538523435592651e-01 7.142857313156127930e-01
1.576923131942749023e-01 7.142857313156127930e-01
1.692307740449905396e-01 7.142857313156127930e-01
1.807692348957061768e-01 7.142857313156127930e-01
1.923076957464218140e-01 7.142857313156127930e-01
2.038461565971374512e-01 7.142857313156127930e-01
2.153846174478530884e-01 7.142857313156127930e-01
2.269230782985687256e-01 7.142857313156127930e-01
2.384615391492843628e-01 7.142857313156127930e-01
2.500000000000000000e-01 7.142857313156127930e-01
2.615384757518768311e-01 7.142857313156127930e-01
2.730769217014312744e-01 7.142857313156127930e-01
2.846153974533081055e-01 7.142857313156127930e-01
2.961538434028625488e-01 7.142857313156127930e-01
3.076923191547393799e-01 7.142857313156127930e-01
3.192307651042938232e-01 7.142857313156127930e-01
3.307692408561706543e-01 7.142857313156127930e-01
3.423076868057250977e-01 7.142857313156127930e-01
3.538461625576019287e-01 7.142857313156127930e-01
3.653846085071563721e-01 7.142857313156127930e-01
3.769230842590332031e-01 7.142857313156127930e-01
3.884615302085876465e-01 7.142857313156127930e-01
4.000000059604644775e-01 7.142857313156127930e-01
4.115384519100189209e-01 7.142857313156127930e-01
4.230769276618957520e-01 7.142857313156127930e-01
4.346153736114501953e-01 7.142857313156127930e-01
4.461538493633270264e-01 7.142857313156127930e-01
4.576922953128814697e-01 7.142857313156127930e-01
4.692307710647583008e-01 7.142857313156127930e-01
4.807692170143127441e-01 7.142857313156127930e-01
4.923076927661895752e-01 7.142857313156127930e-01
5.038461685180664062e-01 7.142857313156127930e-01
5.153846144676208496e-01 7.142857313156127930e-01
5.269230604171752930e-01 7.142857313156127930e-01
5.384615659713745117e-01 7.142857313156127930e-01
5.500000119209289551e-01 7.142857313156127930e-01
5.615384578704833984e-01 7.142857313156127930e-01
5.730769038200378418e-01 7.142857313156127930e-01
5.846154093742370605e-01 7.142857313156127930e-01
5.961538553237915039e-01 7.142857313156127930e-01
6.076923012733459473e-01 7.142857313156127930e-01
6.192307472229003906e-01 7.142857313156127930e-01
6.307692527770996094e-01 7.142857313156127930e-01
6.423076987266540527e-01 7.142857313156127930e-01
6.538461446762084961e-01 7.142857313156127930e-01
6.653845906257629395e-01 7.142857313156127930e-01
6.769230961799621582e-01 7.142857313156127930e-01
6.884615421295166016e-01 7.142857313156127930e-01
6.999999880790710449e-01 7.142857313156127930e-01
7.115384340286254883e-01 7.142857313156127930e-01
7.230769395828247070e-01 7.142857313156127930e-01
7.346153855323791504e-01 7.142857313156127930e-01
7.461538314819335938e-01 7.142857313156127930e-01
7.576923370361328125e-01 7.142857313156127930e-01
7.692307829856872559e-01 7.142857313156127930e-01
7.807692289352416992e-01 7.142857313156127930e-01
7.923076748847961426e-01 7.142857313156127930e-01
8.038461804389953613e-01 7.142857313156127930e-01
8.153846263885498047e-01 7.142857313156127930e-01
8.269230723381042480e-01 7.142857313156127930e-01
8.384615182876586914e-01 7.142857313156127930e-01
8.500000238418579102e-01 7.142857313156127930e-01
8.615384697914123535e-01 7.142857313156127930e-01
8.730769157409667969e-01 7.142857313156127930e-01
8.846153616905212402e-01 7.142857313156127930e-01
8.961538672447204590e-01 7.142857313156127930e-01
9.076923131942749023e-01 7.142857313156127930e-01
9.192307591438293457e-01 7.142857313156127930e-01
9.307692050933837891e-01 7.142857313156127930e-01
9.423077106475830078e-01 7.142857313156127930e-01
9.538461565971374512e-01 7.142857313156127930e-01
9.653846025466918945e-01 7.142857313156127930e-01
9.769230484962463379e-01 7.142857313156127930e-01
9.884615540504455566e-01 7.142857313156127930e-01
1.000000000000000000e+00 7.142857313156127930e-01
5.500000119209289551e-01 3.569643886294215918e-04
3.249999880790710449e-01 7.139287772588431835e-04
7.749999761581420898e-01 1.070893136784434319e-03
2.125000059604644775e-01 1.427857554517686367e-03
6.625000238418579102e-01 1.784821855835616589e-03
4.374999701976776123e-01 2.141786273568868637e-03
8.874999880790710449e-01 2.498750574886798859e-03
1.562500000000000000e-01 2.855715109035372734e-03
6.062499880790710449e-01 3.212679410353302956e-03
3.812499940395355225e-01 3.569643711671233177e-03
8.312500119209289551e-01 3.926608245819807053e-03
2.687499821186065674e-01 4.283572547137737274e-03
7.187500000000000000e-01 4.640536848455667496e-03
4.937499761581420898e-01 4.997501149773597717e-03
9.437500238418579102e-01 5.354465451091527939e-03
1.281249970197677612e-01 5.711430218070745468e-03
5.781250000000000000e-01 6.068394053727388382e-03
3.531249761581420898e-01 6.425358820706605911e-03
8.031250238418579102e-01 6.782323587685823441e-03
2.406249940395355225e-01 7.139287423342466354e-03
6.906250119209289551e-01 7.496252190321683884e-03
4.656249880790710449e-01 7.853216491639614105e-03
9.156249761581420898e-01 8.210180327296257019e-03
1.843749880790710449e-01 8.567145094275474548e-03
6.343750357627868652e-01 8.924109861254692078e-03
4.093749821186065674e-01 9.281073696911334991e-03
8.593750000000000000e-01 9.638038463890552521e-03
2.968750000000000000e-01 9.995002299547195435e-03
7.468749880790710449e-01 1.035196706652641296e-02
5.218750238418579102e-01 1.070893090218305588e-02
9.718750119209289551e-01 1.106589566916227341e-02
1.140625029802322388e-01 1.142286043614149094e-02
5.640624761581420898e-01 1.177982427179813385e-02
3.390624821186065674e-01 1.213678810745477676e-02
7.890625000000000000e-01 1.249375380575656891e-02
2.265625000000000000e-01 1.285071764141321182e-02
6.765624880790710449e-01 1.320768147706985474e-02
4.515624940395355225e-01 1.356464717537164688e-02
9.015625119209289551e-01 1.392161101102828979e-02
1.703124940395355225e-01 1.427857484668493271e-02
6.203125119209289551e-01 1.463554054498672485e-02
3.953124880790710449e-01 1.499250438064336777e-02
8.453124761581420898e-01 1.534946821630001068e-02
2.828125059604644775e-01 1.570643298327922821e-02
7.328125238418579102e-01 1.606339775025844574e-02
5.078125000000000000e-01 1.642036065459251404e-02
9.578124880790710449e-01 1.677732542157173157e-02
1.421875059604644775e-01 1.713429018855094910e-02
5.921875238418579102e-01 1.749125495553016663e-02
3.671875000000000000e-01 1.784821972250938416e-02
8.171874880790710449e-01 1.820518448948860168e-02
2.546874880790710449e-01 1.856214739382266998e-02
7.046875357627868652e-01 1.891911216080188751e-02
4.796874821186065674e-01 1.927607692778110504e-02
9.296875000000000000e-01 1.963304169476032257e-02
1.984374970197677612e-01 1.999000459909439087e-02
6.484375000000000000e-01 2.034696936607360840e-02
4.234374761581420898e-01 2.070393413305282593e-02
8.734375238418579102e-01 2.106089890003204346e-02
3.109374940395355225e-01 2.141786180436611176e-02
7.609375119209289551e-01 2.177482843399047852e-02
5.359374880790710449e-01 2.213179133832454681e-02
9.859374761581420898e-01 2.248875610530376434e-02
1.070312485098838806e-01 2.284572087228298187e-02
5.570312738418579102e-01 2.320268377661705017e-02
3.320312500000000000e-01 2.355964854359626770e-02
7.820312380790710449e-01 2.391661517322063446e-02
2.195312380790710449e-01 2.427357621490955353e-02
6.695312857627868652e-01 2.463054284453392029e-02
4.445312321186065674e-01 2.498750761151313782e-02
8.945312500000000000e-01 2.534447051584720612e-02
1.632812470197677612e-01 2.570143528282642365e-02
6.132812500000000000e-01 2.605840004980564117e-02
3.882812261581420898e-01 2.641536295413970947e-02
8.382812738418579102e-01 2.677232958376407623e-02
2.757812440395355225e-01 2.712929435074329376e-02
7.257812619209289551e-01 2.748625725507736206e-02
5.007812380790710449e-01 2.784322202205657959e-02
9.507812261581420898e-01 2.820018678903579712e-02
1.351562440395355225e-01 2.855714969336986542e-02
5.851562619209289551e-01 2.891411632299423218e-02
3.601562380790710449e-01 2.927108108997344971e-02
8.101562261581420898e-01 2.962804399430751801e-02
2.476562559604644775e-01 2.998500876128673553e-02
6.976562738418579102e-01 3.034197166562080383e-02
4.726562201976776123e-01 3.069893643260002136e-02
9.226562380790710449e-01 3.105590119957923889e-02
1.914062500000000000e-01 3.141286596655845642e-02
6.414062380790710449e-01 3.176983073353767395e-02
4.164062440395355225e-01 3.212679550051689148e-02
8.664062619209289551e-01 3.248375654220581055e-02
3.039062321186065674e-01 3.284072130918502808e-02
7.539062500000000000e-01 3.319768980145454407e-02
5.289062261581420898e-01 3.355465084314346313e-02
9.789062738418579102e-01 3.391161561012268066e-02
1.210937500000000000e-01 3.426858037710189819e-02
5.710937380790710449e-01 3.462554514408111572e-02
3.460937440395355225e-01 3.498250991106033325e-02
7.960937619209289551e-01 3.533947467803955078e-02
2.335937619209289551e-01 3.569643944501876831e-02
6.835937500000000000e-01 3.605340421199798584e-02
4.585937261581420898e-01 3.641036897897720337e-02
9.085937738418579102e-01 3.676733002066612244e-02
1.773437559604644775e-01 3.712429478764533997e-02
6.273437738418579102e-01 3.748126327991485596e-02
4.023437500000000000e-01 3.783822432160377502e-02
8.523437380790710449e-01 3.819518908858299255e-02
2.898437380790710449e-01 3.855215385556221008e-02
7.398437857627868652e-01 3.890911862254142761e-02
5.148437619209289551e-01 3.926608338952064514e-02
9.648437500000000000e-01 3.962304443120956421e-02
1.492187529802322388e-01 3.998000919818878174e-02
5.992187261581420898e-01 4.033697769045829773e-02
3.742187321186065674e-01 4.069393873214721680e-02
8.242187500000000000e-01 4.105090349912643433e-02
2.617187500000000000e-01 4.140786826610565186e-02
7.117187380790710449e-01 4.176483303308486938e-02
4.867187440395355225e-01 4.212179780006408691e-02
9.367187619209289551e-01 4.247876256704330444e-02
2.054687440395355225e-01 4.283572360873222351e-02
6.554687619209289551e-01 4.319269210100173950e-02
4.304687380790710449e-01 4.354965686798095703e-02
8.804687261581420898e-01 4.390661790966987610e-02
3.179687559604644775e-01 4.426358267664909363e-02
7.679687738418579102e-01 4.462054744362831116e-02
5.429687500000000000e-01 4.497751221060752869e-02
9.929687380790710449e-01 4.533447325229644775e-02
1.035156250000000000e-01 4.569144174456596375e-02
5.535156130790710449e-01 4.604840651154518127e-02
3.285156190395355225e-01 4.640536755323410034e-02
7.785156369209289551e-01 4.676233604550361633e-02
2.160156220197677612e-01 4.711929708719253540e-02
6.660156250000000000e-01 4.747626185417175293e-02
4.410156011581420898e-01 4.783323034644126892e-02
8.910156488418579102e-01 4.819019138813018799e-02
1.597656309604644775e-01 4.854715242981910706e-02
6.097656488418579102e-01 4.890412092208862305e-02
3.847656250000000000e-01 4.926108568906784058e-02
8.347656130790710449e-01 4.961804673075675964e-02
2.722656130790710449e-01 4.997501522302627563e-02
7.222656607627868652e-01 5.033197626471519470e-02
4.972656071186065674e-01 5.068894103169441223e-02
9.472656250000000000e-01 5.104590952396392822e-02
1.316406279802322388e-01 5.140287056565284729e-02
5.816406011581420898e-01 5.175983533263206482e-02
3.566406071186065674e-01 5.211680009961128235e-02
8.066406250000000000e-01 5.247376486659049988e-02
2.441406250000000000e-01 5.283072590827941895e-02
6.941406130790710449e-01 5.318769440054893494e-02
4.691406190395355225e-01 5.354465916752815247e-02
9.191406369209289551e-01 5.390162020921707153e-02
1.878906190395355225e-01 5.425858870148658752e-02
6.378906369209289551e-01 5.461554974317550659e-02
4.128906130790710449e-01 5.497251451015472412e-02
8.628906011581420898e-01 5.532948300242424011e-02
3.003906309604644775e-01 5.568644404411315918e-02
7.503906488418579102e-01 5.604340881109237671e-02
5.253906250000000000e-01 5.640037357807159424e-02
9.753906130790710449e-01 5.675733834505081177e-02
1.175781264901161194e-01 5.711429938673973083e-02
5.675781369209289551e-01 5.747126787900924683e-02
3.425781130790710449e-01 5.782823264598846436e-02
7.925781011581420898e-01 5.818519368767738342e-02
2.300781309604644775e-01 5.854216217994689941e-02
6.800781488418579102e-01 5.889912322163581848e-02
4.550780951976776123e-01 5.925608798861503601e-02
9.050781130790710449e-01 5.961304903030395508e-02
1.738281250000000000e-01 5.997001752257347107e-02
6.238281130790710449e-01 6.032697856426239014e-02
3.988281190395355225e-01 6.068394333124160767e-02
8.488281369209289551e-01 6.104091182351112366e-02
2.863281071186065674e-01 6.139787286520004272e-02
7.363281250000000000e-01 6.175483763217926025e-02
5.113281011581420898e-01 6.211180239915847778e-02
9.613281488418579102e-01 6.246876716613769531e-02
1.457031220197677612e-01 6.282573193311691284e-02
5.957031250000000000e-01 6.318269670009613037e-02
3.707031011581420898e-01 6.353966146707534790e-02
8.207031488418579102e-01 6.389661878347396851e-02
2.582031190395355225e-01 6.425359100103378296e-02
7.082031369209289551e-01 6.461055576801300049e-02
4.832031130790710449e-01 6.496751308441162109e-02
9.332031011581420898e-01 6.532448530197143555e-02
2.019531130790710449e-01 6.568144261837005615e-02
6.519531607627868652e-01 6.603840738534927368e-02
4.269531071186065674e-01 6.639537960290908813e-02
8.769531250000000000e-01 6.675233691930770874e-02
3.144531250000000000e-01 6.710930168628692627e-02
7.644531130790710449e-01 6.746627390384674072e-02
5.394531488418579102e-01 6.782323122024536133e-02
9.894531369209289551e-01 6.818019598722457886e-02
1.105468720197677612e-01 6.853716075420379639e-02
5.605468750000000000e-01 6.889412552118301392e-02
3.355468809604644775e-01 6.925109028816223145e-02
7.855468988418579102e-01 6.960805505514144897e-02
2.230468690395355225e-01 6.996501982212066650e-02
6.730468869209289551e-01 7.032198458909988403e-02
4.480468630790710449e-01 7.067894935607910156e-02
8.980468511581420898e-01 7.103591412305831909e-02
1.667968779802322388e-01 7.139287889003753662e-02
6.167969107627868652e-01 7.174984365701675415e-02
3.917968571186065674e-01 7.210680842399597168e-02
8.417968750000000000e-01 7.246376574039459229e-02
2.792968750000000000e-01 7.282073795795440674e-02
7.292968630790710449e-01 7.317770272493362427e-02
5.042968988418579102e-01 7.353466004133224487e-02
9.542968869209289551e-01 7.389163225889205933e-02
1.386718750000000000e-01 7.424858957529067993e-02
5.886718630790710449e-01 7.460555434226989746e-02
3.636718690395355225e-01 7.496252655982971191e-02
8.136718869209289551e-01 7.531948387622833252e-02
2.511718869209289551e-01 7.567644864320755005e-02
7.011718750000000000e-01 7.603341341018676758e-02
4.761718511581420898e-01 7.639037817716598511e-02
9.261718988418579102e-01 7.674734294414520264e-02
1.949218809604644775e-01 7.710430771112442017e-02
6.449218988418579102e-01 7.746127247810363770e-02
4.199218750000000000e-01 7.781823724508285522e-02
8.699218630790710449e-01 7.817519456148147583e-02
3.074218630790710449e-01 7.853216677904129028e-02
7.574219107627868652e-01 7.888913154602050781e-02
5.324218869209289551e-01 7.924608886241912842e-02
9.824218750000000000e-01 7.960306107997894287e-02
1.246093735098838806e-01 7.996001839637756348e-02
5.746093988418579102e-01 8.031698316335678101e-02
3.496093750000000000e-01 8.067395538091659546e-02
7.996093630790710449e-01 8.103091269731521606e-02
2.371093630790710449e-01 8.138787746429443359e-02
6.871094107627868652e-01 8.174484223127365112e-02
4.621093571186065674e-01 8.210180699825286865e-02
9.121093750000000000e-01 8.245877176523208618e-02
1.808593720197677612e-01 8.281573653221130371e-02
6.308593750000000000e-01 8.317270129919052124e-02
4.058593511581420898e-01 8.352966606616973877e-02
8.558593988418579102e-01 8.388663083314895630e-02
2.933593690395355225e-01 8.424359560012817383e-02
7.433593869209289551e-01 8.460056036710739136e-02
5.183593630790710449e-01 8.495752513408660889e-02
9.683593511581420898e-01 8.531448990106582642e-02
1.527343690395355225e-01 8.567144721746444702e-02
6.027343869209289551e-01 8.602841943502426147e-02
3.777343630790710449e-01 8.638538420200347900e-02
8.277343511581420898e-01 8.674234151840209961e-02
2.652343809604644775e-01 8.709931373596191406e-02
7.152343988418579102e-01 8.745627105236053467e-02
4.902343451976776123e-01 8.781323581933975220e-02
9.402343630790710449e-01 8.817020803689956665e-02
2.089843750000000000e-01 8.852716535329818726e-02
6.589843630790710449e-01 8.888413012027740479e-02
4.339843690395355225e-01 8.924109488725662231e-02
8.839843869209289551e-01 8.959805220365524292e-02
3.214843571186065674e-01 8.995502442121505737e-02
7.714843750000000000e-01 9.031198918819427490e-02
5.464843511581420898e-01 9.066894650459289551e-02
9.964843988418579102e-01 9.102591872215270996e-02
1.017578169703483582e-01 9.138288348913192749e-02
5.517578125000000000e-01 9.173984080553054810e-02
3.267578184604644775e-01 9.209681302309036255e-02
7.767578363418579102e-01 9.245377779006958008e-02
2.142578065395355225e-01 9.281073510646820068e-02
6.642578244209289551e-01 9.316769987344741821e-02
4.392578005790710449e-01 9.352467209100723267e-02
8.892577886581420898e-01 9.388162940740585327e-02
1.580078154802322388e-01 9.423859417438507080e-02
6.080078482627868652e-01 9.459556639194488525e-02
3.830077946186065674e-01 9.495252370834350586e-02
8.330078125000000000e-01 9.530948847532272339e-02
2.705078125000000000e-01 9.566646069288253784e-02
7.205078005790710449e-01 9.602341800928115845e-02
4.955078065395355225e-01 9.638038277626037598e-02
9.455078244209289551e-01 9.673734754323959351e-02
1.298828125000000000e-01 9.709430485963821411e-02
5.798828005790710449e-01 9.745127707719802856e-02
3.548828065395355225e-01 9.780824184417724609e-02
8.048828244209289551e-01 9.816519916057586670e-02
2.423828244209289551e-01 9.852217137813568115e-02
6.923828125000000000e-01 9.887913614511489868e-02
4.673827886581420898e-01 9.923609346151351929e-02
9.173828363418579102e-01 9.959306567907333374e-02
1.861328184604644775e-01 9.995003044605255127e-02
6.361328363418579102e-01 1.003069877624511719e-01
4.111328125000000000e-01 1.006639525294303894e-01
8.611328005790710449e-01 1.010209247469902039e-01
2.986328005790710449e-01 1.013778820633888245e-01
7.486328482627868652e-01 1.017348468303680420e-01
5.236328244209289551e-01 1.020918190479278564e-01
9.736328125000000000e-01 1.024487763643264771e-01
1.158203110098838806e-01 1.028057411313056946e-01
5.658203363418579102e-01 1.031627133488655090e-01
3.408203125000000000e-01 1.035196706652641296e-01
7.908203005790710449e-01 1.038766354322433472e-01
2.283203005790710449e-01 1.042336001992225647e-01
6.783203482627868652e-01 1.045905575156211853e-01
4.533202946186065674e-01 1.049475297331809998e-01
9.033203125000000000e-01 1.053044945001602173e-01
1.720703095197677612e-01 1.056614518165588379e-01
6.220703125000000000e-01 1.060184240341186523e-01
3.970702886581420898e-01 1.063753888010978699e-01
8.470703363418579102e-01 1.067323461174964905e-01
2.845703065395355225e-01 1.070893183350563049e-01
7.345703244209289551e-01 1.074462831020355225e-01
5.095703005790710449e-01 1.078032404184341431e-01
9.595702886581420898e-01 1.081602051854133606e-01
1.439453065395355225e-01 1.085171774029731750e-01
5.939453244209289551e-01 1.088741347193717957e-01
3.689453005790710449e-01 1.092310994863510132e-01
8.189452886581420898e-01 1.095880717039108276e-01
2.564453184604644775e-01 1.099450290203094482e-01
7.064453363418579102e-01 1.103019937872886658e-01
4.814452826976776123e-01 1.106589660048484802e-01
9.314453005790710449e-01 1.110159233212471008e-01
2.001953125000000000e-01 1.113728880882263184e-01
6.501953005790710449e-01 1.117298603057861328e-01
4.251953065395355225e-01 1.120868176221847534e-01
8.751953244209289551e-01 1.124437823891639709e-01
3.126952946186065674e-01 1.128007471561431885e-01
7.626953125000000000e-01 1.131577044725418091e-01
5.376952886581420898e-01 1.135146766901016235e-01
9.876953363418579102e-01 1.138716414570808411e-01
1.087890639901161194e-01 1.142285987734794617e-01
5.587890744209289551e-01 1.145855709910392761e-01
3.337890505790710449e-01 1.149425357580184937e-01
7.837890386581420898e-01 1.152994930744171143e-01
2.212890684604644775e-01 1.156564652919769287e-01
6.712890863418579102e-01 1.160134300589561462e-01
4.462890326976776123e-01 1.163703873753547668e-01
8.962890505790710449e-01 1.167273521423339844e-01
1.650390625000000000e-01 1.170843243598937988e-01
6.150390505790710449e-01 1.174412816762924194e-01
3.900390565395355225e-01 1.177982464432716370e-01
8.400390744209289551e-01 1.181552186608314514e-01
2.775390446186065674e-01 1.185121759772300720e-01
7.275390625000000000e-01 1.188691407442092896e-01
5.025390386581420898e-01 1.192260980606079102e-01
9.525390863418579102e-01 1.195830702781677246e-01
1.369140595197677612e-01 1.199400350451469421e-01
5.869140625000000000e-01 1.202969923615455627e-01
3.619140386581420898e-01 1.206539571285247803e-01
8.119140863418579102e-01 1.210109293460845947e-01
2.494140565395355225e-01 1.213678866624832153e-01
6.994140744209289551e-01 1.217248514294624329e-01
4.744140505790710449e-01 1.220818236470222473e-01
9.244140386581420898e-01 1.224387809634208679e-01
1.931640505790710449e-01 1.227957457304000854e-01
6.431640982627868652e-01 1.231527179479598999e-01
4.181640446186065674e-01 1.235096752643585205e-01
8.681640625000000000e-01 1.238666400313377380e-01
3.056640625000000000e-01 1.242236047983169556e-01
7.556640505790710449e-01 1.245805621147155762e-01
5.306640863418579102e-01 1.249375343322753906e-01
9.806640744209289551e-01 1.252945065498352051e-01
1.228515654802322388e-01 1.256514638662338257e-01
5.728515386581420898e-01 1.260084211826324463e-01
3.478515446186065674e-01 1.263653934001922607e-01
7.978515625000000000e-01 1.267223507165908813e-01
2.353515625000000000e-01 1.270793229341506958e-01
6.853515505790710449e-01 1.274362802505493164e-01
4.603515565395355225e-01 1.277932375669479370e-01
9.103515744209289551e-01 1.281502097845077515e-01
1.791015565395355225e-01 1.285071820020675659e-01
6.291015744209289551e-01 1.288641393184661865e-01
4.041015505790710449e-01 1.292211115360260010e-01
8.541015386581420898e-01 1.295780688524246216e-01
2.916015684604644775e-01 1.299350261688232422e-01
7.416015863418579102e-01 1.302919983863830566e-01
5.166015625000000000e-01 1.306489706039428711e-01
9.666015505790710449e-01 1.310059279203414917e-01
1.509765684604644775e-01 1.313628852367401123e-01
6.009765863418579102e-01 1.317198574542999268e-01
3.759765625000000000e-01 1.320768147706985474e-01
8.259765505790710449e-01 1.324337869882583618e-01
2.634765505790710449e-01 1.327907592058181763e-01
7.134765982627868652e-01 1.331477165222167969e-01
4.884765446186065674e-01 1.335046738386154175e-01
9.384765625000000000e-01 1.338616460561752319e-01
2.072265595197677612e-01 1.342186033725738525e-01
6.572265625000000000e-01 1.345755755901336670e-01
4.322265386581420898e-01 1.349325478076934814e-01
8.822265863418579102e-01 1.352895051240921021e-01
3.197265565395355225e-01 1.356464624404907227e-01
7.697265744209289551e-01 1.360034346580505371e-01
5.447265505790710449e-01 1.363603919744491577e-01
9.947265386581420898e-01 1.367173641920089722e-01
1.052734404802322388e-01 1.370743215084075928e-01
5.552734136581420898e-01 1.374312788248062134e-01
3.302734196186065674e-01 1.377882510423660278e-01
7.802734375000000000e-01 1.381452232599258423e-01
2.177734375000000000e-01 1.385021805763244629e-01
6.677734255790710449e-01 1.388591527938842773e-01
4.427734315395355225e-01 1.392161101102828979e-01
8.927734494209289551e-01 1.395730674266815186e-01
1.615234315395355225e-01 1.399300396442413330e-01
6.115234494209289551e-01 1.402870118618011475e-01
3.865234255790710449e-01 1.406439691781997681e-01
8.365234136581420898e-01 1.410009264945983887e-01
2.740234434604644775e-01 1.413578987121582031e-01
7.240234613418579102e-01 1.417148560285568237e-01
4.990234076976776123e-01 1.420718282461166382e-01
9.490234255790710449e-01 1.424288004636764526e-01
1.333984434604644775e-01 1.427857577800750732e-01
5.833984613418579102e-01 1.431427150964736938e-01
3.583984375000000000e-01 1.434996873140335083e-01
8.083984255790710449e-01 1.438566446304321289e-01
2.458984255790710449e-01 1.442136168479919434e-01
6.958984732627868652e-01 1.445705741643905640e-01
4.708984196186065674e-01 1.449275314807891846e-01
9.208984375000000000e-01 1.452845036983489990e-01
1.896484345197677612e-01 1.456414759159088135e-01
6.396484375000000000e-01 1.459984332323074341e-01
4.146484136581420898e-01 1.463554054498672485e-01
8.646484613418579102e-01 1.467123627662658691e-01
3.021484315395355225e-01 1.470693200826644897e-01
7.521484494209289551e-01 1.474262923002243042e-01
5.271484255790710449e-01 1.477832645177841187e-01
9.771484136581420898e-01 1.481402218341827393e-01
1.193359345197677612e-01 1.484971791505813599e-01
5.693359375000000000e-01 1.488541513681411743e-01
3.443359434604644775e-01 1.492111086845397949e-01
7.943359613418579102e-01 1.495680809020996094e-01
2.318359315395355225e-01 1.499250531196594238e-01
6.818359494209289551e-01 1.502820104360580444e-01
4.568359255790710449e-01 1.506389677524566650e-01
9.068359136581420898e-01 1.509959399700164795e-01
1.755859404802322388e-01 1.513528972864151001e-01
6.255859732627868652e-01 1.517098695039749146e-01
4.005859196186065674e-01 1.520668268203735352e-01
8.505859375000000000e-01 1.524237841367721558e-01
2.880859375000000000e-01 1.527807563543319702e-01
7.380859255790710449e-01 1.531377136707305908e-01
5.130859613418579102e-01 1.534946858882904053e-01
9.630859494209289551e-01 1.538516581058502197e-01
1.474609375000000000e-01 1.542086154222488403e-01
5.974609255790710449e-01 1.545655727386474609e-01
3.724609315395355225e-01 1.549225449562072754e-01
8.224609494209289551e-01 1.552795022726058960e-01
2.599609494209289551e-01 1.556364744901657104e-01
7.099609375000000000e-01 1.559934318065643311e-01
4.849609136581420898e-01 1.563503891229629517e-01
9.349609613418579102e-01 1.567073613405227661e-01
2.037109434604644775e-01 1.570643335580825806e-01
6.537109613418579102e-01 1.574212908744812012e-01
4.287109375000000000e-01 1.577782630920410156e-01
8.787109255790710449e-01 1.581352204084396362e-01
3.162109255790710449e-01 1.584921777248382568e-01
7.662109732627868652e-01 1.588491499423980713e-01
5.412109494209289551e-01 1.592061221599578857e-01
9.912109375000000000e-01 1.595630794763565063e-01
1.123046875000000000e-01 1.599200367927551270e-01
5.623046755790710449e-01 1.602770090103149414e-01
3.373046815395355225e-01 1.606339663267135620e-01
7.873046994209289551e-01 1.609909385442733765e-01
2.248046845197677612e-01 1.613479107618331909e-01
6.748046875000000000e-01 1.617048680782318115e-01
4.498046636581420898e-01 1.620618253946304321e-01
8.998047113418579102e-01 1.624187976121902466e-01
1.685546934604644775e-01 1.627757549285888672e-01
6.185547113418579102e-01 1.631327271461486816e-01
3.935546875000000000e-01 1.634896844625473022e-01
8.435546755790710449e-01 1.638466417789459229e-01
2.810546755790710449e-01 1.642036139965057373e-01
7.310547232627868652e-01 1.645605862140655518e-01
5.060546994209289551e-01 1.649175435304641724e-01
9.560546875000000000e-01 1.652745157480239868e-01
1.404296904802322388e-01 1.656314730644226074e-01
5.904296636581420898e-01 1.659884303808212280e-01
3.654296696186065674e-01 1.663454025983810425e-01
8.154296875000000000e-01 1.667023748159408569e-01
2.529296875000000000e-01 1.670593321323394775e-01
7.029296755790710449e-01 1.674162894487380981e-01
4.779296815395355225e-01 1.677732616662979126e-01
9.279296994209289551e-01 1.681302189826965332e-01
1.966796815395355225e-01 1.684871912002563477e-01
6.466796994209289551e-01 1.688441634178161621e-01
4.216796755790710449e-01 1.692011207342147827e-01
8.716796636581420898e-01 1.695580780506134033e-01
3.091796934604644775e-01 1.699150502681732178e-01
7.591797113418579102e-01 1.702720075845718384e-01
5.341796875000000000e-01 1.706289798021316528e-01
9.841796755790710449e-01 1.709859371185302734e-01
1.263671815395355225e-01 1.713428944349288940e-01
5.763671994209289551e-01 1.716998666524887085e-01
3.513671755790710449e-01 1.720568388700485229e-01
8.013671636581420898e-01 1.724137961864471436e-01
2.388671934604644775e-01 1.727707684040069580e-01
6.888672113418579102e-01 1.731277257204055786e-01
4.638671576976776123e-01 1.734846830368041992e-01
9.138671755790710449e-01 1.738416552543640137e-01
1.826171875000000000e-01 1.741986274719238281e-01
6.326171755790710449e-01 1.745555847883224487e-01
4.076171815395355225e-01 1.749125421047210693e-01
8.576171994209289551e-01 1.752695143222808838e-01
2.951171696186065674e-01 1.756264716386795044e-01
7.451171875000000000e-01 1.759834438562393188e-01
5.201171636581420898e-01 1.763404160737991333e-01
9.701172113418579102e-01 1.766973733901977539e-01
1.544921845197677612e-01 1.770543307065963745e-01
6.044921875000000000e-01 1.774113029241561890e-01
3.794921636581420898e-01 1.777682602405548096e-01
8.294922113418579102e-01 1.781252324581146240e-01
2.669921815395355225e-01 1.784821897745132446e-01
7.169921994209289551e-01 1.788391619920730591e-01
4.919921755790710449e-01 1.791961044073104858e-01
9.419921636581420898e-01 1.795530766248703003e-01
2.107421755790710449e-01 1.799100488424301147e-01
6.607422232627868652e-01 1.802670210599899292e-01
4.357421696186065674e-01 1.806239783763885498e-01
8.857421875000000000e-01 1.809809505939483643e-01
3.232421875000000000e-01 1.813378930091857910e-01
7.732421755790710449e-01 1.816948652267456055e-01
5.482422113418579102e-01 1.820518374443054199e-01
9.982421994209289551e-01 1.824087947607040405e-01
1.008789092302322388e-01 1.827657669782638550e-01
5.508788824081420898e-01 1.831227391958236694e-01
3.258788883686065674e-01 1.834796816110610962e-01
7.758789062500000000e-01 1.838366538286209106e-01
2.133789062500000000e-01 1.841936260461807251e-01
6.633788943290710449e-01 1.845505833625793457e-01
4.383789002895355225e-01 1.849075555801391602e-01
8.883789181709289551e-01 1.852645277976989746e-01
1.571289002895355225e-01 1.856214702129364014e-01
6.071289181709289551e-01 1.859784424304962158e-01
3.821288943290710449e-01 1.863353997468948364e-01
8.321288824081420898e-01 1.866923719644546509e-01
2.696289122104644775e-01 1.870493441820144653e-01
7.196289300918579102e-01 1.874063163995742798e-01
4.946288764476776123e-01 1.877632588148117065e-01
9.446288943290710449e-01 1.881202310323715210e-01
1.290039122104644775e-01 1.884771883487701416e-01
5.790039300918579102e-01 1.888341605663299561e-01
3.540039062500000000e-01 1.891911327838897705e-01
8.040038943290710449e-01 1.895480901002883911e-01
2.415038943290710449e-01 1.899050474166870117e-01
6.915039420127868652e-01 1.902620047330856323e-01
4.665038883686065674e-01 1.906189769506454468e-01
9.165039062500000000e-01 1.909759491682052612e-01
1.852539032697677612e-01 1.913329213857650757e-01
6.352539062500000000e-01 1.916898787021636963e-01
4.102538824081420898e-01 1.920468360185623169e-01
8.602539300918579102e-01 1.924037933349609375e-01
2.977539002895355225e-01 1.927607655525207520e-01
7.477539181709289551e-01 1.931177377700805664e-01
5.227538943290710449e-01 1.934746950864791870e-01
9.727538824081420898e-01 1.938316673040390015e-01
1.149414032697677612e-01 1.941886097192764282e-01
5.649414062500000000e-01 1.945455819368362427e-01
3.399414122104644775e-01 1.949025541543960571e-01
7.899414300918579102e-01 1.952595263719558716e-01
2.274414002895355225e-01 1.956164836883544922e-01
6.774414181709289551e-01 1.959734559059143066e-01
4.524413943290710449e-01 1.963303983211517334e-01
9.024413824081420898e-01 1.966873705387115479e-01
1.711914092302322388e-01 1.970443427562713623e-01
6.211914420127868652e-01 1.974013000726699829e-01
3.961913883686065674e-01 1.977582722902297974e-01
8.461914062500000000e-01 1.981152445077896118e-01
2.836914062500000000e-01 1.984721869230270386e-01
7.336913943290710449e-01 1.988291591405868530e-01
5.086914300918579102e-01 1.991861313581466675e-01
9.586914181709289551e-01 1.995430886745452881e-01
1.430664062500000000e-01 1.999000608921051025e-01
5.930663943290710449e-01 2.002570331096649170e-01
3.680664002895355225e-01 2.006139755249023438e-01
8.180664181709289551e-01 2.009709477424621582e-01
2.555664181709289551e-01 2.013279050588607788e-01
7.055664062500000000e-01 2.016848772764205933e-01
4.805663824081420898e-01 2.020418494939804077e-01
9.305664300918579102e-01 2.023988217115402222e-01
1.993164122104644775e-01 2.027557641267776489e-01
6.493164300918579102e-01 2.031127363443374634e-01
4.243164062500000000e-01 2.034696936607360840e-01
8.743163943290710449e-01 2.038266658782958984e-01
3.118163943290710449e-01 2.041836380958557129e-01
7.618164420127868652e-01 2.045405805110931396e-01
5.368164181709289551e-01 2.048975527286529541e-01
9.868164062500000000e-01 2.052545100450515747e-01
1.079101562500000000e-01 2.056114822626113892e-01
5.579101443290710449e-01 2.059684544801712036e-01
3.329101502895355225e-01 2.063254266977310181e-01
7.829101681709289551e-01 2.066823691129684448e-01
2.204101532697677612e-01 2.070393413305282593e-01
6.704101562500000000e-01 2.073962986469268799e-01
4.454101324081420898e-01 2.077532708644866943e-01
8.954101800918579102e-01 2.081102430820465088e-01
1.641601622104644775e-01 2.084672003984451294e-01
6.141601800918579102e-01 2.088241577148437500e-01
3.891601562500000000e-01 2.091811150312423706e-01
8.391601443290710449e-01 2.095380872488021851e-01
2.766601443290710449e-01 2.098950594663619995e-01
7.266601920127868652e-01 2.102520316839218140e-01
5.016601681709289551e-01 2.106089890003204346e-01
9.516601562500000000e-01 2.109659463167190552e-01
1.360351592302322388e-01 2.113229036331176758e-01
5.860351324081420898e-01 2.116798758506774902e-01
3.610351383686065674e-01 2.120368480682373047e-01
8.110351562500000000e-01 2.123938053846359253e-01
2.485351562500000000e-01 2.127507776021957397e-01
6.985351443290710449e-01 2.131077200174331665e-01
4.735351502895355225e-01 2.134646922349929810e-01
9.235351681709289551e-01 2.138216644525527954e-01
1.922851502895355225e-01 2.141786366701126099e-01
6.422851681709289551e-01 2.145355939865112305e-01
4.172851443290710449e-01 2.148925662040710449e-01
8.672851324081420898e-01 2.152495086193084717e-01
3.047851622104644775e-01 2.156064808368682861e-01
7.547851800918579102e-01 2.159634530544281006e-01
5.297851562500000000e-01 2.163204103708267212e-01
9.797851443290710449e-01 2.166773825883865356e-01
1.219726577401161194e-01 2.170343548059463501e-01
5.719726681709289551e-01 2.173912972211837769e-01
3.469726443290710449e-01 2.177482694387435913e-01
7.969726324081420898e-01 2.181052416563034058e-01
2.344726622104644775e-01 2.184621989727020264e-01
6.844726800918579102e-01 2.188191711902618408e-01
4.594726264476776123e-01 2.191761434078216553e-01
9.094726443290710449e-01 2.195330858230590820e-01
1.782226562500000000e-01 2.198900580406188965e-01
6.282226443290710449e-01 2.202470153570175171e-01
4.032226502895355225e-01 2.206039875745773315e-01
8.532226681709289551e-01 2.209609597921371460e-01
2.907226383686065674e-01 2.213179320096969604e-01
7.407226562500000000e-01 2.216748744249343872e-01
5.157226324081420898e-01 2.220318466424942017e-01
9.657226800918579102e-01 2.223888039588928223e-01
1.500976532697677612e-01 2.227457761764526367e-01
6.000976562500000000e-01 2.231027483940124512e-01
3.750976324081420898e-01 2.234597206115722656e-01
8.250976800918579102e-01 2.238166630268096924e-01
2.625976502895355225e-01 2.241736352443695068e-01
7.125976681709289551e-01 2.245305925607681274e-01
4.875976443290710449e-01 2.248875647783279419e-01
9.375976324081420898e-01 2.252445369958877563e-01
2.063476443290710449e-01 2.256014943122863770e-01
6.563476920127868652e-01 2.259584516286849976e-01
4.313476383686065674e-01 2.263154089450836182e-01
8.813476562500000000e-01 2.266723811626434326e-01
3.188476562500000000e-01 2.270293533802032471e-01
7.688476443290710449e-01 2.273863255977630615e-01
5.438476800918579102e-01 2.277432829141616821e-01
9.938476681709289551e-01 2.281002402305603027e-01
1.043945327401161194e-01 2.284571975469589233e-01
5.543945431709289551e-01 2.288141697645187378e-01
3.293945193290710449e-01 2.291711419820785522e-01
7.793945074081420898e-01 2.295280992984771729e-01
2.168945372104644775e-01 2.298850715160369873e-01
6.668945550918579102e-01 2.302420139312744141e-01
4.418945014476776123e-01 2.305989861488342285e-01
8.918945193290710449e-01 2.309559583663940430e-01
1.606445312500000000e-01 2.313129305839538574e-01
6.106445193290710449e-01 2.316698879003524780e-01
3.856445252895355225e-01 2.320268601179122925e-01
8.356445431709289551e-01 2.323838025331497192e-01
2.731445133686065674e-01 2.327407747507095337e-01
7.231445312500000000e-01 2.330977469682693481e-01
4.981445074081420898e-01 2.334547042846679688e-01
9.481445550918579102e-01 2.338116765022277832e-01
1.325195282697677612e-01 2.341686487197875977e-01
5.825195312500000000e-01 2.345255911350250244e-01
3.575195074081420898e-01 2.348825633525848389e-01
8.075195550918579102e-01 2.352395355701446533e-01
2.450195252895355225e-01 2.355964928865432739e-01
6.950195431709289551e-01 2.359534651041030884e-01
4.700195193290710449e-01 2.363104373216629028e-01
9.200195074081420898e-01 2.366673797369003296e-01
1.887695193290710449e-01 2.370243519544601440e-01
6.387695670127868652e-01 2.373813092708587646e-01
4.137695133686065674e-01 2.377382814884185791e-01
8.637695312500000000e-01 2.380952537059783936e-01
3.012695312500000000e-01 2.384521961212158203e-01
7.512695193290710449e-01 2.388091683387756348e-01
5.262695550918579102e-01 2.391661405563354492e-01
9.762695431709289551e-01 2.395230978727340698e-01
1.184570342302322388e-01 2.398800700902938843e-01
5.684570074081420898e-01 2.402370423078536987e-01
3.434570133686065674e-01 2.405939847230911255e-01
7.934570312500000000e-01 2.409509569406509399e-01
2.309570312500000000e-01 2.413079142570495605e-01
6.809570193290710449e-01 2.416648864746093750e-01
4.559570252895355225e-01 2.420218586921691895e-01
9.059570431709289551e-01 2.423788309097290039e-01
1.747070252895355225e-01 2.427357733249664307e-01
6.247070431709289551e-01 2.430927455425262451e-01
3.997070193290710449e-01 2.434497028589248657e-01
8.497070074081420898e-01 2.438066750764846802e-01
2.872070372104644775e-01 2.441636472940444946e-01
7.372070550918579102e-01 2.445206046104431152e-01
5.122070312500000000e-01 2.448775619268417358e-01
9.622070193290710449e-01 2.452345192432403564e-01
1.465820372104644775e-01 2.455914914608001709e-01
5.965820550918579102e-01 2.459484636783599854e-01
3.715820312500000000e-01 2.463054358959197998e-01
8.215820193290710449e-01 2.466623932123184204e-01
2.590820193290710449e-01 2.470193505287170410e-01
7.090820670127868652e-01 2.473763078451156616e-01
4.840820133686065674e-01 2.477332800626754761e-01
9.340820312500000000e-01 2.480902522802352905e-01
2.028320282697677612e-01 2.484472095966339111e-01
6.528320312500000000e-01 2.488041818141937256e-01
4.278320074081420898e-01 2.491611242294311523e-01
8.778320550918579102e-01 2.495180964469909668e-01
3.153320252895355225e-01 2.498750686645507812e-01
7.653320431709289551e-01 2.502320408821105957e-01
5.403320193290710449e-01 2.505890130996704102e-01
9.903320074081420898e-01 2.509459555149078369e-01
1.114257797598838806e-01 2.513029277324676514e-01
5.614258050918579102e-01 2.516598701477050781e-01
3.364257812500000000e-01 2.520168423652648926e-01
7.864257693290710449e-01 2.523738145828247070e-01
2.239257693290710449e-01 2.527307868003845215e-01
6.739258170127868652e-01 2.530877590179443359e-01
4.489257633686065674e-01 2.534447014331817627e-01
8.989257812500000000e-01 2.538016736507415771e-01
1.676757782697677612e-01 2.541586458683013916e-01
6.176757812500000000e-01 2.545156180858612061e-01
3.926757574081420898e-01 2.548725605010986328e-01
8.426758050918579102e-01 2.552295327186584473e-01
2.801757752895355225e-01 2.555864751338958740e-01
7.301757931709289551e-01 2.559434473514556885e-01
5.051757693290710449e-01 2.563004195690155029e-01
9.551757574081420898e-01 2.566573917865753174e-01
1.395507752895355225e-01 2.570143640041351318e-01
5.895507931709289551e-01 2.573713362216949463e-01
3.645507693290710449e-01 2.577282786369323730e-01
8.145507574081420898e-01 2.580852508544921875e-01
2.520507872104644775e-01 2.584422230720520020e-01
7.020508050918579102e-01 2.587991654872894287e-01
4.770507514476776123e-01 2.591561377048492432e-01
9.270507693290710449e-01 2.595131099224090576e-01
1.958007812500000000e-01 2.598700523376464844e-01
6.458007693290710449e-01 2.602270245552062988e-01
4.208007752895355225e-01 2.605839967727661133e-01
8.708007931709289551e-01 2.609409689903259277e-01
3.083007633686065674e-01 2.612979412078857422e-01
7.583007812500000000e-01 2.616549134254455566e-01
5.333007574081420898e-01 2.620118558406829834e-01
9.833008050918579102e-01 2.623688280582427979e-01
1.254882812500000000e-01 2.627257704734802246e-01
5.754882693290710449e-01 2.630827426910400391e-01
3.504882752895355225e-01 2.634397149085998535e-01
8.004882931709289551e-01 2.637966871261596680e-01
2.379882931709289551e-01 2.641536295413970947e-01
6.879882812500000000e-01 2.645106017589569092e-01
4.629882574081420898e-01 2.648675739765167236e-01
9.129883050918579102e-01 2.652245461940765381e-01
1.817382872104644775e-01 2.655815184116363525e-01
6.317383050918579102e-01 2.659384608268737793e-01
4.067382812500000000e-01 2.662954330444335938e-01
8.567382693290710449e-01 2.666523754596710205e-01
2.942382693290710449e-01 2.670093476772308350e-01
7.442383170127868652e-01 2.673663198947906494e-01
5.192382931709289551e-01 2.677232921123504639e-01
9.692382812500000000e-01 2.680802643299102783e-01
1.536132842302322388e-01 2.684372067451477051e-01
6.036133170127868652e-01 2.687941789627075195e-01
3.786132633686065674e-01 2.691511511802673340e-01
8.286132812500000000e-01 2.695081233978271484e-01
2.661132812500000000e-01 2.698650956153869629e-01
7.161132693290710449e-01 2.702220380306243896e-01
4.911132752895355225e-01 2.705790102481842041e-01
9.411132931709289551e-01 2.709359526634216309e-01
2.098632752895355225e-01 2.712929248809814453e-01
6.598632931709289551e-01 2.716498970985412598e-01
4.348632693290710449e-01 2.720068693161010742e-01
8.848632574081420898e-01 2.723638117313385010e-01
3.223632872104644775e-01 2.727207839488983154e-01
7.723633050918579102e-01 2.730777561664581299e-01
5.473632812500000000e-01 2.734347283840179443e-01
9.973632693290710449e-01 2.737917006015777588e-01
1.026367172598838806e-01 2.741486430168151855e-01
5.526367425918579102e-01 2.745056152343750000e-01
3.276367187500000000e-01 2.748625576496124268e-01
7.776367068290710449e-01 2.752195298671722412e-01
2.151367068290710449e-01 2.755765020847320557e-01
6.651367545127868652e-01 2.759334743022918701e-01
4.401367008686065674e-01 2.762904465198516846e-01
8.901367187500000000e-01 2.766473889350891113e-01
1.588867157697677612e-01 2.770043611526489258e-01
6.088867187500000000e-01 2.773613333702087402e-01
3.838866949081420898e-01 2.777183055877685547e-01
8.338867425918579102e-01 2.780752480030059814e-01
2.713867127895355225e-01 2.784322202205657959e-01
7.213867306709289551e-01 2.787891626358032227e-01
4.963867068290710449e-01 2.791461348533630371e-01
9.463866949081420898e-01 2.795031070709228516e-01
1.307617127895355225e-01 2.798600792884826660e-01
5.807617306709289551e-01 2.802170515060424805e-01
3.557617068290710449e-01 2.805740237236022949e-01
8.057616949081420898e-01 2.809309661388397217e-01
2.432617247104644775e-01 2.812879383563995361e-01
6.932617425918579102e-01 2.816449105739593506e-01
4.682616889476776123e-01 2.820018529891967773e-01
9.182617068290710449e-01 2.823588252067565918e-01
1.870117187500000000e-01 2.827157974243164062e-01
6.370117068290710449e-01 2.830727398395538330e-01
4.120117127895355225e-01 2.834297120571136475e-01
8.620117306709289551e-01 2.837866842746734619e-01
2.995117008686065674e-01 2.841436564922332764e-01
7.495117187500000000e-01 2.845006287097930908e-01
5.245116949081420898e-01 2.848576009273529053e-01
9.745117425918579102e-01 2.852145433425903320e-01
1.166992187500000000e-01 2.855715155601501465e-01
5.666992068290710449e-01 2.859284579753875732e-01
3.416992127895355225e-01 2.862854301929473877e-01
7.916992306709289551e-01 2.866424024105072021e-01
2.291992306709289551e-01 2.869993746280670166e-01
6.791992187500000000e-01 2.873563170433044434e-01
4.541991949081420898e-01 2.877132892608642578e-01
9.041992425918579102e-01 2.880702614784240723e-01
1.729492247104644775e-01 2.884272336959838867e-01
6.229492425918579102e-01 2.887842059135437012e-01
3.979492187500000000e-01 2.891411483287811279e-01
8.479492068290710449e-01 2.894981205463409424e-01
2.854492068290710449e-01 2.898550629615783691e-01
7.354492545127868652e-01 2.902120351791381836e-01
5.104492306709289551e-01 2.905690073966979980e-01
9.604492187500000000e-01 2.909259796142578125e-01
1.448242217302322388e-01 2.912829518318176270e-01
5.948241949081420898e-01 2.916398942470550537e-01
3.698242008686065674e-01 2.919968664646148682e-01
8.198242187500000000e-01 2.923538386821746826e-01
2.573242187500000000e-01 2.927108108997344971e-01
7.073242068290710449e-01 2.930677533149719238e-01
4.823242127895355225e-01 2.934247255325317383e-01
9.323242306709289551e-01 2.937816679477691650e-01
2.010742127895355225e-01 2.941386401653289795e-01
6.510742306709289551e-01 2.944956123828887939e-01
4.260742068290710449e-01 2.948525846004486084e-01
8.760741949081420898e-01 2.952095568180084229e-01
3.135742247104644775e-01 2.955665290355682373e-01
7.635742425918579102e-01 2.959234714508056641e-01
5.385742187500000000e-01 2.962804436683654785e-01
9.885742068290710449e-01 2.966374158859252930e-01
1.096679717302322388e-01 2.969943583011627197e-01
5.596679449081420898e-01 2.973513305187225342e-01
3.346679508686065674e-01 2.977083027362823486e-01
7.846679687500000000e-01 2.980652451515197754e-01
2.221679687500000000e-01 2.984222173690795898e-01
6.721679568290710449e-01 2.987791895866394043e-01
4.471679627895355225e-01 2.991361618041992188e-01
8.971679806709289551e-01 2.994931340217590332e-01
1.659179627895355225e-01 2.998501062393188477e-01
6.159179806709289551e-01 3.002070486545562744e-01
3.909179568290710449e-01 3.005640208721160889e-01
8.409179449081420898e-01 3.009209632873535156e-01
2.784179747104644775e-01 3.012779355049133301e-01
7.284179925918579102e-01 3.016349077224731445e-01
5.034179687500000000e-01 3.019918799400329590e-01
9.534179568290710449e-01 3.023488223552703857e-01
1.377929747104644775e-01 3.027057945728302002e-01
5.877929925918579102e-01 3.030627667903900146e-01
3.627929687500000000e-01 3.034197390079498291e-01
8.127929568290710449e-01 3.037767112255096436e-01
2.502929568290710449e-01 3.041336536407470703e-01
7.002930045127868652e-01 3.044906258583068848e-01
4.752929508686065674e-01 3.048475682735443115e-01
9.252929687500000000e-01 3.052045404911041260e-01
1.940429657697677612e-01 3.055615127086639404e-01
6.440429687500000000e-01 3.059184849262237549e-01
4.190429449081420898e-01 3.062754273414611816e-01
8.690429925918579102e-01 3.066323995590209961e-01
3.065429627895355225e-01 3.069893717765808105e-01
7.565429806709289551e-01 3.073463439941406250e-01
5.315429568290710449e-01 3.077033162117004395e-01
9.815429449081420898e-01 3.080602586269378662e-01
1.237304657697677612e-01 3.084172308444976807e-01
5.737304687500000000e-01 3.087741732597351074e-01
3.487304747104644775e-01 3.091311454772949219e-01
7.987304925918579102e-01 3.094881176948547363e-01
2.362304627895355225e-01 3.098450899124145508e-01
6.862304806709289551e-01 3.102020621299743652e-01
4.612304568290710449e-01 3.105590045452117920e-01
9.112304449081420898e-01 3.109159767627716064e-01
1.799804717302322388e-01 3.112729489803314209e-01
6.299805045127868652e-01 3.116299211978912354e-01
4.049804508686065674e-01 3.119868636131286621e-01
8.549804687500000000e-01 3.123438358306884766e-01
2.924804687500000000e-01 3.127007782459259033e-01
7.424804568290710449e-01 3.130577504634857178e-01
5.174804925918579102e-01 3.134147226810455322e-01
9.674804806709289551e-01 3.137716948986053467e-01
1.518554687500000000e-01 3.141286671161651611e-01
6.018554568290710449e-01 3.144856393337249756e-01
3.768554627895355225e-01 3.148425817489624023e-01
8.268554806709289551e-01 3.151995539665222168e-01
2.643554806709289551e-01 3.155565261840820312e-01
7.143554687500000000e-01 3.159134685993194580e-01
4.893554449081420898e-01 3.162704408168792725e-01
9.393554925918579102e-01 3.166274130344390869e-01
2.081054747104644775e-01 3.169843554496765137e-01
6.581054925918579102e-01 3.173413276672363281e-01
4.331054687500000000e-01 3.176982998847961426e-01
8.831054568290710449e-01 3.180552721023559570e-01
3.206054568290710449e-01 3.184122443199157715e-01
7.706055045127868652e-01 3.187692165374755859e-01
5.456054806709289551e-01 3.191261589527130127e-01
9.956054687500000000e-01 3.194831311702728271e-01
1.061523482203483582e-01 3.198400735855102539e-01
5.561523437500000000e-01 3.201970458030700684e-01
3.311523497104644775e-01 3.205540180206298828e-01
7.811523675918579102e-01 3.209109902381896973e-01
2.186523377895355225e-01 3.212679326534271240e-01
6.686523556709289551e-01 3.216249048709869385e-01
4.436523318290710449e-01 3.219818770885467529e-01
8.936523199081420898e-01 3.223388493061065674e-01
1.624023467302322388e-01 3.226958215236663818e-01
6.124023795127868652e-01 3.230527639389038086e-01
3.874023258686065674e-01 3.234097361564636230e-01
8.374023437500000000e-01 3.237666785717010498e-01
2.749023437500000000e-01 3.241236507892608643e-01
7.249023318290710449e-01 3.244806230068206787e-01
4.999023377895355225e-01 3.248375952243804932e-01
9.499023556709289551e-01 3.251945674419403076e-01
1.342773437500000000e-01 3.255515098571777344e-01
5.842773318290710449e-01 3.259084820747375488e-01
3.592773377895355225e-01 3.262654542922973633e-01
8.092773556709289551e-01 3.266224265098571777e-01
2.467773556709289551e-01 3.269793689250946045e-01
6.967773437500000000e-01 3.273363411426544189e-01
4.717773199081420898e-01 3.276932835578918457e-01
9.217773675918579102e-01 3.280502557754516602e-01
1.905273497104644775e-01 3.284072279930114746e-01
6.405273675918579102e-01 3.287642002105712891e-01
4.155273437500000000e-01 3.291211724281311035e-01
8.655273318290710449e-01 3.294781446456909180e-01
3.030273318290710449e-01 3.298350870609283447e-01
7.530273795127868652e-01 3.301920592784881592e-01
5.280273556709289551e-01 3.305490314960479736e-01
9.780273437500000000e-01 3.309059739112854004e-01
1.202148422598838806e-01 3.312629461288452148e-01
5.702148675918579102e-01 3.316199183464050293e-01
3.452148437500000000e-01 3.319768607616424561e-01
7.952148318290710449e-01 3.323338329792022705e-01
2.327148318290710449e-01 3.326908051967620850e-01
6.827148795127868652e-01 3.330477774143218994e-01
4.577148258686065674e-01 3.334047496318817139e-01
9.077148437500000000e-01 3.337617218494415283e-01
1.764648407697677612e-01 3.341186642646789551e-01
6.264648437500000000e-01 3.344756364822387695e-01
4.014648199081420898e-01 3.348325788974761963e-01
8.514648675918579102e-01 3.351895511150360107e-01
2.889648377895355225e-01 3.355465233325958252e-01
7.389648556709289551e-01 3.359034955501556396e-01
5.139648318290710449e-01 3.362604379653930664e-01
9.639648199081420898e-01 3.366174101829528809e-01
1.483398377895355225e-01 3.369743824005126953e-01
5.983398556709289551e-01 3.373313546180725098e-01
3.733398318290710449e-01 3.376883268356323242e-01
8.233398199081420898e-01 3.380452692508697510e-01
2.608398497104644775e-01 3.384022414684295654e-01
7.108398675918579102e-01 3.387591838836669922e-01
4.858398139476776123e-01 3.391161561012268066e-01
9.358398318290710449e-01 3.394731283187866211e-01
2.045898437500000000e-01 3.398301005363464355e-01
6.545898318290710449e-01 3.401870429515838623e-01
4.295898377895355225e-01 3.405440151691436768e-01
8.795898556709289551e-01 3.409009873867034912e-01
3.170898258686065674e-01 3.412579596042633057e-01
7.670898437500000000e-01 3.416149318218231201e-01
5.420898199081420898e-01 3.419718742370605469e-01
9.920898675918579102e-01 3.423288464546203613e-01
1.131835952401161194e-01 3.426857888698577881e-01
5.631836056709289551e-01 3.430427610874176025e-01
3.381835818290710449e-01 3.433997333049774170e-01
7.881835699081420898e-01 3.437567055225372314e-01
2.256835997104644775e-01 3.441136777400970459e-01
6.756836175918579102e-01 3.444706201553344727e-01
4.506835639476776123e-01 3.448275923728942871e-01
9.006835818290710449e-01 3.451845645904541016e-01
1.694335937500000000e-01 3.455415368080139160e-01
6.194335818290710449e-01 3.458984792232513428e-01
3.944335877895355225e-01 3.462554514408111572e-01
8.444336056709289551e-01 3.466123938560485840e-01
2.819335758686065674e-01 3.469693660736083984e-01
7.319335937500000000e-01 3.473263382911682129e-01
5.069335699081420898e-01 3.476833105087280273e-01
9.569336175918579102e-01 3.480402827262878418e-01
1.413085907697677612e-01 3.483972549438476562e-01
5.913085937500000000e-01 3.487541973590850830e-01
3.663085699081420898e-01 3.491111695766448975e-01
8.163086175918579102e-01 3.494681417942047119e-01
2.538085877895355225e-01 3.498250842094421387e-01
7.038086056709289551e-01 3.501820564270019531e-01
4.788085818290710449e-01 3.505390286445617676e-01
9.288085699081420898e-01 3.508959710597991943e-01
1.975585818290710449e-01 3.512529432773590088e-01
6.475586295127868652e-01 3.516099154949188232e-01
4.225585758686065674e-01 3.519668877124786377e-01
8.725585937500000000e-01 3.523238599300384521e-01
3.100585937500000000e-01 3.526808321475982666e-01
7.600585818290710449e-01 3.530377745628356934e-01
5.350586175918579102e-01 3.533947467803955078e-01
9.850586056709289551e-01 3.537516891956329346e-01
1.272460967302322388e-01 3.541086614131927490e-01
5.772460699081420898e-01 3.544656336307525635e-01
3.522460758686065674e-01 3.548226058483123779e-01
8.022460937500000000e-01 3.551795482635498047e-01
2.397460937500000000e-01 3.555365204811096191e-01
6.897460818290710449e-01 3.558934926986694336e-01
4.647460877895355225e-01 3.562504649162292480e-01
9.147461056709289551e-01 3.566074371337890625e-01
1.834960877895355225e-01 3.569643795490264893e-01
6.334961056709289551e-01 3.573213517665863037e-01
4.084960818290710449e-01 3.576783239841461182e-01
8.584960699081420898e-01 3.580352663993835449e-01
2.959960997104644775e-01 3.583922088146209717e-01
7.459961175918579102e-01 3.587492108345031738e-01
5.209960937500000000e-01 3.591061532497406006e-01
9.709960818290710449e-01 3.594631552696228027e-01
1.553710997104644775e-01 3.598200976848602295e-01
6.053711175918579102e-01 3.601770699024200439e-01
3.803710937500000000e-01 3.605340421199798584e-01
8.303710818290710449e-01 3.608909845352172852e-01
2.678710818290710449e-01 3.612479567527770996e-01
7.178711295127868652e-01 3.616048991680145264e-01
4.928710758686065674e-01 3.619619011878967285e-01
9.428710937500000000e-01 3.623188436031341553e-01
2.116210907697677612e-01 3.626757860183715820e-01
6.616210937500000000e-01 3.630327880382537842e-01
4.366210699081420898e-01 3.633897304534912109e-01
8.866211175918579102e-01 3.637467324733734131e-01
3.241210877895355225e-01 3.641036748886108398e-01
7.741211056709289551e-01 3.644606471061706543e-01
5.491210818290710449e-01 3.648175895214080811e-01
9.991210699081420898e-01 3.651745617389678955e-01
1.004394516348838806e-01 3.655315339565277100e-01
5.504394769668579102e-01 3.658884763717651367e-01
3.254394531250000000e-01 3.662454783916473389e-01
7.754394412040710449e-01 3.666024208068847656e-01
2.129394412040710449e-01 3.669593632221221924e-01
6.629394888877868652e-01 3.673163652420043945e-01
4.379394352436065674e-01 3.676733076572418213e-01
8.879394531250000000e-01 3.680302798748016357e-01
1.566894501447677612e-01 3.683872520923614502e-01
6.066894531250000000e-01 3.687442243099212646e-01
3.816894292831420898e-01 3.691011667251586914e-01
8.316894769668579102e-01 3.694581091403961182e-01
2.691894471645355225e-01 3.698151111602783203e-01
7.191894650459289551e-01 3.701720535755157471e-01
4.941894412040710449e-01 3.705290555953979492e-01
9.441894292831420898e-01 3.708859980106353760e-01
1.285644471645355225e-01 3.712429404258728027e-01
5.785644650459289551e-01 3.715999424457550049e-01
3.535644412040710449e-01 3.719568848609924316e-01
8.035644292831420898e-01 3.723138570785522461e-01
2.410644590854644775e-01 3.726707994937896729e-01
6.910644769668579102e-01 3.730278015136718750e-01
4.660644233226776123e-01 3.733847439289093018e-01
9.160644412040710449e-01 3.737416863441467285e-01
1.848144531250000000e-01 3.740986883640289307e-01
6.348144412040710449e-01 3.744556307792663574e-01
4.098144471645355225e-01 3.748126327991485596e-01
8.598144650459289551e-01 3.751695752143859863e-01
2.973144352436065674e-01 3.755265176296234131e-01
7.473144531250000000e-01 3.758834898471832275e-01
5.223144292831420898e-01 3.762404620647430420e-01
9.723144769668579102e-01 3.765974342823028564e-01
1.145019531250000000e-01 3.769543766975402832e-01
5.645019412040710449e-01 3.773113191127777100e-01
3.395019471645355225e-01 3.776683211326599121e-01
7.895019650459289551e-01 3.780252635478973389e-01
2.270019650459289551e-01 3.783822655677795410e-01
6.770019531250000000e-01 3.787392079830169678e-01
4.520019292831420898e-01 3.790961802005767822e-01
9.020019769668579102e-01 3.794531524181365967e-01
1.707519590854644775e-01 3.798100948333740234e-01
6.207519769668579102e-01 3.801670670509338379e-01
3.957519531250000000e-01 3.805240094661712646e-01
8.457519412040710449e-01 3.808810114860534668e-01
2.832519412040710449e-01 3.812379539012908936e-01
7.332519888877868652e-01 3.815948963165283203e-01
5.082519650459289551e-01 3.819518983364105225e-01
9.582519531250000000e-01 3.823088407516479492e-01
1.426269561052322388e-01 3.826658427715301514e-01
5.926269292831420898e-01 3.830227851867675781e-01
3.676269352436065674e-01 3.833797574043273926e-01
8.176269531250000000e-01 3.837366998195648193e-01
2.551269531250000000e-01 3.840936720371246338e-01
7.051269412040710449e-01 3.844506442546844482e-01
4.801269471645355225e-01 3.848075866699218750e-01
9.301269650459289551e-01 3.851645886898040771e-01
1.988769471645355225e-01 3.855215311050415039e-01
6.488769650459289551e-01 3.858784735202789307e-01
4.238769412040710449e-01 3.862354755401611328e-01
8.738769292831420898e-01 3.865924179553985596e-01
3.113769590854644775e-01 3.869493901729583740e-01
7.613769769668579102e-01 3.873063623905181885e-01
5.363769531250000000e-01 3.876633346080780029e-01
9.863769412040710449e-01 3.880202770233154297e-01
1.074707061052322388e-01 3.883772194385528564e-01
5.574706792831420898e-01 3.887342214584350586e-01
3.324706852436065674e-01 3.890911638736724854e-01
7.824707031250000000e-01 3.894481658935546875e-01
2.199707031250000000e-01 3.898051083087921143e-01
6.699706912040710449e-01 3.901620507240295410e-01
4.449706971645355225e-01 3.905190527439117432e-01
8.949707150459289551e-01 3.908759951591491699e-01
1.637206971645355225e-01 3.912329673767089844e-01
6.137207150459289551e-01 3.915899097919464111e-01
3.887206912040710449e-01 3.919469118118286133e-01
8.387206792831420898e-01 3.923038542270660400e-01
2.762207090854644775e-01 3.926607966423034668e-01
7.262207269668579102e-01 3.930177986621856689e-01
5.012207031250000000e-01 3.933747410774230957e-01
9.512206912040710449e-01 3.937317430973052979e-01
1.355957090854644775e-01 3.940886855125427246e-01
5.855957269668579102e-01 3.944456279277801514e-01
3.605957031250000000e-01 3.948026001453399658e-01
8.105956912040710449e-01 3.951595723628997803e-01
2.480956912040710449e-01 3.955165445804595947e-01
6.980957388877868652e-01 3.958734869956970215e-01
4.730956852436065674e-01 3.962304890155792236e-01
9.230957031250000000e-01 3.965874314308166504e-01
1.918457001447677612e-01 3.969443738460540771e-01
6.418457031250000000e-01 3.973013758659362793e-01
4.168456792831420898e-01 3.976583182811737061e-01
8.668457269668579102e-01 3.980152904987335205e-01
3.043456971645355225e-01 3.983722627162933350e-01
7.543457150459289551e-01 3.987292051315307617e-01
5.293456912040710449e-01 3.990861773490905762e-01
9.793456792831420898e-01 3.994431197643280029e-01
1.215332001447677612e-01 3.998001217842102051e-01
5.715332031250000000e-01 4.001570641994476318e-01
3.465332090854644775e-01 4.005140662193298340e-01
7.965332269668579102e-01 4.008710086345672607e-01
2.340331971645355225e-01 4.012279510498046875e-01
6.840332150459289551e-01 4.015849530696868896e-01
4.590331912040710449e-01 4.019418954849243164e-01
9.090331792831420898e-01 4.022988677024841309e-01
1.777832061052322388e-01 4.026558101177215576e-01
6.277832388877868652e-01 4.030127823352813721e-01
4.027831852436065674e-01 4.033697545528411865e-01
8.527832031250000000e-01 4.037266969680786133e-01
2.902832031250000000e-01 4.040836989879608154e-01
7.402831912040710449e-01 4.044406414031982422e-01
5.152832269668579102e-01 4.047976434230804443e-01
9.652832150459289551e-01 4.051545858383178711e-01
1.496582031250000000e-01 4.055115282535552979e-01
5.996581912040710449e-01 4.058685004711151123e-01
3.746581971645355225e-01 4.062254726886749268e-01
8.246582150459289551e-01 4.065824449062347412e-01
2.621582150459289551e-01 4.069393873214721680e-01
7.121582031250000000e-01 4.072963297367095947e-01
4.871581792831420898e-01 4.076533317565917969e-01
9.371582269668579102e-01 4.080102741718292236e-01
2.059082090854644775e-01 4.083672761917114258e-01
6.559082269668579102e-01 4.087242186069488525e-01
4.309082031250000000e-01 4.090811610221862793e-01
8.809081912040710449e-01 4.094381630420684814e-01
3.184081912040710449e-01 4.097951054573059082e-01
7.684082388877868652e-01 4.101520776748657227e-01
5.434082150459289551e-01 4.105090200901031494e-01
9.934082031250000000e-01 4.108660221099853516e-01
1.039550825953483582e-01 4.112229645252227783e-01
5.539550781250000000e-01 4.115799069404602051e-01
3.289550840854644775e-01 4.119369089603424072e-01
7.789551019668579102e-01 4.122938513755798340e-01
2.164550721645355225e-01 4.126508533954620361e-01
6.664550900459289551e-01 4.130077958106994629e-01
4.414550662040710449e-01 4.133647382259368896e-01
8.914550542831420898e-01 4.137217104434967041e-01
1.602050811052322388e-01 4.140786826610565186e-01
6.102051138877868652e-01 4.144356548786163330e-01
3.852050602436065674e-01 4.147925972938537598e-01
8.352050781250000000e-01 4.151495993137359619e-01
2.727050781250000000e-01 4.155065417289733887e-01
7.227050662040710449e-01 4.158634841442108154e-01
4.977050721645355225e-01 4.162204861640930176e-01
9.477050900459289551e-01 4.165774285793304443e-01
1.320800781250000000e-01 4.169344007968902588e-01
5.820800662040710449e-01 4.172913730144500732e-01
3.570800721645355225e-01 4.176483154296875000e-01
8.070800900459289551e-01 4.180052876472473145e-01
2.445800900459289551e-01 4.183622300624847412e-01
6.945800781250000000e-01 4.187192320823669434e-01
4.695800542831420898e-01 4.190761744976043701e-01
9.195801019668579102e-01 4.194331765174865723e-01
1.883300840854644775e-01 4.197901189327239990e-01
6.383301019668579102e-01 4.201470613479614258e-01
4.133300781250000000e-01 4.205040633678436279e-01
8.633300662040710449e-01 4.208610057830810547e-01
3.008300662040710449e-01 4.212179780006408691e-01
7.508301138877868652e-01 4.215749204158782959e-01
5.258300900459289551e-01 4.219318926334381104e-01
9.758300781250000000e-01 4.222888648509979248e-01
1.180175766348838806e-01 4.226458072662353516e-01
5.680176019668579102e-01 4.230028092861175537e-01
3.430175781250000000e-01 4.233597517013549805e-01
7.930175662040710449e-01 4.237167537212371826e-01
2.305175662040710449e-01 4.240736961364746094e-01
6.805176138877868652e-01 4.244306385517120361e-01
4.555175602436065674e-01 4.247876107692718506e-01
9.055175781250000000e-01 4.251445829868316650e-01
1.742675751447677612e-01 4.255015552043914795e-01
6.242675781250000000e-01 4.258584976196289062e-01
3.992675542831420898e-01 4.262154400348663330e-01
8.492676019668579102e-01 4.265724420547485352e-01
2.867675721645355225e-01 4.269293844699859619e-01
7.367675900459289551e-01 4.272863864898681641e-01
5.117675662040710449e-01 4.276433289051055908e-01
9.617675542831420898e-01 4.280003011226654053e-01
1.461425721645355225e-01 4.283572733402252197e-01
5.961425900459289551e-01 4.287142157554626465e-01
3.711425662040710449e-01 4.290711879730224609e-01
8.211425542831420898e-01 4.294281303882598877e-01
2.586425840854644775e-01 4.297851324081420898e-01
7.086426019668579102e-01 4.301420748233795166e-01
4.836425483226776123e-01 4.304990172386169434e-01
9.336425662040710449e-01 4.308560192584991455e-01
2.023925781250000000e-01 4.312129616737365723e-01
6.523925662040710449e-01 4.315699636936187744e-01
4.273925721645355225e-01 4.319269061088562012e-01
8.773925900459289551e-01 4.322838783264160156e-01
3.148925602436065674e-01 4.326408207416534424e-01
7.648925781250000000e-01 4.329977929592132568e-01
5.398925542831420898e-01 4.333547651767730713e-01
9.898926019668579102e-01 4.337117075920104980e-01
1.109863296151161194e-01 4.340687096118927002e-01
5.609863400459289551e-01 4.344256520271301270e-01
3.359863162040710449e-01 4.347825944423675537e-01
7.859863042831420898e-01 4.351395964622497559e-01
2.234863340854644775e-01 4.354965388774871826e-01
6.734863519668579102e-01 4.358535110950469971e-01
4.484862983226776123e-01 4.362104833126068115e-01
8.984863162040710449e-01 4.365674555301666260e-01
1.672363281250000000e-01 4.369243979454040527e-01
6.172363162040710449e-01 4.372813403606414795e-01
3.922363221645355225e-01 4.376383423805236816e-01
8.422363400459289551e-01 4.379952847957611084e-01
2.797363102436065674e-01 4.383522868156433105e-01
7.297363281250000000e-01 4.387092292308807373e-01
5.047363042831420898e-01 4.390661716461181641e-01
9.547363519668579102e-01 4.394231736660003662e-01
1.391113251447677612e-01 4.397801160812377930e-01
5.891113281250000000e-01 4.401370882987976074e-01
3.641113042831420898e-01 4.404940307140350342e-01
8.141113519668579102e-01 4.408510327339172363e-01
2.516113221645355225e-01 4.412079751491546631e-01
7.016113400459289551e-01 4.415649175643920898e-01
4.766113162040710449e-01 4.419219195842742920e-01
9.266113042831420898e-01 4.422788619995117188e-01
1.953613162040710449e-01 4.426358640193939209e-01
6.453613638877868652e-01 4.429928064346313477e-01
4.203613102436065674e-01 4.433497488498687744e-01
8.703613281250000000e-01 4.437067210674285889e-01
3.078613281250000000e-01 4.440636932849884033e-01
7.578613162040710449e-01 4.444206655025482178e-01
5.328613519668579102e-01 4.447776079177856445e-01
9.828613400459289551e-01 4.451345503330230713e-01
1.250488311052322388e-01 4.454915523529052734e-01
5.750488042831420898e-01 4.458484947681427002e-01
3.500488102436065674e-01 4.462054967880249023e-01
8.000488281250000000e-01 4.465624392032623291e-01
2.375488281250000000e-01 4.469194412231445312e-01
6.875488162040710449e-01 4.472763836383819580e-01
4.625488221645355225e-01 4.476333260536193848e-01
9.125488400459289551e-01 4.479902982711791992e-01
1.812988221645355225e-01 4.483472704887390137e-01
6.312988400459289551e-01 4.487042427062988281e-01
4.062988162040710449e-01 4.490611851215362549e-01
8.562988042831420898e-01 4.494181275367736816e-01
2.937988340854644775e-01 4.497751295566558838e-01
7.437988519668579102e-01 4.501320719718933105e-01
5.187988281250000000e-01 4.504890739917755127e-01
9.687988162040710449e-01 4.508460164070129395e-01
1.531738340854644775e-01 4.512029886245727539e-01
6.031738519668579102e-01 4.515599608421325684e-01
3.781738281250000000e-01 4.519169032573699951e-01
8.281738162040710449e-01 4.522738754749298096e-01
2.656738162040710449e-01 4.526308178901672363e-01
7.156738638877868652e-01 4.529878199100494385e-01
4.906738102436065674e-01 4.533447623252868652e-01
9.406738281250000000e-01 4.537017047405242920e-01
2.094238251447677612e-01 4.540587067604064941e-01
6.594238281250000000e-01 4.544156491756439209e-01
4.344238042831420898e-01 4.547726511955261230e-01
8.844238519668579102e-01 4.551295936107635498e-01
3.219238221645355225e-01 4.554865658283233643e-01
7.719238400459289551e-01 4.558435082435607910e-01
5.469238162040710449e-01 4.562004804611206055e-01
9.969238042831420898e-01 4.565574526786804199e-01
1.021972671151161194e-01 4.569143950939178467e-01
5.521972775459289551e-01 4.572713971138000488e-01
3.271972537040710449e-01 4.576283395290374756e-01
7.771972417831420898e-01 4.579852819442749023e-01
2.146972715854644775e-01 4.583422839641571045e-01
6.646972894668579102e-01 4.586992263793945312e-01
4.396972358226776123e-01 4.590561985969543457e-01
8.896972537040710449e-01 4.594131708145141602e-01
1.584472656250000000e-01 4.597701430320739746e-01
6.084472537040710449e-01 4.601270854473114014e-01
3.834472596645355225e-01 4.604840278625488281e-01
8.334472775459289551e-01 4.608410298824310303e-01
2.709472477436065674e-01 4.611979722976684570e-01
7.209472656250000000e-01 4.615549743175506592e-01
4.959472417831420898e-01 4.619119167327880859e-01
9.459472894668579102e-01 4.622688591480255127e-01
1.303222626447677612e-01 4.626258611679077148e-01
5.803222656250000000e-01 4.629828035831451416e-01
3.553222417831420898e-01 4.633397758007049561e-01
8.053222894668579102e-01 4.636967182159423828e-01
2.428222596645355225e-01 4.640537202358245850e-01
6.928222775459289551e-01 4.644106626510620117e-01
4.678222537040710449e-01 4.647676050662994385e-01
9.178222417831420898e-01 4.651246070861816406e-01
1.865722537040710449e-01 4.654815495014190674e-01
6.365723013877868652e-01 4.658385515213012695e-01
4.115722477436065674e-01 4.661954939365386963e-01
8.615722656250000000e-01 4.665524363517761230e-01
2.990722656250000000e-01 4.669094085693359375e-01
7.490722537040710449e-01 4.672663807868957520e-01
5.240722894668579102e-01 4.676233530044555664e-01
9.740722775459289551e-01 4.679802954196929932e-01
1.162597686052322388e-01 4.683372974395751953e-01
5.662597417831420898e-01 4.686942398548126221e-01
3.412597477436065674e-01 4.690511822700500488e-01
7.912597656250000000e-01 4.694081842899322510e-01
2.287597656250000000e-01 4.697651267051696777e-01
6.787597537040710449e-01 4.701220989227294922e-01
4.537597596645355225e-01 4.704790711402893066e-01
9.037597775459289551e-01 4.708360135555267334e-01
1.725097596645355225e-01 4.711929857730865479e-01
6.225097775459289551e-01 4.715499281883239746e-01
3.975097537040710449e-01 4.719069302082061768e-01
8.475097417831420898e-01 4.722638726234436035e-01
2.850097715854644775e-01 4.726208746433258057e-01
7.350097894668579102e-01 4.729778170585632324e-01
5.100097656250000000e-01 4.733347594738006592e-01
9.600097537040710449e-01 4.736917614936828613e-01
1.443847715854644775e-01 4.740487039089202881e-01
5.943847894668579102e-01 4.744056761264801025e-01
3.693847656250000000e-01 4.747626185417175293e-01
8.193847537040710449e-01 4.751195907592773438e-01
2.568847537040710449e-01 4.754765629768371582e-01
7.068848013877868652e-01 4.758335053920745850e-01
4.818847477436065674e-01 4.761905074119567871e-01
9.318847656250000000e-01 4.765474498271942139e-01
2.006347626447677612e-01 4.769043922424316406e-01
6.506347656250000000e-01 4.772613942623138428e-01
4.256347417831420898e-01 4.776183366775512695e-01
8.756347894668579102e-01 4.779753088951110840e-01
3.131347596645355225e-01 4.783322811126708984e-01
7.631347775459289551e-01 4.786892533302307129e-01
5.381347537040710449e-01 4.790461957454681396e-01
9.881347417831420898e-01 4.794031381607055664e-01
1.092285141348838806e-01 4.797601401805877686e-01
5.592285394668579102e-01 4.801170825958251953e-01
3.342285156250000000e-01 4.804740846157073975e-01
7.842285037040710449e-01 4.808310270309448242e-01
2.217285037040710449e-01 4.811879694461822510e-01
6.717285513877868652e-01 4.815449714660644531e-01
4.467284977436065674e-01 4.819019138813018799e-01
8.967285156250000000e-01 4.822588860988616943e-01
1.654785126447677612e-01 4.826158285140991211e-01
6.154785156250000000e-01 4.829728305339813232e-01
3.904784917831420898e-01 4.833297729492187500e-01
8.404785394668579102e-01 4.836867153644561768e-01
2.779785096645355225e-01 4.840437173843383789e-01
7.279785275459289551e-01 4.844006597995758057e-01
5.029785037040710449e-01 4.847576618194580078e-01
9.529784917831420898e-01 4.851146042346954346e-01
1.373535096645355225e-01 4.854715466499328613e-01
5.873535275459289551e-01 4.858285188674926758e-01
3.623535037040710449e-01 4.861854910850524902e-01
8.123534917831420898e-01 4.865424633026123047e-01
2.498535215854644775e-01 4.868994057178497314e-01
6.998535394668579102e-01 4.872564077377319336e-01
4.748534858226776123e-01 4.876133501529693604e-01
9.248535037040710449e-01 4.879702925682067871e-01
1.936035156250000000e-01 4.883272945880889893e-01
6.436035037040710449e-01 4.886842370033264160e-01
4.186035096645355225e-01 4.890412092208862305e-01
8.686035275459289551e-01 4.893981814384460449e-01
3.061034977436065674e-01 4.897551238536834717e-01
7.561035156250000000e-01 4.901120960712432861e-01
5.311034917831420898e-01 4.904690384864807129e-01
9.811035394668579102e-01 4.908260405063629150e-01
1.232910156250000000e-01 4.911829829216003418e-01
5.732910037040710449e-01 4.915399849414825439e-01
3.482910096645355225e-01 4.918969273567199707e-01
7.982910275459289551e-01 4.922538697719573975e-01
2.357910275459289551e-01 4.926108717918395996e-01
6.857910156250000000e-01 4.929678142070770264e-01
4.607909917831420898e-01 4.933247864246368408e-01
9.107910394668579102e-01 4.936817288398742676e-01
1.795410215854644775e-01 4.940387010574340820e-01
6.295410394668579102e-01 4.943956732749938965e-01
4.045410156250000000e-01 4.947526156902313232e-01
8.545410037040710449e-01 4.951096177101135254e-01
2.920410037040710449e-01 4.954665601253509521e-01
7.420410513877868652e-01 4.958235621452331543e-01
5.170410275459289551e-01 4.961805045604705811e-01
9.670410156250000000e-01 4.965374469757080078e-01
1.514160186052322388e-01 4.968944191932678223e-01
6.014160513877868652e-01 4.972513914108276367e-01
3.764159977436065674e-01 4.976083636283874512e-01
8.264160156250000000e-01 4.979653060436248779e-01
2.639160156250000000e-01 4.983222484588623047e-01
7.139160037040710449e-01 4.986792504787445068e-01
4.889160096645355225e-01 4.990361928939819336e-01
9.389160275459289551e-01 4.993931949138641357e-01
2.076660096645355225e-01 4.997501373291015625e-01
6.576660275459289551e-01 5.001071095466613770e-01
4.326660037040710449e-01 5.004640817642211914e-01
8.826659917831420898e-01 5.008209943771362305e-01
3.201660215854644775e-01 5.011780261993408203e-01
7.701660394668579102e-01 5.015349388122558594e-01
5.451660156250000000e-01 5.018919110298156738e-01
9.951660037040710449e-01 5.022488832473754883e-01
1.057128906250000000e-01 5.026058554649353027e-01
5.557128787040710449e-01 5.029628276824951172e-01
3.307128846645355225e-01 5.033197402954101562e-01
7.807129025459289551e-01 5.036767721176147461e-01
2.182128876447677612e-01 5.040336847305297852e-01
6.682128906250000000e-01 5.043907165527343750e-01
4.432128667831420898e-01 5.047476291656494141e-01
8.932129144668579102e-01 5.051046013832092285e-01
1.619628965854644775e-01 5.054615736007690430e-01
6.119629144668579102e-01 5.058185458183288574e-01
3.869628906250000000e-01 5.061755180358886719e-01
8.369628787040710449e-01 5.065324306488037109e-01
2.744628787040710449e-01 5.068894028663635254e-01
7.244629263877868652e-01 5.072463750839233398e-01
4.994628727436065674e-01 5.076033473014831543e-01
9.494628906250000000e-01 5.079603195190429688e-01
1.338378936052322388e-01 5.083172917366027832e-01
5.838378667831420898e-01 5.086742639541625977e-01
3.588378727436065674e-01 5.090312361717224121e-01
8.088378906250000000e-01 5.093881487846374512e-01
2.463378906250000000e-01 5.097451210021972656e-01
6.963378787040710449e-01 5.101020932197570801e-01
4.713378846645355225e-01 5.104590654373168945e-01
9.213379025459289551e-01 5.108160376548767090e-01
1.900878846645355225e-01 5.111729502677917480e-01
6.400879025459289551e-01 5.115299820899963379e-01
4.150878787040710449e-01 5.118868947029113770e-01
8.650878667831420898e-01 5.122439265251159668e-01
3.025878965854644775e-01 5.126008391380310059e-01
7.525879144668579102e-01 5.129578113555908203e-01
5.275878906250000000e-01 5.133147835731506348e-01
9.775878787040710449e-01 5.136717557907104492e-01
1.197753921151161194e-01 5.140287280082702637e-01
5.697754025459289551e-01 5.143856406211853027e-01
3.447753787040710449e-01 5.147426724433898926e-01
7.947753667831420898e-01 5.150995850563049316e-01
2.322753965854644775e-01 5.154565572738647461e-01
6.822754144668579102e-01 5.158135294914245605e-01
4.572753608226776123e-01 5.161705017089843750e-01
9.072753787040710449e-01 5.165274739265441895e-01
1.760253906250000000e-01 5.168844461441040039e-01
6.260253787040710449e-01 5.172413587570190430e-01
4.010253846645355225e-01 5.175983309745788574e-01
8.510254025459289551e-01 5.179553031921386719e-01
2.885253727436065674e-01 5.183122754096984863e-01
7.385253906250000000e-01 5.186692476272583008e-01
5.135253667831420898e-01 5.190262198448181152e-01
9.635254144668579102e-01 5.193831920623779297e-01
1.479003876447677612e-01 5.197401046752929688e-01
5.979003906250000000e-01 5.200971364974975586e-01
3.729003667831420898e-01 5.204540491104125977e-01
8.229004144668579102e-01 5.208110213279724121e-01
2.604003846645355225e-01 5.211679935455322266e-01
7.104004025459289551e-01 5.215249657630920410e-01
4.854003787040710449e-01 5.218819379806518555e-01
9.354003667831420898e-01 5.222388505935668945e-01
2.041503787040710449e-01 5.225958824157714844e-01
6.541504263877868652e-01 5.229527950286865234e-01
4.291503727436065674e-01 5.233098268508911133e-01
8.791503906250000000e-01 5.236667394638061523e-01
3.166503906250000000e-01 5.240237116813659668e-01
7.666503787040710449e-01 5.243806838989257812e-01
5.416504144668579102e-01 5.247376561164855957e-01
9.916504025459289551e-01 5.250946283340454102e-01
1.127441376447677612e-01 5.254515409469604492e-01
5.627441406250000000e-01 5.258085131645202637e-01
3.377441465854644775e-01 5.261654853820800781e-01
7.877441644668579102e-01 5.265224575996398926e-01
2.252441346645355225e-01 5.268794298171997070e-01
6.752441525459289551e-01 5.272364020347595215e-01
4.502441287040710449e-01 5.275933742523193359e-01
9.002441167831420898e-01 5.279503464698791504e-01
1.689941436052322388e-01 5.283072590827941895e-01
6.189941763877868652e-01 5.286642313003540039e-01
3.939941227436065674e-01 5.290212035179138184e-01
8.439941406250000000e-01 5.293781757354736328e-01
2.814941406250000000e-01 5.297351479530334473e-01
7.314941287040710449e-01 5.300920605659484863e-01
5.064941644668579102e-01 5.304490923881530762e-01
9.564941525459289551e-01 5.308060050010681152e-01
1.408691406250000000e-01 5.311630368232727051e-01
5.908691287040710449e-01 5.315199494361877441e-01
3.658691346645355225e-01 5.318769216537475586e-01
8.158691525459289551e-01 5.322338938713073730e-01
2.533691525459289551e-01 5.325908660888671875e-01
7.033691406250000000e-01 5.329478383064270020e-01
4.783691167831420898e-01 5.333047509193420410e-01
9.283691644668579102e-01 5.336617827415466309e-01
1.971191465854644775e-01 5.340186953544616699e-01
6.471191644668579102e-01 5.343756675720214844e-01
4.221191406250000000e-01 5.347326397895812988e-01
8.721191287040710449e-01 5.350896120071411133e-01
3.096191287040710449e-01 5.354465842247009277e-01
7.596191763877868652e-01 5.358035564422607422e-01
5.346191525459289551e-01 5.361605286598205566e-01
9.846191406250000000e-01 5.365175008773803711e-01
1.268066465854644775e-01 5.368744134902954102e-01
5.768066644668579102e-01 5.372313857078552246e-01
3.518066406250000000e-01 5.375883579254150391e-01
8.018066287040710449e-01 5.379453301429748535e-01
2.393066287040710449e-01 5.383023023605346680e-01
6.893066763877868652e-01 5.386592149734497070e-01
4.643066227436065674e-01 5.390162467956542969e-01
9.143066406250000000e-01 5.393731594085693359e-01
1.830566376447677612e-01 5.397301912307739258e-01
6.330566406250000000e-01 5.400871038436889648e-01
4.080566167831420898e-01 5.404440760612487793e-01
8.580566644668579102e-01 5.408010482788085938e-01
2.955566346645355225e-01 5.411580204963684082e-01
7.455566525459289551e-01 5.415149927139282227e-01
5.205566287040710449e-01 5.418719053268432617e-01
9.705566167831420898e-01 5.422289371490478516e-01
1.549316346645355225e-01 5.425858497619628906e-01
6.049316525459289551e-01 5.429428219795227051e-01
3.799316287040710449e-01 5.432997941970825195e-01
8.299316167831420898e-01 5.436567664146423340e-01
2.674316465854644775e-01 5.440137386322021484e-01
7.174316644668579102e-01 5.443707108497619629e-01
4.924316108226776123e-01 5.447276234626770020e-01
9.424316287040710449e-01 5.450845956802368164e-01
2.111816406250000000e-01 5.454415678977966309e-01
6.611816287040710449e-01 5.457985401153564453e-01
4.361816346645355225e-01 5.461555123329162598e-01
8.861816525459289551e-01 5.465124845504760742e-01
3.236816227436065674e-01 5.468694567680358887e-01
7.736816406250000000e-01 5.472263693809509277e-01
5.486816167831420898e-01 5.475834012031555176e-01
9.986816644668579102e-01 5.479403138160705566e-01
1.013183593750000000e-01 5.482972860336303711e-01
5.513183474540710449e-01 5.486542582511901855e-01
3.263183534145355225e-01 5.490112304687500000e-01
7.763183712959289551e-01 5.493682026863098145e-01
2.138183563947677612e-01 5.497251152992248535e-01
6.638183593750000000e-01 5.500821471214294434e-01
4.388183355331420898e-01 5.504390597343444824e-01
8.888183832168579102e-01 5.507960915565490723e-01
1.575683653354644775e-01 5.511530041694641113e-01
6.075683832168579102e-01 5.515099763870239258e-01
3.825683593750000000e-01 5.518669486045837402e-01
8.325683474540710449e-01 5.522239208221435547e-01
2.700683474540710449e-01 5.525808930397033691e-01
7.200683951377868652e-01 5.529378056526184082e-01
4.950683414936065674e-01 5.532947778701782227e-01
9.450683593750000000e-01 5.536517500877380371e-01
1.294433623552322388e-01 5.540087223052978516e-01
5.794433355331420898e-01 5.543656945228576660e-01
3.544433414936065674e-01 5.547226667404174805e-01
8.044433593750000000e-01 5.550796389579772949e-01
2.419433593750000000e-01 5.554366111755371094e-01
6.919433474540710449e-01 5.557935237884521484e-01
4.669433534145355225e-01 5.561504960060119629e-01
9.169433712959289551e-01 5.565074682235717773e-01
1.856933534145355225e-01 5.568644404411315918e-01
6.356933712959289551e-01 5.572214126586914062e-01
4.106933474540710449e-01 5.575783252716064453e-01
8.606933355331420898e-01 5.579353570938110352e-01
2.981933653354644775e-01 5.582922697067260742e-01
7.481933832168579102e-01 5.586493015289306641e-01
5.231933593750000000e-01 5.590062141418457031e-01
9.731933474540710449e-01 5.593631863594055176e-01
1.153808608651161194e-01 5.597201585769653320e-01
5.653808712959289551e-01 5.600771307945251465e-01
3.403808474540710449e-01 5.604341030120849609e-01
7.903808355331420898e-01 5.607910156250000000e-01
2.278808653354644775e-01 5.611480474472045898e-01
6.778808832168579102e-01 5.615049600601196289e-01
4.528808295726776123e-01 5.618619322776794434e-01
9.028808474540710449e-01 5.622189044952392578e-01
1.716308593750000000e-01 5.625758767127990723e-01
6.216308474540710449e-01 5.629328489303588867e-01
3.966308534145355225e-01 5.632898211479187012e-01
8.466308712959289551e-01 5.636467933654785156e-01
2.841308414936065674e-01 5.640037059783935547e-01
7.341308593750000000e-01 5.643606781959533691e-01
5.091308355331420898e-01 5.647176504135131836e-01
9.591308832168579102e-01 5.650746226310729980e-01
1.435058563947677612e-01 5.654315948486328125e-01
5.935058593750000000e-01 5.657885670661926270e-01
3.685058355331420898e-01 5.661454796791076660e-01
8.185058832168579102e-01 5.665025115013122559e-01
2.560058534145355225e-01 5.668594241142272949e-01
7.060058712959289551e-01 5.672163963317871094e-01
4.810058474540710449e-01 5.675733685493469238e-01
9.310058355331420898e-01 5.679303407669067383e-01
1.997558474540710449e-01 5.682873129844665527e-01
6.497558951377868652e-01 5.686442255973815918e-01
4.247558414936065674e-01 5.690012574195861816e-01
8.747558593750000000e-01 5.693581700325012207e-01
3.122558593750000000e-01 5.697152018547058105e-01
7.622558474540710449e-01 5.700721144676208496e-01
5.372558832168579102e-01 5.704290866851806641e-01
9.872558712959289551e-01 5.707860589027404785e-01
1.083496138453483582e-01 5.711430311203002930e-01
5.583496093750000000e-01 5.715000033378601074e-01
3.333496153354644775e-01 5.718569159507751465e-01
7.833496332168579102e-01 5.722139477729797363e-01
2.208496034145355225e-01 5.725708603858947754e-01
6.708496212959289551e-01 5.729278326034545898e-01
4.458495974540710449e-01 5.732848048210144043e-01
8.958495855331420898e-01 5.736417770385742188e-01
1.645996123552322388e-01 5.739987492561340332e-01
6.145996451377868652e-01 5.743557214736938477e-01
3.895995914936065674e-01 5.747126340866088867e-01
8.395996093750000000e-01 5.750696063041687012e-01
2.770996093750000000e-01 5.754265785217285156e-01
7.270995974540710449e-01 5.757835507392883301e-01
5.020996332168579102e-01 5.761405229568481445e-01
9.520996212959289551e-01 5.764974951744079590e-01
1.364746093750000000e-01 5.768544673919677734e-01
5.864745974540710449e-01 5.772113800048828125e-01
3.614746034145355225e-01 5.775684118270874023e-01
8.114746212959289551e-01 5.779253244400024414e-01
2.489746212959289551e-01 5.782822966575622559e-01
6.989746093750000000e-01 5.786392688751220703e-01
4.739745855331420898e-01 5.789962410926818848e-01
9.239746332168579102e-01 5.793532133102416992e-01
1.927246153354644775e-01 5.797101259231567383e-01
6.427246332168579102e-01 5.800671577453613281e-01
4.177246093750000000e-01 5.804240703582763672e-01
8.677245974540710449e-01 5.807810425758361816e-01
3.052245974540710449e-01 5.811380147933959961e-01
7.552246451377868652e-01 5.814949870109558105e-01
5.302246212959289551e-01 5.818519592285156250e-01
9.802246093750000000e-01 5.822089314460754395e-01
1.224121078848838806e-01 5.825659036636352539e-01
5.724121332168579102e-01 5.829228162765502930e-01
3.474121093750000000e-01 5.832797884941101074e-01
7.974120974540710449e-01 5.836367607116699219e-01
2.349120974540710449e-01 5.839937329292297363e-01
6.849121451377868652e-01 5.843507051467895508e-01
4.599120914936065674e-01 5.847076773643493652e-01
9.099121093750000000e-01 5.850645899772644043e-01
1.786621063947677612e-01 5.854216217994689941e-01
6.286621093750000000e-01 5.857785344123840332e-01
4.036620855331420898e-01 5.861355066299438477e-01
8.536621332168579102e-01 5.864924788475036621e-01
2.911621034145355225e-01 5.868494510650634766e-01
7.411621212959289551e-01 5.872064232826232910e-01
5.161620974540710449e-01 5.875633358955383301e-01
9.661620855331420898e-01 5.879203677177429199e-01
1.505371034145355225e-01 5.882772803306579590e-01
6.005371212959289551e-01 5.886343121528625488e-01
3.755370974540710449e-01 5.889912247657775879e-01
8.255370855331420898e-01 5.893481969833374023e-01
2.630371153354644775e-01 5.897051692008972168e-01
7.130371332168579102e-01 5.900621414184570312e-01
4.880370795726776123e-01 5.904191136360168457e-01
9.380370974540710449e-01 5.907760262489318848e-01
2.067871093750000000e-01 5.911330580711364746e-01
6.567870974540710449e-01 5.914899706840515137e-01
4.317871034145355225e-01 5.918469429016113281e-01
8.817871212959289551e-01 5.922039151191711426e-01
3.192870914936065674e-01 5.925608873367309570e-01
7.692871093750000000e-01 5.929178595542907715e-01
5.442870855331420898e-01 5.932748317718505859e-01
9.942871332168579102e-01 5.936317443847656250e-01
1.048339828848838806e-01 5.939887166023254395e-01
5.548340082168579102e-01 5.943456888198852539e-01
3.298339843750000000e-01 5.947026610374450684e-01
7.798339724540710449e-01 5.950596332550048828e-01
2.173339724540710449e-01 5.954166054725646973e-01
6.673340201377868652e-01 5.957735776901245117e-01
4.423339664936065674e-01 5.961304903030395508e-01
8.923339843750000000e-01 5.964875221252441406e-01
1.610839813947677612e-01 5.968444347381591797e-01
6.110839843750000000e-01 5.972014069557189941e-01
3.860839605331420898e-01 5.975583791732788086e-01
8.360840082168579102e-01 5.979153513908386230e-01
2.735839784145355225e-01 5.982723236083984375e-01
7.235839962959289551e-01 5.986292362213134766e-01
4.985839724540710449e-01 5.989862680435180664e-01
9.485839605331420898e-01 5.993431806564331055e-01
1.329589784145355225e-01 5.997002124786376953e-01
5.829589962959289551e-01 6.000571250915527344e-01
3.579589724540710449e-01 6.004140973091125488e-01
8.079589605331420898e-01 6.007710695266723633e-01
2.454589903354644775e-01 6.011280417442321777e-01
6.954590082168579102e-01 6.014850139617919922e-01
4.704589545726776123e-01 6.018419265747070312e-01
9.204589724540710449e-01 6.021988987922668457e-01
1.892089843750000000e-01 6.025558710098266602e-01
6.392089724540710449e-01 6.029128432273864746e-01
4.142089784145355225e-01 6.032698154449462891e-01
8.642089962959289551e-01 6.036267876625061035e-01
3.017089664936065674e-01 6.039837598800659180e-01
7.517089843750000000e-01 6.043407320976257324e-01
5.267089605331420898e-01 6.046976447105407715e-01
9.767090082168579102e-01 6.050546169281005859e-01
1.188964843750000000e-01 6.054115891456604004e-01
5.688964724540710449e-01 6.057685613632202148e-01
3.438964784145355225e-01 6.061255335807800293e-01
7.938964962959289551e-01 6.064824461936950684e-01
2.313964962959289551e-01 6.068394780158996582e-01
6.813964843750000000e-01 6.071963906288146973e-01
4.563964605331420898e-01 6.075534224510192871e-01
9.063965082168579102e-01 6.079103350639343262e-01
1.751464903354644775e-01 6.082673072814941406e-01
6.251465082168579102e-01 6.086242794990539551e-01
4.001464843750000000e-01 6.089812517166137695e-01
8.501464724540710449e-01 6.093382239341735840e-01
2.876464724540710449e-01 6.096951365470886230e-01
7.376465201377868652e-01 6.100521683692932129e-01
5.126464962959289551e-01 6.104090809822082520e-01
9.626464843750000000e-01 6.107660531997680664e-01
1.470214873552322388e-01 6.111230254173278809e-01
5.970214605331420898e-01 6.114799976348876953e-01
3.720214664936065674e-01 6.118369698524475098e-01
8.220214843750000000e-01 6.121939420700073242e-01
2.595214843750000000e-01 6.125508546829223633e-01
7.095214724540710449e-01 6.129078269004821777e-01
4.845214784145355225e-01 6.132647991180419922e-01
9.345214962959289551e-01 6.136217713356018066e-01
2.032714784145355225e-01 6.139787435531616211e-01
6.532714962959289551e-01 6.143357157707214355e-01
4.282714724540710449e-01 6.146926879882812500e-01
8.782714605331420898e-01 6.150496006011962891e-01
3.157714903354644775e-01 6.154066324234008789e-01
7.657715082168579102e-01 6.157635450363159180e-01
5.407714843750000000e-01 6.161205172538757324e-01
9.907714724540710449e-01 6.164774894714355469e-01
1.118652373552322388e-01 6.168344616889953613e-01
5.618652105331420898e-01 6.171914339065551758e-01
3.368652164936065674e-01 6.175483465194702148e-01
7.868652343750000000e-01 6.179053783416748047e-01
2.243652343750000000e-01 6.182622909545898438e-01
6.743652224540710449e-01 6.186193227767944336e-01
4.493652284145355225e-01 6.189762353897094727e-01
8.993652462959289551e-01 6.193332076072692871e-01
1.681152284145355225e-01 6.196901798248291016e-01
6.181152462959289551e-01 6.200471520423889160e-01
3.931152224540710449e-01 6.204041242599487305e-01
8.431152105331420898e-01 6.207610368728637695e-01
2.806152403354644775e-01 6.211180090904235840e-01
7.306152582168579102e-01 6.214749813079833984e-01
5.056152343750000000e-01 6.218319535255432129e-01
9.556152224540710449e-01 6.221889257431030273e-01
1.399902403354644775e-01 6.225458979606628418e-01
5.899902582168579102e-01 6.229028701782226562e-01
3.649902343750000000e-01 6.232598423957824707e-01
8.149902224540710449e-01 6.236167550086975098e-01
2.524902224540710449e-01 6.239737272262573242e-01
7.024902701377868652e-01 6.243306994438171387e-01
4.774902164936065674e-01 6.246876716613769531e-01
9.274902343750000000e-01 6.250446438789367676e-01
1.962402313947677612e-01 6.254015564918518066e-01
6.462402343750000000e-01 6.257585883140563965e-01
4.212402105331420898e-01 6.261155009269714355e-01
8.712402582168579102e-01 6.264725327491760254e-01
3.087402284145355225e-01 6.268294453620910645e-01
7.587402462959289551e-01 6.271864175796508789e-01
5.337402224540710449e-01 6.275433897972106934e-01
9.837402105331420898e-01 6.279003620147705078e-01
1.259277313947677612e-01 6.282573342323303223e-01
5.759277343750000000e-01 6.286142468452453613e-01
3.509277105331420898e-01 6.289712786674499512e-01
8.009277582168579102e-01 6.293281912803649902e-01
2.384277284145355225e-01 6.296851634979248047e-01
6.884277462959289551e-01 6.300421357154846191e-01
4.634277224540710449e-01 6.303991079330444336e-01
9.134277105331420898e-01 6.307560801506042480e-01
1.821777373552322388e-01 6.311130523681640625e-01
6.321777701377868652e-01 6.314700245857238770e-01
4.071777164936065674e-01 6.318269371986389160e-01
8.571777343750000000e-01 6.321839094161987305e-01
2.946777343750000000e-01 6.325408816337585449e-01
7.446777224540710449e-01 6.328978538513183594e-01
5.196777582168579102e-01 6.332548260688781738e-01
9.696777462959289551e-01 6.336117982864379883e-01
1.540527343750000000e-01 6.339687108993530273e-01
6.040527224540710449e-01 6.343257427215576172e-01
3.790527284145355225e-01 6.346826553344726562e-01
8.290527462959289551e-01 6.350396275520324707e-01
2.665527462959289551e-01 6.353965997695922852e-01
7.165527343750000000e-01 6.357535719871520996e-01
4.915527105331420898e-01 6.361105442047119141e-01
9.415527582168579102e-01 6.364674568176269531e-01
2.103027403354644775e-01 6.368244886398315430e-01
6.603027582168579102e-01 6.371814012527465820e-01
4.353027343750000000e-01 6.375384330749511719e-01
8.853027224540710449e-01 6.378953456878662109e-01
3.228027224540710449e-01 6.382523179054260254e-01
7.728027701377868652e-01 6.386092901229858398e-01
5.478027462959289551e-01 6.389662623405456543e-01
9.978027343750000000e-01 6.393232345581054688e-01
1.030761748552322388e-01 6.396801471710205078e-01
5.530761480331420898e-01 6.400371789932250977e-01
3.280761539936065674e-01 6.403940916061401367e-01
7.780761718750000000e-01 6.407510638236999512e-01
2.155761718750000000e-01 6.411080360412597656e-01
6.655761599540710449e-01 6.414650082588195801e-01
4.405761659145355225e-01 6.418219804763793945e-01
8.905761837959289551e-01 6.421789526939392090e-01
1.593261659145355225e-01 6.425358653068542480e-01
6.093261837959289551e-01 6.428928375244140625e-01
3.843261599540710449e-01 6.432498097419738770e-01
8.343261480331420898e-01 6.436067819595336914e-01
2.718261778354644775e-01 6.439637541770935059e-01
7.218261957168579102e-01 6.443207263946533203e-01
4.968261420726776123e-01 6.446776986122131348e-01
9.468261599540710449e-01 6.450346112251281738e-01
1.312011778354644775e-01 6.453916430473327637e-01
5.812011957168579102e-01 6.457485556602478027e-01
3.562011718750000000e-01 6.461055278778076172e-01
8.062011599540710449e-01 6.464625000953674316e-01
2.437011599540710449e-01 6.468194723129272461e-01
6.937012076377868652e-01 6.471764445304870605e-01
4.687011539936065674e-01 6.475333571434020996e-01
9.187011718750000000e-01 6.478903889656066895e-01
1.874511688947677612e-01 6.482473015785217285e-01
6.374511718750000000e-01 6.486042737960815430e-01
4.124511480331420898e-01 6.489612460136413574e-01
8.624511957168579102e-01 6.493182182312011719e-01
2.999511659145355225e-01 6.496751904487609863e-01
7.499511837959289551e-01 6.500321626663208008e-01
5.249511599540710449e-01 6.503891348838806152e-01
9.749511480331420898e-01 6.507460474967956543e-01
1.171386688947677612e-01 6.511030197143554688e-01
5.671386718750000000e-01 6.514599919319152832e-01
3.421386778354644775e-01 6.518169641494750977e-01
7.921386957168579102e-01 6.521739363670349121e-01
2.296386659145355225e-01 6.525309085845947266e-01
6.796386837959289551e-01 6.528878211975097656e-01
4.546386599540710449e-01 6.532448530197143555e-01
9.046386480331420898e-01 6.536017656326293945e-01
1.733886748552322388e-01 6.539587378501892090e-01
6.233887076377868652e-01 6.543157100677490234e-01
3.983886539936065674e-01 6.546726822853088379e-01
8.483886718750000000e-01 6.550296545028686523e-01
2.858886718750000000e-01 6.553865671157836914e-01
7.358886599540710449e-01 6.557435989379882812e-01
5.108886957168579102e-01 6.561005115509033203e-01
9.608886837959289551e-01 6.564575433731079102e-01
1.452636718750000000e-01 6.568144559860229492e-01
5.952636599540710449e-01 6.571714282035827637e-01
3.702636659145355225e-01 6.575284004211425781e-01
8.202636837959289551e-01 6.578853726387023926e-01
2.577636837959289551e-01 6.582423448562622070e-01
7.077636718750000000e-01 6.585992574691772461e-01
4.827636480331420898e-01 6.589562892913818359e-01
9.327636957168579102e-01 6.593132019042968750e-01
2.015136778354644775e-01 6.596701741218566895e-01
6.515136957168579102e-01 6.600271463394165039e-01
4.265136718750000000e-01 6.603841185569763184e-01
8.765136599540710449e-01 6.607410907745361328e-01
3.140136599540710449e-01 6.610980629920959473e-01
7.640137076377868652e-01 6.614549756050109863e-01
5.390136837959289551e-01 6.618119478225708008e-01
9.890136718750000000e-01 6.621689200401306152e-01
1.101074218750000000e-01 6.625258922576904297e-01
5.601074099540710449e-01 6.628828644752502441e-01
3.351074159145355225e-01 6.632398366928100586e-01
7.851074337959289551e-01 6.635968089103698730e-01
2.226074188947677612e-01 6.639537215232849121e-01
6.726074218750000000e-01 6.643107533454895020e-01
4.476073980331420898e-01 6.646676659584045410e-01
8.976074457168579102e-01 6.650246381759643555e-01
1.663574278354644775e-01 6.653816103935241699e-01
6.163574457168579102e-01 6.657385826110839844e-01
3.913574218750000000e-01 6.660955548286437988e-01
8.413574099540710449e-01 6.664524674415588379e-01
2.788574099540710449e-01 6.668094992637634277e-01
7.288574576377868652e-01 6.671664118766784668e-01
5.038574337959289551e-01 6.675234436988830566e-01
9.538574218750000000e-01 6.678803563117980957e-01
1.382324248552322388e-01 6.682373285293579102e-01
5.882323980331420898e-01 6.685943007469177246e-01
3.632324039936065674e-01 6.689512729644775391e-01
8.132324218750000000e-01 6.693082451820373535e-01
2.507324218750000000e-01 6.696651577949523926e-01
7.007324099540710449e-01 6.700221300125122070e-01
4.757324159145355225e-01 6.703791022300720215e-01
9.257324337959289551e-01 6.707360744476318359e-01
1.944824159145355225e-01 6.710930466651916504e-01
6.444824337959289551e-01 6.714500188827514648e-01
4.194824099540710449e-01 6.718069911003112793e-01
8.694823980331420898e-01 6.721639633178710938e-01
3.069824278354644775e-01 6.725208759307861328e-01
7.569824457168579102e-01 6.728778481483459473e-01
5.319824218750000000e-01 6.732348203659057617e-01
9.819824099540710449e-01 6.735917925834655762e-01
1.241699233651161194e-01 6.739487648010253906e-01
5.741699337959289551e-01 6.743056774139404297e-01
3.491699099540710449e-01 6.746627092361450195e-01
7.991698980331420898e-01 6.750196218490600586e-01
2.366699278354644775e-01 6.753766536712646484e-01
6.866699457168579102e-01 6.757335662841796875e-01
4.616698920726776123e-01 6.760905385017395020e-01
9.116699099540710449e-01 6.764475107192993164e-01
1.804199218750000000e-01 6.768044829368591309e-01
6.304199099540710449e-01 6.771614551544189453e-01
4.054199159145355225e-01 6.775183677673339844e-01
8.554199337959289551e-01 6.778753995895385742e-01
2.929199039936065674e-01 6.782323122024536133e-01
7.429199218750000000e-01 6.785892844200134277e-01
5.179198980331420898e-01 6.789462566375732422e-01
9.679199457168579102e-01 6.793032288551330566e-01
1.522949188947677612e-01 6.796602010726928711e-01
6.022949218750000000e-01 6.800171732902526855e-01
3.772948980331420898e-01 6.803740859031677246e-01
8.272949457168579102e-01 6.807310581207275391e-01
2.647949159145355225e-01 6.810880303382873535e-01
7.147949337959289551e-01 6.814450025558471680e-01
4.897949099540710449e-01 6.818019747734069824e-01
9.397948980331420898e-01 6.821589469909667969e-01
2.085449099540710449e-01 6.825159192085266113e-01
6.585449576377868652e-01 6.828728318214416504e-01
4.335449039936065674e-01 6.832298636436462402e-01
8.835449218750000000e-01 6.835867762565612793e-01
3.210449218750000000e-01 6.839437484741210938e-01
7.710449099540710449e-01 6.843007206916809082e-01
5.460449457168579102e-01 6.846576929092407227e-01
9.960449337959289551e-01 6.850146651268005371e-01
1.065917983651161194e-01 6.853715777397155762e-01
5.565918087959289551e-01 6.857286095619201660e-01
3.315917849540710449e-01 6.860855221748352051e-01
7.815917730331420898e-01 6.864425539970397949e-01
2.190918028354644775e-01 6.867994666099548340e-01
6.690918207168579102e-01 6.871564388275146484e-01
4.440917670726776123e-01 6.875134110450744629e-01
8.940917849540710449e-01 6.878703832626342773e-01
1.628417968750000000e-01 6.882273554801940918e-01
6.128417849540710449e-01 6.885842680931091309e-01
3.878417909145355225e-01 6.889412403106689453e-01
8.378418087959289551e-01 6.892982125282287598e-01
2.753417789936065674e-01 6.896551847457885742e-01
7.253417968750000000e-01 6.900121569633483887e-01
5.003417730331420898e-01 6.903691291809082031e-01
9.503418207168579102e-01 6.907261013984680176e-01
1.347167938947677612e-01 6.910830736160278320e-01
5.847167968750000000e-01 6.914399862289428711e-01
3.597167730331420898e-01 6.917969584465026855e-01
8.097168207168579102e-01 6.921539306640625000e-01
2.472167909145355225e-01 6.925109028816223145e-01
6.972168087959289551e-01 6.928678750991821289e-01
4.722167849540710449e-01 6.932247877120971680e-01
9.222167730331420898e-01 6.935818195343017578e-01
1.909667849540710449e-01 6.939387321472167969e-01
6.409668326377868652e-01 6.942957639694213867e-01
4.159667789936065674e-01 6.946526765823364258e-01
8.659667968750000000e-01 6.950096487998962402e-01
3.034667968750000000e-01 6.953666210174560547e-01
7.534667849540710449e-01 6.957235932350158691e-01
5.284668207168579102e-01 6.960805654525756836e-01
9.784668087959289551e-01 6.964374780654907227e-01
1.206542998552322388e-01 6.967945098876953125e-01
5.706542730331420898e-01 6.971514225006103516e-01
3.456542789936065674e-01 6.975083947181701660e-01
7.956542968750000000e-01 6.978653669357299805e-01
2.331542968750000000e-01 6.982223391532897949e-01
6.831542849540710449e-01 6.985793113708496094e-01
4.581542909145355225e-01 6.989362835884094238e-01
9.081543087959289551e-01 6.992932558059692383e-01
1.769042909145355225e-01 6.996501684188842773e-01
6.269043087959289551e-01 7.000071406364440918e-01
4.019042849540710449e-01 7.003641128540039062e-01
8.519042730331420898e-01 7.007210850715637207e-01
2.894043028354644775e-01 7.010780572891235352e-01
7.394043207168579102e-01 7.014350295066833496e-01
5.144042968750000000e-01 7.017919421195983887e-01
9.644042849540710449e-01 7.021489739418029785e-01
1.487793028354644775e-01 7.025058865547180176e-01
5.987793207168579102e-01 7.028628587722778320e-01
3.737792968750000000e-01 7.032198309898376465e-01
8.237792849540710449e-01 7.035768032073974609e-01
2.612792849540710449e-01 7.039337754249572754e-01
7.112793326377868652e-01 7.042906880378723145e-01
4.862792789936065674e-01 7.046477198600769043e-01
9.362792968750000000e-01 7.050046324729919434e-01
2.050292938947677612e-01 7.053616642951965332e-01
6.550292968750000000e-01 7.057185769081115723e-01
4.300292730331420898e-01 7.060755491256713867e-01
8.800293207168579102e-01 7.064325213432312012e-01
3.175292909145355225e-01 7.067894935607910156e-01
7.675293087959289551e-01 7.071464657783508301e-01
5.425292849540710449e-01 7.075033783912658691e-01
9.925292730331420898e-01 7.078604102134704590e-01
1.136230453848838806e-01 7.082173228263854980e-01
5.636230707168579102e-01 7.085742950439453125e-01
3.386230468750000000e-01 7.089312672615051270e-01
7.886230349540710449e-01 7.092882394790649414e-01
2.261230349540710449e-01 7.096452116966247559e-01
6.761230826377868652e-01 7.100021839141845703e-01
4.511230289936065674e-01 7.103590965270996094e-01
9.011230468750000000e-01 7.107160687446594238e-01
1.698730438947677612e-01 7.110730409622192383e-01
6.198730468750000000e-01 7.114300131797790527e-01
3.948730230331420898e-01 7.117869853973388672e-01
8.448730707168579102e-01 7.121439576148986816e-01
2.823730409145355225e-01 7.125009298324584961e-01
7.323730587959289551e-01 7.128578424453735352e-01
5.073730349540710449e-01 7.132148742675781250e-01
9.573730230331420898e-01 7.135717868804931641e-01
1.417480409145355225e-01 7.139287590980529785e-01
