# x
1.000000000000000000e+00 0.000000000000000000e+00
1.000000000000000000e+00 6.900654733180999756e-02
1.000000000000000000e+00 1.380130946636199951e-01
1.000000000000000000e+00 2.070196419954299927e-01
1.000000000000000000e+00 2.760261893272399902e-01
1.000000000000000000e+00 3.450327217578887939e-01
1.000000000000000000e+00 4.140392839908599854e-01
1.000000000000000000e+00 4.830458164215087891e-01
1.000000000000000000e+00 5.520523786544799805e-01
1.000000000000000000e+00 6.213697791099548340e-01
1.000000000000000000e+00 0.000000000000000000e+00
1.000000000000000000e+00 6.900654733180999756e-02
1.000000000000000000e+00 1.380130946636199951e-01
1.000000000000000000e+00 2.070196419954299927e-01
1.000000000000000000e+00 2.760261893272399902e-01
1.000000000000000000e+00 3.450327217578887939e-01
1.000000000000000000e+00 4.140392839908599854e-01
1.000000000000000000e+00 4.830458164215087891e-01
1.000000000000000000e+00 5.520523786544799805e-01
1.000000000000000000e+00 6.213697791099548340e-01
1.000000000000000000e+00 0.000000000000000000e+00
1.000000000000000000e+00 6.900654733180999756e-02
1.000000000000000000e+00 1.380130946636199951e-01
1.000000000000000000e+00 2.070196419954299927e-01
1.000000000000000000e+00 2.760261893272399902e-01
1.000000000000000000e+00 3.450327217578887939e-01
1.000000000000000000e+00 4.140392839908599854e-01
1.000000000000000000e+00 4.830458164215087891e-01
1.000000000000000000e+00 5.520523786544799805e-01
1.000000000000000000e+00 6.213697791099548340e-01
1.000000014901161194e-01 0.000000000000000000e+00
1.449999958276748657e-01 0.000000000000000000e+00
1.899999976158142090e-01 0.000000000000000000e+00
2.349999994039535522e-01 0.000000000000000000e+00
2.800000011920928955e-01 0.000000000000000000e+00
3.249999880790710449e-01 0.000000000000000000e+00
3.700000047683715820e-01 0.000000000000000000e+00
4.149999916553497314e-01 0.000000000000000000e+00
4.600000083446502686e-01 0.000000000000000000e+00
5.049999952316284180e-01 0.000000000000000000e+00
5.500000119209289551e-01 0.000000000000000000e+00
5.950000286102294922e-01 0.000000000000000000e+00
6.399999856948852539e-01 0.000000000000000000e+00
6.850000023841857910e-01 0.000000000000000000e+00
7.300000190734863281e-01 0.000000000000000000e+00
7.749999761581420898e-01 0.000000000000000000e+00
8.199999928474426270e-01 0.000000000000000000e+00
8.650000095367431641e-01 0.000000000000000000e+00
9.100000262260437012e-01 0.000000000000000000e+00
9.549999833106994629e-01 0.000000000000000000e+00
1.000000000000000000e+00 0.000000000000000000e+00
1.000000014901161194e-01 0.000000000000000000e+00
1.449999958276748657e-01 0.000000000000000000e+00
1.899999976158142090e-01 0.000000000000000000e+00
2.349999994039535522e-01 0.000000000000000000e+00
2.800000011920928955e-01 0.000000000000000000e+00
3.249999880790710449e-01 0.000000000000000000e+00
3.700000047683715820e-01 0.000000000000000000e+00
4.149999916553497314e-01 0.000000000000000000e+00
4.600000083446502686e-01 0.000000000000000000e+00
5.049999952316284180e-01 0.000000000000000000e+00
5.500000119209289551e-01 0.000000000000000000e+00
5.950000286102294922e-01 0.000000000000000000e+00
6.399999856948852539e-01 0.000000000000000000e+00
6.850000023841857910e-01 0.000000000000000000e+00
7.300000190734863281e-01 0.000000000000000000e+00
7.749999761581420898e-01 0.000000000000000000e+00
8.199999928474426270e-01 0.000000000000000000e+00
8.650000095367431641e-01 0.000000000000000000e+00
9.100000262260437012e-01 0.000000000000000000e+00
9.549999833106994629e-01 0.000000000000000000e+00
1.000000000000000000e+00 0.000000000000000000e+00
1.000000014901161194e-01 0.000000000000000000e+00
1.449999958276748657e-01 0.000000000000000000e+00
1.899999976158142090e-01 0.000000000000000000e+00
2.349999994039535522e-01 0.000000000000000000e+00
2.800000011920928955e-01 0.000000000000000000e+00
3.249999880790710449e-01 0.000000000000000000e+00
3.700000047683715820e-01 0.000000000000000000e+00
4.149999916553497314e-01 0.000000000000000000e+00
4.600000083446502686e-01 0.000000000000000000e+00
5.049999952316284180e-01 0.000000000000000000e+00
5.500000119209289551e-01 0.000000000000000000e+00
5.950000286102294922e-01 0.000000000000000000e+00
6.399999856948852539e-01 0.000000000000000000e+00
6.850000023841857910e-01 0.000000000000000000e+00
7.300000190734863281e-01 0.000000000000000000e+00
7.749999761581420898e-01 0.000000000000000000e+00
8.199999928474426270e-01 0.000000000000000000e+00
8.650000095367431641e-01 0.000000000000000000e+00
9.100000262260437012e-01 0.000000000000000000e+00
9.549999833106994629e-01 0.000000000000000000e+00
1.000000000000000000e+00 0.000000000000000000e+00
1.000000014901161194e-01 0.000000000000000000e+00
1.449999958276748657e-01 0.000000000000000000e+00
1.899999976158142090e-01 0.000000000000000000e+00
2.349999994039535522e-01 0.000000000000000000e+00
2.800000011920928955e-01 0.000000000000000000e+00
3.249999880790710449e-01 0.000000000000000000e+00
3.700000047683715820e-01 0.000000000000000000e+00
4.149999916553497314e-01 0.000000000000000000e+00
4.600000083446502686e-01 0.000000000000000000e+00
5.049999952316284180e-01 0.000000000000000000e+00
5.500000119209289551e-01 0.000000000000000000e+00
5.950000286102294922e-01 0.000000000000000000e+00
6.399999856948852539e-01 0.000000000000000000e+00
6.850000023841857910e-01 0.000000000000000000e+00
7.300000190734863281e-01 0.000000000000000000e+00
7.749999761581420898e-01 0.000000000000000000e+00
8.199999928474426270e-01 0.000000000000000000e+00
8.650000095367431641e-01 0.000000000000000000e+00
9.100000262260437012e-01 0.000000000000000000e+00
9.549999833106994629e-01 0.000000000000000000e+00
1.000000000000000000e+00 0.000000000000000000e+00
1.000000014901161194e-01 0.000000000000000000e+00
1.449999958276748657e-01 0.000000000000000000e+00
1.899999976158142090e-01 0.000000000000000000e+00
2.349999994039535522e-01 0.000000000000000000e+00
2.800000011920928955e-01 0.000000000000000000e+00
3.249999880790710449e-01 0.000000000000000000e+00
3.700000047683715820e-01 0.000000000000000000e+00
4.149999916553497314e-01 0.000000000000000000e+00
4.600000083446502686e-01 0.000000000000000000e+00
5.049999952316284180e-01 0.000000000000000000e+00
5.500000119209289551e-01 0.000000000000000000e+00
5.950000286102294922e-01 0.000000000000000000e+00
6.399999856948852539e-01 0.000000000000000000e+00
6.850000023841857910e-01 0.000000000000000000e+00
7.300000190734863281e-01 0.000000000000000000e+00
7.749999761581420898e-01 0.000000000000000000e+00
8.199999928474426270e-01 0.000000000000000000e+00
8.650000095367431641e-01 0.000000000000000000e+00
9.100000262260437012e-01 0.000000000000000000e+00
9.549999833106994629e-01 0.000000000000000000e+00
1.000000000000000000e+00 0.000000000000000000e+00
1.000000014901161194e-01 1.000000000000000000e+01
1.449999958276748657e-01 1.000000000000000000e+01
1.899999976158142090e-01 1.000000000000000000e+01
2.349999994039535522e-01 1.000000000000000000e+01
2.800000011920928955e-01 1.000000000000000000e+01
3.249999880790710449e-01 1.000000000000000000e+01
3.700000047683715820e-01 1.000000000000000000e+01
4.149999916553497314e-01 1.000000000000000000e+01
4.600000083446502686e-01 1.000000000000000000e+01
5.049999952316284180e-01 1.000000000000000000e+01
5.500000119209289551e-01 1.000000000000000000e+01
5.950000286102294922e-01 1.000000000000000000e+01
6.399999856948852539e-01 1.000000000000000000e+01
6.850000023841857910e-01 1.000000000000000000e+01
7.300000190734863281e-01 1.000000000000000000e+01
7.749999761581420898e-01 1.000000000000000000e+01
8.199999928474426270e-01 1.000000000000000000e+01
8.650000095367431641e-01 1.000000000000000000e+01
9.100000262260437012e-01 1.000000000000000000e+01
9.549999833106994629e-01 1.000000000000000000e+01
1.000000000000000000e+00 1.000000000000000000e+01
1.000000014901161194e-01 1.000000000000000000e+01
1.449999958276748657e-01 1.000000000000000000e+01
1.899999976158142090e-01 1.000000000000000000e+01
2.349999994039535522e-01 1.000000000000000000e+01
2.800000011920928955e-01 1.000000000000000000e+01
3.249999880790710449e-01 1.000000000000000000e+01
3.700000047683715820e-01 1.000000000000000000e+01
4.149999916553497314e-01 1.000000000000000000e+01
4.600000083446502686e-01 1.000000000000000000e+01
5.049999952316284180e-01 1.000000000000000000e+01
5.500000119209289551e-01 1.000000000000000000e+01
5.950000286102294922e-01 1.000000000000000000e+01
6.399999856948852539e-01 1.000000000000000000e+01
6.850000023841857910e-01 1.000000000000000000e+01
7.300000190734863281e-01 1.000000000000000000e+01
7.749999761581420898e-01 1.000000000000000000e+01
8.199999928474426270e-01 1.000000000000000000e+01
8.650000095367431641e-01 1.000000000000000000e+01
9.100000262260437012e-01 1.000000000000000000e+01
9.549999833106994629e-01 1.000000000000000000e+01
1.000000000000000000e+00 1.000000000000000000e+01
1.000000014901161194e-01 1.000000000000000000e+01
1.449999958276748657e-01 1.000000000000000000e+01
1.899999976158142090e-01 1.000000000000000000e+01
2.349999994039535522e-01 1.000000000000000000e+01
2.800000011920928955e-01 1.000000000000000000e+01
3.249999880790710449e-01 1.000000000000000000e+01
3.700000047683715820e-01 1.000000000000000000e+01
4.149999916553497314e-01 1.000000000000000000e+01
4.600000083446502686e-01 1.000000000000000000e+01
5.049999952316284180e-01 1.000000000000000000e+01
5.500000119209289551e-01 1.000000000000000000e+01
5.950000286102294922e-01 1.000000000000000000e+01
6.399999856948852539e-01 1.000000000000000000e+01
6.850000023841857910e-01 1.000000000000000000e+01
7.300000190734863281e-01 1.000000000000000000e+01
7.749999761581420898e-01 1.000000000000000000e+01
8.199999928474426270e-01 1.000000000000000000e+01
8.650000095367431641e-01 1.000000000000000000e+01
9.100000262260437012e-01 1.000000000000000000e+01
9.549999833106994629e-01 1.000000000000000000e+01
1.000000000000000000e+00 1.000000000000000000e+01
5.500000119209289551e-01 1.999600091949105263e-03
3.249999880790710449e-01 3.999200183898210526e-03
7.749999761581420898e-01 5.998800043016672134e-03
2.125000059604644775e-01 7.998400367796421051e-03
6.625000238418579102e-01 9.998000226914882660e-03
4.374999701976776123e-01 1.199760008603334427e-02
8.874999880790710449e-01 1.399720087647438049e-02
1.562500000000000000e-01 1.599680073559284210e-02
6.062499880790710449e-01 1.799640059471130371e-02
3.812499940395355225e-01 1.999600045382976532e-02
8.312500119209289551e-01 2.199560217559337616e-02
2.687499821186065674e-01 2.399520017206668854e-02
7.187500000000000000e-01 2.599480003118515015e-02
4.937499761581420898e-01 2.799440175294876099e-02
9.437500238418579102e-01 2.999399974942207336e-02
1.281249970197677612e-01 3.199360147118568420e-02
5.781250000000000000e-01 3.399320319294929504e-02
3.531249761581420898e-01 3.599280118942260742e-02
8.031250238418579102e-01 3.799240291118621826e-02
2.406249940395355225e-01 3.999200090765953064e-02
6.906250119209289551e-01 4.199160262942314148e-02
4.656249880790710449e-01 4.399120435118675232e-02
9.156249761581420898e-01 4.599079862236976624e-02
1.843749880790710449e-01 4.799040034413337708e-02
6.343750357627868652e-01 4.999000206589698792e-02
4.093749821186065674e-01 5.198960006237030029e-02
8.593750000000000000e-01 5.398920178413391113e-02
2.968750000000000000e-01 5.598880350589752197e-02
7.468749880790710449e-01 5.798840522766113281e-02
5.218750238418579102e-01 5.998799949884414673e-02
9.718750119209289551e-01 6.198760122060775757e-02
1.140625029802322388e-01 6.398720294237136841e-02
5.640624761581420898e-01 6.598680466413497925e-02
3.390624821186065674e-01 6.798640638589859009e-02
7.890625000000000000e-01 6.998600065708160400e-02
2.265625000000000000e-01 7.198560237884521484e-02
6.765624880790710449e-01 7.398520410060882568e-02
4.515624940395355225e-01 7.598480582237243652e-02
9.015625119209289551e-01 7.798440009355545044e-02
1.703124940395355225e-01 7.998400181531906128e-02
6.203125119209289551e-01 8.198359608650207520e-02
3.953124880790710449e-01 8.398320525884628296e-02
8.453124761581420898e-01 8.598279953002929688e-02
2.828125059604644775e-01 8.798240870237350464e-02
7.328125238418579102e-01 8.998200297355651855e-02
5.078125000000000000e-01 9.198159724473953247e-02
9.578124880790710449e-01 9.398120641708374023e-02
1.421875059604644775e-01 9.598080068826675415e-02
5.921875238418579102e-01 9.798040986061096191e-02
3.671875000000000000e-01 9.998000413179397583e-02
8.171874880790710449e-01 1.019796058535575867e-01
2.546874880790710449e-01 1.039792001247406006e-01
7.046875357627868652e-01 1.059788018465042114e-01
4.796874821186065674e-01 1.079784035682678223e-01
9.296875000000000000e-01 1.099780052900314331e-01
1.984374970197677612e-01 1.119776070117950439e-01
6.484375000000000000e-01 1.139772012829780579e-01
4.234374761581420898e-01 1.159768104553222656e-01
8.734375238418579102e-01 1.179764047265052795e-01
3.109374940395355225e-01 1.199759989976882935e-01
7.609375119209289551e-01 1.219756081700325012e-01
5.359374880790710449e-01 1.239752024412155151e-01
9.859374761581420898e-01 1.259748041629791260e-01
1.070312485098838806e-01 1.279744058847427368e-01
5.570312738418579102e-01 1.299740076065063477e-01
3.320312500000000000e-01 1.319736093282699585e-01
7.820312380790710449e-01 1.339731961488723755e-01
2.195312380790710449e-01 1.359728127717971802e-01
6.695312857627868652e-01 1.379723995923995972e-01
4.445312321186065674e-01 1.399720013141632080e-01
8.945312500000000000e-01 1.419716030359268188e-01
1.632812470197677612e-01 1.439712047576904297e-01
6.132812500000000000e-01 1.459708064794540405e-01
3.882812261581420898e-01 1.479704082012176514e-01
8.382812738418579102e-01 1.499700099229812622e-01
2.757812440395355225e-01 1.519696116447448730e-01
7.257812619209289551e-01 1.539692133665084839e-01
5.007812380790710449e-01 1.559688001871109009e-01
9.507812261581420898e-01 1.579684019088745117e-01
1.351562440395355225e-01 1.599680036306381226e-01
5.851562619209289551e-01 1.619676053524017334e-01
3.601562380790710449e-01 1.639671921730041504e-01
8.101562261581420898e-01 1.659668087959289551e-01
2.476562559604644775e-01 1.679664105176925659e-01
6.976562738418579102e-01 1.699660122394561768e-01
4.726562201976776123e-01 1.719655990600585938e-01
9.226562380790710449e-01 1.739652156829833984e-01
1.914062500000000000e-01 1.759648174047470093e-01
6.414062380790710449e-01 1.779644042253494263e-01
4.164062440395355225e-01 1.799640059471130371e-01
8.664062619209289551e-01 1.819636076688766479e-01
3.039062321186065674e-01 1.839631944894790649e-01
7.539062500000000000e-01 1.859627962112426758e-01
5.289062261581420898e-01 1.879624128341674805e-01
9.789062738418579102e-01 1.899620145559310913e-01
1.210937500000000000e-01 1.919616013765335083e-01
5.710937380790710449e-01 1.939612030982971191e-01
3.460937440395355225e-01 1.959608197212219238e-01
7.960937619209289551e-01 1.979604065418243408e-01
2.335937619209289551e-01 1.999600082635879517e-01
6.835937500000000000e-01 2.019596099853515625e-01
4.585937261581420898e-01 2.039592117071151733e-01
9.085937738418579102e-01 2.059587985277175903e-01
1.773437559604644775e-01 2.079584002494812012e-01
6.273437738418579102e-01 2.099580168724060059e-01
4.023437500000000000e-01 2.119576036930084229e-01
8.523437380790710449e-01 2.139572054147720337e-01
2.898437380790710449e-01 2.159568071365356445e-01
7.398437857627868652e-01 2.179564237594604492e-01
5.148437619209289551e-01 2.199560105800628662e-01
9.648437500000000000e-01 2.219556123018264771e-01
1.492187529802322388e-01 2.239552140235900879e-01
5.992187261581420898e-01 2.259548008441925049e-01
3.742187321186065674e-01 2.279544025659561157e-01
8.242187500000000000e-01 2.299540042877197266e-01
2.617187500000000000e-01 2.319536209106445312e-01
7.117187380790710449e-01 2.339532077312469482e-01
4.867187440395355225e-01 2.359528094530105591e-01
9.367187619209289551e-01 2.379524111747741699e-01
2.054687440395355225e-01 2.399519979953765869e-01
6.554687619209289551e-01 2.419516146183013916e-01
4.304687380790710449e-01 2.439512163400650024e-01
8.804687261581420898e-01 2.459508180618286133e-01
3.179687559604644775e-01 2.479504048824310303e-01
7.679687738418579102e-01 2.499500066041946411e-01
5.429687500000000000e-01 2.519496083259582520e-01
9.929687380790710449e-01 2.539491951465606689e-01
1.035156250000000000e-01 2.559488117694854736e-01
5.535156130790710449e-01 2.579483985900878906e-01
3.285156190395355225e-01 2.599480152130126953e-01
7.785156369209289551e-01 2.619476020336151123e-01
2.160156220197677612e-01 2.639472186565399170e-01
6.660156250000000000e-01 2.659468054771423340e-01
4.410156011581420898e-01 2.679463922977447510e-01
8.910156488418579102e-01 2.699460089206695557e-01
1.597656309604644775e-01 2.719456255435943604e-01
6.097656488418579102e-01 2.739452123641967773e-01
3.847656250000000000e-01 2.759447991847991943e-01
8.347656130790710449e-01 2.779444158077239990e-01
2.722656130790710449e-01 2.799440026283264160e-01
7.222656607627868652e-01 2.819436192512512207e-01
4.972656071186065674e-01 2.839432060718536377e-01
9.472656250000000000e-01 2.859428226947784424e-01
1.316406279802322388e-01 2.879424095153808594e-01
5.816406011581420898e-01 2.899419963359832764e-01
3.566406071186065674e-01 2.919416129589080811e-01
8.066406250000000000e-01 2.939412295818328857e-01
2.441406250000000000e-01 2.959408164024353027e-01
6.941406130790710449e-01 2.979404032230377197e-01
4.691406190395355225e-01 2.999400198459625244e-01
9.191406369209289551e-01 3.019396066665649414e-01
1.878906190395355225e-01 3.039392232894897461e-01
6.378906369209289551e-01 3.059388101100921631e-01
4.128906130790710449e-01 3.079384267330169678e-01
8.628906011581420898e-01 3.099380135536193848e-01
3.003906309604644775e-01 3.119376003742218018e-01
7.503906488418579102e-01 3.139372169971466064e-01
5.253906250000000000e-01 3.159368038177490234e-01
9.753906130790710449e-01 3.179364204406738281e-01
1.175781264901161194e-01 3.199360072612762451e-01
5.675781369209289551e-01 3.219355940818786621e-01
3.425781130790710449e-01 3.239352107048034668e-01
7.925781011581420898e-01 3.259348273277282715e-01
2.300781309604644775e-01 3.279343843460083008e-01
6.800781488418579102e-01 3.299340307712554932e-01
4.550780951976776123e-01 3.319336175918579102e-01
9.050781130790710449e-01 3.339332044124603271e-01
1.738281250000000000e-01 3.359328210353851318e-01
6.238281130790710449e-01 3.379324078559875488e-01
3.988281190395355225e-01 3.399320244789123535e-01
8.488281369209289551e-01 3.419316112995147705e-01
2.863281071186065674e-01 3.439311981201171875e-01
7.363281250000000000e-01 3.459308147430419922e-01
5.113281011581420898e-01 3.479304313659667969e-01
9.613281488418579102e-01 3.499299883842468262e-01
1.457031220197677612e-01 3.519296348094940186e-01
5.957031250000000000e-01 3.539292216300964355e-01
3.707031011581420898e-01 3.559288084506988525e-01
8.207031488418579102e-01 3.579284250736236572e-01
2.582031190395355225e-01 3.599280118942260742e-01
7.082031369209289551e-01 3.619275987148284912e-01
4.832031130790710449e-01 3.639272153377532959e-01
9.332031011581420898e-01 3.659268021583557129e-01
2.019531130790710449e-01 3.679263889789581299e-01
6.519531607627868652e-01 3.699260354042053223e-01
4.269531071186065674e-01 3.719255924224853516e-01
8.769531250000000000e-01 3.739252388477325439e-01
3.144531250000000000e-01 3.759248256683349609e-01
7.644531130790710449e-01 3.779244124889373779e-01
5.394531488418579102e-01 3.799240291118621826e-01
9.894531369209289551e-01 3.819236159324645996e-01
1.105468720197677612e-01 3.839232027530670166e-01
5.605468750000000000e-01 3.859228193759918213e-01
3.355468809604644775e-01 3.879224061965942383e-01
7.855468988418579102e-01 3.899219930171966553e-01
2.230468690395355225e-01 3.919216394424438477e-01
6.730468869209289551e-01 3.939211964607238770e-01
4.480468630790710449e-01 3.959208130836486816e-01
8.980468511581420898e-01 3.979204297065734863e-01
1.667968779802322388e-01 3.999200165271759033e-01
6.167969107627868652e-01 4.019196331501007080e-01
3.917968571186065674e-01 4.039192199707031250e-01
8.417968750000000000e-01 4.059188067913055420e-01
2.792968750000000000e-01 4.079184234142303467e-01
7.292968630790710449e-01 4.099180102348327637e-01
5.042968988418579102e-01 4.119175970554351807e-01
9.542968869209289551e-01 4.139172434806823730e-01
1.386718750000000000e-01 4.159168004989624023e-01
5.886718630790710449e-01 4.179164171218872070e-01
3.636718690395355225e-01 4.199160337448120117e-01
8.136718869209289551e-01 4.219156205654144287e-01
2.511718869209289551e-01 4.239152073860168457e-01
7.011718750000000000e-01 4.259148240089416504e-01
4.761718511581420898e-01 4.279144108295440674e-01
9.261718988418579102e-01 4.299140274524688721e-01
1.949218809604644775e-01 4.319136142730712891e-01
6.449218988418579102e-01 4.339132010936737061e-01
4.199218750000000000e-01 4.359128475189208984e-01
8.699218630790710449e-01 4.379124045372009277e-01
3.074218630790710449e-01 4.399120211601257324e-01
7.574219107627868652e-01 4.419116377830505371e-01
5.324218869209289551e-01 4.439112246036529541e-01
9.824218750000000000e-01 4.459108114242553711e-01
1.246093735098838806e-01 4.479104280471801758e-01
5.746093988418579102e-01 4.499100148677825928e-01
3.496093750000000000e-01 4.519096016883850098e-01
7.996093630790710449e-01 4.539092183113098145e-01
2.371093630790710449e-01 4.559088051319122314e-01
6.871094107627868652e-01 4.579084515571594238e-01
4.621093571186065674e-01 4.599080085754394531e-01
9.121093750000000000e-01 4.619076251983642578e-01
1.808593720197677612e-01 4.639072418212890625e-01
6.308593750000000000e-01 4.659068286418914795e-01
4.058593511581420898e-01 4.679064154624938965e-01
8.558593988418579102e-01 4.699060320854187012e-01
2.933593690395355225e-01 4.719056189060211182e-01
7.433593869209289551e-01 4.739052057266235352e-01
5.183593630790710449e-01 4.759048223495483398e-01
9.683593511581420898e-01 4.779044091701507568e-01
1.527343690395355225e-01 4.799039959907531738e-01
6.027343869209289551e-01 4.819036126136779785e-01
3.777343630790710449e-01 4.839032292366027832e-01
8.277343511581420898e-01 4.859027862548828125e-01
2.652343809604644775e-01 4.879024326801300049e-01
7.152343988418579102e-01 4.899020195007324219e-01
4.902343451976776123e-01 4.919016361236572266e-01
9.402343630790710449e-01 4.939012229442596436e-01
2.089843750000000000e-01 4.959008097648620605e-01
6.589843630790710449e-01 4.979004263877868652e-01
4.339843690395355225e-01 4.999000132083892822e-01
8.839843869209289551e-01 5.018996000289916992e-01
3.214843571186065674e-01 5.038992166519165039e-01
7.714843750000000000e-01 5.058988332748413086e-01
5.464843511581420898e-01 5.078983902931213379e-01
9.964843988418579102e-01 5.098980069160461426e-01
1.017578169703483582e-01 5.118976235389709473e-01
5.517578125000000000e-01 5.138971805572509766e-01
3.267578184604644775e-01 5.158967971801757812e-01
7.767578363418579102e-01 5.178964138031005859e-01
2.142578065395355225e-01 5.198960304260253906e-01
6.642578244209289551e-01 5.218956470489501953e-01
4.392578005790710449e-01 5.238952040672302246e-01
8.892577886581420898e-01 5.258948206901550293e-01
1.580078154802322388e-01 5.278944373130798340e-01
6.080078482627868652e-01 5.298939943313598633e-01
3.830077946186065674e-01 5.318936109542846680e-01
8.330078125000000000e-01 5.338932275772094727e-01
2.705078125000000000e-01 5.358927845954895020e-01
7.205078005790710449e-01 5.378924608230590820e-01
4.955078065395355225e-01 5.398920178413391113e-01
9.455078244209289551e-01 5.418915748596191406e-01
1.298828125000000000e-01 5.438912510871887207e-01
5.798828005790710449e-01 5.458908081054687500e-01
3.548828065395355225e-01 5.478904247283935547e-01
8.048828244209289551e-01 5.498900413513183594e-01
2.423828244209289551e-01 5.518895983695983887e-01
6.923828125000000000e-01 5.538892149925231934e-01
4.673827886581420898e-01 5.558888316154479980e-01
9.173828363418579102e-01 5.578883886337280273e-01
1.861328184604644775e-01 5.598880052566528320e-01
6.361328363418579102e-01 5.618876218795776367e-01
4.111328125000000000e-01 5.638872385025024414e-01
8.611328005790710449e-01 5.658868551254272461e-01
2.986328005790710449e-01 5.678864121437072754e-01
7.486328482627868652e-01 5.698860287666320801e-01
5.236328244209289551e-01 5.718856453895568848e-01
9.736328125000000000e-01 5.738852024078369141e-01
1.158203110098838806e-01 5.758848190307617188e-01
5.658203363418579102e-01 5.778844356536865234e-01
3.408203125000000000e-01 5.798839926719665527e-01
7.908203005790710449e-01 5.818836688995361328e-01
2.283203005790710449e-01 5.838832259178161621e-01
6.783203482627868652e-01 5.858827829360961914e-01
4.533202946186065674e-01 5.878824591636657715e-01
9.033203125000000000e-01 5.898820161819458008e-01
1.720703095197677612e-01 5.918816328048706055e-01
6.220703125000000000e-01 5.938812494277954102e-01
3.970702886581420898e-01 5.958808064460754395e-01
8.470703363418579102e-01 5.978804230690002441e-01
2.845703065395355225e-01 5.998800396919250488e-01
7.345703244209289551e-01 6.018795967102050781e-01
5.095703005790710449e-01 6.038792133331298828e-01
9.595702886581420898e-01 6.058788299560546875e-01
1.439453065395355225e-01 6.078784465789794922e-01
5.939453244209289551e-01 6.098780632019042969e-01
3.689453005790710449e-01 6.118776202201843262e-01
8.189452886581420898e-01 6.138772368431091309e-01
2.564453184604644775e-01 6.158768534660339355e-01
7.064453363418579102e-01 6.178764104843139648e-01
4.814452826976776123e-01 6.198760271072387695e-01
9.314453005790710449e-01 6.218756437301635742e-01
2.001953125000000000e-01 6.238752007484436035e-01
6.501953005790710449e-01 6.258748769760131836e-01
4.251953065395355225e-01 6.278744339942932129e-01
8.751953244209289551e-01 6.298739910125732422e-01
3.126952946186065674e-01 6.318736076354980469e-01
7.626953125000000000e-01 6.338732242584228516e-01
5.376952886581420898e-01 6.358728408813476562e-01
9.876953363418579102e-01 6.378724575042724609e-01
1.087890639901161194e-01 6.398720145225524902e-01
5.587890744209289551e-01 6.418716311454772949e-01
3.337890505790710449e-01 6.438711881637573242e-01
7.837890386581420898e-01 6.458708047866821289e-01
2.212890684604644775e-01 6.478704214096069336e-01
6.712890863418579102e-01 6.498700380325317383e-01
4.462890326976776123e-01 6.518696546554565430e-01
8.962890505790710449e-01 6.538692116737365723e-01
1.650390625000000000e-01 6.558687686920166016e-01
6.150390505790710449e-01 6.578684449195861816e-01
3.900390565395355225e-01 6.598680615425109863e-01
8.400390744209289551e-01 6.618676185607910156e-01
2.775390446186065674e-01 6.638672351837158203e-01
7.275390625000000000e-01 6.658667922019958496e-01
5.025390386581420898e-01 6.678664088249206543e-01
9.525390863418579102e-01 6.698660850524902344e-01
1.369140595197677612e-01 6.718656420707702637e-01
5.869140625000000000e-01 6.738651990890502930e-01
3.619140386581420898e-01 6.758648157119750977e-01
8.119140863418579102e-01 6.778644323348999023e-01
2.494140565395355225e-01 6.798640489578247070e-01
6.994140744209289551e-01 6.818636655807495117e-01
4.744140505790710449e-01 6.838632225990295410e-01
9.244140386581420898e-01 6.858628392219543457e-01
1.931640505790710449e-01 6.878623962402343750e-01
6.431640982627868652e-01 6.898620128631591797e-01
4.181640446186065674e-01 6.918616294860839844e-01
8.681640625000000000e-01 6.938612461090087891e-01
3.056640625000000000e-01 6.958608627319335938e-01
7.556640505790710449e-01 6.978604197502136230e-01
5.306640863418579102e-01 6.998599767684936523e-01
9.806640744209289551e-01 7.018595933914184570e-01
1.228515654802322388e-01 7.038592696189880371e-01
5.728515386581420898e-01 7.058588266372680664e-01
3.478515446186065674e-01 7.078584432601928711e-01
7.978515625000000000e-01 7.098580002784729004e-01
2.353515625000000000e-01 7.118576169013977051e-01
6.853515505790710449e-01 7.138572931289672852e-01
4.603515565395355225e-01 7.158568501472473145e-01
9.103515744209289551e-01 7.178564071655273438e-01
1.791015565395355225e-01 7.198560237884521484e-01
6.291015744209289551e-01 7.218556404113769531e-01
4.041015505790710449e-01 7.238551974296569824e-01
8.541015386581420898e-01 7.258548736572265625e-01
2.916015684604644775e-01 7.278544306755065918e-01
7.416015863418579102e-01 7.298540472984313965e-01
5.166015625000000000e-01 7.318536043167114258e-01
9.666015505790710449e-01 7.338532209396362305e-01
1.509765684604644775e-01 7.358527779579162598e-01
6.009765863418579102e-01 7.378524541854858398e-01
3.759765625000000000e-01 7.398520708084106445e-01
8.259765505790710449e-01 7.418516278266906738e-01
2.634765505790710449e-01 7.438511848449707031e-01
7.134765982627868652e-01 7.458508014678955078e-01
4.884765446186065674e-01 7.478504776954650879e-01
9.384765625000000000e-01 7.498500347137451172e-01
2.072265595197677612e-01 7.518496513366699219e-01
6.572265625000000000e-01 7.538492083549499512e-01
4.322265386581420898e-01 7.558488249778747559e-01
8.822265863418579102e-01 7.578483819961547852e-01
3.197265565395355225e-01 7.598480582237243652e-01
7.697265744209289551e-01 7.618476152420043945e-01
5.447265505790710449e-01 7.638472318649291992e-01
9.947265386581420898e-01 7.658468484878540039e-01
1.052734404802322388e-01 7.678464055061340332e-01
5.552734136581420898e-01 7.698460817337036133e-01
3.302734196186065674e-01 7.718456387519836426e-01
7.802734375000000000e-01 7.738452553749084473e-01
2.177734375000000000e-01 7.758448123931884766e-01
6.677734255790710449e-01 7.778444290161132812e-01
4.427734315395355225e-01 7.798439860343933105e-01
8.927734494209289551e-01 7.818436622619628906e-01
1.615234315395355225e-01 7.838432788848876953e-01
6.115234494209289551e-01 7.858428359031677246e-01
3.865234255790710449e-01 7.878423929214477539e-01
8.365234136581420898e-01 7.898420095443725586e-01
2.740234434604644775e-01 7.918416261672973633e-01
7.240234613418579102e-01 7.938412427902221680e-01
4.990234076976776123e-01 7.958408594131469727e-01
9.490234255790710449e-01 7.978404164314270020e-01
1.333984434604644775e-01 7.998400330543518066e-01
5.833984613418579102e-01 8.018395900726318359e-01
3.583984375000000000e-01 8.038392663002014160e-01
8.083984255790710449e-01 8.058388233184814453e-01
2.458984255790710449e-01 8.078384399414062500e-01
6.958984732627868652e-01 8.098380565643310547e-01
4.708984196186065674e-01 8.118376135826110840e-01
9.208984375000000000e-01 8.138371706008911133e-01
1.896484345197677612e-01 8.158368468284606934e-01
6.396484375000000000e-01 8.178364634513854980e-01
4.146484136581420898e-01 8.198360204696655273e-01
8.646484613418579102e-01 8.218356370925903320e-01
3.021484315395355225e-01 8.238351941108703613e-01
7.521484494209289551e-01 8.258348107337951660e-01
5.271484255790710449e-01 8.278344869613647461e-01
9.771484136581420898e-01 8.298340439796447754e-01
1.193359345197677612e-01 8.318336009979248047e-01
5.693359375000000000e-01 8.338332176208496094e-01
3.443359434604644775e-01 8.358328342437744141e-01
7.943359613418579102e-01 8.378324508666992188e-01
2.318359315395355225e-01 8.398320674896240234e-01
6.818359494209289551e-01 8.418316245079040527e-01
4.568359255790710449e-01 8.438312411308288574e-01
9.068359136581420898e-01 8.458307981491088867e-01
1.755859404802322388e-01 8.478304147720336914e-01
6.255859732627868652e-01 8.498300313949584961e-01
4.005859196186065674e-01 8.518296480178833008e-01
8.505859375000000000e-01 8.538292646408081055e-01
2.880859375000000000e-01 8.558288216590881348e-01
7.380859255790710449e-01 8.578283786773681641e-01
5.130859613418579102e-01 8.598280549049377441e-01
9.630859494209289551e-01 8.618276715278625488e-01
1.474609375000000000e-01 8.638272285461425781e-01
5.974609255790710449e-01 8.658268451690673828e-01
3.724609315395355225e-01 8.678264021873474121e-01
8.224609494209289551e-01 8.698260188102722168e-01
2.599609494209289551e-01 8.718256950378417969e-01
7.099609375000000000e-01 8.738252520561218262e-01
4.849609136581420898e-01 8.758248090744018555e-01
9.349609613418579102e-01 8.778244256973266602e-01
2.037109434604644775e-01 8.798240423202514648e-01
6.537109613418579102e-01 8.818235993385314941e-01
4.287109375000000000e-01 8.838232755661010742e-01
8.787109255790710449e-01 8.858228325843811035e-01
3.162109255790710449e-01 8.878224492073059082e-01
7.662109732627868652e-01 8.898220062255859375e-01
5.412109494209289551e-01 8.918216228485107422e-01
9.912109375000000000e-01 8.938212394714355469e-01
1.123046875000000000e-01 8.958208560943603516e-01
5.623046755790710449e-01 8.978204727172851562e-01
3.373046815395355225e-01 8.998200297355651855e-01
7.873046994209289551e-01 9.018195867538452148e-01
2.248046845197677612e-01 9.038192033767700195e-01
6.748046875000000000e-01 9.058188796043395996e-01
4.498046636581420898e-01 9.078184366226196289e-01
8.998047113418579102e-01 9.098180532455444336e-01
1.685546934604644775e-01 9.118176102638244629e-01
6.185547113418579102e-01 9.138172268867492676e-01
3.935546875000000000e-01 9.158169031143188477e-01
8.435546755790710449e-01 9.178164601325988770e-01
2.810546755790710449e-01 9.198160171508789062e-01
7.310547232627868652e-01 9.218156337738037109e-01
5.060546994209289551e-01 9.238152503967285156e-01
9.560546875000000000e-01 9.258148074150085449e-01
1.404296904802322388e-01 9.278144836425781250e-01
5.904296636581420898e-01 9.298140406608581543e-01
3.654296696186065674e-01 9.318136572837829590e-01
8.154296875000000000e-01 9.338132143020629883e-01
2.529296875000000000e-01 9.358128309249877930e-01
7.029296755790710449e-01 9.378123879432678223e-01
4.779296815395355225e-01 9.398120641708374023e-01
9.279296994209289551e-01 9.418116807937622070e-01
1.966796815395355225e-01 9.438112378120422363e-01
6.466796994209289551e-01 9.458107948303222656e-01
4.216796755790710449e-01 9.478104114532470703e-01
8.716796636581420898e-01 9.498100876808166504e-01
3.091796934604644775e-01 9.518096446990966797e-01
7.591797113418579102e-01 9.538092613220214844e-01
5.341796875000000000e-01 9.558088183403015137e-01
9.841796755790710449e-01 9.578084349632263184e-01
1.263671815395355225e-01 9.598079919815063477e-01
5.763671994209289551e-01 9.618076682090759277e-01
3.513671755790710449e-01 9.638072252273559570e-01
8.013671636581420898e-01 9.658068418502807617e-01
2.388671934604644775e-01 9.678064584732055664e-01
6.888672113418579102e-01 9.698060154914855957e-01
4.638671576976776123e-01 9.718055725097656250e-01
9.138671755790710449e-01 9.738052487373352051e-01
1.826171875000000000e-01 9.758048653602600098e-01
6.326171755790710449e-01 9.778044223785400391e-01
4.076171815395355225e-01 9.798040390014648438e-01
8.576171994209289551e-01 9.818035960197448730e-01
2.951171696186065674e-01 9.838032722473144531e-01
7.451171875000000000e-01 9.858028888702392578e-01
5.201171636581420898e-01 9.878024458885192871e-01
9.701172113418579102e-01 9.898020029067993164e-01
1.544921845197677612e-01 9.918016195297241211e-01
6.044921875000000000e-01 9.938012361526489258e-01
3.794921636581420898e-01 9.958008527755737305e-01
8.294922113418579102e-01 9.978004693984985352e-01
2.669921815395355225e-01 9.998000264167785645e-01
7.169921994209289551e-01 1.001799583435058594e+00
4.919921755790710449e-01 1.003799200057983398e+00
9.419921636581420898e-01 1.005798816680908203e+00
2.107421755790710449e-01 1.007798433303833008e+00
6.607422232627868652e-01 1.009798049926757812e+00
4.357421696186065674e-01 1.011797666549682617e+00
8.857421875000000000e-01 1.013797283172607422e+00
3.232421875000000000e-01 1.015796780586242676e+00
7.732421755790710449e-01 1.017796516418457031e+00
5.482422113418579102e-01 1.019796013832092285e+00
9.982421994209289551e-01 1.021795630455017090e+00
1.008789092302322388e-01 1.023795247077941895e+00
5.508788824081420898e-01 1.025794863700866699e+00
3.258788883686065674e-01 1.027794361114501953e+00
7.758789062500000000e-01 1.029794096946716309e+00
2.133789062500000000e-01 1.031793594360351562e+00
6.633788943290710449e-01 1.033793210983276367e+00
4.383789002895355225e-01 1.035792827606201172e+00
8.883789181709289551e-01 1.037792444229125977e+00
1.571289002895355225e-01 1.039792060852050781e+00
6.071289181709289551e-01 1.041791677474975586e+00
3.821288943290710449e-01 1.043791294097900391e+00
8.321288824081420898e-01 1.045790791511535645e+00
2.696289122104644775e-01 1.047790408134460449e+00
7.196289300918579102e-01 1.049790024757385254e+00
4.946288764476776123e-01 1.051789641380310059e+00
9.446288943290710449e-01 1.053789258003234863e+00
1.290039122104644775e-01 1.055788874626159668e+00
5.790039300918579102e-01 1.057788372039794922e+00
3.540039062500000000e-01 1.059787988662719727e+00
8.040038943290710449e-01 1.061787605285644531e+00
2.415038943290710449e-01 1.063787221908569336e+00
6.915039420127868652e-01 1.065786838531494141e+00
4.665038883686065674e-01 1.067786455154418945e+00
9.165039062500000000e-01 1.069786071777343750e+00
1.852539032697677612e-01 1.071785569190979004e+00
6.352539062500000000e-01 1.073785305023193359e+00
4.102538824081420898e-01 1.075784921646118164e+00
8.602539300918579102e-01 1.077784419059753418e+00
2.977539002895355225e-01 1.079784035682678223e+00
7.477539181709289551e-01 1.081783652305603027e+00
5.227538943290710449e-01 1.083783149719238281e+00
9.727538824081420898e-01 1.085782885551452637e+00
1.149414032697677612e-01 1.087782502174377441e+00
5.649414062500000000e-01 1.089781999588012695e+00
3.399414122104644775e-01 1.091781616210937500e+00
7.899414300918579102e-01 1.093781232833862305e+00
2.274414002895355225e-01 1.095780849456787109e+00
6.774414181709289551e-01 1.097780466079711914e+00
4.524413943290710449e-01 1.099780082702636719e+00
9.024413824081420898e-01 1.101779699325561523e+00
1.711914092302322388e-01 1.103779196739196777e+00
6.211914420127868652e-01 1.105778813362121582e+00
3.961913883686065674e-01 1.107778429985046387e+00
8.461914062500000000e-01 1.109778046607971191e+00
2.836914062500000000e-01 1.111777663230895996e+00
7.336913943290710449e-01 1.113777279853820801e+00
5.086914300918579102e-01 1.115776777267456055e+00
9.586914181709289551e-01 1.117776393890380859e+00
1.430664062500000000e-01 1.119776010513305664e+00
5.930663943290710449e-01 1.121775627136230469e+00
3.680664002895355225e-01 1.123775243759155273e+00
8.180664181709289551e-01 1.125774860382080078e+00
2.555664181709289551e-01 1.127774477005004883e+00
7.055664062500000000e-01 1.129774093627929688e+00
4.805663824081420898e-01 1.131773710250854492e+00
9.305664300918579102e-01 1.133773207664489746e+00
1.993164122104644775e-01 1.135772824287414551e+00
6.493164300918579102e-01 1.137772440910339355e+00
4.243164062500000000e-01 1.139772057533264160e+00
8.743163943290710449e-01 1.141771674156188965e+00
3.118163943290710449e-01 1.143771290779113770e+00
7.618164420127868652e-01 1.145770788192749023e+00
5.368164181709289551e-01 1.147770404815673828e+00
9.868164062500000000e-01 1.149770021438598633e+00
1.079101562500000000e-01 1.151769638061523438e+00
5.579101443290710449e-01 1.153769254684448242e+00
3.329101502895355225e-01 1.155768871307373047e+00
7.829101681709289551e-01 1.157768487930297852e+00
2.204101532697677612e-01 1.159767985343933105e+00
6.704101562500000000e-01 1.161767601966857910e+00
4.454101324081420898e-01 1.163767337799072266e+00
8.954101800918579102e-01 1.165766835212707520e+00
1.641601622104644775e-01 1.167766451835632324e+00
6.141601800918579102e-01 1.169766068458557129e+00
3.891601562500000000e-01 1.171765565872192383e+00
8.391601443290710449e-01 1.173765182495117188e+00
2.766601443290710449e-01 1.175764918327331543e+00
7.266601920127868652e-01 1.177764415740966797e+00
5.016601681709289551e-01 1.179764032363891602e+00
9.516601562500000000e-01 1.181763648986816406e+00
1.360351592302322388e-01 1.183763265609741211e+00
5.860351324081420898e-01 1.185762882232666016e+00
3.610351383686065674e-01 1.187762498855590820e+00
8.110351562500000000e-01 1.189762115478515625e+00
2.485351562500000000e-01 1.191761612892150879e+00
6.985351443290710449e-01 1.193761229515075684e+00
4.735351502895355225e-01 1.195760846138000488e+00
9.235351681709289551e-01 1.197760462760925293e+00
1.922851502895355225e-01 1.199760079383850098e+00
6.422851681709289551e-01 1.201759696006774902e+00
4.172851443290710449e-01 1.203759193420410156e+00
8.672851324081420898e-01 1.205758810043334961e+00
3.047851622104644775e-01 1.207758426666259766e+00
7.547851800918579102e-01 1.209758043289184570e+00
5.297851562500000000e-01 1.211757659912109375e+00
9.797851443290710449e-01 1.213757276535034180e+00
1.219726577401161194e-01 1.215756893157958984e+00
5.719726681709289551e-01 1.217756390571594238e+00
3.469726443290710449e-01 1.219756126403808594e+00
7.969726324081420898e-01 1.221755623817443848e+00
2.344726622104644775e-01 1.223755240440368652e+00
6.844726800918579102e-01 1.225754857063293457e+00
4.594726264476776123e-01 1.227754473686218262e+00
9.094726443290710449e-01 1.229753971099853516e+00
1.782226562500000000e-01 1.231753706932067871e+00
6.282226443290710449e-01 1.233753204345703125e+00
4.032226502895355225e-01 1.235752820968627930e+00
8.532226681709289551e-01 1.237752437591552734e+00
2.907226383686065674e-01 1.239752054214477539e+00
7.407226562500000000e-01 1.241751670837402344e+00
5.157226324081420898e-01 1.243751287460327148e+00
9.657226800918579102e-01 1.245750904083251953e+00
1.500976532697677612e-01 1.247750401496887207e+00
6.000976562500000000e-01 1.249750018119812012e+00
3.750976324081420898e-01 1.251749753952026367e+00
8.250976800918579102e-01 1.253749251365661621e+00
2.625976502895355225e-01 1.255748867988586426e+00
7.125976681709289551e-01 1.257748484611511230e+00
4.875976443290710449e-01 1.259747982025146484e+00
9.375976324081420898e-01 1.261747598648071289e+00
2.063476443290710449e-01 1.263747215270996094e+00
6.563476920127868652e-01 1.265746831893920898e+00
4.313476383686065674e-01 1.267746448516845703e+00
8.813476562500000000e-01 1.269746065139770508e+00
3.188476562500000000e-01 1.271745681762695312e+00
7.688476443290710449e-01 1.273745298385620117e+00
5.438476800918579102e-01 1.275744915008544922e+00
9.938476681709289551e-01 1.277744531631469727e+00
1.043945327401161194e-01 1.279744029045104980e+00
5.543945431709289551e-01 1.281743645668029785e+00
3.293945193290710449e-01 1.283743262290954590e+00
7.793945074081420898e-01 1.285742759704589844e+00
2.168945372104644775e-01 1.287742376327514648e+00
6.668945550918579102e-01 1.289741992950439453e+00
4.418945014476776123e-01 1.291741609573364258e+00
8.918945193290710449e-01 1.293741345405578613e+00
1.606445312500000000e-01 1.295740842819213867e+00
6.106445193290710449e-01 1.297740459442138672e+00
3.856445252895355225e-01 1.299740076065063477e+00
8.356445431709289551e-01 1.301739692687988281e+00
2.731445133686065674e-01 1.303739309310913086e+00
7.231445312500000000e-01 1.305738806724548340e+00
4.981445074081420898e-01 1.307738423347473145e+00
9.481445550918579102e-01 1.309738039970397949e+00
1.325195282697677612e-01 1.311737537384033203e+00
5.825195312500000000e-01 1.313737154006958008e+00
3.575195074081420898e-01 1.315736889839172363e+00
8.075195550918579102e-01 1.317736506462097168e+00
2.450195252895355225e-01 1.319736123085021973e+00
6.950195431709289551e-01 1.321735620498657227e+00
4.700195193290710449e-01 1.323735237121582031e+00
9.200195074081420898e-01 1.325734853744506836e+00
1.887695193290710449e-01 1.327734470367431641e+00
6.387695670127868652e-01 1.329734086990356445e+00
4.137695133686065674e-01 1.331733584403991699e+00
8.637695312500000000e-01 1.333733201026916504e+00
3.012695312500000000e-01 1.335732817649841309e+00
7.512695193290710449e-01 1.337732553482055664e+00
5.262695550918579102e-01 1.339732170104980469e+00
9.762695431709289551e-01 1.341731667518615723e+00
1.184570342302322388e-01 1.343731284141540527e+00
5.684570074081420898e-01 1.345730900764465332e+00
3.434570133686065674e-01 1.347730398178100586e+00
7.934570312500000000e-01 1.349730014801025391e+00
2.309570312500000000e-01 1.351729631423950195e+00
6.809570193290710449e-01 1.353729248046875000e+00
4.559570252895355225e-01 1.355728864669799805e+00
9.059570431709289551e-01 1.357728362083435059e+00
1.747070252895355225e-01 1.359728097915649414e+00
6.247070431709289551e-01 1.361727714538574219e+00
3.997070193290710449e-01 1.363727331161499023e+00
8.497070074081420898e-01 1.365726947784423828e+00
2.872070372104644775e-01 1.367726445198059082e+00
7.372070550918579102e-01 1.369726061820983887e+00
5.122070312500000000e-01 1.371725678443908691e+00
9.622070193290710449e-01 1.373725175857543945e+00
1.465820372104644775e-01 1.375724792480468750e+00
5.965820550918579102e-01 1.377724409103393555e+00
3.715820312500000000e-01 1.379724025726318359e+00
8.215820193290710449e-01 1.381723642349243164e+00
2.590820193290710449e-01 1.383723258972167969e+00
7.090820670127868652e-01 1.385722875595092773e+00
4.840820133686065674e-01 1.387722492218017578e+00
9.340820312500000000e-01 1.389722108840942383e+00
2.028320282697677612e-01 1.391721725463867188e+00
6.528320312500000000e-01 1.393721222877502441e+00
4.278320074081420898e-01 1.395720839500427246e+00
8.778320550918579102e-01 1.397720456123352051e+00
3.153320252895355225e-01 1.399719953536987305e+00
7.653320431709289551e-01 1.401719570159912109e+00
5.403320193290710449e-01 1.403719186782836914e+00
9.903320074081420898e-01 1.405718922615051270e+00
1.114257797598838806e-01 1.407718539237976074e+00
5.614258050918579102e-01 1.409718036651611328e+00
3.364257812500000000e-01 1.411717653274536133e+00
7.864257693290710449e-01 1.413717269897460938e+00
2.239257693290710449e-01 1.415716886520385742e+00
6.739258170127868652e-01 1.417716503143310547e+00
4.489257633686065674e-01 1.419716000556945801e+00
8.989257812500000000e-01 1.421715617179870605e+00
1.676757782697677612e-01 1.423715233802795410e+00
6.176757812500000000e-01 1.425714731216430664e+00
3.926757574081420898e-01 1.427714586257934570e+00
8.426758050918579102e-01 1.429714083671569824e+00
2.801757752895355225e-01 1.431713700294494629e+00
7.301757931709289551e-01 1.433713316917419434e+00
5.051757693290710449e-01 1.435712814331054688e+00
9.551757574081420898e-01 1.437712430953979492e+00
1.395507752895355225e-01 1.439712047576904297e+00
5.895507931709289551e-01 1.441711664199829102e+00
3.645507693290710449e-01 1.443711280822753906e+00
8.145507574081420898e-01 1.445710778236389160e+00
2.520507872104644775e-01 1.447710394859313965e+00
7.020508050918579102e-01 1.449710130691528320e+00
4.770507514476776123e-01 1.451709747314453125e+00
9.270507693290710449e-01 1.453709363937377930e+00
1.958007812500000000e-01 1.455708861351013184e+00
6.458007693290710449e-01 1.457708477973937988e+00
4.208007752895355225e-01 1.459708094596862793e+00
8.708007931709289551e-01 1.461707592010498047e+00
3.083007633686065674e-01 1.463707208633422852e+00
7.583007812500000000e-01 1.465706825256347656e+00
5.333007574081420898e-01 1.467706441879272461e+00
9.833008050918579102e-01 1.469706058502197266e+00
1.254882812500000000e-01 1.471705555915832520e+00
5.754882693290710449e-01 1.473705291748046875e+00
3.504882752895355225e-01 1.475704908370971680e+00
8.004882931709289551e-01 1.477704524993896484e+00
2.379882931709289551e-01 1.479704141616821289e+00
6.879882812500000000e-01 1.481703639030456543e+00
4.629882574081420898e-01 1.483703255653381348e+00
9.129883050918579102e-01 1.485702872276306152e+00
1.817382872104644775e-01 1.487702369689941406e+00
6.317383050918579102e-01 1.489701986312866211e+00
4.067382812500000000e-01 1.491701602935791016e+00
8.567382693290710449e-01 1.493701219558715820e+00
2.942382693290710449e-01 1.495700955390930176e+00
7.442383170127868652e-01 1.497700452804565430e+00
5.192382931709289551e-01 1.499700069427490234e+00
9.692382812500000000e-01 1.501699686050415039e+00
1.536132842302322388e-01 1.503699302673339844e+00
6.036133170127868652e-01 1.505698919296264648e+00
3.786132633686065674e-01 1.507698416709899902e+00
8.286132812500000000e-01 1.509698033332824707e+00
2.661132812500000000e-01 1.511697649955749512e+00
7.161132693290710449e-01 1.513697147369384766e+00
4.911132752895355225e-01 1.515696763992309570e+00
9.411132931709289551e-01 1.517696499824523926e+00
2.098632752895355225e-01 1.519696116447448730e+00
6.598632931709289551e-01 1.521695733070373535e+00
4.348632693290710449e-01 1.523695230484008789e+00
8.848632574081420898e-01 1.525694847106933594e+00
3.223632872104644775e-01 1.527694463729858398e+00
7.723633050918579102e-01 1.529694080352783203e+00
5.473632812500000000e-01 1.531693696975708008e+00
9.973632693290710449e-01 1.533693194389343262e+00
1.026367172598838806e-01 1.535692811012268066e+00
5.526367425918579102e-01 1.537692427635192871e+00
3.276367187500000000e-01 1.539692163467407227e+00
7.776367068290710449e-01 1.541691780090332031e+00
2.151367068290710449e-01 1.543691277503967285e+00
6.651367545127868652e-01 1.545690894126892090e+00
4.401367008686065674e-01 1.547690510749816895e+00
8.901367187500000000e-01 1.549690008163452148e+00
1.588867157697677612e-01 1.551689624786376953e+00
6.088867187500000000e-01 1.553689241409301758e+00
3.838866949081420898e-01 1.555688858032226562e+00
8.338867425918579102e-01 1.557688474655151367e+00
2.713867127895355225e-01 1.559687972068786621e+00
7.213867306709289551e-01 1.561687588691711426e+00
4.963867068290710449e-01 1.563687324523925781e+00
9.463866949081420898e-01 1.565686941146850586e+00
1.307617127895355225e-01 1.567686557769775391e+00
5.807617306709289551e-01 1.569686055183410645e+00
3.557617068290710449e-01 1.571685671806335449e+00
8.057616949081420898e-01 1.573685288429260254e+00
2.432617247104644775e-01 1.575684785842895508e+00
6.932617425918579102e-01 1.577684402465820312e+00
4.682616889476776123e-01 1.579684019088745117e+00
9.182617068290710449e-01 1.581683635711669922e+00
1.870117187500000000e-01 1.583683252334594727e+00
6.370117068290710449e-01 1.585682868957519531e+00
4.120117127895355225e-01 1.587682485580444336e+00
8.620117306709289551e-01 1.589682102203369141e+00
2.995117008686065674e-01 1.591681718826293945e+00
7.495117187500000000e-01 1.593681335449218750e+00
5.245116949081420898e-01 1.595680832862854004e+00
9.745117425918579102e-01 1.597680449485778809e+00
1.166992187500000000e-01 1.599680066108703613e+00
5.666992068290710449e-01 1.601679563522338867e+00
3.416992127895355225e-01 1.603679180145263672e+00
7.916992306709289551e-01 1.605678796768188477e+00
2.291992306709289551e-01 1.607678532600402832e+00
6.791992187500000000e-01 1.609678149223327637e+00
4.541991949081420898e-01 1.611677646636962891e+00
9.041992425918579102e-01 1.613677263259887695e+00
1.729492247104644775e-01 1.615676879882812500e+00
6.229492425918579102e-01 1.617676496505737305e+00
3.979492187500000000e-01 1.619676113128662109e+00
8.479492068290710449e-01 1.621675610542297363e+00
2.854492068290710449e-01 1.623675227165222168e+00
7.354492545127868652e-01 1.625674843788146973e+00
5.104492306709289551e-01 1.627674341201782227e+00
9.604492187500000000e-01 1.629674196243286133e+00
1.448242217302322388e-01 1.631673693656921387e+00
5.948241949081420898e-01 1.633673310279846191e+00
3.698242008686065674e-01 1.635672926902770996e+00
8.198242187500000000e-01 1.637672424316406250e+00
2.573242187500000000e-01 1.639672040939331055e+00
7.073242068290710449e-01 1.641671657562255859e+00
4.823242127895355225e-01 1.643671274185180664e+00
9.323242306709289551e-01 1.645670890808105469e+00
2.010742127895355225e-01 1.647670388221740723e+00
6.510742306709289551e-01 1.649670004844665527e+00
4.260742068290710449e-01 1.651669621467590332e+00
8.760741949081420898e-01 1.653669357299804688e+00
3.135742247104644775e-01 1.655668973922729492e+00
7.635742425918579102e-01 1.657668471336364746e+00
5.385742187500000000e-01 1.659668087959289551e+00
9.885742068290710449e-01 1.661667704582214355e+00
1.096679717302322388e-01 1.663667201995849609e+00
5.596679449081420898e-01 1.665666818618774414e+00
3.346679508686065674e-01 1.667666435241699219e+00
7.846679687500000000e-01 1.669666051864624023e+00
2.221679687500000000e-01 1.671665668487548828e+00
6.721679568290710449e-01 1.673665165901184082e+00
4.471679627895355225e-01 1.675664901733398438e+00
8.971679806709289551e-01 1.677664518356323242e+00
1.659179627895355225e-01 1.679664134979248047e+00
6.159179806709289551e-01 1.681663751602172852e+00
3.909179568290710449e-01 1.683663249015808105e+00
8.409179449081420898e-01 1.685662865638732910e+00
2.784179747104644775e-01 1.687662482261657715e+00
7.284179925918579102e-01 1.689661979675292969e+00
5.034179687500000000e-01 1.691661596298217773e+00
9.534179568290710449e-01 1.693661212921142578e+00
1.377929747104644775e-01 1.695660829544067383e+00
5.877929925918579102e-01 1.697660565376281738e+00
3.627929687500000000e-01 1.699660062789916992e+00
8.127929568290710449e-01 1.701659679412841797e+00
2.502929568290710449e-01 1.703659296035766602e+00
7.002930045127868652e-01 1.705658912658691406e+00
4.752929508686065674e-01 1.707658529281616211e+00
9.252929687500000000e-01 1.709658026695251465e+00
1.940429657697677612e-01 1.711657643318176270e+00
6.440429687500000000e-01 1.713657259941101074e+00
4.190429449081420898e-01 1.715656757354736328e+00
8.690429925918579102e-01 1.717656373977661133e+00
3.065429627895355225e-01 1.719656109809875488e+00
7.565429806709289551e-01 1.721655726432800293e+00
5.315429568290710449e-01 1.723655343055725098e+00
9.815429449081420898e-01 1.725654840469360352e+00
1.237304657697677612e-01 1.727654457092285156e+00
5.737304687500000000e-01 1.729654073715209961e+00
3.487304747104644775e-01 1.731653690338134766e+00
7.987304925918579102e-01 1.733653306961059570e+00
2.362304627895355225e-01 1.735652804374694824e+00
6.862304806709289551e-01 1.737652420997619629e+00
4.612304568290710449e-01 1.739652037620544434e+00
9.112304449081420898e-01 1.741651773452758789e+00
1.799804717302322388e-01 1.743651390075683594e+00
6.299805045127868652e-01 1.745650887489318848e+00
4.049804508686065674e-01 1.747650504112243652e+00
8.549804687500000000e-01 1.749650120735168457e+00
2.924804687500000000e-01 1.751649618148803711e+00
7.424804568290710449e-01 1.753649234771728516e+00
5.174804925918579102e-01 1.755648851394653320e+00
9.674804806709289551e-01 1.757648468017578125e+00
1.518554687500000000e-01 1.759648084640502930e+00
6.018554568290710449e-01 1.761647582054138184e+00
3.768554627895355225e-01 1.763647198677062988e+00
8.268554806709289551e-01 1.765646934509277344e+00
2.643554806709289551e-01 1.767646551132202148e+00
7.143554687500000000e-01 1.769646167755126953e+00
4.893554449081420898e-01 1.771645665168762207e+00
9.393554925918579102e-01 1.773645281791687012e+00
2.081054747104644775e-01 1.775644898414611816e+00
6.581054925918579102e-01 1.777644395828247070e+00
4.331054687500000000e-01 1.779644012451171875e+00
8.831054568290710449e-01 1.781643629074096680e+00
3.206054568290710449e-01 1.783643245697021484e+00
7.706055045127868652e-01 1.785642862319946289e+00
5.456054806709289551e-01 1.787642478942871094e+00
9.956054687500000000e-01 1.789642095565795898e+00
1.061523482203483582e-01 1.791641712188720703e+00
5.561523437500000000e-01 1.793641328811645508e+00
3.311523497104644775e-01 1.795640945434570312e+00
7.811523675918579102e-01 1.797640442848205566e+00
2.186523377895355225e-01 1.799640059471130371e+00
6.686523556709289551e-01 1.801639676094055176e+00
4.436523318290710449e-01 1.803639173507690430e+00
8.936523199081420898e-01 1.805638790130615234e+00
1.624023467302322388e-01 1.807638406753540039e+00
6.124023795127868652e-01 1.809638142585754395e+00
3.874023258686065674e-01 1.811637759208679199e+00
8.374023437500000000e-01 1.813637256622314453e+00
2.749023437500000000e-01 1.815636873245239258e+00
7.249023318290710449e-01 1.817636489868164062e+00
4.999023377895355225e-01 1.819636106491088867e+00
9.499023556709289551e-01 1.821635723114013672e+00
1.342773437500000000e-01 1.823635220527648926e+00
5.842773318290710449e-01 1.825634837150573730e+00
3.592773377895355225e-01 1.827634453773498535e+00
8.092773556709289551e-01 1.829633951187133789e+00
2.467773556709289551e-01 1.831633806228637695e+00
6.967773437500000000e-01 1.833633303642272949e+00
4.717773199081420898e-01 1.835632920265197754e+00
9.217773675918579102e-01 1.837632536888122559e+00
1.905273497104644775e-01 1.839632034301757812e+00
6.405273675918579102e-01 1.841631650924682617e+00
4.155273437500000000e-01 1.843631267547607422e+00
8.655273318290710449e-01 1.845630884170532227e+00
3.030273318290710449e-01 1.847630500793457031e+00
7.530273795127868652e-01 1.849629998207092285e+00
5.280273556709289551e-01 1.851629614830017090e+00
9.780273437500000000e-01 1.853629231452941895e+00
1.202148422598838806e-01 1.855628967285156250e+00
5.702148675918579102e-01 1.857628583908081055e+00
3.452148437500000000e-01 1.859628081321716309e+00
7.952148318290710449e-01 1.861627697944641113e+00
2.327148318290710449e-01 1.863627314567565918e+00
6.827148795127868652e-01 1.865626811981201172e+00
4.577148258686065674e-01 1.867626428604125977e+00
9.077148437500000000e-01 1.869626045227050781e+00
1.764648407697677612e-01 1.871625661849975586e+00
6.264648437500000000e-01 1.873625278472900391e+00
4.014648199081420898e-01 1.875624775886535645e+00
8.514648675918579102e-01 1.877624511718750000e+00
2.889648377895355225e-01 1.879624128341674805e+00
7.389648556709289551e-01 1.881623744964599609e+00
5.139648318290710449e-01 1.883623361587524414e+00
9.639648199081420898e-01 1.885622859001159668e+00
1.483398377895355225e-01 1.887622475624084473e+00
5.983398556709289551e-01 1.889622092247009277e+00
3.733398318290710449e-01 1.891621589660644531e+00
8.233398199081420898e-01 1.893621206283569336e+00
2.608398497104644775e-01 1.895620822906494141e+00
7.108398675918579102e-01 1.897620439529418945e+00
4.858398139476776123e-01 1.899620175361633301e+00
9.358398318290710449e-01 1.901619672775268555e+00
2.045898437500000000e-01 1.903619289398193359e+00
6.545898318290710449e-01 1.905618906021118164e+00
4.295898377895355225e-01 1.907618522644042969e+00
8.795898556709289551e-01 1.909618139266967773e+00
3.170898258686065674e-01 1.911617636680603027e+00
7.670898437500000000e-01 1.913617253303527832e+00
5.420898199081420898e-01 1.915616869926452637e+00
9.920898675918579102e-01 1.917616367340087891e+00
1.131835952401161194e-01 1.919615983963012695e+00
5.631836056709289551e-01 1.921615719795227051e+00
3.381835818290710449e-01 1.923615336418151855e+00
7.881835699081420898e-01 1.925614953041076660e+00
2.256835997104644775e-01 1.927614450454711914e+00
6.756836175918579102e-01 1.929614067077636719e+00
4.506835639476776123e-01 1.931613683700561523e+00
9.006835818290710449e-01 1.933613300323486328e+00
1.694335937500000000e-01 1.935612916946411133e+00
6.194335818290710449e-01 1.937612414360046387e+00
3.944335877895355225e-01 1.939612030982971191e+00
8.444336056709289551e-01 1.941611647605895996e+00
2.819335758686065674e-01 1.943611145019531250e+00
7.319335937500000000e-01 1.945611000061035156e+00
5.069335699081420898e-01 1.947610497474670410e+00
9.569336175918579102e-01 1.949610114097595215e+00
1.413085907697677612e-01 1.951609730720520020e+00
5.913085937500000000e-01 1.953609228134155273e+00
3.663085699081420898e-01 1.955608844757080078e+00
8.163086175918579102e-01 1.957608461380004883e+00
2.538085877895355225e-01 1.959608078002929688e+00
7.038086056709289551e-01 1.961607694625854492e+00
4.788085818290710449e-01 1.963607192039489746e+00
9.288085699081420898e-01 1.965606808662414551e+00
1.975585818290710449e-01 1.967606544494628906e+00
6.475586295127868652e-01 1.969606161117553711e+00
4.225585758686065674e-01 1.971605777740478516e+00
8.725585937500000000e-01 1.973605275154113770e+00
3.100585937500000000e-01 1.975604891777038574e+00
7.600585818290710449e-01 1.977604508399963379e+00
5.350586175918579102e-01 1.979604005813598633e+00
9.850586056709289551e-01 1.981603622436523438e+00
1.272460967302322388e-01 1.983603239059448242e+00
5.772460699081420898e-01 1.985602855682373047e+00
3.522460758686065674e-01 1.987602472305297852e+00
8.022460937500000000e-01 1.989602088928222656e+00
2.397460937500000000e-01 1.991601705551147461e+00
6.897460818290710449e-01 1.993601322174072266e+00
4.647460877895355225e-01 1.995600938796997070e+00
9.147461056709289551e-01 1.997600555419921875e+00
1.834960877895355225e-01 1.999600052833557129e+00
6.334961056709289551e-01 2.001599788665771484e+00
4.084960818290710449e-01 2.003599166870117188e+00
8.584960699081420898e-01 2.005598783493041992e+00
2.959960997104644775e-01 2.007598400115966797e+00
7.459961175918579102e-01 2.009598016738891602e+00
5.209960937500000000e-01 2.011597633361816406e+00
9.709960818290710449e-01 2.013597249984741211e+00
1.553710997104644775e-01 2.015596866607666016e+00
6.053711175918579102e-01 2.017596483230590820e+00
3.803710937500000000e-01 2.019596099853515625e+00
8.303710818290710449e-01 2.021595716476440430e+00
2.678710818290710449e-01 2.023595333099365234e+00
7.178711295127868652e-01 2.025594949722290039e+00
4.928710758686065674e-01 2.027594566345214844e+00
9.428710937500000000e-01 2.029593944549560547e+00
2.116210907697677612e-01 2.031593561172485352e+00
6.616210937500000000e-01 2.033593177795410156e+00
4.366210699081420898e-01 2.035593032836914062e+00
8.866211175918579102e-01 2.037592411041259766e+00
3.241210877895355225e-01 2.039592027664184570e+00
7.741211056709289551e-01 2.041591644287109375e+00
5.491210818290710449e-01 2.043591260910034180e+00
9.991210699081420898e-01 2.045590877532958984e+00
1.004394516348838806e-01 2.047590494155883789e+00
5.504394769668579102e-01 2.049590110778808594e+00
3.254394531250000000e-01 2.051589727401733398e+00
7.754394412040710449e-01 2.053589344024658203e+00
2.129394412040710449e-01 2.055588722229003906e+00
6.629394888877868652e-01 2.057588577270507812e+00
4.379394352436065674e-01 2.059588193893432617e+00
8.879394531250000000e-01 2.061587810516357422e+00
1.566894501447677612e-01 2.063587188720703125e+00
6.066894531250000000e-01 2.065586805343627930e+00
3.816894292831420898e-01 2.067586421966552734e+00
8.316894769668579102e-01 2.069586038589477539e+00
2.691894471645355225e-01 2.071585655212402344e+00
7.191894650459289551e-01 2.073585271835327148e+00
4.941894412040710449e-01 2.075584888458251953e+00
9.441894292831420898e-01 2.077584505081176758e+00
1.285644471645355225e-01 2.079584121704101562e+00
5.785644650459289551e-01 2.081583738327026367e+00
3.535644412040710449e-01 2.083583354949951172e+00
8.035644292831420898e-01 2.085582971572875977e+00
2.410644590854644775e-01 2.087582588195800781e+00
6.910644769668579102e-01 2.089581966400146484e+00
4.660644233226776123e-01 2.091581583023071289e+00
9.160644412040710449e-01 2.093581199645996094e+00
1.848144531250000000e-01 2.095580816268920898e+00
6.348144412040710449e-01 2.097580432891845703e+00
4.098144471645355225e-01 2.099580049514770508e+00
8.598144650459289551e-01 2.101579666137695312e+00
2.973144352436065674e-01 2.103579282760620117e+00
7.473144531250000000e-01 2.105578899383544922e+00
5.223144292831420898e-01 2.107578516006469727e+00
9.723144769668579102e-01 2.109578132629394531e+00
1.145019531250000000e-01 2.111577749252319336e+00
5.645019412040710449e-01 2.113577365875244141e+00
3.395019471645355225e-01 2.115576744079589844e+00
7.895019650459289551e-01 2.117576360702514648e+00
2.270019650459289551e-01 2.119575977325439453e+00
6.770019531250000000e-01 2.121575593948364258e+00
4.520019292831420898e-01 2.123575210571289062e+00
9.020019769668579102e-01 2.125575065612792969e+00
1.707519590854644775e-01 2.127574443817138672e+00
6.207519769668579102e-01 2.129574060440063477e+00
3.957519531250000000e-01 2.131573677062988281e+00
8.457519412040710449e-01 2.133573293685913086e+00
2.832519412040710449e-01 2.135572910308837891e+00
7.332519888877868652e-01 2.137572526931762695e+00
5.082519650459289551e-01 2.139572143554687500e+00
9.582519531250000000e-01 2.141571521759033203e+00
1.426269561052322388e-01 2.143571138381958008e+00
5.926269292831420898e-01 2.145570755004882812e+00
3.676269352436065674e-01 2.147570610046386719e+00
8.176269531250000000e-01 2.149570226669311523e+00
2.551269531250000000e-01 2.151569843292236328e+00
7.051269412040710449e-01 2.153569221496582031e+00
4.801269471645355225e-01 2.155568838119506836e+00
9.301269650459289551e-01 2.157568454742431641e+00
1.988769471645355225e-01 2.159568071365356445e+00
6.488769650459289551e-01 2.161567687988281250e+00
4.238769412040710449e-01 2.163567304611206055e+00
8.738769292831420898e-01 2.165566921234130859e+00
3.113769590854644775e-01 2.167566299438476562e+00
7.613769769668579102e-01 2.169566154479980469e+00
5.363769531250000000e-01 2.171565771102905273e+00
9.863769412040710449e-01 2.173565387725830078e+00
1.074707061052322388e-01 2.175565004348754883e+00
5.574706792831420898e-01 2.177564620971679688e+00
3.324706852436065674e-01 2.179563999176025391e+00
7.824707031250000000e-01 2.181563615798950195e+00
2.199707031250000000e-01 2.183563232421875000e+00
6.699706912040710449e-01 2.185562849044799805e+00
4.449706971645355225e-01 2.187562465667724609e+00
8.949707150459289551e-01 2.189562082290649414e+00
1.637206971645355225e-01 2.191561698913574219e+00
6.137207150459289551e-01 2.193561315536499023e+00
3.887206912040710449e-01 2.195560932159423828e+00
8.387206792831420898e-01 2.197560548782348633e+00
2.762207090854644775e-01 2.199560165405273438e+00
7.262207269668579102e-01 2.201559782028198242e+00
5.012207031250000000e-01 2.203559398651123047e+00
9.512206912040710449e-01 2.205558776855468750e+00
1.355957090854644775e-01 2.207558393478393555e+00
5.855957269668579102e-01 2.209558010101318359e+00
3.605957031250000000e-01 2.211557626724243164e+00
8.105956912040710449e-01 2.213557243347167969e+00
2.480956912040710449e-01 2.215556859970092773e+00
6.980957388877868652e-01 2.217556476593017578e+00
4.730956852436065674e-01 2.219556093215942383e+00
9.230957031250000000e-01 2.221555709838867188e+00
1.918457001447677612e-01 2.223555326461791992e+00
6.418457031250000000e-01 2.225554943084716797e+00
4.168456792831420898e-01 2.227554559707641602e+00
8.668457269668579102e-01 2.229554176330566406e+00
3.043456971645355225e-01 2.231553554534912109e+00
7.543457150459289551e-01 2.233553171157836914e+00
5.293456912040710449e-01 2.235552787780761719e+00
9.793456792831420898e-01 2.237552642822265625e+00
1.215332001447677612e-01 2.239552021026611328e+00
5.715332031250000000e-01 2.241551637649536133e+00
3.465332090854644775e-01 2.243551254272460938e+00
7.965332269668579102e-01 2.245550870895385742e+00
2.340331971645355225e-01 2.247550487518310547e+00
6.840332150459289551e-01 2.249550104141235352e+00
4.590331912040710449e-01 2.251549720764160156e+00
9.090331792831420898e-01 2.253549337387084961e+00
1.777832061052322388e-01 2.255548954010009766e+00
6.277832388877868652e-01 2.257548332214355469e+00
4.027831852436065674e-01 2.259548187255859375e+00
8.527832031250000000e-01 2.261547803878784180e+00
2.902832031250000000e-01 2.263547420501708984e+00
7.402831912040710449e-01 2.265546798706054688e+00
5.152832269668579102e-01 2.267546415328979492e+00
9.652832150459289551e-01 2.269546031951904297e+00
1.496582031250000000e-01 2.271545648574829102e+00
5.996581912040710449e-01 2.273545265197753906e+00
3.746581971645355225e-01 2.275544881820678711e+00
8.246582150459289551e-01 2.277544498443603516e+00
2.621582150459289551e-01 2.279544115066528320e+00
7.121582031250000000e-01 2.281543731689453125e+00
4.871581792831420898e-01 2.283543348312377930e+00
9.371582269668579102e-01 2.285542964935302734e+00
2.059082090854644775e-01 2.287542581558227539e+00
6.559082269668579102e-01 2.289542198181152344e+00
4.309082031250000000e-01 2.291541576385498047e+00
8.809081912040710449e-01 2.293541193008422852e+00
3.184081912040710449e-01 2.295540809631347656e+00
7.684082388877868652e-01 2.297540426254272461e+00
5.434082150459289551e-01 2.299540042877197266e+00
9.934082031250000000e-01 2.301539659500122070e+00
1.039550825953483582e-01 2.303539276123046875e+00
5.539550781250000000e-01 2.305538892745971680e+00
3.289550840854644775e-01 2.307538509368896484e+00
7.789551019668579102e-01 2.309538125991821289e+00
2.164550721645355225e-01 2.311537742614746094e+00
6.664550900459289551e-01 2.313537359237670898e+00
4.414550662040710449e-01 2.315536975860595703e+00
8.914550542831420898e-01 2.317536354064941406e+00
1.602050811052322388e-01 2.319535970687866211e+00
6.102051138877868652e-01 2.321535587310791016e+00
3.852050602436065674e-01 2.323535203933715820e+00
8.352050781250000000e-01 2.325534820556640625e+00
2.727050781250000000e-01 2.327534675598144531e+00
7.227050662040710449e-01 2.329534053802490234e+00
4.977050721645355225e-01 2.331533670425415039e+00
9.477050900459289551e-01 2.333533287048339844e+00
1.320800781250000000e-01 2.335532903671264648e+00
5.820800662040710449e-01 2.337532520294189453e+00
3.570800721645355225e-01 2.339532136917114258e+00
8.070800900459289551e-01 2.341531753540039062e+00
2.445800900459289551e-01 2.343531131744384766e+00
6.945800781250000000e-01 2.345530748367309570e+00
4.695800542831420898e-01 2.347530364990234375e+00
9.195801019668579102e-01 2.349530220031738281e+00
1.883300840854644775e-01 2.351529836654663086e+00
6.383301019668579102e-01 2.353529453277587891e+00
4.133300781250000000e-01 2.355528831481933594e+00
8.633300662040710449e-01 2.357528448104858398e+00
3.008300662040710449e-01 2.359528064727783203e+00
7.508301138877868652e-01 2.361527681350708008e+00
5.258300900459289551e-01 2.363527297973632812e+00
9.758300781250000000e-01 2.365526914596557617e+00
1.180175766348838806e-01 2.367526531219482422e+00
5.680176019668579102e-01 2.369525909423828125e+00
3.430175781250000000e-01 2.371525764465332031e+00
7.930175662040710449e-01 2.373525381088256836e+00
2.305175662040710449e-01 2.375524997711181641e+00
6.805176138877868652e-01 2.377524614334106445e+00
4.555175602436065674e-01 2.379524230957031250e+00
9.055175781250000000e-01 2.381523609161376953e+00
1.742675751447677612e-01 2.383523225784301758e+00
6.242675781250000000e-01 2.385522842407226562e+00
3.992675542831420898e-01 2.387522459030151367e+00
8.492676019668579102e-01 2.389522075653076172e+00
2.867675721645355225e-01 2.391521692276000977e+00
7.367675900459289551e-01 2.393521308898925781e+00
5.117675662040710449e-01 2.395520925521850586e+00
9.617675542831420898e-01 2.397520542144775391e+00
1.461425721645355225e-01 2.399520158767700195e+00
5.961425900459289551e-01 2.401519775390625000e+00
3.711425662040710449e-01 2.403519392013549805e+00
8.211425542831420898e-01 2.405519008636474609e+00
2.586425840854644775e-01 2.407518386840820312e+00
7.086426019668579102e-01 2.409518003463745117e+00
4.836425483226776123e-01 2.411517620086669922e+00
9.336425662040710449e-01 2.413517236709594727e+00
2.023925781250000000e-01 2.415516853332519531e+00
6.523925662040710449e-01 2.417516469955444336e+00
4.273925721645355225e-01 2.419516086578369141e+00
8.773925900459289551e-01 2.421515703201293945e+00
3.148925602436065674e-01 2.423515319824218750e+00
7.648925781250000000e-01 2.425514936447143555e+00
5.398925542831420898e-01 2.427514553070068359e+00
9.898926019668579102e-01 2.429514169692993164e+00
1.109863296151161194e-01 2.431513786315917969e+00
5.609863400459289551e-01 2.433513164520263672e+00
3.359863162040710449e-01 2.435512781143188477e+00
7.859863042831420898e-01 2.437512397766113281e+00
2.234863340854644775e-01 2.439512252807617188e+00
6.734863519668579102e-01 2.441511631011962891e+00
4.484862983226776123e-01 2.443511247634887695e+00
8.984863162040710449e-01 2.445510864257812500e+00
1.672363281250000000e-01 2.447510480880737305e+00
6.172363162040710449e-01 2.449510097503662109e+00
3.922363221645355225e-01 2.451509714126586914e+00
8.422363400459289551e-01 2.453509330749511719e+00
2.797363102436065674e-01 2.455508947372436523e+00
7.297363281250000000e-01 2.457508563995361328e+00
5.047363042831420898e-01 2.459507942199707031e+00
9.547363519668579102e-01 2.461507797241210938e+00
1.391113251447677612e-01 2.463507413864135742e+00
5.891113281250000000e-01 2.465507030487060547e+00
3.641113042831420898e-01 2.467506408691406250e+00
8.141113519668579102e-01 2.469506025314331055e+00
2.516113221645355225e-01 2.471505641937255859e+00
7.016113400459289551e-01 2.473505258560180664e+00
4.766113162040710449e-01 2.475504875183105469e+00
9.266113042831420898e-01 2.477504491806030273e+00
1.953613162040710449e-01 2.479504108428955078e+00
6.453613638877868652e-01 2.481503725051879883e+00
4.203613102436065674e-01 2.483503341674804688e+00
8.703613281250000000e-01 2.485502958297729492e+00
3.078613281250000000e-01 2.487502574920654297e+00
7.578613162040710449e-01 2.489502191543579102e+00
5.328613519668579102e-01 2.491501808166503906e+00
9.828613400459289551e-01 2.493501186370849609e+00
1.250488311052322388e-01 2.495500802993774414e+00
5.750488042831420898e-01 2.497500419616699219e+00
3.500488102436065674e-01 2.499500036239624023e+00
8.000488281250000000e-01 2.501499652862548828e+00
2.375488281250000000e-01 2.503499507904052734e+00
6.875488162040710449e-01 2.505498886108398438e+00
4.625488221645355225e-01 2.507498502731323242e+00
9.125488400459289551e-01 2.509498119354248047e+00
1.812988221645355225e-01 2.511497735977172852e+00
6.312988400459289551e-01 2.513497114181518555e+00
4.062988162040710449e-01 2.515496969223022461e+00
8.562988042831420898e-01 2.517496585845947266e+00
2.937988340854644775e-01 2.519495964050292969e+00
7.437988519668579102e-01 2.521495819091796875e+00
5.187988281250000000e-01 2.523495197296142578e+00
9.687988162040710449e-01 2.525495052337646484e+00
1.531738340854644775e-01 2.527494430541992188e+00
6.031738519668579102e-01 2.529494285583496094e+00
3.781738281250000000e-01 2.531493663787841797e+00
8.281738162040710449e-01 2.533493280410766602e+00
2.656738162040710449e-01 2.535492897033691406e+00
7.156738638877868652e-01 2.537492513656616211e+00
4.906738102436065674e-01 2.539492130279541016e+00
9.406738281250000000e-01 2.541491746902465820e+00
2.094238251447677612e-01 2.543491363525390625e+00
6.594238281250000000e-01 2.545490741729736328e+00
4.344238042831420898e-01 2.547490596771240234e+00
8.844238519668579102e-01 2.549489974975585938e+00
3.219238221645355225e-01 2.551489830017089844e+00
7.719238400459289551e-01 2.553489208221435547e+00
5.469238162040710449e-01 2.555489063262939453e+00
9.969238042831420898e-01 2.557488441467285156e+00
1.021972671151161194e-01 2.559488058090209961e+00
5.521972775459289551e-01 2.561487674713134766e+00
3.271972537040710449e-01 2.563487291336059570e+00
7.771972417831420898e-01 2.565486907958984375e+00
2.146972715854644775e-01 2.567486524581909180e+00
6.646972894668579102e-01 2.569486141204833984e+00
4.396972358226776123e-01 2.571485519409179688e+00
8.896972537040710449e-01 2.573485374450683594e+00
1.584472656250000000e-01 2.575484752655029297e+00
6.084472537040710449e-01 2.577484607696533203e+00
3.834472596645355225e-01 2.579483985900878906e+00
8.334472775459289551e-01 2.581483840942382812e+00
2.709472477436065674e-01 2.583483219146728516e+00
7.209472656250000000e-01 2.585482835769653320e+00
4.959472417831420898e-01 2.587482690811157227e+00
9.459472894668579102e-01 2.589482069015502930e+00
1.303222626447677612e-01 2.591481685638427734e+00
5.803222656250000000e-01 2.593481302261352539e+00
3.553222417831420898e-01 2.595480918884277344e+00
8.053222894668579102e-01 2.597480297088623047e+00
2.428222596645355225e-01 2.599480152130126953e+00
6.928222775459289551e-01 2.601479530334472656e+00
4.678222537040710449e-01 2.603479385375976562e+00
9.178222417831420898e-01 2.605478763580322266e+00
1.865722537040710449e-01 2.607478618621826172e+00
6.365723013877868652e-01 2.609478235244750977e+00
4.115722477436065674e-01 2.611477613449096680e+00
8.615722656250000000e-01 2.613477468490600586e+00
2.990722656250000000e-01 2.615476846694946289e+00
7.490722537040710449e-01 2.617476463317871094e+00
5.240722894668579102e-01 2.619476079940795898e+00
9.740722775459289551e-01 2.621475696563720703e+00
1.162597686052322388e-01 2.623475074768066406e+00
5.662597417831420898e-01 2.625474929809570312e+00
3.412597477436065674e-01 2.627474308013916016e+00
7.912597656250000000e-01 2.629474163055419922e+00
2.287597656250000000e-01 2.631473779678344727e+00
6.787597537040710449e-01 2.633473396301269531e+00
4.537597596645355225e-01 2.635473012924194336e+00
9.037597775459289551e-01 2.637472391128540039e+00
1.725097596645355225e-01 2.639472246170043945e+00
6.225097775459289551e-01 2.641471624374389648e+00
3.975097537040710449e-01 2.643471240997314453e+00
8.475097417831420898e-01 2.645470857620239258e+00
2.850097715854644775e-01 2.647470474243164062e+00
7.350097894668579102e-01 2.649469852447509766e+00
5.100097656250000000e-01 2.651469707489013672e+00
9.600097537040710449e-01 2.653469562530517578e+00
1.443847715854644775e-01 2.655468940734863281e+00
5.943847894668579102e-01 2.657468557357788086e+00
3.693847656250000000e-01 2.659468173980712891e+00
8.193847537040710449e-01 2.661467790603637695e+00
2.568847537040710449e-01 2.663467168807983398e+00
7.068848013877868652e-01 2.665467023849487305e+00
4.818847477436065674e-01 2.667466402053833008e+00
9.318847656250000000e-01 2.669466018676757812e+00
2.006347626447677612e-01 2.671465635299682617e+00
6.506347656250000000e-01 2.673465251922607422e+00
4.256347417831420898e-01 2.675465106964111328e+00
8.756347894668579102e-01 2.677464485168457031e+00
3.131347596645355225e-01 2.679464340209960938e+00
7.631347775459289551e-01 2.681463718414306641e+00
5.381347537040710449e-01 2.683463335037231445e+00
9.881347417831420898e-01 2.685462951660156250e+00
1.092285141348838806e-01 2.687462568283081055e+00
5.592285394668579102e-01 2.689461946487426758e+00
3.342285156250000000e-01 2.691461801528930664e+00
7.842285037040710449e-01 2.693461179733276367e+00
2.217285037040710449e-01 2.695460796356201172e+00
6.717285513877868652e-01 2.697460651397705078e+00
4.467284977436065674e-01 2.699460029602050781e+00
8.967285156250000000e-01 2.701459884643554688e+00
1.654785126447677612e-01 2.703459262847900391e+00
6.154785156250000000e-01 2.705459117889404297e+00
3.904784917831420898e-01 2.707458496093750000e+00
8.404785394668579102e-01 2.709458112716674805e+00
2.779785096645355225e-01 2.711457729339599609e+00
7.279785275459289551e-01 2.713457345962524414e+00
5.029785037040710449e-01 2.715456724166870117e+00
9.529784917831420898e-01 2.717456579208374023e+00
1.373535096645355225e-01 2.719456195831298828e+00
5.873535275459289551e-01 2.721455574035644531e+00
3.623535037040710449e-01 2.723455429077148438e+00
8.123534917831420898e-01 2.725454807281494141e+00
2.498535215854644775e-01 2.727454662322998047e+00
6.998535394668579102e-01 2.729454040527343750e+00
4.748534858226776123e-01 2.731453895568847656e+00
9.248535037040710449e-01 2.733453273773193359e+00
1.936035156250000000e-01 2.735452890396118164e+00
6.436035037040710449e-01 2.737452507019042969e+00
4.186035096645355225e-01 2.739452123641967773e+00
8.686035275459289551e-01 2.741451501846313477e+00
3.061034977436065674e-01 2.743451356887817383e+00
7.561035156250000000e-01 2.745450973510742188e+00
5.311034917831420898e-01 2.747450351715087891e+00
9.811035394668579102e-01 2.749450206756591797e+00
1.232910156250000000e-01 2.751449584960937500e+00
5.732910037040710449e-01 2.753449440002441406e+00
3.482910096645355225e-01 2.755448818206787109e+00
7.982910275459289551e-01 2.757448673248291016e+00
2.357910275459289551e-01 2.759448051452636719e+00
6.857910156250000000e-01 2.761447668075561523e+00
4.607909917831420898e-01 2.763447284698486328e+00
9.107910394668579102e-01 2.765446901321411133e+00
1.795410215854644775e-01 2.767446517944335938e+00
6.295410394668579102e-01 2.769446134567260742e+00
4.045410156250000000e-01 2.771445751190185547e+00
8.545410037040710449e-01 2.773445129394531250e+00
2.920410037040710449e-01 2.775444984436035156e+00
7.420410513877868652e-01 2.777444362640380859e+00
5.170410275459289551e-01 2.779444217681884766e+00
9.670410156250000000e-01 2.781443595886230469e+00
1.514160186052322388e-01 2.783443450927734375e+00
6.014160513877868652e-01 2.785442829132080078e+00
3.764159977436065674e-01 2.787442445755004883e+00
8.264160156250000000e-01 2.789442300796508789e+00
2.639160156250000000e-01 2.791441679000854492e+00
7.139160037040710449e-01 2.793441295623779297e+00
4.889160096645355225e-01 2.795440912246704102e+00
9.389160275459289551e-01 2.797440528869628906e+00
2.076660096645355225e-01 2.799439907073974609e+00
6.576660275459289551e-01 2.801439762115478516e+00
4.326660037040710449e-01 2.803439140319824219e+00
8.826659917831420898e-01 2.805438995361328125e+00
3.201660215854644775e-01 2.807438373565673828e+00
7.701660394668579102e-01 2.809438228607177734e+00
5.451660156250000000e-01 2.811437845230102539e+00
9.951660037040710449e-01 2.813437223434448242e+00
1.057128906250000000e-01 2.815437078475952148e+00
5.557128787040710449e-01 2.817436456680297852e+00
3.307128846645355225e-01 2.819436073303222656e+00
7.807129025459289551e-01 2.821435689926147461e+00
2.182128876447677612e-01 2.823435306549072266e+00
6.682128906250000000e-01 2.825434684753417969e+00
4.432128667831420898e-01 2.827434539794921875e+00
8.932129144668579102e-01 2.829433917999267578e+00
1.619628965854644775e-01 2.831433773040771484e+00
6.119629144668579102e-01 2.833433389663696289e+00
3.869628906250000000e-01 2.835433006286621094e+00
8.369628787040710449e-01 2.837432622909545898e+00
2.744628787040710449e-01 2.839432001113891602e+00
7.244629263877868652e-01 2.841431856155395508e+00
4.994628727436065674e-01 2.843431234359741211e+00
9.494628906250000000e-01 2.845430850982666016e+00
1.338378936052322388e-01 2.847430467605590820e+00
5.838378667831420898e-01 2.849430084228515625e+00
3.588378727436065674e-01 2.851429462432861328e+00
8.088378906250000000e-01 2.853429317474365234e+00
2.463378906250000000e-01 2.855429172515869141e+00
6.963378787040710449e-01 2.857428550720214844e+00
4.713378846645355225e-01 2.859428167343139648e+00
9.213379025459289551e-01 2.861427783966064453e+00
1.900878846645355225e-01 2.863427400588989258e+00
6.400879025459289551e-01 2.865426778793334961e+00
4.150878787040710449e-01 2.867426633834838867e+00
8.650878667831420898e-01 2.869426012039184570e+00
3.025878965854644775e-01 2.871425628662109375e+00
7.525879144668579102e-01 2.873425245285034180e+00
5.275878906250000000e-01 2.875424861907958984e+00
9.775878787040710449e-01 2.877424716949462891e+00
1.197753921151161194e-01 2.879424095153808594e+00
5.697754025459289551e-01 2.881423950195312500e+00
3.447753787040710449e-01 2.883423328399658203e+00
7.947753667831420898e-01 2.885422945022583008e+00
2.322753965854644775e-01 2.887422561645507812e+00
6.822754144668579102e-01 2.889422178268432617e+00
4.572753608226776123e-01 2.891421556472778320e+00
9.072753787040710449e-01 2.893421411514282227e+00
1.760253906250000000e-01 2.895420789718627930e+00
6.260253787040710449e-01 2.897420406341552734e+00
4.010253846645355225e-01 2.899420261383056641e+00
8.510254025459289551e-01 2.901419639587402344e+00
2.885253727436065674e-01 2.903419494628906250e+00
7.385253906250000000e-01 2.905418872833251953e+00
5.135253667831420898e-01 2.907418727874755859e+00
9.635254144668579102e-01 2.909418106079101562e+00
1.479003876447677612e-01 2.911417722702026367e+00
5.979003906250000000e-01 2.913417339324951172e+00
3.729003667831420898e-01 2.915416955947875977e+00
8.229004144668579102e-01 2.917416334152221680e+00
2.604003846645355225e-01 2.919416189193725586e+00
7.104004025459289551e-01 2.921415805816650391e+00
4.854003787040710449e-01 2.923415184020996094e+00
9.354003667831420898e-01 2.925415039062500000e+00
2.041503787040710449e-01 2.927414417266845703e+00
6.541504263877868652e-01 2.929414272308349609e+00
4.291503727436065674e-01 2.931413650512695312e+00
8.791503906250000000e-01 2.933413505554199219e+00
3.166503906250000000e-01 2.935412883758544922e+00
7.666503787040710449e-01 2.937412500381469727e+00
5.416504144668579102e-01 2.939412117004394531e+00
9.916504025459289551e-01 2.941411733627319336e+00
1.127441376447677612e-01 2.943411111831665039e+00
5.627441406250000000e-01 2.945410966873168945e+00
3.377441465854644775e-01 2.947410583496093750e+00
7.877441644668579102e-01 2.949409961700439453e+00
2.252441346645355225e-01 2.951409816741943359e+00
6.752441525459289551e-01 2.953409194946289062e+00
4.502441287040710449e-01 2.955409049987792969e+00
9.002441167831420898e-01 2.957408428192138672e+00
1.689941436052322388e-01 2.959408283233642578e+00
6.189941763877868652e-01 2.961407661437988281e+00
3.939941227436065674e-01 2.963407278060913086e+00
8.439941406250000000e-01 2.965406894683837891e+00
2.814941406250000000e-01 2.967406511306762695e+00
7.314941287040710449e-01 2.969406127929687500e+00
5.064941644668579102e-01 2.971405744552612305e+00
9.564941525459289551e-01 2.973405361175537109e+00
1.408691406250000000e-01 2.975404739379882812e+00
5.908691287040710449e-01 2.977404594421386719e+00
3.658691346645355225e-01 2.979403972625732422e+00
8.158691525459289551e-01 2.981403827667236328e+00
2.533691525459289551e-01 2.983403205871582031e+00
7.033691406250000000e-01 2.985403060913085938e+00
4.783691167831420898e-01 2.987402439117431641e+00
9.283691644668579102e-01 2.989402055740356445e+00
1.971191465854644775e-01 2.991401910781860352e+00
6.471191644668579102e-01 2.993401288986206055e+00
4.221191406250000000e-01 2.995400905609130859e+00
8.721191287040710449e-01 2.997400522232055664e+00
3.096191287040710449e-01 2.999400138854980469e+00
7.596191763877868652e-01 3.001399517059326172e+00
5.346191525459289551e-01 3.003399372100830078e+00
9.846191406250000000e-01 3.005398750305175781e+00
1.268066465854644775e-01 3.007398605346679688e+00
5.768066644668579102e-01 3.009397983551025391e+00
3.518066406250000000e-01 3.011397838592529297e+00
8.018066287040710449e-01 3.013397455215454102e+00
2.393066287040710449e-01 3.015396833419799805e+00
6.893066763877868652e-01 3.017396688461303711e+00
4.643066227436065674e-01 3.019396066665649414e+00
9.143066406250000000e-01 3.021395683288574219e+00
1.830566376447677612e-01 3.023395299911499023e+00
6.330566406250000000e-01 3.025394916534423828e+00
4.080566167831420898e-01 3.027394294738769531e+00
8.580566644668579102e-01 3.029394149780273438e+00
2.955566346645355225e-01 3.031393527984619141e+00
7.455566525459289551e-01 3.033393383026123047e+00
5.205566287040710449e-01 3.035392999649047852e+00
9.705566167831420898e-01 3.037392616271972656e+00
1.549316346645355225e-01 3.039392232894897461e+00
6.049316525459289551e-01 3.041391611099243164e+00
3.799316287040710449e-01 3.043391466140747070e+00
8.299316167831420898e-01 3.045390844345092773e+00
2.674316465854644775e-01 3.047390460968017578e+00
7.174316644668579102e-01 3.049390077590942383e+00
4.924316108226776123e-01 3.051389694213867188e+00
9.424316287040710449e-01 3.053389072418212891e+00
2.111816406250000000e-01 3.055388927459716797e+00
6.611816287040710449e-01 3.057388782501220703e+00
4.361816346645355225e-01 3.059388160705566406e+00
8.861816525459289551e-01 3.061387777328491211e+00
3.236816227436065674e-01 3.063387393951416016e+00
7.736816406250000000e-01 3.065387010574340820e+00
5.486816167831420898e-01 3.067386388778686523e+00
9.986816644668579102e-01 3.069386243820190430e+00
1.013183593750000000e-01 3.071385622024536133e+00
5.513183474540710449e-01 3.073385238647460938e+00
3.263183534145355225e-01 3.075384855270385742e+00
7.763183712959289551e-01 3.077384471893310547e+00
2.138183563947677612e-01 3.079384326934814453e+00
6.638183593750000000e-01 3.081383705139160156e+00
4.388183355331420898e-01 3.083383560180664062e+00
8.888183832168579102e-01 3.085382938385009766e+00
1.575683653354644775e-01 3.087382555007934570e+00
6.075683832168579102e-01 3.089382171630859375e+00
3.825683593750000000e-01 3.091381788253784180e+00
8.325683474540710449e-01 3.093381166458129883e+00
2.700683474540710449e-01 3.095381021499633789e+00
7.200683951377868652e-01 3.097380399703979492e+00
4.950683414936065674e-01 3.099380016326904297e+00
9.450683593750000000e-01 3.101379871368408203e+00
1.294433623552322388e-01 3.103379249572753906e+00
5.794433355331420898e-01 3.105379104614257812e+00
3.544433414936065674e-01 3.107378482818603516e+00
8.044433593750000000e-01 3.109378337860107422e+00
2.419433593750000000e-01 3.111377716064453125e+00
6.919433474540710449e-01 3.113377332687377930e+00
4.669433534145355225e-01 3.115376949310302734e+00
9.169433712959289551e-01 3.117376565933227539e+00
1.856933534145355225e-01 3.119375944137573242e+00
6.356933712959289551e-01 3.121375799179077148e+00
4.106933474540710449e-01 3.123375177383422852e+00
8.606933355331420898e-01 3.125374794006347656e+00
2.981933653354644775e-01 3.127374649047851562e+00
7.481933832168579102e-01 3.129374027252197266e+00
5.231933593750000000e-01 3.131373882293701172e+00
9.731933474540710449e-01 3.133373260498046875e+00
1.153808608651161194e-01 3.135373115539550781e+00
5.653808712959289551e-01 3.137372493743896484e+00
3.403808474540710449e-01 3.139372110366821289e+00
7.903808355331420898e-01 3.141371726989746094e+00
2.278808653354644775e-01 3.143371343612670898e+00
6.778808832168579102e-01 3.145370721817016602e+00
4.528808295726776123e-01 3.147370576858520508e+00
9.028808474540710449e-01 3.149370193481445312e+00
1.716308593750000000e-01 3.151369571685791016e+00
6.216308474540710449e-01 3.153369426727294922e+00
3.966308534145355225e-01 3.155368804931640625e+00
8.466308712959289551e-01 3.157368659973144531e+00
2.841308414936065674e-01 3.159368038177490234e+00
7.341308593750000000e-01 3.161367893218994141e+00
5.091308355331420898e-01 3.163367271423339844e+00
9.591308832168579102e-01 3.165366888046264648e+00
1.435058563947677612e-01 3.167366504669189453e+00
5.935058593750000000e-01 3.169366121292114258e+00
3.685058355331420898e-01 3.171365737915039062e+00
8.185058832168579102e-01 3.173365354537963867e+00
2.560058534145355225e-01 3.175364971160888672e+00
7.060058712959289551e-01 3.177364349365234375e+00
4.810058474540710449e-01 3.179364204406738281e+00
9.310058355331420898e-01 3.181363582611083984e+00
1.997558474540710449e-01 3.183363437652587891e+00
6.497558951377868652e-01 3.185362815856933594e+00
4.247558414936065674e-01 3.187362670898437500e+00
8.747558593750000000e-01 3.189362049102783203e+00
3.122558593750000000e-01 3.191361665725708008e+00
7.622558474540710449e-01 3.193361520767211914e+00
5.372558832168579102e-01 3.195360898971557617e+00
9.872558712959289551e-01 3.197360515594482422e+00
1.083496138453483582e-01 3.199360132217407227e+00
5.583496093750000000e-01 3.201359748840332031e+00
3.333496153354644775e-01 3.203359127044677734e+00
7.833496332168579102e-01 3.205358982086181641e+00
2.208496034145355225e-01 3.207358360290527344e+00
6.708496212959289551e-01 3.209358215332031250e+00
4.458495974540710449e-01 3.211357593536376953e+00
8.958495855331420898e-01 3.213357448577880859e+00
1.645996123552322388e-01 3.215357065200805664e+00
6.145996451377868652e-01 3.217356443405151367e+00
3.895995914936065674e-01 3.219356298446655273e+00
8.395996093750000000e-01 3.221355676651000977e+00
2.770996093750000000e-01 3.223355293273925781e+00
7.270995974540710449e-01 3.225354909896850586e+00
5.020996332168579102e-01 3.227354526519775391e+00
9.520996212959289551e-01 3.229353904724121094e+00
1.364746093750000000e-01 3.231353759765625000e+00
5.864745974540710449e-01 3.233353137969970703e+00
3.614746034145355225e-01 3.235352993011474609e+00
8.114746212959289551e-01 3.237352609634399414e+00
2.489746212959289551e-01 3.239352226257324219e+00
6.989746093750000000e-01 3.241351842880249023e+00
4.739745855331420898e-01 3.243351221084594727e+00
9.239746332168579102e-01 3.245351076126098633e+00
1.927246153354644775e-01 3.247350454330444336e+00
6.427246332168579102e-01 3.249350070953369141e+00
4.177246093750000000e-01 3.251349687576293945e+00
8.677245974540710449e-01 3.253349304199218750e+00
3.052245974540710449e-01 3.255348682403564453e+00
7.552246451377868652e-01 3.257348537445068359e+00
5.302246212959289551e-01 3.259348392486572266e+00
9.802246093750000000e-01 3.261347770690917969e+00
1.224121078848838806e-01 3.263347387313842773e+00
5.724121332168579102e-01 3.265347003936767578e+00
3.474121093750000000e-01 3.267346620559692383e+00
7.974120974540710449e-01 3.269345998764038086e+00
2.349120974540710449e-01 3.271345853805541992e+00
6.849121451377868652e-01 3.273345232009887695e+00
4.599120914936065674e-01 3.275344848632812500e+00
9.099121093750000000e-01 3.277344465255737305e+00
1.786621063947677612e-01 3.279344081878662109e+00
6.286621093750000000e-01 3.281343936920166016e+00
4.036620855331420898e-01 3.283343315124511719e+00
8.536621332168579102e-01 3.285343170166015625e+00
2.911621034145355225e-01 3.287342548370361328e+00
7.411621212959289551e-01 3.289342164993286133e+00
5.161620974540710449e-01 3.291341781616210938e+00
9.661620855331420898e-01 3.293341398239135742e+00
1.505371034145355225e-01 3.295340776443481445e+00
6.005371212959289551e-01 3.297340631484985352e+00
3.755370974540710449e-01 3.299340009689331055e+00
8.255370855331420898e-01 3.301339626312255859e+00
2.630371153354644775e-01 3.303339242935180664e+00
7.130371332168579102e-01 3.305338859558105469e+00
4.880370795726776123e-01 3.307338714599609375e+00
9.380370974540710449e-01 3.309338092803955078e+00
2.067871093750000000e-01 3.311337947845458984e+00
6.567870974540710449e-01 3.313337326049804688e+00
4.317871034145355225e-01 3.315336942672729492e+00
8.817871212959289551e-01 3.317336559295654297e+00
3.192870914936065674e-01 3.319336175918579102e+00
7.692871093750000000e-01 3.321335554122924805e+00
5.442870855331420898e-01 3.323335409164428711e+00
9.942871332168579102e-01 3.325334787368774414e+00
1.048339828848838806e-01 3.327334403991699219e+00
5.548340082168579102e-01 3.329334259033203125e+00
3.298339843750000000e-01 3.331333637237548828e+00
7.798339724540710449e-01 3.333333492279052734e+00
2.173339724540710449e-01 3.335332870483398438e+00
6.673340201377868652e-01 3.337332725524902344e+00
4.423339664936065674e-01 3.339332103729248047e+00
8.923339843750000000e-01 3.341331720352172852e+00
1.610839813947677612e-01 3.343331336975097656e+00
6.110839843750000000e-01 3.345330953598022461e+00
3.860839605331420898e-01 3.347330331802368164e+00
8.360840082168579102e-01 3.349330186843872070e+00
2.735839784145355225e-01 3.351329803466796875e+00
7.235839962959289551e-01 3.353329181671142578e+00
4.985839724540710449e-01 3.355329036712646484e+00
9.485839605331420898e-01 3.357328414916992188e+00
1.329589784145355225e-01 3.359328269958496094e+00
5.829589962959289551e-01 3.361327648162841797e+00
3.579589724540710449e-01 3.363327503204345703e+00
8.079589605331420898e-01 3.365326881408691406e+00
2.454589903354644775e-01 3.367326498031616211e+00
6.954590082168579102e-01 3.369326114654541016e+00
4.704589545726776123e-01 3.371325731277465820e+00
9.204589724540710449e-01 3.373325347900390625e+00
1.892089843750000000e-01 3.375324964523315430e+00
6.392089724540710449e-01 3.377324581146240234e+00
4.142089784145355225e-01 3.379323959350585938e+00
8.642089962959289551e-01 3.381323814392089844e+00
3.017089664936065674e-01 3.383323192596435547e+00
7.517089843750000000e-01 3.385323047637939453e+00
5.267089605331420898e-01 3.387322425842285156e+00
9.767090082168579102e-01 3.389322280883789062e+00
1.188964843750000000e-01 3.391321659088134766e+00
5.688964724540710449e-01 3.393321275711059570e+00
3.438964784145355225e-01 3.395321130752563477e+00
7.938964962959289551e-01 3.397320508956909180e+00
2.313964962959289551e-01 3.399320125579833984e+00
6.813964843750000000e-01 3.401319742202758789e+00
4.563964605331420898e-01 3.403319358825683594e+00
9.063965082168579102e-01 3.405318737030029297e+00
1.751464903354644775e-01 3.407318592071533203e+00
6.251465082168579102e-01 3.409317970275878906e+00
4.001464843750000000e-01 3.411317825317382812e+00
8.501464724540710449e-01 3.413317203521728516e+00
2.876464724540710449e-01 3.415317058563232422e+00
7.376465201377868652e-01 3.417316675186157227e+00
5.126464962959289551e-01 3.419316053390502930e+00
9.626464843750000000e-01 3.421315908432006836e+00
1.470214873552322388e-01 3.423315286636352539e+00
5.970214605331420898e-01 3.425314903259277344e+00
3.720214664936065674e-01 3.427314519882202148e+00
8.220214843750000000e-01 3.429314136505126953e+00
2.595214843750000000e-01 3.431313514709472656e+00
7.095214724540710449e-01 3.433313369750976562e+00
4.845214784145355225e-01 3.435312747955322266e+00
9.345214962959289551e-01 3.437312602996826172e+00
2.032714784145355225e-01 3.439312219619750977e+00
6.532714962959289551e-01 3.441311836242675781e+00
4.282714724540710449e-01 3.443311452865600586e+00
8.782714605331420898e-01 3.445310831069946289e+00
3.157714903354644775e-01 3.447310686111450195e+00
7.657715082168579102e-01 3.449310064315795898e+00
5.407714843750000000e-01 3.451309680938720703e+00
9.907714724540710449e-01 3.453309297561645508e+00
1.118652373552322388e-01 3.455308914184570312e+00
5.618652105331420898e-01 3.457308292388916016e+00
3.368652164936065674e-01 3.459308147430419922e+00
7.868652343750000000e-01 3.461308002471923828e+00
2.243652343750000000e-01 3.463307380676269531e+00
6.743652224540710449e-01 3.465306997299194336e+00
4.493652284145355225e-01 3.467306613922119141e+00
8.993652462959289551e-01 3.469306230545043945e+00
1.681152284145355225e-01 3.471305608749389648e+00
6.181152462959289551e-01 3.473305463790893555e+00
3.931152224540710449e-01 3.475304841995239258e+00
8.431152105331420898e-01 3.477304458618164062e+00
2.806152403354644775e-01 3.479304075241088867e+00
7.306152582168579102e-01 3.481303691864013672e+00
5.056152343750000000e-01 3.483303546905517578e+00
9.556152224540710449e-01 3.485302925109863281e+00
1.399902403354644775e-01 3.487302780151367188e+00
5.899902582168579102e-01 3.489302158355712891e+00
3.649902343750000000e-01 3.491301774978637695e+00
8.149902224540710449e-01 3.493301391601562500e+00
2.524902224540710449e-01 3.495301008224487305e+00
7.024902701377868652e-01 3.497300386428833008e+00
4.774902164936065674e-01 3.499300241470336914e+00
9.274902343750000000e-01 3.501299619674682617e+00
1.962402313947677612e-01 3.503299236297607422e+00
6.462402343750000000e-01 3.505298852920532227e+00
4.212402105331420898e-01 3.507298469543457031e+00
8.712402582168579102e-01 3.509298324584960938e+00
3.087402284145355225e-01 3.511297702789306641e+00
7.587402462959289551e-01 3.513297557830810547e+00
5.337402224540710449e-01 3.515296936035156250e+00
9.837402105331420898e-01 3.517296552658081055e+00
1.259277313947677612e-01 3.519296169281005859e+00
5.759277343750000000e-01 3.521295785903930664e+00
3.509277105331420898e-01 3.523295164108276367e+00
8.009277582168579102e-01 3.525295019149780273e+00
2.384277284145355225e-01 3.527294397354125977e+00
6.884277462959289551e-01 3.529294013977050781e+00
4.634277224540710449e-01 3.531293869018554688e+00
9.134277105331420898e-01 3.533293247222900391e+00
1.821777373552322388e-01 3.535293102264404297e+00
6.321777701377868652e-01 3.537292480468750000e+00
4.071777164936065674e-01 3.539292335510253906e+00
8.571777343750000000e-01 3.541291713714599609e+00
2.946777343750000000e-01 3.543291330337524414e+00
7.446777224540710449e-01 3.545290946960449219e+00
5.196777582168579102e-01 3.547290563583374023e+00
9.696777462959289551e-01 3.549289941787719727e+00
1.540527343750000000e-01 3.551289796829223633e+00
6.040527224540710449e-01 3.553289413452148438e+00
3.790527284145355225e-01 3.555288791656494141e+00
8.290527462959289551e-01 3.557288646697998047e+00
2.665527462959289551e-01 3.559288024902343750e+00
7.165527343750000000e-01 3.561287879943847656e+00
4.915527105331420898e-01 3.563287258148193359e+00
9.415527582168579102e-01 3.565287113189697266e+00
2.103027403354644775e-01 3.567286491394042969e+00
6.603027582168579102e-01 3.569286108016967773e+00
4.353027343750000000e-01 3.571285724639892578e+00
8.853027224540710449e-01 3.573285341262817383e+00
3.228027224540710449e-01 3.575284957885742188e+00
7.728027701377868652e-01 3.577284574508666992e+00
5.478027462959289551e-01 3.579284191131591797e+00
9.978027343750000000e-01 3.581283569335937500e+00
1.030761748552322388e-01 3.583283424377441406e+00
5.530761480331420898e-01 3.585282802581787109e+00
3.280761539936065674e-01 3.587282657623291016e+00
7.780761718750000000e-01 3.589282035827636719e+00
2.155761718750000000e-01 3.591281890869140625e+00
6.655761599540710449e-01 3.593281269073486328e+00
4.405761659145355225e-01 3.595280885696411133e+00
8.905761837959289551e-01 3.597280740737915039e+00
1.593261659145355225e-01 3.599280118942260742e+00
6.093261837959289551e-01 3.601279735565185547e+00
3.843261599540710449e-01 3.603279352188110352e+00
8.343261480331420898e-01 3.605278968811035156e+00
2.718261778354644775e-01 3.607278347015380859e+00
7.218261957168579102e-01 3.609278202056884766e+00
4.968261420726776123e-01 3.611277580261230469e+00
9.468261599540710449e-01 3.613277435302734375e+00
1.312011778354644775e-01 3.615276813507080078e+00
5.812011957168579102e-01 3.617276668548583984e+00
3.562011718750000000e-01 3.619276285171508789e+00
8.062011599540710449e-01 3.621275663375854492e+00
2.437011599540710449e-01 3.623275518417358398e+00
6.937012076377868652e-01 3.625274896621704102e+00
4.687011539936065674e-01 3.627274513244628906e+00
9.187011718750000000e-01 3.629274129867553711e+00
1.874511688947677612e-01 3.631273746490478516e+00
6.374511718750000000e-01 3.633273124694824219e+00
4.124511480331420898e-01 3.635272979736328125e+00
8.624511957168579102e-01 3.637272357940673828e+00
2.999511659145355225e-01 3.639272212982177734e+00
7.499511837959289551e-01 3.641271829605102539e+00
5.249511599540710449e-01 3.643271446228027344e+00
9.749511480331420898e-01 3.645271062850952148e+00
1.171386688947677612e-01 3.647270441055297852e+00
5.671386718750000000e-01 3.649270296096801758e+00
3.421386778354644775e-01 3.651269674301147461e+00
7.921386957168579102e-01 3.653269290924072266e+00
2.296386659145355225e-01 3.655268907546997070e+00
6.796386837959289551e-01 3.657268524169921875e+00
4.546386599540710449e-01 3.659267902374267578e+00
9.046386480331420898e-01 3.661267757415771484e+00
1.733886748552322388e-01 3.663267612457275391e+00
6.233887076377868652e-01 3.665266990661621094e+00
3.983886539936065674e-01 3.667266607284545898e+00
8.483886718750000000e-01 3.669266223907470703e+00
2.858886718750000000e-01 3.671265840530395508e+00
7.358886599540710449e-01 3.673265218734741211e+00
5.108886957168579102e-01 3.675265073776245117e+00
9.608886837959289551e-01 3.677264451980590820e+00
1.452636718750000000e-01 3.679264068603515625e+00
5.952636599540710449e-01 3.681263685226440430e+00
3.702636659145355225e-01 3.683263301849365234e+00
8.202636837959289551e-01 3.685262680053710938e+00
2.577636837959289551e-01 3.687262535095214844e+00
7.077636718750000000e-01 3.689262390136718750e+00
4.827636480331420898e-01 3.691261768341064453e+00
9.327636957168579102e-01 3.693261384963989258e+00
2.015136778354644775e-01 3.695261001586914062e+00
6.515136957168579102e-01 3.697260618209838867e+00
4.265136718750000000e-01 3.699259996414184570e+00
8.765136599540710449e-01 3.701259851455688477e+00
3.140136599540710449e-01 3.703259229660034180e+00
7.640137076377868652e-01 3.705258846282958984e+00
5.390136837959289551e-01 3.707258462905883789e+00
9.890136718750000000e-01 3.709258079528808594e+00
1.101074218750000000e-01 3.711257934570312500e+00
5.601074099540710449e-01 3.713257312774658203e+00
3.351074159145355225e-01 3.715257167816162109e+00
7.851074337959289551e-01 3.717256546020507812e+00
2.226074188947677612e-01 3.719256162643432617e+00
6.726074218750000000e-01 3.721255779266357422e+00
4.476073980331420898e-01 3.723255395889282227e+00
8.976074457168579102e-01 3.725254774093627930e+00
1.663574278354644775e-01 3.727254629135131836e+00
6.163574457168579102e-01 3.729254007339477539e+00
3.913574218750000000e-01 3.731253623962402344e+00
8.413574099540710449e-01 3.733253479003906250e+00
2.788574099540710449e-01 3.735252857208251953e+00
7.288574576377868652e-01 3.737252712249755859e+00
5.038574337959289551e-01 3.739252090454101562e+00
9.538574218750000000e-01 3.741251945495605469e+00
1.382324248552322388e-01 3.743251323699951172e+00
5.882323980331420898e-01 3.745250940322875977e+00
3.632324039936065674e-01 3.747250556945800781e+00
8.132324218750000000e-01 3.749250173568725586e+00
2.507324218750000000e-01 3.751249551773071289e+00
7.007324099540710449e-01 3.753249406814575195e+00
4.757324159145355225e-01 3.755249023437500000e+00
9.257324337959289551e-01 3.757248401641845703e+00
1.944824159145355225e-01 3.759248256683349609e+00
6.444824337959289551e-01 3.761247634887695312e+00
4.194824099540710449e-01 3.763247489929199219e+00
8.694823980331420898e-01 3.765246868133544922e+00
3.069824278354644775e-01 3.767246723175048828e+00
7.569824457168579102e-01 3.769246101379394531e+00
5.319824218750000000e-01 3.771245718002319336e+00
9.819824099540710449e-01 3.773245334625244141e+00
1.241699233651161194e-01 3.775244951248168945e+00
5.741699337959289551e-01 3.777244567871093750e+00
3.491699099540710449e-01 3.779244184494018555e+00
7.991698980331420898e-01 3.781243801116943359e+00
2.366699278354644775e-01 3.783243179321289062e+00
6.866699457168579102e-01 3.785243034362792969e+00
4.616698920726776123e-01 3.787242412567138672e+00
9.116699099540710449e-01 3.789242267608642578e+00
1.804199218750000000e-01 3.791241645812988281e+00
6.304199099540710449e-01 3.793241500854492188e+00
4.054199159145355225e-01 3.795240879058837891e+00
8.554199337959289551e-01 3.797240495681762695e+00
2.929199039936065674e-01 3.799240350723266602e+00
7.429199218750000000e-01 3.801239728927612305e+00
5.179198980331420898e-01 3.803239345550537109e+00
9.679199457168579102e-01 3.805238962173461914e+00
1.522949188947677612e-01 3.807238578796386719e+00
6.022949218750000000e-01 3.809237957000732422e+00
3.772948980331420898e-01 3.811237812042236328e+00
8.272949457168579102e-01 3.813237190246582031e+00
2.647949159145355225e-01 3.815237045288085938e+00
7.147949337959289551e-01 3.817236423492431641e+00
4.897949099540710449e-01 3.819236278533935547e+00
9.397948980331420898e-01 3.821235895156860352e+00
2.085449099540710449e-01 3.823235273361206055e+00
6.585449576377868652e-01 3.825235128402709961e+00
4.335449039936065674e-01 3.827234506607055664e+00
8.835449218750000000e-01 3.829234123229980469e+00
3.210449218750000000e-01 3.831233739852905273e+00
7.710449099540710449e-01 3.833233356475830078e+00
5.460449457168579102e-01 3.835232734680175781e+00
9.960449337959289551e-01 3.837232589721679688e+00
1.065917983651161194e-01 3.839231967926025391e+00
5.565918087959289551e-01 3.841231822967529297e+00
3.315917849540710449e-01 3.843231439590454102e+00
7.815917730331420898e-01 3.845231056213378906e+00
2.190918028354644775e-01 3.847230672836303711e+00
6.690918207168579102e-01 3.849230051040649414e+00
4.440917670726776123e-01 3.851229906082153320e+00
8.940917849540710449e-01 3.853229284286499023e+00
1.628417968750000000e-01 3.855228900909423828e+00
6.128417849540710449e-01 3.857228517532348633e+00
3.878417909145355225e-01 3.859228134155273438e+00
8.378418087959289551e-01 3.861227512359619141e+00
2.753417789936065674e-01 3.863227367401123047e+00
7.253417968750000000e-01 3.865227222442626953e+00
5.003417730331420898e-01 3.867226600646972656e+00
9.503418207168579102e-01 3.869226217269897461e+00
1.347167938947677612e-01 3.871225833892822266e+00
5.847167968750000000e-01 3.873225450515747070e+00
3.597167730331420898e-01 3.875224828720092773e+00
8.097168207168579102e-01 3.877224683761596680e+00
2.472167909145355225e-01 3.879224061965942383e+00
6.972168087959289551e-01 3.881223678588867188e+00
4.722167849540710449e-01 3.883223295211791992e+00
9.222167730331420898e-01 3.885222911834716797e+00
1.909667849540710449e-01 3.887222290039062500e+00
6.409668326377868652e-01 3.889222145080566406e+00
4.159667789936065674e-01 3.891222000122070312e+00
8.659667968750000000e-01 3.893221378326416016e+00
3.034667968750000000e-01 3.895220994949340820e+00
7.534667849540710449e-01 3.897220611572265625e+00
5.284668207168579102e-01 3.899220228195190430e+00
9.784668087959289551e-01 3.901219606399536133e+00
1.206542998552322388e-01 3.903219461441040039e+00
5.706542730331420898e-01 3.905218839645385742e+00
3.456542789936065674e-01 3.907218456268310547e+00
7.956542968750000000e-01 3.909218072891235352e+00
2.331542968750000000e-01 3.911217689514160156e+00
6.831542849540710449e-01 3.913217544555664062e+00
4.581542909145355225e-01 3.915216922760009766e+00
9.081543087959289551e-01 3.917216777801513672e+00
1.769042909145355225e-01 3.919216156005859375e+00
6.269043087959289551e-01 3.921215772628784180e+00
4.019042849540710449e-01 3.923215389251708984e+00
8.519042730331420898e-01 3.925215005874633789e+00
2.894043028354644775e-01 3.927214384078979492e+00
7.394043207168579102e-01 3.929214239120483398e+00
5.144042968750000000e-01 3.931213617324829102e+00
9.644042849540710449e-01 3.933213233947753906e+00
1.487793028354644775e-01 3.935213088989257812e+00
5.987793207168579102e-01 3.937212467193603516e+00
3.737792968750000000e-01 3.939212322235107422e+00
8.237792849540710449e-01 3.941211700439453125e+00
2.612792849540710449e-01 3.943211555480957031e+00
7.112793326377868652e-01 3.945210933685302734e+00
4.862792789936065674e-01 3.947210550308227539e+00
9.362792968750000000e-01 3.949210166931152344e+00
2.050292938947677612e-01 3.951209783554077148e+00
6.550292968750000000e-01 3.953209161758422852e+00
4.300292730331420898e-01 3.955209016799926758e+00
8.800293207168579102e-01 3.957208633422851562e+00
3.175292909145355225e-01 3.959208011627197266e+00
7.675293087959289551e-01 3.961207866668701172e+00
5.425292849540710449e-01 3.963207244873046875e+00
9.925292730331420898e-01 3.965207099914550781e+00
1.136230453848838806e-01 3.967206478118896484e+00
5.636230707168579102e-01 3.969206333160400391e+00
3.386230468750000000e-01 3.971205711364746094e+00
7.886230349540710449e-01 3.973205327987670898e+00
2.261230349540710449e-01 3.975204944610595703e+00
6.761230826377868652e-01 3.977204561233520508e+00
4.511230289936065674e-01 3.979204177856445312e+00
9.011230468750000000e-01 3.981203794479370117e+00
1.698730438947677612e-01 3.983203411102294922e+00
6.198730468750000000e-01 3.985202789306640625e+00
3.948730230331420898e-01 3.987202644348144531e+00
8.448730707168579102e-01 3.989202022552490234e+00
2.823730409145355225e-01 3.991201877593994141e+00
7.323730587959289551e-01 3.993201255798339844e+00
5.073730349540710449e-01 3.995201110839843750e+00
9.573730230331420898e-01 3.997200489044189453e+00
1.417480409145355225e-01 3.999200105667114258e+00
5.917480587959289551e-01 4.001199722290039062e+00
3.667480349540710449e-01 4.003199577331542969e+00
8.167480230331420898e-01 4.005198955535888672e+00
2.542480528354644775e-01 4.007198333740234375e+00
7.042480707168579102e-01 4.009198188781738281e+00
4.792480170726776123e-01 4.011197566986083984e+00
9.292480349540710449e-01 4.013197422027587891e+00
1.979980468750000000e-01 4.015196800231933594e+00
6.479980349540710449e-01 4.017196655273437500e+00
4.229980409145355225e-01 4.019196033477783203e+00
8.729980587959289551e-01 4.021195888519287109e+00
3.104980289936065674e-01 4.023195266723632812e+00
7.604980468750000000e-01 4.025195121765136719e+00
5.354980230331420898e-01 4.027194499969482422e+00
9.854980707168579102e-01 4.029193878173828125e+00
1.276855468750000000e-01 4.031193733215332031e+00
5.776855349540710449e-01 4.033193111419677734e+00
3.526855409145355225e-01 4.035192966461181641e+00
8.026855587959289551e-01 4.037192344665527344e+00
2.401855587959289551e-01 4.039192199707031250e+00
6.901855468750000000e-01 4.041191577911376953e+00
4.651855230331420898e-01 4.043191432952880859e+00
9.151855707168579102e-01 4.045191287994384766e+00
1.839355528354644775e-01 4.047190666198730469e+00
6.339355707168579102e-01 4.049190521240234375e+00
4.089355468750000000e-01 4.051189899444580078e+00
8.589355349540710449e-01 4.053189277648925781e+00
2.964355349540710449e-01 4.055189132690429688e+00
7.464355826377868652e-01 4.057188510894775391e+00
5.214355587959289551e-01 4.059187889099121094e+00
9.714355468750000000e-01 4.061187744140625000e+00
1.558105498552322388e-01 4.063187122344970703e+00
6.058105826377868652e-01 4.065186977386474609e+00
3.808105289936065674e-01 4.067186355590820312e+00
8.308105468750000000e-01 4.069186210632324219e+00
2.683105468750000000e-01 4.071186065673828125e+00
7.183105349540710449e-01 4.073185443878173828e+00
4.933105409145355225e-01 4.075184822082519531e+00
9.433105587959289551e-01 4.077184677124023438e+00
2.120605409145355225e-01 4.079184055328369141e+00
6.620605587959289551e-01 4.081183433532714844e+00
4.370605349540710449e-01 4.083183288574218750e+00
8.870605230331420898e-01 4.085182666778564453e+00
3.245605528354644775e-01 4.087182521820068359e+00
7.745605707168579102e-01 4.089181900024414062e+00
5.495605468750000000e-01 4.091181755065917969e+00
9.995605349540710449e-01 4.093181610107421875e+00
1.002197265625000000e-01 4.095180988311767578e+00
5.502197146415710449e-01 4.097180843353271484e+00
3.252197206020355225e-01 4.099180221557617188e+00
7.752197384834289551e-01 4.101180076599121094e+00
2.127197235822677612e-01 4.103179454803466797e+00
6.627197265625000000e-01 4.105178833007812500e+00
4.377197027206420898e-01 4.107178688049316406e+00
8.877197504043579102e-01 4.109178066253662109e+00
1.564697325229644775e-01 4.111177444458007812e+00
6.064697504043579102e-01 4.113177299499511719e+00
3.814697265625000000e-01 4.115177154541015625e+00
8.314697146415710449e-01 4.117176532745361328e+00
2.689697146415710449e-01 4.119176387786865234e+00
7.189697623252868652e-01 4.121175765991210938e+00
4.939697086811065674e-01 4.123175621032714844e+00
9.439697265625000000e-01 4.125174999237060547e+00
1.283447295427322388e-01 4.127174377441406250e+00
5.783447027206420898e-01 4.129174232482910156e+00
3.533447086811065674e-01 4.131173610687255859e+00
8.033447265625000000e-01 4.133172988891601562e+00
2.408447265625000000e-01 4.135172843933105469e+00
6.908447146415710449e-01 4.137172698974609375e+00
4.658447206020355225e-01 4.139172077178955078e+00
9.158447384834289551e-01 4.141171932220458984e+00
1.845947206020355225e-01 4.143171310424804688e+00
6.345947384834289551e-01 4.145171165466308594e+00
4.095947146415710449e-01 4.147170543670654297e+00
8.595947027206420898e-01 4.149170398712158203e+00
2.970947325229644775e-01 4.151169776916503906e+00
7.470947504043579102e-01 4.153169631958007812e+00
5.220947265625000000e-01 4.155169010162353516e+00
9.720947146415710449e-01 4.157168388366699219e+00
1.142822280526161194e-01 4.159168243408203125e+00
5.642822384834289551e-01 4.161167621612548828e+00
3.392822146415710449e-01 4.163167476654052734e+00
7.892822027206420898e-01 4.165166854858398438e+00
2.267822325229644775e-01 4.167166709899902344e+00
6.767822504043579102e-01 4.169166088104248047e+00
4.517821967601776123e-01 4.171165943145751953e+00
9.017822146415710449e-01 4.173165321350097656e+00
1.705322265625000000e-01 4.175165176391601562e+00
6.205322146415710449e-01 4.177164554595947266e+00
3.955322206020355225e-01 4.179163932800292969e+00
8.455322384834289551e-01 4.181163787841796875e+00
2.830322086811065674e-01 4.183163166046142578e+00
7.330322265625000000e-01 4.185163021087646484e+00
5.080322027206420898e-01 4.187162399291992188e+00
9.580322504043579102e-01 4.189162254333496094e+00
1.424072235822677612e-01 4.191161632537841797e+00
5.924072265625000000e-01 4.193161487579345703e+00
3.674072027206420898e-01 4.195160865783691406e+00
8.174072504043579102e-01 4.197160720825195312e+00
2.549072206020355225e-01 4.199160099029541016e+00
7.049072384834289551e-01 4.201159954071044922e+00
4.799072146415710449e-01 4.203159332275390625e+00
9.299072027206420898e-01 4.205159187316894531e+00
1.986572146415710449e-01 4.207158565521240234e+00
6.486572623252868652e-01 4.209157943725585938e+00
4.236572086811065674e-01 4.211157798767089844e+00
8.736572265625000000e-01 4.213157176971435547e+00
3.111572265625000000e-01 4.215157032012939453e+00
7.611572146415710449e-01 4.217156410217285156e+00
5.361572504043579102e-01 4.219156265258789062e+00
9.861572384834289551e-01 4.221155643463134766e+00
1.072509810328483582e-01 4.223155498504638672e+00
5.572509765625000000e-01 4.225154876708984375e+00
3.322509825229644775e-01 4.227154731750488281e+00
7.822510004043579102e-01 4.229154109954833984e+00
2.197509706020355225e-01 4.231153488159179688e+00
6.697509884834289551e-01 4.233153343200683594e+00
4.447509646415710449e-01 4.235152721405029297e+00
8.947509527206420898e-01 4.237152576446533203e+00
1.635009795427322388e-01 4.239151954650878906e+00
6.135010123252868652e-01 4.241151809692382812e+00
3.885009586811065674e-01 4.243151187896728516e+00
8.385009765625000000e-01 4.245151042938232422e+00
2.760009765625000000e-01 4.247150421142578125e+00
7.260009646415710449e-01 4.249150276184082031e+00
5.010010004043579102e-01 4.251150131225585938e+00
9.510009884834289551e-01 4.253149509429931641e+00
1.353759765625000000e-01 4.255148887634277344e+00
5.853759646415710449e-01 4.257148742675781250e+00
3.603759706020355225e-01 4.259148120880126953e+00
8.103759884834289551e-01 4.261147499084472656e+00
2.478759884834289551e-01 4.263147354125976562e+00
6.978759765625000000e-01 4.265146732330322266e+00
4.728759527206420898e-01 4.267146587371826172e+00
9.228760004043579102e-01 4.269145965576171875e+00
1.916259825229644775e-01 4.271145820617675781e+00
6.416260004043579102e-01 4.273145675659179688e+00
4.166259765625000000e-01 4.275145053863525391e+00
8.666259646415710449e-01 4.277144432067871094e+00
3.041259646415710449e-01 4.279144287109375000e+00
7.541260123252868652e-01 4.281143665313720703e+00
5.291259884834289551e-01 4.283143043518066406e+00
9.791259765625000000e-01 4.285142898559570312e+00
1.213134750723838806e-01 4.287142276763916016e+00
5.713135004043579102e-01 4.289142131805419922e+00
3.463134765625000000e-01 4.291141510009765625e+00
7.963134646415710449e-01 4.293141365051269531e+00
2.338134646415710449e-01 4.295141220092773438e+00
6.838135123252868652e-01 4.297140598297119141e+00
4.588134586811065674e-01 4.299140453338623047e+00
9.088134765625000000e-01 4.301139831542968750e+00
1.775634735822677612e-01 4.303139686584472656e+00
6.275634765625000000e-01 4.305139064788818359e+00
4.025634527206420898e-01 4.307138442993164062e+00
8.525635004043579102e-01 4.309138298034667969e+00
2.900634706020355225e-01 4.311137676239013672e+00
7.400634884834289551e-01 4.313137054443359375e+00
5.150634646415710449e-01 4.315136909484863281e+00
9.650634527206420898e-01 4.317136764526367188e+00
1.494384706020355225e-01 4.319136142730712891e+00
5.994384884834289551e-01 4.321135997772216797e+00
3.744384646415710449e-01 4.323135375976562500e+00
8.244384527206420898e-01 4.325135231018066406e+00
2.619384825229644775e-01 4.327134609222412109e+00
7.119385004043579102e-01 4.329133987426757812e+00
4.869384467601776123e-01 4.331133842468261719e+00
9.369384646415710449e-01 4.333133220672607422e+00
2.056884765625000000e-01 4.335132598876953125e+00
6.556884646415710449e-01 4.337132453918457031e+00
4.306884706020355225e-01 4.339132308959960938e+00
8.806884884834289551e-01 4.341131687164306641e+00
3.181884586811065674e-01 4.343131542205810547e+00
7.681884765625000000e-01 4.345130920410156250e+00
5.431884527206420898e-01 4.347130775451660156e+00
9.931885004043579102e-01 4.349130153656005859e+00
1.037353500723838806e-01 4.351130008697509766e+00
5.537353754043579102e-01 4.353129386901855469e+00
3.287353515625000000e-01 4.355129241943359375e+00
7.787353396415710449e-01 4.357128620147705078e+00
2.162353396415710449e-01 4.359127998352050781e+00
6.662353873252868652e-01 4.361127853393554688e+00
4.412353336811065674e-01 4.363127231597900391e+00
8.912353515625000000e-01 4.365127086639404297e+00
1.599853485822677612e-01 4.367126464843750000e+00
6.099853515625000000e-01 4.369126319885253906e+00
3.849853277206420898e-01 4.371125698089599609e+00
8.349853754043579102e-01 4.373125553131103516e+00
2.724853456020355225e-01 4.375124931335449219e+00
7.224853634834289551e-01 4.377124786376953125e+00
4.974853396415710449e-01 4.379124164581298828e+00
9.474853277206420898e-01 4.381123542785644531e+00
1.318603456020355225e-01 4.383123397827148438e+00
5.818603634834289551e-01 4.385122776031494141e+00
3.568603396415710449e-01 4.387122631072998047e+00
8.068603277206420898e-01 4.389122009277343750e+00
2.443603575229644775e-01 4.391121864318847656e+00
6.943603754043579102e-01 4.393121242523193359e+00
4.693603217601776123e-01 4.395121097564697266e+00
9.193603396415710449e-01 4.397120475769042969e+00
1.881103515625000000e-01 4.399120330810546875e+00
6.381103396415710449e-01 4.401119709014892578e+00
4.131103456020355225e-01 4.403119564056396484e+00
8.631103634834289551e-01 4.405118942260742188e+00
3.006103336811065674e-01 4.407118797302246094e+00
7.506103515625000000e-01 4.409118175506591797e+00
5.256103277206420898e-01 4.411117553710937500e+00
9.756103754043579102e-01 4.413117408752441406e+00
1.177978515625000000e-01 4.415116786956787109e+00
5.677978396415710449e-01 4.417116641998291016e+00
3.427978456020355225e-01 4.419116020202636719e+00
7.927978634834289551e-01 4.421115875244140625e+00
2.302978634834289551e-01 4.423115253448486328e+00
6.802978515625000000e-01 4.425115108489990234e+00
4.552978277206420898e-01 4.427114486694335938e+00
9.052978754043579102e-01 4.429114341735839844e+00
1.740478575229644775e-01 4.431113719940185547e+00
6.240478754043579102e-01 4.433113098144531250e+00
3.990478515625000000e-01 4.435112953186035156e+00
8.490478396415710449e-01 4.437112331390380859e+00
2.865478396415710449e-01 4.439112186431884766e+00
7.365478873252868652e-01 4.441111564636230469e+00
5.115478634834289551e-01 4.443111419677734375e+00
9.615478515625000000e-01 4.445110797882080078e+00
1.459228545427322388e-01 4.447110652923583984e+00
5.959228277206420898e-01 4.449110031127929688e+00
3.709228336811065674e-01 4.451109886169433594e+00
8.209228515625000000e-01 4.453109741210937500e+00
2.584228515625000000e-01 4.455109119415283203e+00
7.084228396415710449e-01 4.457108497619628906e+00
4.834228456020355225e-01 4.459108352661132812e+00
9.334228634834289551e-01 4.461107730865478516e+00
2.021728456020355225e-01 4.463107109069824219e+00
6.521728634834289551e-01 4.465106964111328125e+00
4.271728396415710449e-01 4.467106342315673828e+00
8.771728277206420898e-01 4.469106197357177734e+00
3.146728575229644775e-01 4.471105575561523438e+00
7.646728754043579102e-01 4.473105430603027344e+00
5.396728515625000000e-01 4.475105285644531250e+00
9.896728396415710449e-01 4.477104663848876953e+00
1.107666045427322388e-01 4.479104042053222656e+00
5.607665777206420898e-01 4.481103897094726562e+00
3.357665836811065674e-01 4.483103275299072266e+00
7.857666015625000000e-01 4.485102653503417969e+00
2.232666015625000000e-01 4.487102508544921875e+00
6.732665896415710449e-01 4.489101886749267578e+00
4.482665956020355225e-01 4.491101741790771484e+00
8.982666134834289551e-01 4.493101119995117188e+00
1.670165956020355225e-01 4.495100975036621094e+00
6.170166134834289551e-01 4.497100830078125000e+00
3.920165896415710449e-01 4.499100208282470703e+00
8.420165777206420898e-01 4.501100063323974609e+00
2.795166075229644775e-01 4.503099441528320312e+00
7.295166254043579102e-01 4.505099296569824219e+00
5.045166015625000000e-01 4.507098674774169922e+00
9.545165896415710449e-01 4.509098052978515625e+00
1.388916075229644775e-01 4.511097908020019531e+00
5.888916254043579102e-01 4.513097286224365234e+00
3.638916015625000000e-01 4.515096664428710938e+00
8.138915896415710449e-01 4.517096519470214844e+00
2.513915896415710449e-01 4.519096374511718750e+00
7.013916373252868652e-01 4.521095752716064453e+00
4.763915836811065674e-01 4.523095607757568359e+00
9.263916015625000000e-01 4.525094985961914062e+00
1.951415985822677612e-01 4.527094841003417969e+00
6.451416015625000000e-01 4.529094219207763672e+00
4.201415777206420898e-01 4.531093597412109375e+00
8.701416254043579102e-01 4.533093452453613281e+00
3.076415956020355225e-01 4.535092830657958984e+00
7.576416134834289551e-01 4.537092208862304688e+00
5.326415896415710449e-01 4.539092063903808594e+00
9.826415777206420898e-01 4.541091918945312500e+00
1.248290985822677612e-01 4.543091297149658203e+00
5.748291015625000000e-01 4.545091152191162109e+00
3.498291075229644775e-01 4.547090530395507812e+00
7.998291254043579102e-01 4.549090385437011719e+00
2.373290956020355225e-01 4.551089763641357422e+00
6.873291134834289551e-01 4.553089618682861328e+00
4.623290896415710449e-01 4.555088996887207031e+00
9.123290777206420898e-01 4.557088851928710938e+00
1.810791045427322388e-01 4.559088230133056641e+00
6.310791373252868652e-01 4.561087608337402344e+00
4.060790836811065674e-01 4.563087463378906250e+00
8.560791015625000000e-01 4.565086841583251953e+00
2.935791015625000000e-01 4.567086696624755859e+00
7.435790896415710449e-01 4.569086074829101562e+00
5.185791254043579102e-01 4.571085929870605469e+00
9.685791134834289551e-01 4.573085308074951172e+00
1.529541015625000000e-01 4.575085163116455078e+00
6.029540896415710449e-01 4.577084541320800781e+00
3.779540956020355225e-01 4.579084396362304688e+00
8.279541134834289551e-01 4.581083774566650391e+00
2.654541134834289551e-01 4.583083152770996094e+00
7.154541015625000000e-01 4.585083007812500000e+00
4.904540777206420898e-01 4.587082386016845703e+00
9.404541254043579102e-01 4.589082241058349609e+00
2.092041075229644775e-01 4.591081619262695312e+00
6.592041254043579102e-01 4.593081474304199219e+00
4.342041015625000000e-01 4.595080852508544922e+00
8.842040896415710449e-01 4.597080707550048828e+00
3.217040896415710449e-01 4.599080085754394531e+00
7.717041373252868652e-01 4.601079940795898438e+00
5.467041134834289551e-01 4.603079319000244141e+00
9.967041015625000000e-01 4.605079174041748047e+00
1.019775420427322388e-01 4.607078552246093750e+00
5.519775152206420898e-01 4.609078407287597656e+00
3.269775211811065674e-01 4.611077785491943359e+00
7.769775390625000000e-01 4.613077163696289062e+00
2.144775390625000000e-01 4.615077018737792969e+00
6.644775271415710449e-01 4.617076396942138672e+00
4.394775331020355225e-01 4.619076251983642578e+00
8.894775509834289551e-01 4.621075630187988281e+00
1.582275331020355225e-01 4.623075485229492188e+00
6.082275509834289551e-01 4.625074863433837891e+00
3.832275271415710449e-01 4.627074718475341797e+00
8.332275152206420898e-01 4.629074096679687500e+00
2.707275450229644775e-01 4.631073951721191406e+00
7.207275629043579102e-01 4.633073329925537109e+00
4.957275092601776123e-01 4.635072708129882812e+00
9.457275271415710449e-01 4.637072563171386719e+00
1.301025450229644775e-01 4.639071941375732422e+00
5.801025629043579102e-01 4.641071796417236328e+00
3.551025390625000000e-01 4.643071174621582031e+00
8.051025271415710449e-01 4.645071029663085938e+00
2.426025271415710449e-01 4.647070407867431641e+00
6.926025748252868652e-01 4.649070262908935547e+00
4.676025211811065674e-01 4.651069641113281250e+00
9.176025390625000000e-01 4.653069496154785156e+00
1.863525360822677612e-01 4.655069351196289062e+00
6.363525390625000000e-01 4.657068729400634766e+00
4.113525152206420898e-01 4.659068107604980469e+00
8.613525629043579102e-01 4.661067962646484375e+00
2.988525331020355225e-01 4.663067340850830078e+00
7.488525509834289551e-01 4.665066719055175781e+00
5.238525271415710449e-01 4.667066574096679688e+00
9.738525152206420898e-01 4.669065952301025391e+00
1.160400360822677612e-01 4.671065807342529297e+00
5.660400390625000000e-01 4.673065185546875000e+00
3.410400450229644775e-01 4.675065040588378906e+00
7.910400629043579102e-01 4.677064895629882812e+00
2.285400331020355225e-01 4.679064273834228516e+00
6.785400509834289551e-01 4.681063652038574219e+00
4.535400271415710449e-01 4.683063507080078125e+00
9.035400152206420898e-01 4.685062885284423828e+00
1.722900420427322388e-01 4.687062263488769531e+00
6.222900748252868652e-01 4.689062118530273438e+00
3.972900211811065674e-01 4.691061496734619141e+00
8.472900390625000000e-01 4.693061351776123047e+00
2.847900390625000000e-01 4.695060729980468750e+00
7.347900271415710449e-01 4.697060585021972656e+00
5.097900629043579102e-01 4.699060440063476562e+00
9.597900509834289551e-01 4.701059818267822266e+00
1.441650390625000000e-01 4.703059673309326172e+00
5.941650271415710449e-01 4.705059051513671875e+00
3.691650331020355225e-01 4.707058906555175781e+00
8.191650509834289551e-01 4.709058284759521484e+00
2.566650509834289551e-01 4.711057662963867188e+00
7.066650390625000000e-01 4.713057518005371094e+00
4.816650152206420898e-01 4.715056896209716797e+00
9.316650629043579102e-01 4.717056274414062500e+00
2.004150450229644775e-01 4.719056129455566406e+00
6.504150629043579102e-01 4.721055984497070312e+00
4.254150390625000000e-01 4.723055362701416016e+00
8.754150271415710449e-01 4.725055217742919922e+00
3.129150271415710449e-01 4.727054595947265625e+00
7.629150748252868652e-01 4.729054450988769531e+00
5.379150509834289551e-01 4.731053829193115234e+00
9.879150390625000000e-01 4.733053207397460938e+00
1.090087890625000000e-01 4.735053062438964844e+00
5.590087771415710449e-01 4.737052440643310547e+00
3.340087831020355225e-01 4.739051818847656250e+00
7.840088009834289551e-01 4.741051673889160156e+00
2.215087860822677612e-01 4.743051528930664062e+00
6.715087890625000000e-01 4.745050907135009766e+00
4.465087652206420898e-01 4.747050762176513672e+00
8.965088129043579102e-01 4.749050140380859375e+00
1.652587950229644775e-01 4.751049995422363281e+00
6.152588129043579102e-01 4.753049373626708984e+00
3.902587890625000000e-01 4.755049228668212891e+00
8.402587771415710449e-01 4.757048606872558594e+00
2.777587771415710449e-01 4.759048461914062500e+00
7.277588248252868652e-01 4.761047840118408203e+00
5.027588009834289551e-01 4.763047218322753906e+00
9.527587890625000000e-01 4.765047073364257812e+00
1.371337920427322388e-01 4.767046451568603516e+00
5.871337652206420898e-01 4.769046306610107422e+00
3.621337711811065674e-01 4.771045684814453125e+00
8.121337890625000000e-01 4.773045539855957031e+00
2.496337890625000000e-01 4.775044918060302734e+00
6.996337771415710449e-01 4.777044773101806641e+00
4.746337831020355225e-01 4.779044151306152344e+00
9.246338009834289551e-01 4.781044006347656250e+00
1.933837831020355225e-01 4.783043384552001953e+00
6.433838009834289551e-01 4.785042762756347656e+00
4.183837771415710449e-01 4.787042617797851562e+00
8.683837652206420898e-01 4.789041996002197266e+00
3.058837950229644775e-01 4.791041851043701172e+00
7.558838129043579102e-01 4.793041229248046875e+00
5.308837890625000000e-01 4.795041084289550781e+00
9.808837771415710449e-01 4.797040462493896484e+00
1.230712905526161194e-01 4.799040317535400391e+00
5.730713009834289551e-01 4.801039695739746094e+00
3.480712771415710449e-01 4.803039550781250000e+00
7.980712652206420898e-01 4.805038928985595703e+00
2.355712950229644775e-01 4.807038784027099609e+00
6.855713129043579102e-01 4.809038162231445312e+00
4.605712592601776123e-01 4.811038017272949219e+00
9.105712771415710449e-01 4.813037395477294922e+00
1.793212890625000000e-01 4.815036773681640625e+00
6.293212771415710449e-01 4.817036628723144531e+00
4.043212831020355225e-01 4.819036006927490234e+00
8.543213009834289551e-01 4.821035861968994141e+00
2.918212711811065674e-01 4.823035240173339844e+00
7.418212890625000000e-01 4.825035095214843750e+00
5.168212652206420898e-01 4.827034473419189453e+00
9.668213129043579102e-01 4.829034328460693359e+00
1.511962860822677612e-01 4.831033706665039062e+00
6.011962890625000000e-01 4.833033561706542969e+00
3.761962652206420898e-01 4.835032939910888672e+00
8.261963129043579102e-01 4.837032318115234375e+00
2.636962831020355225e-01 4.839032173156738281e+00
7.136963009834289551e-01 4.841031551361083984e+00
4.886962771415710449e-01 4.843031406402587891e+00
9.386962652206420898e-01 4.845030784606933594e+00
2.074462771415710449e-01 4.847030639648437500e+00
6.574463248252868652e-01 4.849030017852783203e+00
4.324462711811065674e-01 4.851029872894287109e+00
8.824462890625000000e-01 4.853029251098632812e+00
3.199462890625000000e-01 4.855029106140136719e+00
7.699462771415710449e-01 4.857028961181640625e+00
5.449463129043579102e-01 4.859028339385986328e+00
9.949463009834289551e-01 4.861027717590332031e+00
1.054931655526161194e-01 4.863027572631835938e+00
5.554931759834289551e-01 4.865026950836181641e+00
3.304931521415710449e-01 4.867026329040527344e+00
7.804931402206420898e-01 4.869026184082031250e+00
2.179931700229644775e-01 4.871025562286376953e+00
6.679931879043579102e-01 4.873025417327880859e+00
4.429931342601776123e-01 4.875024795532226562e+00
8.929931521415710449e-01 4.877024650573730469e+00
1.617431640625000000e-01 4.879024505615234375e+00
6.117431521415710449e-01 4.881023883819580078e+00
3.867431581020355225e-01 4.883023262023925781e+00
8.367431759834289551e-01 4.885023117065429688e+00
2.742431461811065674e-01 4.887022495269775391e+00
7.242431640625000000e-01 4.889021873474121094e+00
4.992431402206420898e-01 4.891021728515625000e+00
9.492431879043579102e-01 4.893021106719970703e+00
1.336181610822677612e-01 4.895020961761474609e+00
5.836181640625000000e-01 4.897020339965820312e+00
3.586181402206420898e-01 4.899020195007324219e+00
8.086181879043579102e-01 4.901020050048828125e+00
2.461181581020355225e-01 4.903019428253173828e+00
6.961181759834289551e-01 4.905019283294677734e+00
4.711181521415710449e-01 4.907018661499023438e+00
9.211181402206420898e-01 4.909018516540527344e+00
1.898681521415710449e-01 4.911017894744873047e+00
6.398681998252868652e-01 4.913017272949218750e+00
4.148681461811065674e-01 4.915017127990722656e+00
8.648681640625000000e-01 4.917016506195068359e+00
3.023681640625000000e-01 4.919015884399414062e+00
7.523681521415710449e-01 4.921015739440917969e+00
5.273681879043579102e-01 4.923015594482421875e+00
9.773681759834289551e-01 4.925014972686767578e+00
1.195556670427322388e-01 4.927014827728271484e+00
5.695556402206420898e-01 4.929014205932617188e+00
3.445556461811065674e-01 4.931014060974121094e+00
7.945556640625000000e-01 4.933013439178466797e+00
2.320556640625000000e-01 4.935012817382812500e+00
6.820556521415710449e-01 4.937012672424316406e+00
4.570556581020355225e-01 4.939012050628662109e+00
9.070556759834289551e-01 4.941011428833007812e+00
1.758056581020355225e-01 4.943011283874511719e+00
6.258056759834289551e-01 4.945011138916015625e+00
4.008056521415710449e-01 4.947010517120361328e+00
8.508056402206420898e-01 4.949010372161865234e+00
2.883056700229644775e-01 4.951009750366210938e+00
7.383056879043579102e-01 4.953009605407714844e+00
5.133056640625000000e-01 4.955008983612060547e+00
9.633056521415710449e-01 4.957008838653564453e+00
1.476806700229644775e-01 4.959008216857910156e+00
5.976806879043579102e-01 4.961008071899414062e+00
3.726806640625000000e-01 4.963007450103759766e+00
8.226806521415710449e-01 4.965006828308105469e+00
2.601806521415710449e-01 4.967006683349609375e+00
7.101806998252868652e-01 4.969006061553955078e+00
4.851806461811065674e-01 4.971005916595458984e+00
9.351806640625000000e-01 4.973005294799804688e+00
2.039306610822677612e-01 4.975005149841308594e+00
6.539306640625000000e-01 4.977004528045654297e+00
4.289306402206420898e-01 4.979004383087158203e+00
8.789306879043579102e-01 4.981003761291503906e+00
3.164306581020355225e-01 4.983003616333007812e+00
7.664306759834289551e-01 4.985002994537353516e+00
5.414306521415710449e-01 4.987002372741699219e+00
9.914306402206420898e-01 4.989002227783203125e+00
1.125244125723838806e-01 4.991001605987548828e+00
5.625244379043579102e-01 4.993001461029052734e+00
3.375244140625000000e-01 4.995000839233398438e+00
7.875244021415710449e-01 4.997000694274902344e+00
2.250244021415710449e-01 4.999000072479248047e+00
6.750244498252868652e-01 5.000999450683593750e+00
4.500243961811065674e-01 5.002999305725097656e+00
9.000244140625000000e-01 5.004999160766601562e+00
1.687744110822677612e-01 5.006999015808105469e+00
6.187744140625000000e-01 5.008997917175292969e+00
3.937743902206420898e-01 5.010997772216796875e+00
8.437744379043579102e-01 5.012997627258300781e+00
2.812744081020355225e-01 5.014997005462646484e+00
7.312744259834289551e-01 5.016996860504150391e+00
5.062744021415710449e-01 5.018996238708496094e+00
9.562743902206420898e-01 5.020995616912841797e+00
1.406494081020355225e-01 5.022995471954345703e+00
5.906494259834289551e-01 5.024995326995849609e+00
3.656494021415710449e-01 5.026994228363037109e+00
8.156493902206420898e-01 5.028994083404541016e+00
2.531494200229644775e-01 5.030993938446044922e+00
7.031494379043579102e-01 5.032993316650390625e+00
4.781493842601776123e-01 5.034993171691894531e+00
9.281494021415710449e-01 5.036992549896240234e+00
1.968994140625000000e-01 5.038991928100585938e+00
6.468994021415710449e-01 5.040991783142089844e+00
4.218994081020355225e-01 5.042991638183593750e+00
8.718994259834289551e-01 5.044990539550781250e+00
3.093993961811065674e-01 5.046990394592285156e+00
7.593994140625000000e-01 5.048990249633789062e+00
5.343993902206420898e-01 5.050990104675292969e+00
9.843994379043579102e-01 5.052989006042480469e+00
1.265869140625000000e-01 5.054988861083984375e+00
5.765869021415710449e-01 5.056988716125488281e+00
3.515869081020355225e-01 5.058988571166992188e+00
8.015869259834289551e-01 5.060987949371337891e+00
2.390869259834289551e-01 5.062987327575683594e+00
6.890869140625000000e-01 5.064987182617187500e+00
4.640868902206420898e-01 5.066986560821533203e+00
9.140869379043579102e-01 5.068986415863037109e+00
1.828369200229644775e-01 5.070985794067382812e+00
6.328369379043579102e-01 5.072985172271728516e+00
4.078369140625000000e-01 5.074985027313232422e+00
8.578369021415710449e-01 5.076984882354736328e+00
2.953369021415710449e-01 5.078984260559082031e+00
7.453369498252868652e-01 5.080983638763427734e+00
5.203369259834289551e-01 5.082983493804931641e+00
9.703369140625000000e-01 5.084982872009277344e+00
1.547119170427322388e-01 5.086982727050781250e+00
6.047119498252868652e-01 5.088982105255126953e+00
3.797118961811065674e-01 5.090981483459472656e+00
8.297119140625000000e-01 5.092981338500976562e+00
2.672119140625000000e-01 5.094981193542480469e+00
7.172119021415710449e-01 5.096980094909667969e+00
4.922119081020355225e-01 5.098979949951171875e+00
9.422119259834289551e-01 5.100979804992675781e+00
2.109619081020355225e-01 5.102979660034179688e+00
6.609619259834289551e-01 5.104979515075683594e+00
4.359619021415710449e-01 5.106978416442871094e+00
8.859618902206420898e-01 5.108978271484375000e+00
3.234619200229644775e-01 5.110978126525878906e+00
7.734619379043579102e-01 5.112977504730224609e+00
5.484619140625000000e-01 5.114976882934570312e+00
9.984619021415710449e-01 5.116976737976074219e+00
1.010986343026161194e-01 5.118976116180419922e+00
5.510986447334289551e-01 5.120975971221923828e+00
3.260986208915710449e-01 5.122975349426269531e+00
7.760986089706420898e-01 5.124974727630615234e+00
2.135986387729644775e-01 5.126974582672119141e+00
6.635986566543579102e-01 5.128974437713623047e+00
4.385986030101776123e-01 5.130973815917968750e+00
8.885986208915710449e-01 5.132973194122314453e+00
1.573486328125000000e-01 5.134973049163818359e+00
6.073486208915710449e-01 5.136972427368164062e+00
3.823486268520355225e-01 5.138972282409667969e+00
8.323486447334289551e-01 5.140971660614013672e+00
2.698486149311065674e-01 5.142971038818359375e+00
7.198486328125000000e-01 5.144970893859863281e+00
4.948486089706420898e-01 5.146970748901367188e+00
9.448486566543579102e-01 5.148970603942871094e+00
1.292236298322677612e-01 5.150969505310058594e+00
5.792236328125000000e-01 5.152969360351562500e+00
3.542236089706420898e-01 5.154969215393066406e+00
8.042236566543579102e-01 5.156969070434570312e+00
2.417236268520355225e-01 5.158967971801757812e+00
6.917236447334289551e-01 5.160967826843261719e+00
4.667236208915710449e-01 5.162967681884765625e+00
9.167236089706420898e-01 5.164967060089111328e+00
1.854736208915710449e-01 5.166966438293457031e+00
6.354736685752868652e-01 5.168966293334960938e+00
4.104736149311065674e-01 5.170965671539306641e+00
8.604736328125000000e-01 5.172965526580810547e+00
2.979736328125000000e-01 5.174965381622314453e+00
7.479736208915710449e-01 5.176964282989501953e+00
5.229736566543579102e-01 5.178964138031005859e+00
9.729736447334289551e-01 5.180963993072509766e+00
1.151611357927322388e-01 5.182963371276855469e+00
5.651611089706420898e-01 5.184962749481201172e+00
3.401611149311065674e-01 5.186962604522705078e+00
7.901611328125000000e-01 5.188961982727050781e+00
2.276611328125000000e-01 5.190961837768554688e+00
6.776611208915710449e-01 5.192961692810058594e+00
4.526611268520355225e-01 5.194960594177246094e+00
9.026611447334289551e-01 5.196960449218750000e+00
1.714111268520355225e-01 5.198960304260253906e+00
6.214111447334289551e-01 5.200960159301757812e+00
3.964111208915710449e-01 5.202959060668945312e+00
8.464111089706420898e-01 5.204958915710449219e+00
2.839111387729644775e-01 5.206958770751953125e+00
7.339111566543579102e-01 5.208958625793457031e+00
5.089111328125000000e-01 5.210957527160644531e+00
9.589111208915710449e-01 5.212957382202148438e+00
1.432861387729644775e-01 5.214957237243652344e+00
5.932861566543579102e-01 5.216956615447998047e+00
3.682861328125000000e-01 5.218956470489501953e+00
8.182861208915710449e-01 5.220955848693847656e+00
2.557861208915710449e-01 5.222955226898193359e+00
7.057861685752868652e-01 5.224955081939697266e+00
4.807861149311065674e-01 5.226954936981201172e+00
9.307861328125000000e-01 5.228953838348388672e+00
1.995361298322677612e-01 5.230953693389892578e+00
6.495361328125000000e-01 5.232953548431396484e+00
4.245361089706420898e-01 5.234952926635742188e+00
8.745361566543579102e-01 5.236952781677246094e+00
3.120361268520355225e-01 5.238952159881591797e+00
7.620361447334289551e-01 5.240951538085937500e+00
5.370361208915710449e-01 5.242951393127441406e+00
9.870361089706420898e-01 5.244951248168945312e+00
1.081298813223838806e-01 5.246950149536132812e+00
5.581299066543579102e-01 5.248950004577636719e+00
3.331298828125000000e-01 5.250949859619140625e+00
7.831298708915710449e-01 5.252949714660644531e+00
2.206298708915710449e-01 5.254948616027832031e+00
6.706299185752868652e-01 5.256948471069335938e+00
4.456298649311065674e-01 5.258948326110839844e+00
8.956298828125000000e-01 5.260948181152343750e+00
1.643798798322677612e-01 5.262947559356689453e+00
6.143798828125000000e-01 5.264946937561035156e+00
3.893798589706420898e-01 5.266946792602539062e+00
8.393799066543579102e-01 5.268946170806884766e+00
2.768798768520355225e-01 5.270946025848388672e+00
7.268798947334289551e-01 5.272945404052734375e+00
5.018798708915710449e-01 5.274944782257080078e+00
9.518798589706420898e-01 5.276944637298583984e+00
1.362548768520355225e-01 5.278944492340087891e+00
5.862548947334289551e-01 5.280943870544433594e+00
3.612548708915710449e-01 5.282943248748779297e+00
8.112548589706420898e-01 5.284943103790283203e+00
2.487548887729644775e-01 5.286942481994628906e+00
6.987549066543579102e-01 5.288942337036132812e+00
4.737548530101776123e-01 5.290941715240478516e+00
9.237548708915710449e-01 5.292941093444824219e+00
1.925048828125000000e-01 5.294940948486328125e+00
6.425048708915710449e-01 5.296940803527832031e+00
4.175048768520355225e-01 5.298939704895019531e+00
8.675048947334289551e-01 5.300939559936523438e+00
3.050048649311065674e-01 5.302939414978027344e+00
7.550048828125000000e-01 5.304939270019531250e+00
5.300048589706420898e-01 5.306939125061035156e+00
9.800049066543579102e-01 5.308938026428222656e+00
1.221923828125000000e-01 5.310937881469726562e+00
5.721923708915710449e-01 5.312937736511230469e+00
3.471923768520355225e-01 5.314937114715576172e+00
7.971923947334289551e-01 5.316936492919921875e+00
2.346923947334289551e-01 5.318936347961425781e+00
6.846923828125000000e-01 5.320935726165771484e+00
4.596923589706420898e-01 5.322935581207275391e+00
9.096924066543579102e-01 5.324934959411621094e+00
1.784423887729644775e-01 5.326934337615966797e+00
6.284424066543579102e-01 5.328934192657470703e+00
4.034423828125000000e-01 5.330934047698974609e+00
8.534423708915710449e-01 5.332933425903320312e+00
2.909423708915710449e-01 5.334932804107666016e+00
7.409424185752868652e-01 5.336932659149169922e+00
5.159423947334289551e-01 5.338932037353515625e+00
9.659423828125000000e-01 5.340931892395019531e+00
1.503173857927322388e-01 5.342931270599365234e+00
6.003174185752868652e-01 5.344930648803710938e+00
3.753173649311065674e-01 5.346930503845214844e+00
8.253173828125000000e-01 5.348930358886718750e+00
2.628173828125000000e-01 5.350930213928222656e+00
7.128173708915710449e-01 5.352929115295410156e+00
4.878173768520355225e-01 5.354928970336914062e+00
9.378173947334289551e-01 5.356928825378417969e+00
2.065673768520355225e-01 5.358928680419921875e+00
6.565673947334289551e-01 5.360927581787109375e+00
4.315673708915710449e-01 5.362927436828613281e+00
8.815673589706420898e-01 5.364927291870117188e+00
3.190673887729644775e-01 5.366926670074462891e+00
7.690674066543579102e-01 5.368926048278808594e+00
5.440673828125000000e-01 5.370925903320312500e+00
9.940673708915710449e-01 5.372925281524658203e+00
1.046142578125000000e-01 5.374925136566162109e+00
5.546142458915710449e-01 5.376924991607666016e+00
3.296142518520355225e-01 5.378923892974853516e+00
7.796142697334289551e-01 5.380923748016357422e+00
2.171142548322677612e-01 5.382923603057861328e+00
6.671142578125000000e-01 5.384922981262207031e+00
4.421142339706420898e-01 5.386922359466552734e+00
8.921142816543579102e-01 5.388922214508056641e+00
1.608642637729644775e-01 5.390921592712402344e+00
6.108642816543579102e-01 5.392921447753906250e+00
3.858642578125000000e-01 5.394921302795410156e+00
8.358642458915710449e-01 5.396920204162597656e+00
2.733642458915710449e-01 5.398920059204101562e+00
7.233642935752868652e-01 5.400919914245605469e+00
4.983642399311065674e-01 5.402919769287109375e+00
9.483642578125000000e-01 5.404918670654296875e+00
1.327392607927322388e-01 5.406918525695800781e+00
5.827392339706420898e-01 5.408918380737304688e+00
3.577392399311065674e-01 5.410918235778808594e+00
8.077392578125000000e-01 5.412917137145996094e+00
2.452392578125000000e-01 5.414916992187500000e+00
6.952392458915710449e-01 5.416916847229003906e+00
4.702392518520355225e-01 5.418916225433349609e+00
9.202392697334289551e-01 5.420916080474853516e+00
1.889892518520355225e-01 5.422915458679199219e+00
6.389892697334289551e-01 5.424914836883544922e+00
4.139892458915710449e-01 5.426914691925048828e+00
8.639892339706420898e-01 5.428914546966552734e+00
3.014892637729644775e-01 5.430913448333740234e+00
7.514892816543579102e-01 5.432913303375244141e+00
5.264892578125000000e-01 5.434913158416748047e+00
9.764892458915710449e-01 5.436912536621093750e+00
1.186767593026161194e-01 5.438912391662597656e+00
5.686767697334289551e-01 5.440911769866943359e+00
3.436767458915710449e-01 5.442911148071289062e+00
7.936767339706420898e-01 5.444911003112792969e+00
2.311767637729644775e-01 5.446910858154296875e+00
6.811767816543579102e-01 5.448909759521484375e+00
4.561767280101776123e-01 5.450909614562988281e+00
9.061767458915710449e-01 5.452909469604492188e+00
1.749267578125000000e-01 5.454909324645996094e+00
6.249267458915710449e-01 5.456908226013183594e+00
3.999267518520355225e-01 5.458908081054687500e+00
8.499267697334289551e-01 5.460907936096191406e+00
2.874267399311065674e-01 5.462907791137695312e+00
7.374267578125000000e-01 5.464907169342041016e+00
5.124267339706420898e-01 5.466906547546386719e+00
9.624267816543579102e-01 5.468906402587890625e+00
1.468017548322677612e-01 5.470905780792236328e+00
5.968017578125000000e-01 5.472905635833740234e+00
3.718017339706420898e-01 5.474905014038085938e+00
8.218017816543579102e-01 5.476904392242431641e+00
2.593017518520355225e-01 5.478904247283935547e+00
7.093017697334289551e-01 5.480904102325439453e+00
4.843017458915710449e-01 5.482903003692626953e+00
9.343017339706420898e-01 5.484902858734130859e+00
2.030517458915710449e-01 5.486902713775634766e+00
6.530517935752868652e-01 5.488902091979980469e+00
4.280517399311065674e-01 5.490901947021484375e+00
8.780517578125000000e-01 5.492901325225830078e+00
3.155517578125000000e-01 5.494900703430175781e+00
7.655517458915710449e-01 5.496900558471679688e+00
5.405517816543579102e-01 5.498900413513183594e+00
9.905517697334289551e-01 5.500899314880371094e+00
1.116455048322677612e-01 5.502899169921875000e+00
5.616455078125000000e-01 5.504899024963378906e+00
3.366455137729644775e-01 5.506898880004882812e+00
7.866455316543579102e-01 5.508898735046386719e+00
2.241455018520355225e-01 5.510897636413574219e+00
6.741455197334289551e-01 5.512897491455078125e+00
4.491454958915710449e-01 5.514897346496582031e+00
8.991454839706420898e-01 5.516896724700927734e+00
1.678955107927322388e-01 5.518896102905273438e+00
6.178955435752868652e-01 5.520895957946777344e+00
3.928954899311065674e-01 5.522895336151123047e+00
8.428955078125000000e-01 5.524895191192626953e+00
2.803955078125000000e-01 5.526894569396972656e+00
7.303954958915710449e-01 5.528893947601318359e+00
5.053955316543579102e-01 5.530893802642822266e+00
9.553955197334289551e-01 5.532893657684326172e+00
1.397705078125000000e-01 5.534893035888671875e+00
5.897704958915710449e-01 5.536892414093017578e+00
3.647705018520355225e-01 5.538892269134521484e+00
8.147705197334289551e-01 5.540891647338867188e+00
2.522705197334289551e-01 5.542891502380371094e+00
7.022705078125000000e-01 5.544890880584716797e+00
4.772704839706420898e-01 5.546890258789062500e+00
9.272705316543579102e-01 5.548890113830566406e+00
1.960205137729644775e-01 5.550889968872070312e+00
6.460205316543579102e-01 5.552889823913574219e+00
4.210205078125000000e-01 5.554888725280761719e+00
8.710204958915710449e-01 5.556888580322265625e+00
3.085204958915710449e-01 5.558888435363769531e+00
7.585205435752868652e-01 5.560888290405273438e+00
5.335205197334289551e-01 5.562887191772460938e+00
9.835205078125000000e-01 5.564887046813964844e+00
1.257080137729644775e-01 5.566886901855468750e+00
5.757080316543579102e-01 5.568886280059814453e+00
3.507080078125000000e-01 5.570885658264160156e+00
8.007079958915710449e-01 5.572885513305664062e+00
2.382079958915710449e-01 5.574884891510009766e+00
6.882080435752868652e-01 5.576884746551513672e+00
4.632079899311065674e-01 5.578884601593017578e+00
9.132080078125000000e-01 5.580883502960205078e+00
1.819580048322677612e-01 5.582883358001708984e+00
6.319580078125000000e-01 5.584883213043212891e+00
4.069579839706420898e-01 5.586882591247558594e+00
8.569580316543579102e-01 5.588881969451904297e+00
2.944580018520355225e-01 5.590881824493408203e+00
7.444580197334289551e-01 5.592881202697753906e+00
5.194579958915710449e-01 5.594881057739257812e+00
9.694579839706420898e-01 5.596880912780761719e+00
1.538330018520355225e-01 5.598879814147949219e+00
6.038330197334289551e-01 5.600879669189453125e+00
3.788329958915710449e-01 5.602879524230957031e+00
8.288329839706420898e-01 5.604879379272460938e+00
2.663330137729644775e-01 5.606878280639648438e+00
7.163330316543579102e-01 5.608878135681152344e+00
4.913329780101776123e-01 5.610877990722656250e+00
9.413329958915710449e-01 5.612877845764160156e+00
2.100830078125000000e-01 5.614876747131347656e+00
6.600829958915710449e-01 5.616876602172851562e+00
4.350830018520355225e-01 5.618876457214355469e+00
8.850830197334289551e-01 5.620875835418701172e+00
3.225829899311065674e-01 5.622875690460205078e+00
7.725830078125000000e-01 5.624875068664550781e+00
5.475829839706420898e-01 5.626874446868896484e+00
9.975830316543579102e-01 5.628874301910400391e+00
1.028564497828483582e-01 5.630874156951904297e+00
5.528564453125000000e-01 5.632873058319091797e+00
3.278564512729644775e-01 5.634872913360595703e+00
7.778564691543579102e-01 5.636872768402099609e+00
2.153564393520355225e-01 5.638872146606445312e+00
6.653564572334289551e-01 5.640872001647949219e+00
4.403564333915710449e-01 5.642871379852294922e+00
8.903564214706420898e-01 5.644870758056640625e+00
1.591064482927322388e-01 5.646870613098144531e+00
6.091064810752868652e-01 5.648870468139648438e+00
3.841064274311065674e-01 5.650869369506835938e+00
8.341064453125000000e-01 5.652869224548339844e+00
2.716064453125000000e-01 5.654869079589843750e+00
7.216064333915710449e-01 5.656868934631347656e+00
4.966064393520355225e-01 5.658867835998535156e+00
9.466064572334289551e-01 5.660867691040039062e+00
1.309814453125000000e-01 5.662867546081542969e+00
5.809814333915710449e-01 5.664867401123046875e+00
3.559814393520355225e-01 5.666866779327392578e+00
8.059814572334289551e-01 5.668866157531738281e+00
2.434814572334289551e-01 5.670866012573242188e+00
6.934814453125000000e-01 5.672865390777587891e+00
4.684814214706420898e-01 5.674865245819091797e+00
9.184814691543579102e-01 5.676864624023437500e+00
1.872314512729644775e-01 5.678864002227783203e+00
6.372314691543579102e-01 5.680863857269287109e+00
4.122314453125000000e-01 5.682863712310791016e+00
8.622314333915710449e-01 5.684862613677978516e+00
2.997314333915710449e-01 5.686862468719482422e+00
7.497314810752868652e-01 5.688862323760986328e+00
5.247314572334289551e-01 5.690861701965332031e+00
9.747314453125000000e-01 5.692861557006835938e+00
1.169189438223838806e-01 5.694860935211181641e+00
5.669189691543579102e-01 5.696860313415527344e+00
3.419189453125000000e-01 5.698860168457031250e+00
7.919189333915710449e-01 5.700860023498535156e+00
2.294189333915710449e-01 5.702858924865722656e+00
6.794189810752868652e-01 5.704858779907226562e+00
4.544189274311065674e-01 5.706858634948730469e+00
9.044189453125000000e-01 5.708858489990234375e+00
1.731689423322677612e-01 5.710858345031738281e+00
6.231689453125000000e-01 5.712857246398925781e+00
3.981689214706420898e-01 5.714857101440429688e+00
8.481689691543579102e-01 5.716856956481933594e+00
2.856689393520355225e-01 5.718856334686279297e+00
7.356689572334289551e-01 5.720855712890625000e+00
5.106689333915710449e-01 5.722855567932128906e+00
9.606689214706420898e-01 5.724854946136474609e+00
1.450439393520355225e-01 5.726854801177978516e+00
5.950439572334289551e-01 5.728854179382324219e+00
3.700439333915710449e-01 5.730853557586669922e+00
8.200439214706420898e-01 5.732853412628173828e+00
2.575439512729644775e-01 5.734853267669677734e+00
7.075439691543579102e-01 5.736852645874023438e+00
4.825439155101776123e-01 5.738852024078369141e+00
9.325439333915710449e-01 5.740851879119873047e+00
2.012939453125000000e-01 5.742851257324218750e+00
6.512939333915710449e-01 5.744851112365722656e+00
4.262939393520355225e-01 5.746850490570068359e+00
8.762939572334289551e-01 5.748849868774414062e+00
3.137939274311065674e-01 5.750849723815917969e+00
7.637939453125000000e-01 5.752849578857421875e+00
5.387939214706420898e-01 5.754849433898925781e+00
9.887939691543579102e-01 5.756848335266113281e+00
1.098876968026161194e-01 5.758848190307617188e+00
5.598877072334289551e-01 5.760848045349121094e+00
3.348876833915710449e-01 5.762847900390625000e+00
7.848876714706420898e-01 5.764846801757812500e+00
2.223877012729644775e-01 5.766846656799316406e+00
6.723877191543579102e-01 5.768846511840820312e+00
4.473876655101776123e-01 5.770845890045166016e+00
8.973876833915710449e-01 5.772845268249511719e+00
1.661376953125000000e-01 5.774845123291015625e+00
6.161376833915710449e-01 5.776844501495361328e+00
3.911376893520355225e-01 5.778844356536865234e+00
8.411377072334289551e-01 5.780844211578369141e+00
2.786376774311065674e-01 5.782843112945556641e+00
7.286376953125000000e-01 5.784842967987060547e+00
5.036376714706420898e-01 5.786842823028564453e+00
9.536377191543579102e-01 5.788842201232910156e+00
1.380126923322677612e-01 5.790841579437255859e+00
5.880126953125000000e-01 5.792841434478759766e+00
3.630126714706420898e-01 5.794840812683105469e+00
8.130127191543579102e-01 5.796840667724609375e+00
2.505126893520355225e-01 5.798840522766113281e+00
7.005127072334289551e-01 5.800839424133300781e+00
4.755126833915710449e-01 5.802839279174804688e+00
9.255126714706420898e-01 5.804839134216308594e+00
1.942626833915710449e-01 5.806838989257812500e+00
6.442627310752868652e-01 5.808837890625000000e+00
4.192626774311065674e-01 5.810837745666503906e+00
8.692626953125000000e-01 5.812837600708007812e+00
3.067626953125000000e-01 5.814837455749511719e+00
7.567626833915710449e-01 5.816836357116699219e+00
5.317627191543579102e-01 5.818836212158203125e+00
9.817627072334289551e-01 5.820836067199707031e+00
1.239501982927322388e-01 5.822835445404052734e+00
5.739501714706420898e-01 5.824835300445556641e+00
3.489501774311065674e-01 5.826834678649902344e+00
7.989501953125000000e-01 5.828834056854248047e+00
2.364501953125000000e-01 5.830833911895751953e+00
6.864501833915710449e-01 5.832833766937255859e+00
4.614501893520355225e-01 5.834832668304443359e+00
9.114502072334289551e-01 5.836832523345947266e+00
1.802001893520355225e-01 5.838832378387451172e+00
6.302002072334289551e-01 5.840831756591796875e+00
4.052001833915710449e-01 5.842831611633300781e+00
8.552001714706420898e-01 5.844830989837646484e+00
2.927002012729644775e-01 5.846830368041992188e+00
7.427002191543579102e-01 5.848830223083496094e+00
5.177001953125000000e-01 5.850830078125000000e+00
9.677001833915710449e-01 5.852828979492187500e+00
1.520752012729644775e-01 5.854828834533691406e+00
6.020752191543579102e-01 5.856828689575195312e+00
3.770751953125000000e-01 5.858828544616699219e+00
8.270751833915710449e-01 5.860827445983886719e+00
2.645751833915710449e-01 5.862827301025390625e+00
7.145752310752868652e-01 5.864827156066894531e+00
4.895751774311065674e-01 5.866827011108398438e+00
9.395751953125000000e-01 5.868826389312744141e+00
2.083251923322677612e-01 5.870825767517089844e+00
6.583251953125000000e-01 5.872825622558593750e+00
4.333251714706420898e-01 5.874825000762939453e+00
8.833252191543579102e-01 5.876824855804443359e+00
3.208251893520355225e-01 5.878824234008789062e+00
7.708252072334289551e-01 5.880823612213134766e+00
5.458251833915710449e-01 5.882823467254638672e+00
9.958251714706420898e-01 5.884823322296142578e+00
1.063720732927322388e-01 5.886822223663330078e+00
5.563720464706420898e-01 5.888822078704833984e+00
3.313720524311065674e-01 5.890821933746337891e+00
7.813720703125000000e-01 5.892821311950683594e+00
2.188720703125000000e-01 5.894821166992187500e+00
6.688720583915710449e-01 5.896820545196533203e+00
4.438720643520355225e-01 5.898819923400878906e+00
8.938720822334289551e-01 5.900819778442382812e+00
1.626220643520355225e-01 5.902819633483886719e+00
6.126220822334289551e-01 5.904818534851074219e+00
3.876220583915710449e-01 5.906818389892578125e+00
8.376220464706420898e-01 5.908818244934082031e+00
2.751220762729644775e-01 5.910818099975585938e+00
7.251220941543579102e-01 5.912817955017089844e+00
5.001220703125000000e-01 5.914816856384277344e+00
9.501220583915710449e-01 5.916816711425781250e+00
1.344970762729644775e-01 5.918816566467285156e+00
5.844970941543579102e-01 5.920815944671630859e+00
3.594970703125000000e-01 5.922815322875976562e+00
8.094970583915710449e-01 5.924815177917480469e+00
2.469970583915710449e-01 5.926814556121826172e+00
6.969971060752868652e-01 5.928814411163330078e+00
4.719970524311065674e-01 5.930813789367675781e+00
9.219970703125000000e-01 5.932813167572021484e+00
1.907470673322677612e-01 5.934813022613525391e+00
6.407470703125000000e-01 5.936812877655029297e+00
4.157470464706420898e-01 5.938812255859375000e+00
8.657470941543579102e-01 5.940811634063720703e+00
3.032470643520355225e-01 5.942811489105224609e+00
7.532470822334289551e-01 5.944810867309570312e+00
5.282470583915710449e-01 5.946810722351074219e+00
9.782470464706420898e-01 5.948810100555419922e+00
1.204345673322677612e-01 5.950809478759765625e+00
5.704345703125000000e-01 5.952809333801269531e+00
3.454345762729644775e-01 5.954809188842773438e+00
7.954345941543579102e-01 5.956809043884277344e+00
2.329345643520355225e-01 5.958807945251464844e+00
6.829345822334289551e-01 5.960807800292968750e+00
4.579345583915710449e-01 5.962807655334472656e+00
9.079345464706420898e-01 5.964807510375976562e+00
1.766845732927322388e-01 5.966806411743164062e+00
6.266846060752868652e-01 5.968806266784667969e+00
4.016845524311065674e-01 5.970806121826171875e+00
8.516845703125000000e-01 5.972805500030517578e+00
2.891845703125000000e-01 5.974804878234863281e+00
7.391845583915710449e-01 5.976804733276367188e+00
5.141845941543579102e-01 5.978804111480712891e+00
9.641845822334289551e-01 5.980803966522216797e+00
1.485595703125000000e-01 5.982803821563720703e+00
5.985595583915710449e-01 5.984802722930908203e+00
3.735595643520355225e-01 5.986802577972412109e+00
8.235595822334289551e-01 5.988802433013916016e+00
2.610595822334289551e-01 5.990801811218261719e+00
7.110595703125000000e-01 5.992801189422607422e+00
4.860595464706420898e-01 5.994801044464111328e+00
9.360595941543579102e-01 5.996800422668457031e+00
2.048095762729644775e-01 5.998800277709960938e+00
6.548095941543579102e-01 6.000800132751464844e+00
4.298095703125000000e-01 6.002799034118652344e+00
8.798095583915710449e-01 6.004798889160156250e+00
3.173095583915710449e-01 6.006798744201660156e+00
7.673096060752868652e-01 6.008798599243164062e+00
5.423095822334289551e-01 6.010797500610351562e+00
9.923095703125000000e-01 6.012797355651855469e+00
1.134033203125000000e-01 6.014797210693359375e+00
5.634033083915710449e-01 6.016797065734863281e+00
3.384033143520355225e-01 6.018795967102050781e+00
7.884033322334289551e-01 6.020795822143554688e+00
2.259033322334289551e-01 6.022795677185058594e+00
6.759033203125000000e-01 6.024795055389404297e+00
4.509032964706420898e-01 6.026794910430908203e+00
9.009033441543579102e-01 6.028794288635253906e+00
1.696533262729644775e-01 6.030793666839599609e+00
6.196533441543579102e-01 6.032793521881103516e+00
3.946533203125000000e-01 6.034793376922607422e+00
8.446533083915710449e-01 6.036792278289794922e+00
2.821533083915710449e-01 6.038792133331298828e+00
7.321533560752868652e-01 6.040791988372802734e+00
5.071533322334289551e-01 6.042791366577148438e+00
9.571533203125000000e-01 6.044790744781494141e+00
1.415283232927322388e-01 6.046790599822998047e+00
5.915282964706420898e-01 6.048789978027343750e+00
3.665283024311065674e-01 6.050789833068847656e+00
8.165283203125000000e-01 6.052789688110351562e+00
2.540283203125000000e-01 6.054788589477539062e+00
7.040283083915710449e-01 6.056788444519042969e+00
4.790283143520355225e-01 6.058788299560546875e+00
9.290283322334289551e-01 6.060788154602050781e+00
1.977783143520355225e-01 6.062787055969238281e+00
6.477783322334289551e-01 6.064786911010742188e+00
4.227783083915710449e-01 6.066786766052246094e+00
8.727782964706420898e-01 6.068786621093750000e+00
3.102783262729644775e-01 6.070785999298095703e+00
7.602783441543579102e-01 6.072785377502441406e+00
5.352783203125000000e-01 6.074785232543945312e+00
9.852783083915710449e-01 6.076784610748291016e+00
1.274658143520355225e-01 6.078784465789794922e+00
5.774658322334289551e-01 6.080783843994140625e+00
3.524658083915710449e-01 6.082783222198486328e+00
8.024657964706420898e-01 6.084783077239990234e+00
2.399658262729644775e-01 6.086782932281494141e+00
6.899658441543579102e-01 6.088781833648681641e+00
4.649657905101776123e-01 6.090781688690185547e+00
9.149658083915710449e-01 6.092781543731689453e+00
1.837158203125000000e-01 6.094780921936035156e+00
6.337158083915710449e-01 6.096780776977539062e+00
4.087158143520355225e-01 6.098780155181884766e+00
8.587158322334289551e-01 6.100779533386230469e+00
2.962158024311065674e-01 6.102779388427734375e+00
7.462158203125000000e-01 6.104779243469238281e+00
5.212157964706420898e-01 6.106778144836425781e+00
9.712158441543579102e-01 6.108777999877929688e+00
1.555908173322677612e-01 6.110777854919433594e+00
6.055908203125000000e-01 6.112777709960937500e+00
3.805907964706420898e-01 6.114777565002441406e+00
8.305908441543579102e-01 6.116776466369628906e+00
2.680908143520355225e-01 6.118776321411132812e+00
7.180908322334289551e-01 6.120776176452636719e+00
4.930908083915710449e-01 6.122775554656982422e+00
9.430907964706420898e-01 6.124774932861328125e+00
2.118408083915710449e-01 6.126774787902832031e+00
6.618408560752868652e-01 6.128774166107177734e+00
4.368408024311065674e-01 6.130774021148681641e+00
8.868408203125000000e-01 6.132773399353027344e+00
3.243408203125000000e-01 6.134772777557373047e+00
7.743408083915710449e-01 6.136772632598876953e+00
5.493408441543579102e-01 6.138772487640380859e+00
9.993408322334289551e-01 6.140771865844726562e+00
1.006591841578483582e-01 6.142771244049072266e+00
5.506591796875000000e-01 6.144771099090576172e+00
3.256591856479644775e-01 6.146770477294921875e+00
7.756592035293579102e-01 6.148770332336425781e+00
2.131591737270355225e-01 6.150769710540771484e+00
6.631591916084289551e-01 6.152769088745117188e+00
4.381591677665710449e-01 6.154768943786621094e+00
8.881591558456420898e-01 6.156768798828125000e+00
1.569091826677322388e-01 6.158768653869628906e+00
6.069092154502868652e-01 6.160767555236816406e+00
3.819091618061065674e-01 6.162767410278320312e+00
8.319091796875000000e-01 6.164767265319824219e+00
2.694091796875000000e-01 6.166767120361328125e+00
7.194091677665710449e-01 6.168766021728515625e+00
4.944091737270355225e-01 6.170765876770019531e+00
9.444091916084289551e-01 6.172765731811523438e+00
1.287841796875000000e-01 6.174765110015869141e+00
5.787841677665710449e-01 6.176764488220214844e+00
3.537841737270355225e-01 6.178764343261718750e+00
8.037841916084289551e-01 6.180763721466064453e+00
2.412841916084289551e-01 6.182763576507568359e+00
6.912841796875000000e-01 6.184763431549072266e+00
4.662841558456420898e-01 6.186762332916259766e+00
9.162842035293579102e-01 6.188762187957763672e+00
1.850341856479644775e-01 6.190762042999267578e+00
6.350342035293579102e-01 6.192761421203613281e+00
4.100341796875000000e-01 6.194760799407958984e+00
8.600341677665710449e-01 6.196760654449462891e+00
2.975341677665710449e-01 6.198760032653808594e+00
7.475342154502868652e-01 6.200759887695312500e+00
5.225341916084289551e-01 6.202759742736816406e+00
9.725341796875000000e-01 6.204758644104003906e+00
1.147216781973838806e-01 6.206758499145507812e+00
5.647217035293579102e-01 6.208758354187011719e+00
3.397216796875000000e-01 6.210758209228515625e+00
7.897216677665710449e-01 6.212757110595703125e+00
2.272216677665710449e-01 6.214756965637207031e+00
6.772217154502868652e-01 6.216756820678710938e+00
4.522216618061065674e-01 6.218756675720214844e+00
9.022216796875000000e-01 6.220755577087402344e+00
1.709716767072677612e-01 6.222755432128906250e+00
6.209716796875000000e-01 6.224755287170410156e+00
3.959716558456420898e-01 6.226754665374755859e+00
8.459717035293579102e-01 6.228754520416259766e+00
2.834716737270355225e-01 6.230753898620605469e+00
7.334716916084289551e-01 6.232753276824951172e+00
5.084716677665710449e-01 6.234753131866455078e+00
9.584716558456420898e-01 6.236752986907958984e+00
1.428466737270355225e-01 6.238751888275146484e+00
5.928466916084289551e-01 6.240751743316650391e+00
3.678466677665710449e-01 6.242751598358154297e+00
8.178466558456420898e-01 6.244750976562500000e+00
2.553466856479644775e-01 6.246750354766845703e+00
7.053467035293579102e-01 6.248750209808349609e+00
4.803466498851776123e-01 6.250749588012695312e+00
9.303466677665710449e-01 6.252749443054199219e+00
1.990966796875000000e-01 6.254749298095703125e+00
6.490966677665710449e-01 6.256748199462890625e+00
4.240966737270355225e-01 6.258748054504394531e+00
8.740966916084289551e-01 6.260747909545898438e+00
3.115966618061065674e-01 6.262747764587402344e+00
7.615966796875000000e-01 6.264746665954589844e+00
5.365966558456420898e-01 6.266746520996093750e+00
9.865967035293579102e-01 6.268746376037597656e+00
1.076904311776161194e-01 6.270746231079101562e+00
5.576904416084289551e-01 6.272745609283447266e+00
3.326904177665710449e-01 6.274744987487792969e+00
7.826904058456420898e-01 6.276744842529296875e+00
2.201904356479644775e-01 6.278744220733642578e+00
6.701904535293579102e-01 6.280744075775146484e+00
4.451903998851776123e-01 6.282743453979492188e+00
8.951904177665710449e-01 6.284742832183837891e+00
1.639404296875000000e-01 6.286742687225341797e+00
6.139404177665710449e-01 6.288742542266845703e+00
3.889404237270355225e-01 6.290741443634033203e+00
8.389404416084289551e-01 6.292741298675537109e+00
2.764404118061065674e-01 6.294741153717041016e+00
7.264404296875000000e-01 6.296740531921386719e+00
5.014404058456420898e-01 6.298740386962890625e+00
9.514404535293579102e-01 6.300739765167236328e+00
1.358154267072677612e-01 6.302739143371582031e+00
5.858154296875000000e-01 6.304738998413085938e+00
3.608154058456420898e-01 6.306738853454589844e+00
8.108154535293579102e-01 6.308737754821777344e+00
2.483154237270355225e-01 6.310737609863281250e+00
6.983154416084289551e-01 6.312737464904785156e+00
4.733154177665710449e-01 6.314737319946289062e+00
9.233154058456420898e-01 6.316737174987792969e+00
1.920654177665710449e-01 6.318736076354980469e+00
6.420654654502868652e-01 6.320735931396484375e+00
4.170654118061065674e-01 6.322735786437988281e+00
8.670654296875000000e-01 6.324735164642333984e+00
3.045654296875000000e-01 6.326734542846679688e+00
7.545654177665710449e-01 6.328734397888183594e+00
5.295654535293579102e-01 6.330733776092529297e+00
9.795654416084289551e-01 6.332733631134033203e+00
1.217529326677322388e-01 6.334733009338378906e+00
5.717529058456420898e-01 6.336732387542724609e+00
3.467529118061065674e-01 6.338732242584228516e+00
7.967529296875000000e-01 6.340732097625732422e+00
2.342529296875000000e-01 6.342731475830078125e+00
6.842529177665710449e-01 6.344730854034423828e+00
4.592529237270355225e-01 6.346730709075927734e+00
9.092529416084289551e-01 6.348730087280273438e+00
1.780029237270355225e-01 6.350729942321777344e+00
6.280029416084289551e-01 6.352729320526123047e+00
4.030029177665710449e-01 6.354728698730468750e+00
8.530029058456420898e-01 6.356728553771972656e+00
2.905029356479644775e-01 6.358728408813476562e+00
7.405029535293579102e-01 6.360728263854980469e+00
5.155029296875000000e-01 6.362727165222167969e+00
9.655029177665710449e-01 6.364727020263671875e+00
1.498779356479644775e-01 6.366726875305175781e+00
5.998779535293579102e-01 6.368726730346679688e+00
3.748779296875000000e-01 6.370725631713867188e+00
8.248779177665710449e-01 6.372725486755371094e+00
2.623779177665710449e-01 6.374725341796875000e+00
7.123779654502868652e-01 6.376724720001220703e+00
4.873779118061065674e-01 6.378724098205566406e+00
9.373779296875000000e-01 6.380723953247070312e+00
2.061279267072677612e-01 6.382723331451416016e+00
6.561279296875000000e-01 6.384723186492919922e+00
4.311279058456420898e-01 6.386723041534423828e+00
8.811279535293579102e-01 6.388721942901611328e+00
3.186279237270355225e-01 6.390721797943115234e+00
7.686279416084289551e-01 6.392721652984619141e+00
5.436279177665710449e-01 6.394721031188964844e+00
9.936279058456420898e-01 6.396720409393310547e+00
1.041748076677322388e-01 6.398720264434814453e+00
5.541747808456420898e-01 6.400719642639160156e+00
3.291747868061065674e-01 6.402719497680664062e+00
7.791748046875000000e-01 6.404719352722167969e+00
2.166748046875000000e-01 6.406718254089355469e+00
6.666747927665710449e-01 6.408718109130859375e+00
4.416747987270355225e-01 6.410717964172363281e+00
8.916748166084289551e-01 6.412717819213867188e+00
1.604247987270355225e-01 6.414716720581054688e+00
6.104248166084289551e-01 6.416716575622558594e+00
3.854247927665710449e-01 6.418716430664062500e+00
8.354247808456420898e-01 6.420716285705566406e+00
2.729248106479644775e-01 6.422715187072753906e+00
7.229248285293579102e-01 6.424715042114257812e+00
4.979247748851776123e-01 6.426714897155761719e+00
9.479247927665710449e-01 6.428714275360107422e+00
1.322998106479644775e-01 6.430714130401611328e+00
5.822998285293579102e-01 6.432713508605957031e+00
3.572998046875000000e-01 6.434712886810302734e+00
8.072997927665710449e-01 6.436712741851806641e+00
2.447997927665710449e-01 6.438712596893310547e+00
6.947998404502868652e-01 6.440711498260498047e+00
4.697997868061065674e-01 6.442711353302001953e+00
9.197998046875000000e-01 6.444711208343505859e+00
1.885498017072677612e-01 6.446710586547851562e+00
6.385498046875000000e-01 6.448709964752197266e+00
4.135497808456420898e-01 6.450709819793701172e+00
8.635498285293579102e-01 6.452709197998046875e+00
3.010497987270355225e-01 6.454709053039550781e+00
7.510498166084289551e-01 6.456708908081054688e+00
5.260497927665710449e-01 6.458707809448242188e+00
9.760497808456420898e-01 6.460707664489746094e+00
1.182373017072677612e-01 6.462707519531250000e+00
5.682373046875000000e-01 6.464707374572753906e+00
3.432373106479644775e-01 6.466706275939941406e+00
7.932373285293579102e-01 6.468706130981445312e+00
2.307372987270355225e-01 6.470705986022949219e+00
6.807373166084289551e-01 6.472705841064453125e+00
4.557372927665710449e-01 6.474705219268798828e+00
9.057372808456420898e-01 6.476704597473144531e+00
1.744873076677322388e-01 6.478704452514648438e+00
6.244873404502868652e-01 6.480703830718994141e+00
3.994872868061065674e-01 6.482703685760498047e+00
8.494873046875000000e-01 6.484703063964843750e+00
2.869873046875000000e-01 6.486702442169189453e+00
7.369872927665710449e-01 6.488702297210693359e+00
5.119873285293579102e-01 6.490702152252197266e+00
9.619873166084289551e-01 6.492701053619384766e+00
1.463623046875000000e-01 6.494700908660888672e+00
5.963622927665710449e-01 6.496700763702392578e+00
3.713622987270355225e-01 6.498700141906738281e+00
8.213623166084289551e-01 6.500699996948242188e+00
2.588623166084289551e-01 6.502699375152587891e+00
7.088623046875000000e-01 6.504698753356933594e+00
4.838622808456420898e-01 6.506698608398437500e+00
9.338623285293579102e-01 6.508698463439941406e+00
2.026123106479644775e-01 6.510697364807128906e+00
6.526123285293579102e-01 6.512697219848632812e+00
4.276123046875000000e-01 6.514697074890136719e+00
8.776122927665710449e-01 6.516696929931640625e+00
3.151122927665710449e-01 6.518696784973144531e+00
7.651123404502868652e-01 6.520695686340332031e+00
5.401123166084289551e-01 6.522695541381835938e+00
9.901123046875000000e-01 6.524695396423339844e+00
1.112060546875000000e-01 6.526694774627685547e+00
5.612060427665710449e-01 6.528694152832031250e+00
3.362060487270355225e-01 6.530694007873535156e+00
7.862060666084289551e-01 6.532693386077880859e+00
2.237060517072677612e-01 6.534693241119384766e+00
6.737060546875000000e-01 6.536692619323730469e+00
4.487060308456420898e-01 6.538691997528076172e+00
8.987060785293579102e-01 6.540691852569580078e+00
1.674560606479644775e-01 6.542691707611083984e+00
6.174560785293579102e-01 6.544691085815429688e+00
3.924560546875000000e-01 6.546690464019775391e+00
8.424560427665710449e-01 6.548690319061279297e+00
2.799560427665710449e-01 6.550689697265625000e+00
7.299560904502868652e-01 6.552689552307128906e+00
5.049560666084289551e-01 6.554688930511474609e+00
9.549560546875000000e-01 6.556688308715820312e+00
1.393310576677322388e-01 6.558688163757324219e+00
5.893310308456420898e-01 6.560688018798828125e+00
3.643310368061065674e-01 6.562687873840332031e+00
8.143310546875000000e-01 6.564686775207519531e+00
2.518310546875000000e-01 6.566686630249023438e+00
7.018310427665710449e-01 6.568686485290527344e+00
4.768310487270355225e-01 6.570686340332031250e+00
9.268310666084289551e-01 6.572685241699218750e+00
1.955810487270355225e-01 6.574685096740722656e+00
6.455810666084289551e-01 6.576684951782226562e+00
4.205810427665710449e-01 6.578684329986572266e+00
8.705810308456420898e-01 6.580683708190917969e+00
3.080810606479644775e-01 6.582683563232421875e+00
7.580810785293579102e-01 6.584682941436767578e+00
5.330810546875000000e-01 6.586682796478271484e+00
9.830810427665710449e-01 6.588682651519775391e+00
1.252685487270355225e-01 6.590681552886962891e+00
5.752685666084289551e-01 6.592681407928466797e+00
3.502685427665710449e-01 6.594681262969970703e+00
8.002685308456420898e-01 6.596680641174316406e+00
2.377685606479644775e-01 6.598680019378662109e+00
6.877685785293579102e-01 6.600679874420166016e+00
4.627685248851776123e-01 6.602679252624511719e+00
9.127685427665710449e-01 6.604679107666015625e+00
1.815185546875000000e-01 6.606678485870361328e+00
6.315185427665710449e-01 6.608677864074707031e+00
4.065185487270355225e-01 6.610677719116210938e+00
8.565185666084289551e-01 6.612677574157714844e+00
2.940185368061065674e-01 6.614677429199218750e+00
7.440185546875000000e-01 6.616676330566406250e+00
5.190185308456420898e-01 6.618676185607910156e+00
9.690185785293579102e-01 6.620676040649414062e+00
1.533935517072677612e-01 6.622675895690917969e+00
6.033935546875000000e-01 6.624674797058105469e+00
3.783935308456420898e-01 6.626674652099609375e+00
8.283935785293579102e-01 6.628674507141113281e+00
2.658935487270355225e-01 6.630673885345458984e+00
7.158935666084289551e-01 6.632673740386962891e+00
4.908935427665710449e-01 6.634673118591308594e+00
9.408935308456420898e-01 6.636672496795654297e+00
2.096435427665710449e-01 6.638672351837158203e+00
6.596435904502868652e-01 6.640672206878662109e+00
4.346435368061065674e-01 6.642671108245849609e+00
8.846435546875000000e-01 6.644670963287353516e+00
3.221435546875000000e-01 6.646670818328857422e+00
7.721435427665710449e-01 6.648670196533203125e+00
5.471435785293579102e-01 6.650669574737548828e+00
9.971435666084289551e-01 6.652669429779052734e+00
1.024169921875000000e-01 6.654668807983398438e+00
5.524169802665710449e-01 6.656668663024902344e+00
3.274169862270355225e-01 6.658668518066406250e+00
7.774170041084289551e-01 6.660667419433593750e+00
2.149169892072677612e-01 6.662667274475097656e+00
6.649169921875000000e-01 6.664667129516601562e+00
4.399169683456420898e-01 6.666666984558105469e+00
8.899170160293579102e-01 6.668665885925292969e+00
1.586669981479644775e-01 6.670665740966796875e+00
6.086670160293579102e-01 6.672665596008300781e+00
3.836669921875000000e-01 6.674665451049804688e+00
8.336669802665710449e-01 6.676664829254150391e+00
2.711669802665710449e-01 6.678664207458496094e+00
7.211670279502868652e-01 6.680664062500000000e+00
4.961669743061065674e-01 6.682663440704345703e+00
9.461669921875000000e-01 6.684663295745849609e+00
1.305419951677322388e-01 6.686662673950195312e+00
5.805419683456420898e-01 6.688662052154541016e+00
3.555419743061065674e-01 6.690661907196044922e+00
8.055419921875000000e-01 6.692661762237548828e+00
2.430419921875000000e-01 6.694660663604736328e+00
6.930419802665710449e-01 6.696660518646240234e+00
4.680419862270355225e-01 6.698660373687744141e+00
9.180420041084289551e-01 6.700659751892089844e+00
1.867919862270355225e-01 6.702659606933593750e+00
6.367920041084289551e-01 6.704658985137939453e+00
4.117919802665710449e-01 6.706658363342285156e+00
8.617919683456420898e-01 6.708658218383789062e+00
2.992919981479644775e-01 6.710658073425292969e+00
7.492920160293579102e-01 6.712656974792480469e+00
5.242919921875000000e-01 6.714656829833984375e+00
9.742919802665710449e-01 6.716656684875488281e+00
1.164794936776161194e-01 6.718656539916992188e+00
5.664795041084289551e-01 6.720656394958496094e+00
3.414794802665710449e-01 6.722655296325683594e+00
7.914794683456420898e-01 6.724655151367187500e+00
2.289794981479644775e-01 6.726655006408691406e+00
6.789795160293579102e-01 6.728654384613037109e+00
4.539794623851776123e-01 6.730653762817382812e+00
9.039794802665710449e-01 6.732653617858886719e+00
1.727294921875000000e-01 6.734652996063232422e+00
6.227294802665710449e-01 6.736652851104736328e+00
3.977294862270355225e-01 6.738652229309082031e+00
8.477295041084289551e-01 6.740651607513427734e+00
2.852294743061065674e-01 6.742651462554931641e+00
7.352294921875000000e-01 6.744651317596435547e+00
5.102294683456420898e-01 6.746650695800781250e+00
9.602295160293579102e-01 6.748650074005126953e+00
1.446044892072677612e-01 6.750649929046630859e+00
5.946044921875000000e-01 6.752649307250976562e+00
3.696044683456420898e-01 6.754649162292480469e+00
8.196045160293579102e-01 6.756648540496826172e+00
2.571044862270355225e-01 6.758647918701171875e+00
7.071045041084289551e-01 6.760647773742675781e+00
4.821044802665710449e-01 6.762647628784179688e+00
9.321044683456420898e-01 6.764647483825683594e+00
2.008544802665710449e-01 6.766646385192871094e+00
6.508545279502868652e-01 6.768646240234375000e+00
4.258544743061065674e-01 6.770646095275878906e+00
8.758544921875000000e-01 6.772645950317382812e+00
3.133544921875000000e-01 6.774644851684570312e+00
7.633544802665710449e-01 6.776644706726074219e+00
5.383545160293579102e-01 6.778644561767578125e+00
9.883545041084289551e-01 6.780643939971923828e+00
1.094482466578483582e-01 6.782643318176269531e+00
5.594482421875000000e-01 6.784643173217773438e+00
3.344482481479644775e-01 6.786642551422119141e+00
7.844482660293579102e-01 6.788642406463623047e+00
2.219482362270355225e-01 6.790642261505126953e+00
6.719482541084289551e-01 6.792641162872314453e+00
4.469482302665710449e-01 6.794641017913818359e+00
8.969482183456420898e-01 6.796640872955322266e+00
1.656982451677322388e-01 6.798640251159667969e+00
6.156982779502868652e-01 6.800639629364013672e+00
3.906982243061065674e-01 6.802639484405517578e+00
8.406982421875000000e-01 6.804638862609863281e+00
2.781982421875000000e-01 6.806638717651367188e+00
7.281982302665710449e-01 6.808638095855712891e+00
5.031982660293579102e-01 6.810637474060058594e+00
9.531982541084289551e-01 6.812637329101562500e+00
1.375732421875000000e-01 6.814637184143066406e+00
5.875732302665710449e-01 6.816637039184570312e+00
3.625732362270355225e-01 6.818635940551757812e+00
8.125732541084289551e-01 6.820635795593261719e+00
2.500732541084289551e-01 6.822635650634765625e+00
7.000732421875000000e-01 6.824635505676269531e+00
4.750732183456420898e-01 6.826634407043457031e+00
9.250732660293579102e-01 6.828634262084960938e+00
1.938232481479644775e-01 6.830634117126464844e+00
6.438232660293579102e-01 6.832633495330810547e+00
4.188232421875000000e-01 6.834633350372314453e+00
8.688232302665710449e-01 6.836632728576660156e+00
3.063232302665710449e-01 6.838632106781005859e+00
7.563232779502868652e-01 6.840631961822509766e+00
5.313232541084289551e-01 6.842631816864013672e+00
9.813232421875000000e-01 6.844630718231201172e+00
1.235107406973838806e-01 6.846630573272705078e+00
5.735107660293579102e-01 6.848630428314208984e+00
3.485107421875000000e-01 6.850629806518554688e+00
7.985107302665710449e-01 6.852629184722900391e+00
2.360107302665710449e-01 6.854629039764404297e+00
6.860107779502868652e-01 6.856628417968750000e+00
4.610107243061065674e-01 6.858628273010253906e+00
9.110107421875000000e-01 6.860628128051757812e+00
1.797607392072677612e-01 6.862627029418945312e+00
6.297607421875000000e-01 6.864626884460449219e+00
4.047607183456420898e-01 6.866626739501953125e+00
8.547607660293579102e-01 6.868626594543457031e+00
2.922607362270355225e-01 6.870625495910644531e+00
7.422607541084289551e-01 6.872625350952148438e+00
5.172607302665710449e-01 6.874625205993652344e+00
9.672607183456420898e-01 6.876625061035156250e+00
1.516357362270355225e-01 6.878624439239501953e+00
6.016357541084289551e-01 6.880623817443847656e+00
3.766357302665710449e-01 6.882623672485351562e+00
8.266357183456420898e-01 6.884623050689697266e+00
2.641357481479644775e-01 6.886622905731201172e+00
7.141357660293579102e-01 6.888622283935546875e+00
4.891357123851776123e-01 6.890621662139892578e+00
9.391357302665710449e-01 6.892621517181396484e+00
2.078857421875000000e-01 6.894621372222900391e+00
6.578857302665710449e-01 6.896620273590087891e+00
4.328857362270355225e-01 6.898620128631591797e+00
8.828857541084289551e-01 6.900619983673095703e+00
3.203857243061065674e-01 6.902619361877441406e+00
7.703857421875000000e-01 6.904619216918945312e+00
5.453857183456420898e-01 6.906618595123291016e+00
9.953857660293579102e-01 6.908617973327636719e+00
1.059326156973838806e-01 6.910617828369140625e+00
5.559326410293579102e-01 6.912617683410644531e+00
3.309326171875000000e-01 6.914616584777832031e+00
7.809326052665710449e-01 6.916616439819335938e+00
2.184326052665710449e-01 6.918616294860839844e+00
6.684326529502868652e-01 6.920616149902343750e+00
4.434325993061065674e-01 6.922616004943847656e+00
8.934326171875000000e-01 6.924614906311035156e+00
1.621826142072677612e-01 6.926614761352539062e+00
6.121826171875000000e-01 6.928614616394042969e+00
3.871825933456420898e-01 6.930613994598388672e+00
8.371826410293579102e-01 6.932613372802734375e+00
2.746826112270355225e-01 6.934613227844238281e+00
7.246826291084289551e-01 6.936612606048583984e+00
4.996826052665710449e-01 6.938612461090087891e+00
9.496825933456420898e-01 6.940611839294433594e+00
1.340576112270355225e-01 6.942611217498779297e+00
5.840576291084289551e-01 6.944611072540283203e+00
3.590576052665710449e-01 6.946610927581787109e+00
8.090575933456420898e-01 6.948610305786132812e+00
2.465576231479644775e-01 6.950609683990478516e+00
6.965576410293579102e-01 6.952609539031982422e+00
4.715575873851776123e-01 6.954608917236328125e+00
9.215576052665710449e-01 6.956608772277832031e+00
1.903076171875000000e-01 6.958608150482177734e+00
6.403076052665710449e-01 6.960607528686523438e+00
4.153076112270355225e-01 6.962607383728027344e+00
8.653076291084289551e-01 6.964607238769531250e+00
3.028075993061065674e-01 6.966607093811035156e+00
7.528076171875000000e-01 6.968605995178222656e+00
5.278075933456420898e-01 6.970605850219726562e+00
9.778076410293579102e-01 6.972605705261230469e+00
1.199951171875000000e-01 6.974605560302734375e+00
5.699951052665710449e-01 6.976604461669921875e+00
3.449951112270355225e-01 6.978604316711425781e+00
7.949951291084289551e-01 6.980604171752929688e+00
2.324951291084289551e-01 6.982603549957275391e+00
6.824951171875000000e-01 6.984602928161621094e+00
4.574950933456420898e-01 6.986602783203125000e+00
9.074951410293579102e-01 6.988602161407470703e+00
1.762451231479644775e-01 6.990602016448974609e+00
6.262451410293579102e-01 6.992601871490478516e+00
4.012451171875000000e-01 6.994600772857666016e+00
8.512451052665710449e-01 6.996600627899169922e+00
2.887451052665710449e-01 6.998600482940673828e+00
7.387451529502868652e-01 7.000599861145019531e+00
5.137451291084289551e-01 7.002599239349365234e+00
9.637451171875000000e-01 7.004599094390869141e+00
1.481201201677322388e-01 7.006598472595214844e+00
5.981200933456420898e-01 7.008598327636718750e+00
3.731200993061065674e-01 7.010597705841064453e+00
8.231201171875000000e-01 7.012597084045410156e+00
2.606201171875000000e-01 7.014596939086914062e+00
7.106201052665710449e-01 7.016596794128417969e+00
4.856201112270355225e-01 7.018596649169921875e+00
9.356201291084289551e-01 7.020595550537109375e+00
2.043701112270355225e-01 7.022595405578613281e+00
6.543701291084289551e-01 7.024595260620117188e+00
4.293701052665710449e-01 7.026595115661621094e+00
8.793700933456420898e-01 7.028594017028808594e+00
3.168701231479644775e-01 7.030593872070312500e+00
7.668701410293579102e-01 7.032593727111816406e+00
5.418701171875000000e-01 7.034593105316162109e+00
9.918701052665710449e-01 7.036592960357666016e+00
1.129638701677322388e-01 7.038592338562011719e+00
5.629638433456420898e-01 7.040591716766357422e+00
3.379638493061065674e-01 7.042591571807861328e+00
7.879638671875000000e-01 7.044591426849365234e+00
2.254638671875000000e-01 7.046590328216552734e+00
6.754638552665710449e-01 7.048590183258056641e+00
4.504638612270355225e-01 7.050590038299560547e+00
9.004638791084289551e-01 7.052589416503906250e+00
1.692138612270355225e-01 7.054588794708251953e+00
6.192138791084289551e-01 7.056588649749755859e+00
3.942138552665710449e-01 7.058588027954101562e+00
8.442138433456420898e-01 7.060587882995605469e+00
2.817138731479644775e-01 7.062587738037109375e+00
7.317138910293579102e-01 7.064586639404296875e+00
5.067138671875000000e-01 7.066586494445800781e+00
9.567138552665710449e-01 7.068586349487304688e+00
1.410888731479644775e-01 7.070586204528808594e+00
5.910888910293579102e-01 7.072585105895996094e+00
3.660888671875000000e-01 7.074584960937500000e+00
8.160888552665710449e-01 7.076584815979003906e+00
2.535888552665710449e-01 7.078584671020507812e+00
7.035889029502868652e-01 7.080584049224853516e+00
4.785888493061065674e-01 7.082583427429199219e+00
9.285888671875000000e-01 7.084583282470703125e+00
1.973388642072677612e-01 7.086582660675048828e+00
6.473388671875000000e-01 7.088582515716552734e+00
4.223388433456420898e-01 7.090581893920898438e+00
8.723388910293579102e-01 7.092581272125244141e+00
3.098388612270355225e-01 7.094581127166748047e+00
7.598388791084289551e-01 7.096580982208251953e+00
5.348388552665710449e-01 7.098579883575439453e+00
9.848388433456420898e-01 7.100579738616943359e+00
1.270263642072677612e-01 7.102579593658447266e+00
5.770263671875000000e-01 7.104578971862792969e+00
3.520263433456420898e-01 7.106578826904296875e+00
8.020263910293579102e-01 7.108578205108642578e+00
2.395263612270355225e-01 7.110577583312988281e+00
6.895263791084289551e-01 7.112577438354492188e+00
4.645263552665710449e-01 7.114577293395996094e+00
9.145263433456420898e-01 7.116576194763183594e+00
1.832763701677322388e-01 7.118576049804687500e+00
6.332764029502868652e-01 7.120575904846191406e+00
4.082763493061065674e-01 7.122575759887695312e+00
8.582763671875000000e-01 7.124575614929199219e+00
2.957763671875000000e-01 7.126574516296386719e+00
7.457763552665710449e-01 7.128574371337890625e+00
5.207763910293579102e-01 7.130574226379394531e+00
9.707763791084289551e-01 7.132573604583740234e+00
1.551513671875000000e-01 7.134572982788085938e+00
6.051513552665710449e-01 7.136572837829589844e+00
3.801513612270355225e-01 7.138572216033935547e+00
8.301513791084289551e-01 7.140572071075439453e+00
2.676513791084289551e-01 7.142571449279785156e+00
7.176513671875000000e-01 7.144570827484130859e+00
4.926513433456420898e-01 7.146570682525634766e+00
9.426513910293579102e-01 7.148570537567138672e+00
2.114013731479644775e-01 7.150569915771484375e+00
6.614013910293579102e-01 7.152569293975830078e+00
4.364013671875000000e-01 7.154569149017333984e+00
8.864013552665710449e-01 7.156568527221679688e+00
3.239013552665710449e-01 7.158568382263183594e+00
7.739014029502868652e-01 7.160567760467529297e+00
5.489013791084289551e-01 7.162567138671875000e+00
9.989013671875000000e-01 7.164566993713378906e+00
1.015380844473838806e-01 7.166566848754882812e+00
5.515381097793579102e-01 7.168566703796386719e+00
3.265380859375000000e-01 7.170565605163574219e+00
7.765380740165710449e-01 7.172565460205078125e+00
2.140380740165710449e-01 7.174565315246582031e+00
6.640381217002868652e-01 7.176565170288085938e+00
4.390380680561065674e-01 7.178564071655273438e+00
8.890380859375000000e-01 7.180563926696777344e+00
1.577880829572677612e-01 7.182563781738281250e+00
6.077880859375000000e-01 7.184563159942626953e+00
3.827880620956420898e-01 7.186562538146972656e+00
8.327881097793579102e-01 7.188562393188476562e+00
2.702880799770355225e-01 7.190561771392822266e+00
7.202880978584289551e-01 7.192561626434326172e+00
4.952880740165710449e-01 7.194561481475830078e+00
9.452880620956420898e-01 7.196560382843017578e+00
1.296630799770355225e-01 7.198560237884521484e+00
5.796630978584289551e-01 7.200560092926025391e+00
3.546630740165710449e-01 7.202559471130371094e+00
8.046630620956420898e-01 7.204558849334716797e+00
2.421630918979644775e-01 7.206558704376220703e+00
6.921631097793579102e-01 7.208558082580566406e+00
4.671630561351776123e-01 7.210557937622070312e+00
9.171630740165710449e-01 7.212557315826416016e+00
1.859130859375000000e-01 7.214556694030761719e+00
6.359130740165710449e-01 7.216556549072265625e+00
4.109130799770355225e-01 7.218556404113769531e+00
8.609130978584289551e-01 7.220556259155273438e+00
2.984130680561065674e-01 7.222555160522460938e+00
7.484130859375000000e-01 7.224555015563964844e+00
5.234130620956420898e-01 7.226554870605468750e+00
9.734131097793579102e-01 7.228554725646972656e+00
1.156005859375000000e-01 7.230553627014160156e+00
5.656005740165710449e-01 7.232553482055664062e+00
3.406005799770355225e-01 7.234553337097167969e+00
7.906005978584289551e-01 7.236552715301513672e+00
2.281005978584289551e-01 7.238552570343017578e+00
6.781005859375000000e-01 7.240551948547363281e+00
4.531005620956420898e-01 7.242551326751708984e+00
9.031006097793579102e-01 7.244551181793212891e+00
1.718505918979644775e-01 7.246551036834716797e+00
6.218506097793579102e-01 7.248549938201904297e+00
3.968505859375000000e-01 7.250549793243408203e+00
8.468505740165710449e-01 7.252549648284912109e+00
2.843505740165710449e-01 7.254549026489257812e+00
7.343506217002868652e-01 7.256548404693603516e+00
5.093505978584289551e-01 7.258548259735107422e+00
9.593505859375000000e-01 7.260547637939453125e+00
1.437255889177322388e-01 7.262547492980957031e+00
5.937255620956420898e-01 7.264547348022460938e+00
3.687255680561065674e-01 7.266546249389648438e+00
8.187255859375000000e-01 7.268546104431152344e+00
2.562255859375000000e-01 7.270545959472656250e+00
7.062255740165710449e-01 7.272545814514160156e+00
4.812255799770355225e-01 7.274544715881347656e+00
9.312255978584289551e-01 7.276544570922851562e+00
1.999755799770355225e-01 7.278544425964355469e+00
6.499755978584289551e-01 7.280544281005859375e+00
4.249755740165710449e-01 7.282543659210205078e+00
8.749755620956420898e-01 7.284543037414550781e+00
3.124755918979644775e-01 7.286542892456054688e+00
7.624756097793579102e-01 7.288542270660400391e+00
5.374755859375000000e-01 7.290542125701904297e+00
9.874755740165710449e-01 7.292541503906250000e+00
1.085693389177322388e-01 7.294540882110595703e+00
5.585693120956420898e-01 7.296540737152099609e+00
3.335693180561065674e-01 7.298540592193603516e+00
7.835693359375000000e-01 7.300539493560791016e+00
2.210693359375000000e-01 7.302539348602294922e+00
6.710693240165710449e-01 7.304539203643798828e+00
4.460693299770355225e-01 7.306538581848144531e+00
8.960693478584289551e-01 7.308538436889648438e+00
1.648193299770355225e-01 7.310537815093994141e+00
6.148193478584289551e-01 7.312537193298339844e+00
3.898193240165710449e-01 7.314537048339843750e+00
8.398193120956420898e-01 7.316536903381347656e+00
2.773193418979644775e-01 7.318535804748535156e+00
7.273193597793579102e-01 7.320535659790039062e+00
5.023193359375000000e-01 7.322535514831542969e+00
9.523193240165710449e-01 7.324535369873046875e+00
1.366943418979644775e-01 7.326535224914550781e+00
5.866943597793579102e-01 7.328534126281738281e+00
3.616943359375000000e-01 7.330533981323242188e+00
8.116943240165710449e-01 7.332533836364746094e+00
2.491943240165710449e-01 7.334533214569091797e+00
6.991943717002868652e-01 7.336532592773437500e+00
4.741943180561065674e-01 7.338532447814941406e+00
9.241943359375000000e-01 7.340531826019287109e+00
1.929443329572677612e-01 7.342531681060791016e+00
6.429443359375000000e-01 7.344531059265136719e+00
4.179443120956420898e-01 7.346530437469482422e+00
8.679443597793579102e-01 7.348530292510986328e+00
3.054443299770355225e-01 7.350530147552490234e+00
7.554443478584289551e-01 7.352529525756835938e+00
5.304443240165710449e-01 7.354528903961181641e+00
9.804443120956420898e-01 7.356528759002685547e+00
1.226318329572677612e-01 7.358528137207031250e+00
5.726318359375000000e-01 7.360527992248535156e+00
3.476318418979644775e-01 7.362527370452880859e+00
7.976318597793579102e-01 7.364526748657226562e+00
2.351318299770355225e-01 7.366526603698730469e+00
6.851318478584289551e-01 7.368526458740234375e+00
4.601318240165710449e-01 7.370525360107421875e+00
9.101318120956420898e-01 7.372525215148925781e+00
1.788818389177322388e-01 7.374525070190429688e+00
6.288818717002868652e-01 7.376524925231933594e+00
4.038818180561065674e-01 7.378524780273437500e+00
8.538818359375000000e-01 7.380523681640625000e+00
2.913818359375000000e-01 7.382523536682128906e+00
7.413818240165710449e-01 7.384523391723632812e+00
5.163818597793579102e-01 7.386522769927978516e+00
9.663818478584289551e-01 7.388522148132324219e+00
1.507568359375000000e-01 7.390522003173828125e+00
6.007568240165710449e-01 7.392521381378173828e+00
3.757568299770355225e-01 7.394521236419677734e+00
8.257568478584289551e-01 7.396521091461181641e+00
2.632568478584289551e-01 7.398519992828369141e+00
7.132568359375000000e-01 7.400519847869873047e+00
4.882568120956420898e-01 7.402519702911376953e+00
9.382568597793579102e-01 7.404519081115722656e+00
2.070068418979644775e-01 7.406518459320068359e+00
6.570068597793579102e-01 7.408518314361572266e+00
4.320068359375000000e-01 7.410517692565917969e+00
8.820068240165710449e-01 7.412517547607421875e+00
3.195068240165710449e-01 7.414516925811767578e+00
7.695068717002868652e-01 7.416516304016113281e+00
5.445068478584289551e-01 7.418516159057617188e+00
9.945068359375000000e-01 7.420516014099121094e+00
1.050537154078483582e-01 7.422515869140625000e+00
5.550537109375000000e-01 7.424514770507812500e+00
3.300537168979644775e-01 7.426514625549316406e+00
7.800537347793579102e-01 7.428514480590820312e+00
2.175537049770355225e-01 7.430514335632324219e+00
6.675537228584289551e-01 7.432513236999511719e+00
4.425536990165710449e-01 7.434513092041015625e+00
8.925536870956420898e-01 7.436512947082519531e+00
1.613037139177322388e-01 7.438512325286865234e+00
6.113037467002868652e-01 7.440512180328369141e+00
3.863036930561065674e-01 7.442511558532714844e+00
8.363037109375000000e-01 7.444510936737060547e+00
2.738037109375000000e-01 7.446510791778564453e+00
7.238036990165710449e-01 7.448510646820068359e+00
4.988037049770355225e-01 7.450509548187255859e+00
9.488037228584289551e-01 7.452509403228759766e+00
1.331787109375000000e-01 7.454509258270263672e+00
5.831786990165710449e-01 7.456508636474609375e+00
3.581787049770355225e-01 7.458508014678955078e+00
8.081787228584289551e-01 7.460507869720458984e+00
2.456787228584289551e-01 7.462507247924804688e+00
6.956787109375000000e-01 7.464507102966308594e+00
4.706786870956420898e-01 7.466506958007812500e+00
9.206787347793579102e-01 7.468505859375000000e+00
1.894287168979644775e-01 7.470505714416503906e+00
6.394287347793579102e-01 7.472505569458007812e+00
4.144287109375000000e-01 7.474505424499511719e+00
8.644286990165710449e-01 7.476504325866699219e+00
3.019286990165710449e-01 7.478504180908203125e+00
7.519287467002868652e-01 7.480504035949707031e+00
5.269287228584289551e-01 7.482503890991210938e+00
9.769287109375000000e-01 7.484503269195556641e+00
1.191162094473838806e-01 7.486502647399902344e+00
5.691162347793579102e-01 7.488502502441406250e+00
3.441162109375000000e-01 7.490501880645751953e+00
7.941161990165710449e-01 7.492501735687255859e+00
2.316161990165710449e-01 7.494501113891601562e+00
6.816162467002868652e-01 7.496500492095947266e+00
4.566161930561065674e-01 7.498500347137451172e+00
9.066162109375000000e-01 7.500500202178955078e+00
1.753662079572677612e-01 7.502499103546142578e+00
6.253662109375000000e-01 7.504498958587646484e+00
4.003661870956420898e-01 7.506498813629150391e+00
8.503662347793579102e-01 7.508498191833496094e+00
2.878662049770355225e-01 7.510498046875000000e+00
7.378662228584289551e-01 7.512497425079345703e+00
5.128661990165710449e-01 7.514496803283691406e+00
9.628661870956420898e-01 7.516496658325195312e+00
1.472412049770355225e-01 7.518496513366699219e+00
5.972412228584289551e-01 7.520495414733886719e+00
3.722411990165710449e-01 7.522495269775390625e+00
8.222411870956420898e-01 7.524495124816894531e+00
2.597412168979644775e-01 7.526494979858398438e+00
7.097412347793579102e-01 7.528494834899902344e+00
4.847411811351776123e-01 7.530493736267089844e+00
9.347411990165710449e-01 7.532493591308593750e+00
2.034912109375000000e-01 7.534493446350097656e+00
6.534911990165710449e-01 7.536492824554443359e+00
4.284912049770355225e-01 7.538492202758789062e+00
8.784912228584289551e-01 7.540492057800292969e+00
3.159911930561065674e-01 7.542491436004638672e+00
7.659912109375000000e-01 7.544491291046142578e+00
5.409911870956420898e-01 7.546490669250488281e+00
9.909912347793579102e-01 7.548490047454833984e+00
1.120849624276161194e-01 7.550489902496337891e+00
5.620849728584289551e-01 7.552489757537841797e+00
3.370849490165710449e-01 7.554489135742187500e+00
7.870849370956420898e-01 7.556488513946533203e+00
2.245849668979644775e-01 7.558488368988037109e+00
6.745849847793579102e-01 7.560487747192382812e+00
4.495849311351776123e-01 7.562487602233886719e+00
8.995849490165710449e-01 7.564486980438232422e+00
1.683349609375000000e-01 7.566486358642578125e+00
6.183349490165710449e-01 7.568486213684082031e+00
3.933349549770355225e-01 7.570486068725585938e+00
8.433349728584289551e-01 7.572484970092773438e+00
2.808349430561065674e-01 7.574484825134277344e+00
7.308349609375000000e-01 7.576484680175781250e+00
5.058349370956420898e-01 7.578484535217285156e+00
9.558349847793579102e-01 7.580484390258789062e+00
1.402099579572677612e-01 7.582483291625976562e+00
5.902099609375000000e-01 7.584483146667480469e+00
3.652099370956420898e-01 7.586483001708984375e+00
8.152099847793579102e-01 7.588482379913330078e+00
2.527099549770355225e-01 7.590481758117675781e+00
7.027099728584289551e-01 7.592481613159179688e+00
4.777099490165710449e-01 7.594480991363525391e+00
9.277099370956420898e-01 7.596480846405029297e+00
1.964599490165710449e-01 7.598480701446533203e+00
6.464599967002868652e-01 7.600479602813720703e+00
4.214599430561065674e-01 7.602479457855224609e+00
8.714599609375000000e-01 7.604479312896728516e+00
3.089599609375000000e-01 7.606478691101074219e+00
7.589599490165710449e-01 7.608478069305419922e+00
5.339599847793579102e-01 7.610477924346923828e+00
9.839599728584289551e-01 7.612477302551269531e+00
1.261474639177322388e-01 7.614477157592773438e+00
5.761474370956420898e-01 7.616476535797119141e+00
3.511474430561065674e-01 7.618475914001464844e+00
8.011474609375000000e-01 7.620475769042968750e+00
2.386474609375000000e-01 7.622475624084472656e+00
6.886474490165710449e-01 7.624475479125976562e+00
4.636474549770355225e-01 7.626474380493164062e+00
9.136474728584289551e-01 7.628474235534667969e+00
1.823974549770355225e-01 7.630474090576171875e+00
6.323974728584289551e-01 7.632473945617675781e+00
4.073974490165710449e-01 7.634472846984863281e+00
8.573974370956420898e-01 7.636472702026367188e+00
2.948974668979644775e-01 7.638472557067871094e+00
7.448974847793579102e-01 7.640471935272216797e+00
5.198974609375000000e-01 7.642471790313720703e+00
9.698974490165710449e-01 7.644471168518066406e+00
1.542724668979644775e-01 7.646470546722412109e+00
6.042724847793579102e-01 7.648470401763916016e+00
3.792724609375000000e-01 7.650470256805419922e+00
8.292724490165710449e-01 7.652469158172607422e+00
2.667724490165710449e-01 7.654469013214111328e+00
7.167724967002868652e-01 7.656468868255615234e+00
4.917724430561065674e-01 7.658468246459960938e+00
9.417724609375000000e-01 7.660467624664306641e+00
2.105224579572677612e-01 7.662467479705810547e+00
6.605224609375000000e-01 7.664466857910156250e+00
4.355224370956420898e-01 7.666466712951660156e+00
8.855224847793579102e-01 7.668466567993164062e+00
3.230224549770355225e-01 7.670465469360351562e+00
7.730224728584289551e-01 7.672465324401855469e+00
5.480224490165710449e-01 7.674465179443359375e+00
9.980224370956420898e-01 7.676465034484863281e+00
1.032958999276161194e-01 7.678463935852050781e+00
5.532959103584289551e-01 7.680463790893554688e+00
3.282958865165710449e-01 7.682463645935058594e+00
7.782958745956420898e-01 7.684463500976562500e+00
2.157959043979644775e-01 7.686462879180908203e+00
6.657959222793579102e-01 7.688462257385253906e+00
4.407958686351776123e-01 7.690462112426757812e+00
8.907958865165710449e-01 7.692461490631103516e+00
1.595458984375000000e-01 7.694461345672607422e+00
6.095458865165710449e-01 7.696460723876953125e+00
3.845458924770355225e-01 7.698460102081298828e+00
8.345459103584289551e-01 7.700459957122802734e+00
2.720458805561065674e-01 7.702459812164306641e+00
7.220458984375000000e-01 7.704458713531494141e+00
4.970458745956420898e-01 7.706458568572998047e+00
9.470459222793579102e-01 7.708458423614501953e+00
1.314208954572677612e-01 7.710457801818847656e+00
5.814208984375000000e-01 7.712457656860351562e+00
3.564208745956420898e-01 7.714457035064697266e+00
8.064209222793579102e-01 7.716456413269042969e+00
2.439208924770355225e-01 7.718456268310546875e+00
6.939209103584289551e-01 7.720456123352050781e+00
4.689208865165710449e-01 7.722455024719238281e+00
9.189208745956420898e-01 7.724454879760742188e+00
1.876708865165710449e-01 7.726454734802246094e+00
6.376709342002868652e-01 7.728454589843750000e+00
4.126708805561065674e-01 7.730454444885253906e+00
8.626708984375000000e-01 7.732453346252441406e+00
3.001708984375000000e-01 7.734453201293945312e+00
7.501708865165710449e-01 7.736453056335449219e+00
5.251709222793579102e-01 7.738452434539794922e+00
9.751709103584289551e-01 7.740451812744140625e+00
1.173584014177322388e-01 7.742451667785644531e+00
5.673583745956420898e-01 7.744451045989990234e+00
3.423583805561065674e-01 7.746450901031494141e+00
7.923583984375000000e-01 7.748450279235839844e+00
2.298583984375000000e-01 7.750449657440185547e+00
6.798583865165710449e-01 7.752449512481689453e+00
4.548583924770355225e-01 7.754449367523193359e+00
9.048584103584289551e-01 7.756448745727539062e+00
1.736083924770355225e-01 7.758448123931884766e+00
6.236084103584289551e-01 7.760447978973388672e+00
3.986083865165710449e-01 7.762447357177734375e+00
8.486083745956420898e-01 7.764447212219238281e+00
2.861084043979644775e-01 7.766446590423583984e+00
7.361084222793579102e-01 7.768445968627929688e+00
5.111083984375000000e-01 7.770445823669433594e+00
9.611083865165710449e-01 7.772445678710937500e+00
1.454834043979644775e-01 7.774444580078125000e+00
5.954834222793579102e-01 7.776444435119628906e+00
3.704833984375000000e-01 7.778444290161132812e+00
8.204833865165710449e-01 7.780444145202636719e+00
2.579833865165710449e-01 7.782444000244140625e+00
7.079834342002868652e-01 7.784442901611328125e+00
4.829833805561065674e-01 7.786442756652832031e+00
9.329833984375000000e-01 7.788442611694335938e+00
2.017333954572677612e-01 7.790441989898681641e+00
6.517333984375000000e-01 7.792441368103027344e+00
4.267333745956420898e-01 7.794441223144531250e+00
8.767334222793579102e-01 7.796440601348876953e+00
3.142333924770355225e-01 7.798440456390380859e+00
7.642334103584289551e-01 7.800440311431884766e+00
5.392333865165710449e-01 7.802439212799072266e+00
9.892333745956420898e-01 7.804439067840576172e+00
1.103271469473838806e-01 7.806438922882080078e+00
5.603271722793579102e-01 7.808438301086425781e+00
3.353271484375000000e-01 7.810437679290771484e+00
7.853271365165710449e-01 7.812437534332275391e+00
2.228271365165710449e-01 7.814436912536621094e+00
6.728271842002868652e-01 7.816436767578125000e+00
4.478271305561065674e-01 7.818436145782470703e+00
8.978271484375000000e-01 7.820435523986816406e+00
1.665771454572677612e-01 7.822435379028320312e+00
6.165771484375000000e-01 7.824435234069824219e+00
3.915771245956420898e-01 7.826435089111328125e+00
8.415771722793579102e-01 7.828433990478515625e+00
2.790771424770355225e-01 7.830433845520019531e+00
7.290771603584289551e-01 7.832433700561523438e+00
5.040771365165710449e-01 7.834433555603027344e+00
9.540771245956420898e-01 7.836432456970214844e+00
1.384521424770355225e-01 7.838432312011718750e+00
5.884521603584289551e-01 7.840432167053222656e+00
3.634521365165710449e-01 7.842431545257568359e+00
8.134521245956420898e-01 7.844431400299072266e+00
2.509521543979644775e-01 7.846430778503417969e+00
7.009521722793579102e-01 7.848430156707763672e+00
4.759521186351776123e-01 7.850430011749267578e+00
9.259521365165710449e-01 7.852429866790771484e+00
1.947021484375000000e-01 7.854428768157958984e+00
6.447021365165710449e-01 7.856428623199462891e+00
4.197021424770355225e-01 7.858428478240966797e+00
8.697021603584289551e-01 7.860427856445312500e+00
3.072021305561065674e-01 7.862427234649658203e+00
7.572021484375000000e-01 7.864427089691162109e+00
5.322021245956420898e-01 7.866426467895507812e+00
9.822021722793579102e-01 7.868426322937011719e+00
1.243896484375000000e-01 7.870426177978515625e+00
5.743896365165710449e-01 7.872425079345703125e+00
3.493896424770355225e-01 7.874424934387207031e+00
7.993896603584289551e-01 7.876424789428710938e+00
2.368896603584289551e-01 7.878424644470214844e+00
6.868896484375000000e-01 7.880423545837402344e+00
4.618896245956420898e-01 7.882423400878906250e+00
9.118896722793579102e-01 7.884423255920410156e+00
1.806396543979644775e-01 7.886423110961914062e+00
6.306396722793579102e-01 7.888422489166259766e+00
4.056396484375000000e-01 7.890421867370605469e+00
8.556396365165710449e-01 7.892421722412109375e+00
2.931396365165710449e-01 7.894421100616455078e+00
7.431396842002868652e-01 7.896420955657958984e+00
5.181396603584289551e-01 7.898420333862304688e+00
9.681396484375000000e-01 7.900419712066650391e+00
1.525146514177322388e-01 7.902419567108154297e+00
6.025146842002868652e-01 7.904419422149658203e+00
3.775146305561065674e-01 7.906418323516845703e+00
8.275146484375000000e-01 7.908418178558349609e+00
2.650146484375000000e-01 7.910418033599853516e+00
7.150146365165710449e-01 7.912417411804199219e+00
4.900146424770355225e-01 7.914417266845703125e+00
9.400146603584289551e-01 7.916416645050048828e+00
2.087646424770355225e-01 7.918416023254394531e+00
6.587646603584289551e-01 7.920415878295898438e+00
4.337646365165710449e-01 7.922415733337402344e+00
8.837646245956420898e-01 7.924414634704589844e+00
3.212646543979644775e-01 7.926414489746093750e+00
7.712646722793579102e-01 7.928414344787597656e+00
5.462646484375000000e-01 7.930414199829101562e+00
9.962646365165710449e-01 7.932413101196289062e+00
1.068115234375000000e-01 7.934412956237792969e+00
5.568115115165710449e-01 7.936412811279296875e+00
3.318115174770355225e-01 7.938412666320800781e+00
7.818115353584289551e-01 7.940412044525146484e+00
2.193115204572677612e-01 7.942411422729492188e+00
6.693115234375000000e-01 7.944411277770996094e+00
4.443114995956420898e-01 7.946410655975341797e+00
8.943115472793579102e-01 7.948410511016845703e+00
1.630615293979644775e-01 7.950409889221191406e+00
6.130615472793579102e-01 7.952409267425537109e+00
3.880615234375000000e-01 7.954409122467041016e+00
8.380615115165710449e-01 7.956408977508544922e+00
2.755615115165710449e-01 7.958408355712890625e+00
7.255615592002868652e-01 7.960407733917236328e+00
5.005615353584289551e-01 7.962407588958740234e+00
9.505615234375000000e-01 7.964406967163085938e+00
1.349365264177322388e-01 7.966406822204589844e+00
5.849364995956420898e-01 7.968406200408935547e+00
3.599365055561065674e-01 7.970405578613281250e+00
8.099365234375000000e-01 7.972405433654785156e+00
2.474365234375000000e-01 7.974405288696289062e+00
6.974365115165710449e-01 7.976404190063476562e+00
4.724365174770355225e-01 7.978404045104980469e+00
9.224365353584289551e-01 7.980403900146484375e+00
1.911865174770355225e-01 7.982403755187988281e+00
6.411865353584289551e-01 7.984403610229492188e+00
4.161865115165710449e-01 7.986402511596679688e+00
8.661864995956420898e-01 7.988402366638183594e+00
3.036865293979644775e-01 7.990402221679687500e+00
7.536865472793579102e-01 7.992401599884033203e+00
5.286865234375000000e-01 7.994400978088378906e+00
9.786865115165710449e-01 7.996400833129882812e+00
1.208740249276161194e-01 7.998400211334228516e+00
5.708740353584289551e-01 8.000400543212890625e+00
3.458740115165710449e-01 8.002399444580078125e+00
7.958739995956420898e-01 8.004399299621582031e+00
2.333740293979644775e-01 8.006399154663085938e+00
6.833740472793579102e-01 8.008398056030273438e+00
4.583739936351776123e-01 8.010397911071777344e+00
9.083740115165710449e-01 8.012397766113281250e+00
1.771240234375000000e-01 8.014396667480468750e+00
6.271240115165710449e-01 8.016396522521972656e+00
4.021240174770355225e-01 8.018396377563476562e+00
8.521240353584289551e-01 8.020395278930664062e+00
2.896240055561065674e-01 8.022395133972167969e+00
7.396240234375000000e-01 8.024394989013671875e+00
5.146239995956420898e-01 8.026394844055175781e+00
9.646240472793579102e-01 8.028394699096679688e+00
1.489990204572677612e-01 8.030393600463867188e+00
5.989990234375000000e-01 8.032393455505371094e+00
3.739989995956420898e-01 8.034393310546875000e+00
8.239990472793579102e-01 8.036393165588378906e+00
2.614990174770355225e-01 8.038392066955566406e+00
7.114990353584289551e-01 8.040391921997070312e+00
4.864990115165710449e-01 8.042391777038574219e+00
9.364989995956420898e-01 8.044391632080078125e+00
2.052490115165710449e-01 8.046390533447265625e+00
6.552490592002868652e-01 8.048390388488769531e+00
4.302490055561065674e-01 8.050390243530273438e+00
8.802490234375000000e-01 8.052389144897460938e+00
3.177490234375000000e-01 8.054388999938964844e+00
7.677490115165710449e-01 8.056388854980468750e+00
5.427490472793579102e-01 8.058387756347656250e+00
9.927490353584289551e-01 8.060387611389160156e+00
1.138427704572677612e-01 8.062387466430664062e+00
5.638427734375000000e-01 8.064386367797851562e+00
3.388427793979644775e-01 8.066386222839355469e+00
7.888427972793579102e-01 8.068386077880859375e+00
2.263427674770355225e-01 8.070385932922363281e+00
6.763427853584289551e-01 8.072385787963867188e+00
4.513427615165710449e-01 8.074384689331054688e+00
9.013427495956420898e-01 8.076384544372558594e+00
1.700927764177322388e-01 8.078384399414062500e+00
6.200928092002868652e-01 8.080384254455566406e+00
3.950927555561065674e-01 8.082383155822753906e+00
8.450927734375000000e-01 8.084383010864257812e+00
2.825927734375000000e-01 8.086382865905761719e+00
7.325927615165710449e-01 8.088382720947265625e+00
5.075927972793579102e-01 8.090382575988769531e+00
9.575927853584289551e-01 8.092381477355957031e+00
1.419677734375000000e-01 8.094381332397460938e+00
5.919677615165710449e-01 8.096381187438964844e+00
3.669677674770355225e-01 8.098381042480468750e+00
8.169677853584289551e-01 8.100379943847656250e+00
2.544677853584289551e-01 8.102379798889160156e+00
7.044677734375000000e-01 8.104379653930664062e+00
4.794677495956420898e-01 8.106378555297851562e+00
9.294677972793579102e-01 8.108378410339355469e+00
1.982177793979644775e-01 8.110378265380859375e+00
6.482177972793579102e-01 8.112377166748046875e+00
4.232177734375000000e-01 8.114377021789550781e+00
8.732177615165710449e-01 8.116376876831054688e+00
3.107177615165710449e-01 8.118375778198242188e+00
7.607178092002868652e-01 8.120375633239746094e+00
5.357177853584289551e-01 8.122375488281250000e+00
9.857177734375000000e-01 8.124375343322753906e+00
1.279052793979644775e-01 8.126374244689941406e+00
5.779052972793579102e-01 8.128374099731445312e+00
3.529052734375000000e-01 8.130373954772949219e+00
8.029052615165710449e-01 8.132373809814453125e+00
2.404052615165710449e-01 8.134372711181640625e+00
6.904053092002868652e-01 8.136372566223144531e+00
4.654052555561065674e-01 8.138372421264648438e+00
9.154052734375000000e-01 8.140372276306152344e+00
1.841552704572677612e-01 8.142372131347656250e+00
6.341552734375000000e-01 8.144371032714843750e+00
4.091552495956420898e-01 8.146370887756347656e+00
8.591552972793579102e-01 8.148370742797851562e+00
2.966552674770355225e-01 8.150369644165039062e+00
7.466552853584289551e-01 8.152369499206542969e+00
5.216552615165710449e-01 8.154369354248046875e+00
9.716552495956420898e-01 8.156368255615234375e+00
1.560302674770355225e-01 8.158368110656738281e+00
6.060302853584289551e-01 8.160367965698242188e+00
3.810302615165710449e-01 8.162366867065429688e+00
8.310302495956420898e-01 8.164366722106933594e+00
2.685302793979644775e-01 8.166366577148437500e+00
7.185302972793579102e-01 8.168366432189941406e+00
4.935302436351776123e-01 8.170365333557128906e+00
9.435302615165710449e-01 8.172365188598632812e+00
2.122802734375000000e-01 8.174365043640136719e+00
6.622802615165710449e-01 8.176364898681640625e+00
4.372802674770355225e-01 8.178363800048828125e+00
8.872802853584289551e-01 8.180363655090332031e+00
3.247802555561065674e-01 8.182363510131835938e+00
7.747802734375000000e-01 8.184363365173339844e+00
5.497802495956420898e-01 8.186363220214843750e+00
9.997802972793579102e-01 8.188362121582031250e+00
1.001098677515983582e-01 8.190361976623535156e+00
5.501098632812500000e-01 8.192361831665039062e+00
3.251098692417144775e-01 8.194361686706542969e+00
7.751098871231079102e-01 8.196360588073730469e+00
2.126098573207855225e-01 8.198360443115234375e+00
6.626098752021789551e-01 8.200360298156738281e+00
4.376098513603210449e-01 8.202360153198242188e+00
8.876098394393920898e-01 8.204359054565429688e+00
1.563598662614822388e-01 8.206358909606933594e+00
6.063598990440368652e-01 8.208358764648437500e+00
3.813598453998565674e-01 8.210357666015625000e+00
8.313598632812500000e-01 8.212357521057128906e+00
2.688598632812500000e-01 8.214357376098632812e+00
7.188598513603210449e-01 8.216356277465820312e+00
4.938598573207855225e-01 8.218356132507324219e+00
9.438598752021789551e-01 8.220355987548828125e+00
1.282348632812500000e-01 8.222354888916015625e+00
5.782348513603210449e-01 8.224354743957519531e+00
3.532348573207855225e-01 8.226354598999023438e+00
8.032348752021789551e-01 8.228354454040527344e+00
2.407348752021789551e-01 8.230354309082031250e+00
6.907348632812500000e-01 8.232353210449218750e+00
4.657348394393920898e-01 8.234353065490722656e+00
9.157348871231079102e-01 8.236352920532226562e+00
1.844848692417144775e-01 8.238352775573730469e+00
6.344848871231079102e-01 8.240351676940917969e+00
4.094848632812500000e-01 8.242351531982421875e+00
8.594848513603210449e-01 8.244351387023925781e+00
2.969848513603210449e-01 8.246351242065429688e+00
7.469848990440368652e-01 8.248350143432617188e+00
5.219848752021789551e-01 8.250349998474121094e+00
9.719848632812500000e-01 8.252349853515625000e+00
1.141723617911338806e-01 8.254348754882812500e+00
5.641723871231079102e-01 8.256348609924316406e+00
3.391723632812500000e-01 8.258348464965820312e+00
7.891723513603210449e-01 8.260347366333007812e+00
2.266723513603210449e-01 8.262347221374511719e+00
6.766723990440368652e-01 8.264347076416015625e+00
4.516723453998565674e-01 8.266345977783203125e+00
9.016723632812500000e-01 8.268345832824707031e+00
1.704223603010177612e-01 8.270345687866210938e+00
6.204223632812500000e-01 8.272345542907714844e+00
3.954223394393920898e-01 8.274345397949218750e+00
8.454223871231079102e-01 8.276344299316406250e+00
2.829223573207855225e-01 8.278344154357910156e+00
7.329223752021789551e-01 8.280344009399414062e+00
5.079223513603210449e-01 8.282343864440917969e+00
9.579223394393920898e-01 8.284342765808105469e+00
1.422973573207855225e-01 8.286342620849609375e+00
5.922973752021789551e-01 8.288342475891113281e+00
3.672973513603210449e-01 8.290342330932617188e+00
8.172973394393920898e-01 8.292342185974121094e+00
2.547973692417144775e-01 8.294341087341308594e+00
7.047973871231079102e-01 8.296340942382812500e+00
4.797973334789276123e-01 8.298340797424316406e+00
9.297973513603210449e-01 8.300340652465820312e+00
1.985473632812500000e-01 8.302339553833007812e+00
6.485473513603210449e-01 8.304339408874511719e+00
4.235473573207855225e-01 8.306339263916015625e+00
8.735473752021789551e-01 8.308338165283203125e+00
3.110473453998565674e-01 8.310338020324707031e+00
7.610473632812500000e-01 8.312337875366210938e+00
5.360473394393920898e-01 8.314336776733398438e+00
9.860473871231079102e-01 8.316336631774902344e+00
1.071411147713661194e-01 8.318336486816406250e+00
5.571411252021789551e-01 8.320335388183593750e+00
3.321411013603210449e-01 8.322335243225097656e+00
7.821410894393920898e-01 8.324335098266601562e+00
2.196411192417144775e-01 8.326334953308105469e+00
6.696411371231079102e-01 8.328333854675292969e+00
4.446410834789276123e-01 8.330333709716796875e+00
8.946411013603210449e-01 8.332333564758300781e+00
1.633911132812500000e-01 8.334333419799804688e+00
6.133911013603210449e-01 8.336332321166992188e+00
3.883911073207855225e-01 8.338332176208496094e+00
8.383911252021789551e-01 8.340332031250000000e+00
2.758910953998565674e-01 8.342331886291503906e+00
7.258911132812500000e-01 8.344331741333007812e+00
5.008910894393920898e-01 8.346330642700195312e+00
9.508911371231079102e-01 8.348330497741699219e+00
1.352661103010177612e-01 8.350330352783203125e+00
5.852661132812500000e-01 8.352329254150390625e+00
3.602660894393920898e-01 8.354329109191894531e+00
8.102661371231079102e-01 8.356328964233398438e+00
2.477661073207855225e-01 8.358327865600585938e+00
6.977661252021789551e-01 8.360327720642089844e+00
4.727661013603210449e-01 8.362327575683593750e+00
9.227660894393920898e-01 8.364326477050781250e+00
1.915161013603210449e-01 8.366326332092285156e+00
6.415161490440368652e-01 8.368326187133789062e+00
4.165160953998565674e-01 8.370326042175292969e+00
8.665161132812500000e-01 8.372324943542480469e+00
3.040161132812500000e-01 8.374324798583984375e+00
7.540161013603210449e-01 8.376324653625488281e+00
5.290161371231079102e-01 8.378324508666992188e+00
9.790161252021789551e-01 8.380323410034179688e+00
1.212036162614822388e-01 8.382323265075683594e+00
5.712035894393920898e-01 8.384323120117187500e+00
3.462035953998565674e-01 8.386322975158691406e+00
7.962036132812500000e-01 8.388322830200195312e+00
2.337036132812500000e-01 8.390321731567382812e+00
6.837036013603210449e-01 8.392321586608886719e+00
4.587036073207855225e-01 8.394321441650390625e+00
9.087036252021789551e-01 8.396321296691894531e+00
1.774536073207855225e-01 8.398320198059082031e+00
6.274536252021789551e-01 8.400320053100585938e+00
4.024536013603210449e-01 8.402319908142089844e+00
8.524535894393920898e-01 8.404319763183593750e+00
2.899536192417144775e-01 8.406318664550781250e+00
7.399536371231079102e-01 8.408318519592285156e+00
5.149536132812500000e-01 8.410318374633789062e+00
9.649536013603210449e-01 8.412317276000976562e+00
1.493286192417144775e-01 8.414317131042480469e+00
5.993286371231079102e-01 8.416316986083984375e+00
3.743286132812500000e-01 8.418315887451171875e+00
8.243286013603210449e-01 8.420315742492675781e+00
2.618286013603210449e-01 8.422315597534179688e+00
7.118286490440368652e-01 8.424314498901367188e+00
4.868285953998565674e-01 8.426314353942871094e+00
9.368286132812500000e-01 8.428314208984375000e+00
2.055786103010177612e-01 8.430314064025878906e+00
6.555786132812500000e-01 8.432313919067382812e+00
4.305785894393920898e-01 8.434312820434570312e+00
8.805786371231079102e-01 8.436312675476074219e+00
3.180786073207855225e-01 8.438312530517578125e+00
7.680786252021789551e-01 8.440312385559082031e+00
5.430786013603210449e-01 8.442311286926269531e+00
9.930785894393920898e-01 8.444311141967773438e+00
1.036254912614822388e-01 8.446310997009277344e+00
5.536254644393920898e-01 8.448310852050781250e+00
3.286254703998565674e-01 8.450309753417968750e+00
7.786254882812500000e-01 8.452309608459472656e+00
2.161254882812500000e-01 8.454309463500976562e+00
6.661254763603210449e-01 8.456308364868164062e+00
4.411254823207855225e-01 8.458308219909667969e+00
8.911255002021789551e-01 8.460308074951171875e+00
1.598754823207855225e-01 8.462306976318359375e+00
6.098755002021789551e-01 8.464306831359863281e+00
3.848754763603210449e-01 8.466306686401367188e+00
8.348754644393920898e-01 8.468305587768554688e+00
2.723754942417144775e-01 8.470305442810058594e+00
7.223755121231079102e-01 8.472305297851562500e+00
4.973754584789276123e-01 8.474305152893066406e+00
9.473754763603210449e-01 8.476305007934570312e+00
1.317504942417144775e-01 8.478303909301757812e+00
5.817505121231079102e-01 8.480303764343261719e+00
3.567504882812500000e-01 8.482303619384765625e+00
8.067504763603210449e-01 8.484303474426269531e+00
2.442504763603210449e-01 8.486302375793457031e+00
6.942505240440368652e-01 8.488302230834960938e+00
4.692504703998565674e-01 8.490302085876464844e+00
9.192504882812500000e-01 8.492301940917968750e+00
1.880004853010177612e-01 8.494300842285156250e+00
6.380004882812500000e-01 8.496300697326660156e+00
4.130004644393920898e-01 8.498300552368164062e+00
8.630005121231079102e-01 8.500300407409667969e+00
3.005004823207855225e-01 8.502300262451171875e+00
7.505005002021789551e-01 8.504299163818359375e+00
5.255004763603210449e-01 8.506299018859863281e+00
9.755004644393920898e-01 8.508298873901367188e+00
1.176879853010177612e-01 8.510297775268554688e+00
5.676879882812500000e-01 8.512297630310058594e+00
3.426879942417144775e-01 8.514297485351562500e+00
7.926880121231079102e-01 8.516296386718750000e+00
2.301879823207855225e-01 8.518296241760253906e+00
6.801880002021789551e-01 8.520296096801757812e+00
4.551879763603210449e-01 8.522294998168945312e+00
9.051879644393920898e-01 8.524294853210449219e+00
1.739379912614822388e-01 8.526294708251953125e+00
6.239380240440368652e-01 8.528294563293457031e+00
3.989379703998565674e-01 8.530293464660644531e+00
8.489379882812500000e-01 8.532293319702148438e+00
2.864379882812500000e-01 8.534293174743652344e+00
7.364379763603210449e-01 8.536293029785156250e+00
5.114380121231079102e-01 8.538291931152343750e+00
9.614380002021789551e-01 8.540291786193847656e+00
1.458129882812500000e-01 8.542291641235351562e+00
5.958129763603210449e-01 8.544291496276855469e+00
3.708129823207855225e-01 8.546291351318359375e+00
8.208130002021789551e-01 8.548290252685546875e+00
2.583130002021789551e-01 8.550290107727050781e+00
7.083129882812500000e-01 8.552289962768554688e+00
4.833129644393920898e-01 8.554288864135742188e+00
9.333130121231079102e-01 8.556288719177246094e+00
2.020629942417144775e-01 8.558288574218750000e+00
6.520630121231079102e-01 8.560287475585937500e+00
4.270629882812500000e-01 8.562287330627441406e+00
8.770629763603210449e-01 8.564287185668945312e+00
3.145629763603210449e-01 8.566286087036132812e+00
7.645630240440368652e-01 8.568285942077636719e+00
5.395630002021789551e-01 8.570285797119140625e+00
9.895629882812500000e-01 8.572285652160644531e+00
1.106567382812500000e-01 8.574284553527832031e+00
5.606567263603210449e-01 8.576284408569335938e+00
3.356567323207855225e-01 8.578284263610839844e+00
7.856567502021789551e-01 8.580284118652343750e+00
2.231567353010177612e-01 8.582283020019531250e+00
6.731567382812500000e-01 8.584282875061035156e+00
4.481567144393920898e-01 8.586282730102539062e+00
8.981567621231079102e-01 8.588282585144042969e+00
1.669067442417144775e-01 8.590282440185546875e+00
6.169067621231079102e-01 8.592281341552734375e+00
3.919067382812500000e-01 8.594281196594238281e+00
8.419067263603210449e-01 8.596281051635742188e+00
2.794067263603210449e-01 8.598280906677246094e+00
7.294067740440368652e-01 8.600279808044433594e+00
5.044067502021789551e-01 8.602279663085937500e+00
9.544067382812500000e-01 8.604279518127441406e+00
1.387817412614822388e-01 8.606279373168945312e+00
5.887817144393920898e-01 8.608278274536132812e+00
3.637817203998565674e-01 8.610278129577636719e+00
8.137817382812500000e-01 8.612277984619140625e+00
2.512817382812500000e-01 8.614276885986328125e+00
7.012817263603210449e-01 8.616276741027832031e+00
4.762817323207855225e-01 8.618276596069335938e+00
9.262817502021789551e-01 8.620275497436523438e+00
1.950317323207855225e-01 8.622275352478027344e+00
6.450317502021789551e-01 8.624275207519531250e+00
4.200317263603210449e-01 8.626274108886718750e+00
8.700317144393920898e-01 8.628273963928222656e+00
3.075317442417144775e-01 8.630273818969726562e+00
7.575317621231079102e-01 8.632273674011230469e+00
5.325317382812500000e-01 8.634273529052734375e+00
9.825317263603210449e-01 8.636272430419921875e+00
1.247192397713661194e-01 8.638272285461425781e+00
5.747192502021789551e-01 8.640272140502929688e+00
3.497192263603210449e-01 8.642271995544433594e+00
7.997192144393920898e-01 8.644270896911621094e+00
2.372192442417144775e-01 8.646270751953125000e+00
6.872192621231079102e-01 8.648270606994628906e+00
4.622192084789276123e-01 8.650270462036132812e+00
9.122192263603210449e-01 8.652269363403320312e+00
1.809692382812500000e-01 8.654269218444824219e+00
6.309692263603210449e-01 8.656269073486328125e+00
4.059692323207855225e-01 8.658267974853515625e+00
8.559692502021789551e-01 8.660267829895019531e+00
2.934692203998565674e-01 8.662267684936523438e+00
7.434692382812500000e-01 8.664266586303710938e+00
5.184692144393920898e-01 8.666266441345214844e+00
9.684692621231079102e-01 8.668266296386718750e+00
1.528442353010177612e-01 8.670265197753906250e+00
6.028442382812500000e-01 8.672265052795410156e+00
3.778442144393920898e-01 8.674264907836914062e+00
8.278442621231079102e-01 8.676264762878417969e+00
2.653442323207855225e-01 8.678264617919921875e+00
7.153442502021789551e-01 8.680263519287109375e+00
4.903442263603210449e-01 8.682263374328613281e+00
9.403442144393920898e-01 8.684263229370117188e+00
2.090942263603210449e-01 8.686263084411621094e+00
6.590942740440368652e-01 8.688261985778808594e+00
4.340942203998565674e-01 8.690261840820312500e+00
8.840942382812500000e-01 8.692261695861816406e+00
3.215942382812500000e-01 8.694261550903320312e+00
7.715942263603210449e-01 8.696260452270507812e+00
5.465942621231079102e-01 8.698260307312011719e+00
9.965942502021789551e-01 8.700260162353515625e+00
1.018676757812500000e-01 8.702260017395019531e+00
5.518676638603210449e-01 8.704259872436523438e+00
3.268676698207855225e-01 8.706258773803710938e+00
7.768676877021789551e-01 8.708258628845214844e+00
2.143676728010177612e-01 8.710258483886718750e+00
6.643676757812500000e-01 8.712257385253906250e+00
4.393676519393920898e-01 8.714257240295410156e+00
8.893676996231079102e-01 8.716257095336914062e+00
1.581176817417144775e-01 8.718255996704101562e+00
6.081176996231079102e-01 8.720255851745605469e+00
3.831176757812500000e-01 8.722255706787109375e+00
8.331176638603210449e-01 8.724254608154296875e+00
2.706176638603210449e-01 8.726254463195800781e+00
7.206177115440368652e-01 8.728254318237304688e+00
4.956176578998565674e-01 8.730254173278808594e+00
9.456176757812500000e-01 8.732253074645996094e+00
1.299926787614822388e-01 8.734252929687500000e+00
5.799926519393920898e-01 8.736252784729003906e+00
3.549926578998565674e-01 8.738252639770507812e+00
8.049926757812500000e-01 8.740251541137695312e+00
2.424926757812500000e-01 8.742251396179199219e+00
6.924926638603210449e-01 8.744251251220703125e+00
4.674926698207855225e-01 8.746251106262207031e+00
9.174926877021789551e-01 8.748250961303710938e+00
1.862426698207855225e-01 8.750249862670898438e+00
6.362426877021789551e-01 8.752249717712402344e+00
4.112426638603210449e-01 8.754249572753906250e+00
8.612426519393920898e-01 8.756248474121093750e+00
2.987426817417144775e-01 8.758248329162597656e+00
7.487426996231079102e-01 8.760248184204101562e+00
5.237426757812500000e-01 8.762247085571289062e+00
9.737426638603210449e-01 8.764246940612792969e+00
1.159301772713661194e-01 8.766246795654296875e+00
5.659301877021789551e-01 8.768245697021484375e+00
3.409301638603210449e-01 8.770245552062988281e+00
7.909301519393920898e-01 8.772245407104492188e+00
2.284301817417144775e-01 8.774245262145996094e+00
6.784301996231079102e-01 8.776244163513183594e+00
4.534301459789276123e-01 8.778244018554687500e+00
9.034301638603210449e-01 8.780243873596191406e+00
1.721801757812500000e-01 8.782243728637695312e+00
6.221801638603210449e-01 8.784242630004882812e+00
3.971801698207855225e-01 8.786242485046386719e+00
8.471801877021789551e-01 8.788242340087890625e+00
2.846801578998565674e-01 8.790242195129394531e+00
7.346801757812500000e-01 8.792242050170898438e+00
5.096801519393920898e-01 8.794240951538085938e+00
9.596801996231079102e-01 8.796240806579589844e+00
1.440551728010177612e-01 8.798240661621093750e+00
5.940551757812500000e-01 8.800240516662597656e+00
3.690551519393920898e-01 8.802239418029785156e+00
8.190551996231079102e-01 8.804239273071289062e+00
2.565551698207855225e-01 8.806239128112792969e+00
7.065551877021789551e-01 8.808238983154296875e+00
4.815551638603210449e-01 8.810237884521484375e+00
9.315551519393920898e-01 8.812237739562988281e+00
2.003051638603210449e-01 8.814237594604492188e+00
6.503052115440368652e-01 8.816236495971679688e+00
4.253051578998565674e-01 8.818236351013183594e+00
8.753051757812500000e-01 8.820236206054687500e+00
3.128051757812500000e-01 8.822235107421875000e+00
7.628051638603210449e-01 8.824234962463378906e+00
5.378051996231079102e-01 8.826234817504882812e+00
9.878051877021789551e-01 8.828233718872070312e+00
1.088989302515983582e-01 8.830233573913574219e+00
5.588989257812500000e-01 8.832233428955078125e+00
3.338989317417144775e-01 8.834233283996582031e+00
7.838989496231079102e-01 8.836233139038085938e+00
2.213989198207855225e-01 8.838232040405273438e+00
6.713989377021789551e-01 8.840231895446777344e+00
4.463989138603210449e-01 8.842231750488281250e+00
8.963989019393920898e-01 8.844231605529785156e+00
1.651489287614822388e-01 8.846230506896972656e+00
6.151489615440368652e-01 8.848230361938476562e+00
3.901489078998565674e-01 8.850230216979980469e+00
8.401489257812500000e-01 8.852230072021484375e+00
2.776489257812500000e-01 8.854228973388671875e+00
7.276489138603210449e-01 8.856228828430175781e+00
5.026489496231079102e-01 8.858228683471679688e+00
9.526489377021789551e-01 8.860227584838867188e+00
1.370239257812500000e-01 8.862227439880371094e+00
5.870239138603210449e-01 8.864227294921875000e+00
3.620239198207855225e-01 8.866226196289062500e+00
8.120239377021789551e-01 8.868226051330566406e+00
2.495239377021789551e-01 8.870225906372070312e+00
6.995239257812500000e-01 8.872224807739257812e+00
4.745239019393920898e-01 8.874224662780761719e+00
9.245239496231079102e-01 8.876224517822265625e+00
1.932739317417144775e-01 8.878224372863769531e+00
6.432739496231079102e-01 8.880224227905273438e+00
4.182739257812500000e-01 8.882223129272460938e+00
8.682739138603210449e-01 8.884222984313964844e+00
3.057739138603210449e-01 8.886222839355468750e+00
7.557739615440368652e-01 8.888222694396972656e+00
5.307739377021789551e-01 8.890221595764160156e+00
9.807739257812500000e-01 8.892221450805664062e+00
1.229614242911338806e-01 8.894221305847167969e+00
5.729614496231079102e-01 8.896221160888671875e+00
3.479614257812500000e-01 8.898220062255859375e+00
7.979614138603210449e-01 8.900219917297363281e+00
2.354614138603210449e-01 8.902219772338867188e+00
6.854614615440368652e-01 8.904219627380371094e+00
4.604614078998565674e-01 8.906219482421875000e+00
9.104614257812500000e-01 8.908218383789062500e+00
1.792114228010177612e-01 8.910218238830566406e+00
6.292114257812500000e-01 8.912218093872070312e+00
4.042114019393920898e-01 8.914216995239257812e+00
8.542114496231079102e-01 8.916216850280761719e+00
2.917114198207855225e-01 8.918216705322265625e+00
7.417114377021789551e-01 8.920215606689453125e+00
5.167114138603210449e-01 8.922215461730957031e+00
9.667114019393920898e-01 8.924215316772460938e+00
1.510864198207855225e-01 8.926214218139648438e+00
6.010864377021789551e-01 8.928214073181152344e+00
3.760864138603210449e-01 8.930213928222656250e+00
8.260864019393920898e-01 8.932213783264160156e+00
2.635864317417144775e-01 8.934212684631347656e+00
7.135864496231079102e-01 8.936212539672851562e+00
4.885863959789276123e-01 8.938212394714355469e+00
9.385864138603210449e-01 8.940212249755859375e+00
2.073364257812500000e-01 8.942211151123046875e+00
6.573364138603210449e-01 8.944211006164550781e+00
4.323364198207855225e-01 8.946210861206054688e+00
8.823364377021789551e-01 8.948210716247558594e+00
3.198364078998565674e-01 8.950210571289062500e+00
7.698364257812500000e-01 8.952209472656250000e+00
5.448364019393920898e-01 8.954209327697753906e+00
9.948364496231079102e-01 8.956209182739257812e+00
1.053832992911338806e-01 8.958208084106445312e+00
5.553833246231079102e-01 8.960207939147949219e+00
3.303833007812500000e-01 8.962207794189453125e+00
7.803832888603210449e-01 8.964206695556640625e+00
2.178832888603210449e-01 8.966206550598144531e+00
6.678833365440368652e-01 8.968206405639648438e+00
4.428832828998565674e-01 8.970205307006835938e+00
8.928833007812500000e-01 8.972205162048339844e+00
1.616332978010177612e-01 8.974205017089843750e+00
6.116333007812500000e-01 8.976204872131347656e+00
3.866332769393920898e-01 8.978203773498535156e+00
8.366333246231079102e-01 8.980203628540039062e+00
2.741332948207855225e-01 8.982203483581542969e+00
7.241333127021789551e-01 8.984203338623046875e+00
4.991332888603210449e-01 8.986202239990234375e+00
9.491332769393920898e-01 8.988202095031738281e+00
1.335082948207855225e-01 8.990201950073242188e+00
5.835083127021789551e-01 8.992201805114746094e+00
3.585082888603210449e-01 8.994201660156250000e+00
8.085082769393920898e-01 8.996200561523437500e+00
2.460083067417144775e-01 8.998200416564941406e+00
6.960083246231079102e-01 9.000200271606445312e+00
4.710082709789276123e-01 9.002200126647949219e+00
9.210082888603210449e-01 9.004199028015136719e+00
1.897583007812500000e-01 9.006198883056640625e+00
6.397582888603210449e-01 9.008198738098144531e+00
4.147582948207855225e-01 9.010198593139648438e+00
8.647583127021789551e-01 9.012197494506835938e+00
3.022582828998565674e-01 9.014197349548339844e+00
7.522583007812500000e-01 9.016197204589843750e+00
5.272582769393920898e-01 9.018196105957031250e+00
9.772583246231079102e-01 9.020195960998535156e+00
1.194458007812500000e-01 9.022195816040039062e+00
5.694457888603210449e-01 9.024194717407226562e+00
3.444457948207855225e-01 9.026194572448730469e+00
7.944458127021789551e-01 9.028194427490234375e+00
2.319458127021789551e-01 9.030193328857421875e+00
6.819458007812500000e-01 9.032193183898925781e+00
4.569457769393920898e-01 9.034193038940429688e+00
9.069458246231079102e-01 9.036192893981933594e+00
1.756958067417144775e-01 9.038192749023437500e+00
6.256958246231079102e-01 9.040191650390625000e+00
4.006958007812500000e-01 9.042191505432128906e+00
8.506957888603210449e-01 9.044191360473632812e+00
2.881957888603210449e-01 9.046191215515136719e+00
7.381958365440368652e-01 9.048190116882324219e+00
5.131958127021789551e-01 9.050189971923828125e+00
9.631958007812500000e-01 9.052189826965332031e+00
1.475708037614822388e-01 9.054189682006835938e+00
5.975707769393920898e-01 9.056188583374023438e+00
3.725707828998565674e-01 9.058188438415527344e+00
8.225708007812500000e-01 9.060188293457031250e+00
2.600708007812500000e-01 9.062187194824218750e+00
7.100707888603210449e-01 9.064187049865722656e+00
4.850707948207855225e-01 9.066186904907226562e+00
9.350708127021789551e-01 9.068185806274414062e+00
2.038207948207855225e-01 9.070185661315917969e+00
6.538208127021789551e-01 9.072185516357421875e+00
4.288207888603210449e-01 9.074184417724609375e+00
8.788207769393920898e-01 9.076184272766113281e+00
3.163208067417144775e-01 9.078184127807617188e+00
7.663208246231079102e-01 9.080183982849121094e+00
5.413208007812500000e-01 9.082183837890625000e+00
9.913207888603210449e-01 9.084182739257812500e+00
1.124145537614822388e-01 9.086182594299316406e+00
5.624145269393920898e-01 9.088182449340820312e+00
3.374145328998565674e-01 9.090182304382324219e+00
7.874145507812500000e-01 9.092181205749511719e+00
2.249145507812500000e-01 9.094181060791015625e+00
6.749145388603210449e-01 9.096180915832519531e+00
4.499145448207855225e-01 9.098180770874023438e+00
8.999145627021789551e-01 9.100179672241210938e+00
1.686645448207855225e-01 9.102179527282714844e+00
6.186645627021789551e-01 9.104179382324218750e+00
3.936645388603210449e-01 9.106179237365722656e+00
8.436645269393920898e-01 9.108179092407226562e+00
2.811645567417144775e-01 9.110177993774414062e+00
7.311645746231079102e-01 9.112177848815917969e+00
5.061645507812500000e-01 9.114177703857421875e+00
9.561645388603210449e-01 9.116176605224609375e+00
1.405395567417144775e-01 9.118176460266113281e+00
5.905395746231079102e-01 9.120176315307617188e+00
3.655395507812500000e-01 9.122175216674804688e+00
8.155395388603210449e-01 9.124175071716308594e+00
2.530395388603210449e-01 9.126174926757812500e+00
7.030395865440368652e-01 9.128173828125000000e+00
4.780395328998565674e-01 9.130173683166503906e+00
9.280395507812500000e-01 9.132173538208007812e+00
1.967895478010177612e-01 9.134173393249511719e+00
6.467895507812500000e-01 9.136172294616699219e+00
4.217895269393920898e-01 9.138172149658203125e+00
8.717895746231079102e-01 9.140172004699707031e+00
3.092895448207855225e-01 9.142171859741210938e+00
7.592895627021789551e-01 9.144170761108398438e+00
5.342895388603210449e-01 9.146170616149902344e+00
9.842895269393920898e-01 9.148170471191406250e+00
1.264770478010177612e-01 9.150170326232910156e+00
5.764770507812500000e-01 9.152170181274414062e+00
3.514770269393920898e-01 9.154169082641601562e+00
8.014770746231079102e-01 9.156168937683105469e+00
2.389770448207855225e-01 9.158168792724609375e+00
6.889770627021789551e-01 9.160167694091796875e+00
4.639770388603210449e-01 9.162167549133300781e+00
9.139770269393920898e-01 9.164167404174804688e+00
1.827270537614822388e-01 9.166166305541992188e+00
6.327270865440368652e-01 9.168166160583496094e+00
4.077270328998565674e-01 9.170166015625000000e+00
8.577270507812500000e-01 9.172164916992187500e+00
2.952270507812500000e-01 9.174164772033691406e+00
7.452270388603210449e-01 9.176164627075195312e+00
5.202270746231079102e-01 9.178164482116699219e+00
9.702270627021789551e-01 9.180163383483886719e+00
1.546020507812500000e-01 9.182163238525390625e+00
6.046020388603210449e-01 9.184163093566894531e+00
3.796020448207855225e-01 9.186162948608398438e+00
8.296020627021789551e-01 9.188161849975585938e+00
2.671020627021789551e-01 9.190161705017089844e+00
7.171020507812500000e-01 9.192161560058593750e+00
4.921020269393920898e-01 9.194161415100097656e+00
9.421020746231079102e-01 9.196161270141601562e+00
2.108520567417144775e-01 9.198160171508789062e+00
6.608520746231079102e-01 9.200160026550292969e+00
4.358520507812500000e-01 9.202159881591796875e+00
8.858520388603210449e-01 9.204159736633300781e+00
3.233520388603210449e-01 9.206158638000488281e+00
7.733520865440368652e-01 9.208158493041992188e+00
5.483520627021789551e-01 9.210158348083496094e+00
9.983520507812500000e-01 9.212158203125000000e+00
1.009887680411338806e-01 9.214157104492187500e+00
5.509887933731079102e-01 9.216156959533691406e+00
3.259887695312500000e-01 9.218156814575195312e+00
7.759887576103210449e-01 9.220155715942382812e+00
2.134887576103210449e-01 9.222155570983886719e+00
6.634888052940368652e-01 9.224155426025390625e+00
4.384887516498565674e-01 9.226154327392578125e+00
8.884887695312500000e-01 9.228154182434082031e+00
1.572387665510177612e-01 9.230154037475585938e+00
6.072387695312500000e-01 9.232152938842773438e+00
3.822387456893920898e-01 9.234152793884277344e+00
8.322387933731079102e-01 9.236152648925781250e+00
2.697387635707855225e-01 9.238152503967285156e+00
7.197387814521789551e-01 9.240152359008789062e+00
4.947387576103210449e-01 9.242151260375976562e+00
9.447387456893920898e-01 9.244151115417480469e+00
1.291137635707855225e-01 9.246150970458984375e+00
5.791137814521789551e-01 9.248150825500488281e+00
3.541137576103210449e-01 9.250149726867675781e+00
8.041137456893920898e-01 9.252149581909179688e+00
2.416137754917144775e-01 9.254149436950683594e+00
6.916137933731079102e-01 9.256149291992187500e+00
4.666137397289276123e-01 9.258148193359375000e+00
9.166137576103210449e-01 9.260148048400878906e+00
1.853637695312500000e-01 9.262147903442382812e+00
6.353637576103210449e-01 9.264146804809570312e+00
4.103637635707855225e-01 9.266146659851074219e+00
8.603637814521789551e-01 9.268146514892578125e+00
2.978637516498565674e-01 9.270145416259765625e+00
7.478637695312500000e-01 9.272145271301269531e+00
5.228637456893920898e-01 9.274145126342773438e+00
9.728637933731079102e-01 9.276144027709960938e+00
1.150512695312500000e-01 9.278143882751464844e+00
5.650512576103210449e-01 9.280143737792968750e+00
3.400512635707855225e-01 9.282143592834472656e+00
7.900512814521789551e-01 9.284143447875976562e+00
2.275512814521789551e-01 9.286142349243164062e+00
6.775512695312500000e-01 9.288142204284667969e+00
4.525512456893920898e-01 9.290142059326171875e+00
9.025512933731079102e-01 9.292141914367675781e+00
1.713012754917144775e-01 9.294140815734863281e+00
6.213012933731079102e-01 9.296140670776367188e+00
3.963012695312500000e-01 9.298140525817871094e+00
8.463012576103210449e-01 9.300140380859375000e+00
2.838012576103210449e-01 9.302139282226562500e+00
7.338013052940368652e-01 9.304139137268066406e+00
5.088012814521789551e-01 9.306138992309570312e+00
9.588012695312500000e-01 9.308138847351074219e+00
1.431762725114822388e-01 9.310138702392578125e+00
5.931762456893920898e-01 9.312137603759765625e+00
3.681762516498565674e-01 9.314137458801269531e+00
8.181762695312500000e-01 9.316137313842773438e+00
2.556762695312500000e-01 9.318136215209960938e+00
7.056762576103210449e-01 9.320136070251464844e+00
4.806762635707855225e-01 9.322135925292968750e+00
9.306762814521789551e-01 9.324134826660156250e+00
1.994262635707855225e-01 9.326134681701660156e+00
6.494262814521789551e-01 9.328134536743164062e+00
4.244262576103210449e-01 9.330133438110351562e+00
8.744262456893920898e-01 9.332133293151855469e+00
3.119262754917144775e-01 9.334133148193359375e+00
7.619262933731079102e-01 9.336133003234863281e+00
5.369262695312500000e-01 9.338131904602050781e+00
9.869262576103210449e-01 9.340131759643554688e+00
1.080200225114822388e-01 9.342131614685058594e+00
5.580199956893920898e-01 9.344131469726562500e+00
3.330200016498565674e-01 9.346130371093750000e+00
7.830200195312500000e-01 9.348130226135253906e+00
2.205200195312500000e-01 9.350130081176757812e+00
6.705200076103210449e-01 9.352129936218261719e+00
4.455200135707855225e-01 9.354129791259765625e+00
8.955200314521789551e-01 9.356128692626953125e+00
1.642700135707855225e-01 9.358128547668457031e+00
6.142700314521789551e-01 9.360128402709960938e+00
3.892700076103210449e-01 9.362127304077148438e+00
8.392699956893920898e-01 9.364127159118652344e+00
2.767700254917144775e-01 9.366127014160156250e+00
7.267700433731079102e-01 9.368125915527343750e+00
5.017700195312500000e-01 9.370125770568847656e+00
9.517700076103210449e-01 9.372125625610351562e+00
1.361450254917144775e-01 9.374124526977539062e+00
5.861450433731079102e-01 9.376124382019042969e+00
3.611450195312500000e-01 9.378124237060546875e+00
8.111450076103210449e-01 9.380124092102050781e+00
2.486450076103210449e-01 9.382122993469238281e+00
6.986450552940368652e-01 9.384122848510742188e+00
4.736450016498565674e-01 9.386122703552246094e+00
9.236450195312500000e-01 9.388122558593750000e+00
1.923950165510177612e-01 9.390121459960937500e+00
6.423950195312500000e-01 9.392121315002441406e+00
4.173949956893920898e-01 9.394121170043945312e+00
8.673950433731079102e-01 9.396121025085449219e+00
3.048950135707855225e-01 9.398120880126953125e+00
7.548950314521789551e-01 9.400119781494140625e+00
5.298950076103210449e-01 9.402119636535644531e+00
9.798949956893920898e-01 9.404119491577148438e+00
1.220825165510177612e-01 9.406119346618652344e+00
5.720825195312500000e-01 9.408118247985839844e+00
3.470825254917144775e-01 9.410118103027343750e+00
7.970825433731079102e-01 9.412117958068847656e+00
2.345825135707855225e-01 9.414117813110351562e+00
6.845825314521789551e-01 9.416116714477539062e+00
4.595825076103210449e-01 9.418116569519042969e+00
9.095824956893920898e-01 9.420116424560546875e+00
1.783325225114822388e-01 9.422115325927734375e+00
6.283325552940368652e-01 9.424115180969238281e+00
4.033325016498565674e-01 9.426115036010742188e+00
8.533325195312500000e-01 9.428113937377929688e+00
2.908325195312500000e-01 9.430113792419433594e+00
7.408325076103210449e-01 9.432113647460937500e+00
5.158325433731079102e-01 9.434112548828125000e+00
9.658325314521789551e-01 9.436112403869628906e+00
1.502075195312500000e-01 9.438112258911132812e+00
6.002075076103210449e-01 9.440112113952636719e+00
3.752075135707855225e-01 9.442111968994140625e+00
8.252075314521789551e-01 9.444110870361328125e+00
2.627075314521789551e-01 9.446110725402832031e+00
7.127075195312500000e-01 9.448110580444335938e+00
4.877074956893920898e-01 9.450110435485839844e+00
9.377075433731079102e-01 9.452109336853027344e+00
2.064575254917144775e-01 9.454109191894531250e+00
6.564575433731079102e-01 9.456109046936035156e+00
4.314575195312500000e-01 9.458108901977539062e+00
8.814575076103210449e-01 9.460107803344726562e+00
3.189575076103210449e-01 9.462107658386230469e+00
7.689575552940368652e-01 9.464107513427734375e+00
5.439575314521789551e-01 9.466106414794921875e+00
9.939575195312500000e-01 9.468106269836425781e+00
1.045043990015983582e-01 9.470106124877929688e+00
5.545043945312500000e-01 9.472105026245117188e+00
3.295044004917144775e-01 9.474104881286621094e+00
7.795044183731079102e-01 9.476104736328125000e+00
2.170043885707855225e-01 9.478103637695312500e+00
6.670044064521789551e-01 9.480103492736816406e+00
4.420043826103210449e-01 9.482103347778320312e+00
8.920043706893920898e-01 9.484103202819824219e+00
1.607543975114822388e-01 9.486103057861328125e+00
6.107544302940368652e-01 9.488101959228515625e+00
3.857543766498565674e-01 9.490101814270019531e+00
8.357543945312500000e-01 9.492101669311523438e+00
2.732543945312500000e-01 9.494101524353027344e+00
7.232543826103210449e-01 9.496100425720214844e+00
4.982543885707855225e-01 9.498100280761718750e+00
9.482544064521789551e-01 9.500100135803222656e+00
1.326293945312500000e-01 9.502099990844726562e+00
5.826293826103210449e-01 9.504098892211914062e+00
3.576293885707855225e-01 9.506098747253417969e+00
8.076294064521789551e-01 9.508098602294921875e+00
2.451294064521789551e-01 9.510098457336425781e+00
6.951293945312500000e-01 9.512098312377929688e+00
4.701293706893920898e-01 9.514097213745117188e+00
9.201294183731079102e-01 9.516097068786621094e+00
1.888794004917144775e-01 9.518096923828125000e+00
6.388794183731079102e-01 9.520095825195312500e+00
4.138793945312500000e-01 9.522095680236816406e+00
8.638793826103210449e-01 9.524095535278320312e+00
3.013793826103210449e-01 9.526094436645507812e+00
7.513794302940368652e-01 9.528094291687011719e+00
5.263794064521789551e-01 9.530094146728515625e+00
9.763793945312500000e-01 9.532093048095703125e+00
1.185668930411338806e-01 9.534092903137207031e+00
5.685669183731079102e-01 9.536092758178710938e+00
3.435668945312500000e-01 9.538092613220214844e+00
7.935668826103210449e-01 9.540091514587402344e+00
2.310668826103210449e-01 9.542091369628906250e+00
6.810669302940368652e-01 9.544091224670410156e+00
4.560668766498565674e-01 9.546091079711914062e+00
9.060668945312500000e-01 9.548089981079101562e+00
1.748168915510177612e-01 9.550089836120605469e+00
6.248168945312500000e-01 9.552089691162109375e+00
3.998168706893920898e-01 9.554089546203613281e+00
8.498169183731079102e-01 9.556089401245117188e+00
2.873168885707855225e-01 9.558088302612304688e+00
7.373169064521789551e-01 9.560088157653808594e+00
5.123168826103210449e-01 9.562088012695312500e+00
9.623168706893920898e-01 9.564086914062500000e+00
1.466918885707855225e-01 9.566086769104003906e+00
5.966919064521789551e-01 9.568086624145507812e+00
3.716918826103210449e-01 9.570085525512695312e+00
8.216918706893920898e-01 9.572085380554199219e+00
2.591919004917144775e-01 9.574085235595703125e+00
7.091919183731079102e-01 9.576084136962890625e+00
4.841918647289276123e-01 9.578083992004394531e+00
9.341918826103210449e-01 9.580083847045898438e+00
2.029418945312500000e-01 9.582083702087402344e+00
6.529418826103210449e-01 9.584082603454589844e+00
4.279418885707855225e-01 9.586082458496093750e+00
8.779419064521789551e-01 9.588082313537597656e+00
3.154418766498565674e-01 9.590082168579101562e+00
7.654418945312500000e-01 9.592081069946289062e+00
5.404418706893920898e-01 9.594080924987792969e+00
9.904419183731079102e-01 9.596080780029296875e+00
1.115356460213661194e-01 9.598080635070800781e+00
5.615356564521789551e-01 9.600080490112304688e+00
3.365356326103210449e-01 9.602079391479492188e+00
7.865356206893920898e-01 9.604079246520996094e+00
2.240356504917144775e-01 9.606079101562500000e+00
6.740356683731079102e-01 9.608078956604003906e+00
4.490356147289276123e-01 9.610077857971191406e+00
8.990356326103210449e-01 9.612077713012695312e+00
1.677856445312500000e-01 9.614077568054199219e+00
6.177856326103210449e-01 9.616077423095703125e+00
3.927856385707855225e-01 9.618076324462890625e+00
8.427856564521789551e-01 9.620076179504394531e+00
2.802856266498565674e-01 9.622076034545898438e+00
7.302856445312500000e-01 9.624074935913085938e+00
5.052856206893920898e-01 9.626074790954589844e+00
9.552856683731079102e-01 9.628074645996093750e+00
1.396606415510177612e-01 9.630073547363281250e+00
5.896606445312500000e-01 9.632073402404785156e+00
3.646606206893920898e-01 9.634073257446289062e+00
8.146606683731079102e-01 9.636072158813476562e+00
2.521606385707855225e-01 9.638072013854980469e+00
7.021606564521789551e-01 9.640071868896484375e+00
4.771606326103210449e-01 9.642071723937988281e+00
9.271606206893920898e-01 9.644071578979492188e+00
1.959106326103210449e-01 9.646070480346679688e+00
6.459106802940368652e-01 9.648070335388183594e+00
4.209106266498565674e-01 9.650070190429687500e+00
8.709106445312500000e-01 9.652070045471191406e+00
3.084106445312500000e-01 9.654068946838378906e+00
7.584106326103210449e-01 9.656068801879882812e+00
5.334106683731079102e-01 9.658068656921386719e+00
9.834106564521789551e-01 9.660068511962890625e+00
1.255981475114822388e-01 9.662067413330078125e+00
5.755981206893920898e-01 9.664067268371582031e+00
3.505981266498565674e-01 9.666067123413085938e+00
8.005981445312500000e-01 9.668066024780273438e+00
2.380981445312500000e-01 9.670065879821777344e+00
6.880981326103210449e-01 9.672065734863281250e+00
4.630981385707855225e-01 9.674064636230468750e+00
9.130981564521789551e-01 9.676064491271972656e+00
1.818481385707855225e-01 9.678064346313476562e+00
6.318481564521789551e-01 9.680063247680664062e+00
4.068481326103210449e-01 9.682063102722167969e+00
8.568481206893920898e-01 9.684062957763671875e+00
2.943481504917144775e-01 9.686062812805175781e+00
7.443481683731079102e-01 9.688062667846679688e+00
5.193481445312500000e-01 9.690061569213867188e+00
9.693481326103210449e-01 9.692061424255371094e+00
1.537231504917144775e-01 9.694061279296875000e+00
6.037231683731079102e-01 9.696061134338378906e+00
3.787231445312500000e-01 9.698060035705566406e+00
8.287231326103210449e-01 9.700059890747070312e+00
2.662231326103210449e-01 9.702059745788574219e+00
7.162231802940368652e-01 9.704059600830078125e+00
4.912231266498565674e-01 9.706058502197265625e+00
9.412231445312500000e-01 9.708058357238769531e+00
2.099731415510177612e-01 9.710058212280273438e+00
6.599731445312500000e-01 9.712058067321777344e+00
4.349731206893920898e-01 9.714057922363281250e+00
8.849731683731079102e-01 9.716056823730468750e+00
3.224731385707855225e-01 9.718056678771972656e+00
7.724731564521789551e-01 9.720056533813476562e+00
5.474731326103210449e-01 9.722055435180664062e+00
9.974731206893920898e-01 9.724055290222167969e+00
1.027465835213661194e-01 9.726055145263671875e+00
5.527465939521789551e-01 9.728054046630859375e+00
3.277465701103210449e-01 9.730053901672363281e+00
7.777465581893920898e-01 9.732053756713867188e+00
2.152465879917144775e-01 9.734052658081054688e+00
6.652466058731079102e-01 9.736052513122558594e+00
4.402465522289276123e-01 9.738052368164062500e+00
8.902465701103210449e-01 9.740052223205566406e+00
1.589965820312500000e-01 9.742051124572753906e+00
6.089965701103210449e-01 9.744050979614257812e+00
3.839965760707855225e-01 9.746050834655761719e+00
8.339965939521789551e-01 9.748050689697265625e+00
2.714965641498565674e-01 9.750049591064453125e+00
7.214965820312500000e-01 9.752049446105957031e+00
4.964965581893920898e-01 9.754049301147460938e+00
9.464966058731079102e-01 9.756049156188964844e+00
1.308715790510177612e-01 9.758049011230468750e+00
5.808715820312500000e-01 9.760047912597656250e+00
3.558715581893920898e-01 9.762047767639160156e+00
8.058716058731079102e-01 9.764047622680664062e+00
2.433715760707855225e-01 9.766046524047851562e+00
6.933715939521789551e-01 9.768046379089355469e+00
4.683715701103210449e-01 9.770046234130859375e+00
9.183715581893920898e-01 9.772045135498046875e+00
1.871215701103210449e-01 9.774044990539550781e+00
6.371216177940368652e-01 9.776044845581054688e+00
4.121215641498565674e-01 9.778043746948242188e+00
8.621215820312500000e-01 9.780043601989746094e+00
2.996215820312500000e-01 9.782043457031250000e+00
7.496215701103210449e-01 9.784043312072753906e+00
5.246216058731079102e-01 9.786042213439941406e+00
9.746215939521789551e-01 9.788042068481445312e+00
1.168090850114822388e-01 9.790041923522949219e+00
5.668090581893920898e-01 9.792041778564453125e+00
3.418090641498565674e-01 9.794040679931640625e+00
7.918090820312500000e-01 9.796040534973144531e+00
2.293090820312500000e-01 9.798040390014648438e+00
6.793090701103210449e-01 9.800040245056152344e+00
4.543090760707855225e-01 9.802040100097656250e+00
9.043090939521789551e-01 9.804039001464843750e+00
1.730590760707855225e-01 9.806038856506347656e+00
6.230590939521789551e-01 9.808038711547851562e+00
3.980590701103210449e-01 9.810038566589355469e+00
8.480590581893920898e-01 9.812037467956542969e+00
2.855590879917144775e-01 9.814037322998046875e+00
7.355591058731079102e-01 9.816037178039550781e+00
5.105590820312500000e-01 9.818037033081054688e+00
9.605590701103210449e-01 9.820035934448242188e+00
1.449340879917144775e-01 9.822035789489746094e+00
5.949341058731079102e-01 9.824035644531250000e+00
3.699340820312500000e-01 9.826034545898437500e+00
8.199340701103210449e-01 9.828034400939941406e+00
2.574340701103210449e-01 9.830034255981445312e+00
7.074341177940368652e-01 9.832033157348632812e+00
4.824340641498565674e-01 9.834033012390136719e+00
9.324340820312500000e-01 9.836032867431640625e+00
2.011840790510177612e-01 9.838031768798828125e+00
6.511840820312500000e-01 9.840031623840332031e+00
4.261840581893920898e-01 9.842031478881835938e+00
8.761841058731079102e-01 9.844031333923339844e+00
3.136840760707855225e-01 9.846031188964843750e+00
7.636840939521789551e-01 9.848030090332031250e+00
5.386840701103210449e-01 9.850029945373535156e+00
9.886840581893920898e-01 9.852029800415039062e+00
1.097778305411338806e-01 9.854029655456542969e+00
5.597778558731079102e-01 9.856028556823730469e+00
3.347778320312500000e-01 9.858028411865234375e+00
7.847778201103210449e-01 9.860028266906738281e+00
2.222778201103210449e-01 9.862028121948242188e+00
6.722778677940368652e-01 9.864027023315429688e+00
4.472778141498565674e-01 9.866026878356933594e+00
8.972778320312500000e-01 9.868026733398437500e+00
1.660278290510177612e-01 9.870025634765625000e+00
6.160278320312500000e-01 9.872025489807128906e+00
3.910278081893920898e-01 9.874025344848632812e+00
8.410278558731079102e-01 9.876024246215820312e+00
2.785278260707855225e-01 9.878024101257324219e+00
7.285278439521789551e-01 9.880023956298828125e+00
5.035278201103210449e-01 9.882022857666015625e+00
9.535278081893920898e-01 9.884022712707519531e+00
1.379028260707855225e-01 9.886022567749023438e+00
5.879028439521789551e-01 9.888022422790527344e+00
3.629028201103210449e-01 9.890022277832031250e+00
8.129028081893920898e-01 9.892021179199218750e+00
2.504028379917144775e-01 9.894021034240722656e+00
7.004028558731079102e-01 9.896020889282226562e+00
4.754028022289276123e-01 9.898020744323730469e+00
9.254028201103210449e-01 9.900019645690917969e+00
1.941528320312500000e-01 9.902019500732421875e+00
6.441528201103210449e-01 9.904019355773925781e+00
4.191528260707855225e-01 9.906019210815429688e+00
8.691528439521789551e-01 9.908018112182617188e+00
3.066528141498565674e-01 9.910017967224121094e+00
7.566528320312500000e-01 9.912017822265625000e+00
5.316528081893920898e-01 9.914017677307128906e+00
9.816528558731079102e-01 9.916017532348632812e+00
1.238403320312500000e-01 9.918016433715820312e+00
5.738403201103210449e-01 9.920016288757324219e+00
3.488403260707855225e-01 9.922016143798828125e+00
7.988403439521789551e-01 9.924015045166015625e+00
2.363403439521789551e-01 9.926014900207519531e+00
6.863403320312500000e-01 9.928014755249023438e+00
4.613403081893920898e-01 9.930013656616210938e+00
9.113403558731079102e-01 9.932013511657714844e+00
1.800903379917144775e-01 9.934013366699218750e+00
6.300903558731079102e-01 9.936012268066406250e+00
4.050903320312500000e-01 9.938012123107910156e+00
8.550903201103210449e-01 9.940011978149414062e+00
2.925903201103210449e-01 9.942011833190917969e+00
7.425903677940368652e-01 9.944010734558105469e+00
5.175903439521789551e-01 9.946010589599609375e+00
9.675903320312500000e-01 9.948010444641113281e+00
1.519653350114822388e-01 9.950010299682617188e+00
6.019653677940368652e-01 9.952009201049804688e+00
3.769653141498565674e-01 9.954009056091308594e+00
8.269653320312500000e-01 9.956008911132812500e+00
2.644653320312500000e-01 9.958008766174316406e+00
7.144653201103210449e-01 9.960008621215820312e+00
4.894653260707855225e-01 9.962007522583007812e+00
9.394653439521789551e-01 9.964007377624511719e+00
2.082153260707855225e-01 9.966007232666015625e+00
6.582153439521789551e-01 9.968006134033203125e+00
4.332153201103210449e-01 9.970005989074707031e+00
8.832153081893920898e-01 9.972005844116210938e+00
3.207153379917144775e-01 9.974004745483398438e+00
7.707153558731079102e-01 9.976004600524902344e+00
5.457153320312500000e-01 9.978004455566406250e+00
9.957153201103210449e-01 9.980003356933593750e+00
1.062622070312500000e-01 9.982003211975097656e+00
5.562621951103210449e-01 9.984003067016601562e+00
3.312622010707855225e-01 9.986002922058105469e+00
7.812622189521789551e-01 9.988001823425292969e+00
2.187622040510177612e-01 9.990001678466796875e+00
6.687622070312500000e-01 9.992001533508300781e+00
4.437621831893920898e-01 9.994001388549804688e+00
8.937622308731079102e-01 9.996000289916992188e+00
1.625122129917144775e-01 9.998000144958496094e+00
